account_id,account_number,account_name,industry_type,state_code,account_status,created_date,updated_timestamp
1,ACC100001,Commercial Account 0001,Retail,CA,ACTIVE,2021-01-02,2021-01-03 09:00:00
2,ACC100002,Commercial Account 0002,Construction,TX,ACTIVE,2021-01-03,2021-01-05 09:00:00
3,ACC100003,Commercial Account 0003,Manufacturing,FL,ACTIVE,2021-01-04,2021-01-07 09:00:00
4,ACC100004,Commercial Account 0004,Technology,NY,ACTIVE,2021-01-05,2021-01-09 09:00:00
5,ACC100005,Commercial Account 0005,Transportation,IL,ACTIVE,2021-01-06,2021-01-11 09:00:00
6,ACC100006,Commercial Account 0006,Healthcare,CA,ACTIVE,2021-01-07,2021-01-13 09:00:00
7,ACC100007,Commercial Account 0007,Hospitality,TX,ACTIVE,2021-01-08,2021-01-15 09:00:00
8,ACC100008,Commercial Account 0008,Retail,FL,ACTIVE,2021-01-09,2021-01-17 09:00:00
9,ACC100009,Commercial Account 0009,Construction,NY,ACTIVE,2021-01-10,2021-01-19 09:00:00
10,ACC100010,Commercial Account 0010,Manufacturing,IL,INACTIVE,2021-01-11,2021-01-21 09:00:00
11,ACC100011,Commercial Account 0011,Technology,CA,ACTIVE,2021-01-12,2021-01-23 09:00:00
12,ACC100012,Commercial Account 0012,Transportation,TX,ACTIVE,2021-01-13,2021-01-25 09:00:00
13,ACC100013,Commercial Account 0013,Healthcare,FL,ACTIVE,2021-01-14,2021-01-27 09:00:00
14,ACC100014,Commercial Account 0014,Hospitality,NY,ACTIVE,2021-01-15,2021-01-29 09:00:00
15,ACC100015,Commercial Account 0015,Retail,IL,ACTIVE,2021-01-16,2021-01-31 09:00:00
16,ACC100016,Commercial Account 0016,Construction,CA,ACTIVE,2021-01-17,2021-02-02 09:00:00
17,ACC100017,Commercial Account 0017,Manufacturing,TX,ACTIVE,2021-01-18,2021-02-04 09:00:00
18,ACC100018,Commercial Account 0018,Technology,FL,ACTIVE,2021-01-19,2021-02-06 09:00:00
19,ACC100019,Commercial Account 0019,Transportation,NY,ACTIVE,2021-01-20,2021-02-08 09:00:00
20,ACC100020,Commercial Account 0020,Healthcare,IL,CLOSED,2021-01-21,2021-02-10 09:00:00
21,ACC100021,Commercial Account 0021,Hospitality,CA,ACTIVE,2021-01-22,2021-02-12 09:00:00
22,ACC100022,Commercial Account 0022,Retail,TX,ACTIVE,2021-01-23,2021-02-14 09:00:00
23,ACC100023,Commercial Account 0023,Construction,FL,ACTIVE,2021-01-24,2021-02-16 09:00:00
24,ACC100024,Commercial Account 0024,Manufacturing,NY,ACTIVE,2021-01-25,2021-02-18 09:00:00
25,ACC100025,Commercial Account 0025,Technology,IL,ACTIVE,2021-01-26,2021-02-20 09:00:00
26,ACC100026,Commercial Account 0026,Transportation,CA,ACTIVE,2021-01-27,2021-02-22 09:00:00
27,ACC100027,Commercial Account 0027,Healthcare,TX,ACTIVE,2021-01-28,2021-02-24 09:00:00
28,ACC100028,Commercial Account 0028,Hospitality,FL,ACTIVE,2021-01-29,2021-02-26 09:00:00
29,ACC100029,Commercial Account 0029,Retail,NY,ACTIVE,2021-01-30,2021-02-28 09:00:00
30,ACC100030,Commercial Account 0030,Construction,IL,INACTIVE,2021-01-31,2021-01-31 09:00:00
31,ACC100031,Commercial Account 0031,Manufacturing,CA,ACTIVE,2021-02-01,2021-02-02 09:00:00
32,ACC100032,Commercial Account 0032,Technology,TX,ACTIVE,2021-02-02,2021-02-04 09:00:00
33,ACC100033,Commercial Account 0033,Transportation,FL,ACTIVE,2021-02-03,2021-02-06 09:00:00
34,ACC100034,Commercial Account 0034,Healthcare,NY,ACTIVE,2021-02-04,2021-02-08 09:00:00
35,ACC100035,Commercial Account 0035,Hospitality,IL,ACTIVE,2021-02-05,2021-02-10 09:00:00
36,ACC100036,Commercial Account 0036,Retail,CA,ACTIVE,2021-02-06,2021-02-12 09:00:00
37,ACC100037,Commercial Account 0037,Construction,TX,ACTIVE,2021-02-07,2021-02-14 09:00:00
38,ACC100038,Commercial Account 0038,Manufacturing,FL,ACTIVE,2021-02-08,2021-02-16 09:00:00
39,ACC100039,Commercial Account 0039,Technology,NY,ACTIVE,2021-02-09,2021-02-18 09:00:00
40,ACC100040,Commercial Account 0040,Transportation,IL,CLOSED,2021-02-10,2021-02-20 09:00:00
41,ACC100041,Commercial Account 0041,Healthcare,CA,ACTIVE,2021-02-11,2021-02-22 09:00:00
42,ACC100042,Commercial Account 0042,Hospitality,TX,ACTIVE,2021-02-12,2021-02-24 09:00:00
43,ACC100043,Commercial Account 0043,Retail,FL,ACTIVE,2021-02-13,2021-02-26 09:00:00
44,ACC100044,Commercial Account 0044,Construction,NY,ACTIVE,2021-02-14,2021-02-28 09:00:00
45,ACC100045,Commercial Account 0045,Manufacturing,IL,ACTIVE,2021-02-15,2021-03-02 09:00:00
46,ACC100046,Commercial Account 0046,Technology,CA,ACTIVE,2021-02-16,2021-03-04 09:00:00
47,ACC100047,Commercial Account 0047,Transportation,TX,ACTIVE,2021-02-17,2021-03-06 09:00:00
48,ACC100048,Commercial Account 0048,Healthcare,FL,ACTIVE,2021-02-18,2021-03-08 09:00:00
49,ACC100049,Commercial Account 0049,Hospitality,NY,ACTIVE,2021-02-19,2021-03-10 09:00:00
50,ACC100050,Commercial Account 0050,Retail,IL,INACTIVE,2021-02-20,2021-03-12 09:00:00
51,ACC100051,Commercial Account 0051,Construction,CA,ACTIVE,2021-02-21,2021-03-14 09:00:00
52,ACC100052,Commercial Account 0052,Manufacturing,TX,ACTIVE,2021-02-22,2021-03-16 09:00:00
53,ACC100053,Commercial Account 0053,Technology,FL,ACTIVE,2021-02-23,2021-03-18 09:00:00
54,ACC100054,Commercial Account 0054,Transportation,NY,ACTIVE,2021-02-24,2021-03-20 09:00:00
55,ACC100055,Commercial Account 0055,Healthcare,IL,ACTIVE,2021-02-25,2021-03-22 09:00:00
56,ACC100056,Commercial Account 0056,Hospitality,CA,ACTIVE,2021-02-26,2021-03-24 09:00:00
57,ACC100057,Commercial Account 0057,Retail,TX,ACTIVE,2021-02-27,2021-03-26 09:00:00
58,ACC100058,Commercial Account 0058,Construction,FL,ACTIVE,2021-02-28,2021-03-28 09:00:00
59,ACC100059,Commercial Account 0059,Manufacturing,NY,ACTIVE,2021-03-01,2021-03-30 09:00:00
60,ACC100060,Commercial Account 0060,Technology,IL,CLOSED,2021-03-02,2021-03-02 09:00:00
61,ACC100061,Commercial Account 0061,Transportation,CA,ACTIVE,2021-03-03,2021-03-04 09:00:00
62,ACC100062,Commercial Account 0062,Healthcare,TX,ACTIVE,2021-03-04,2021-03-06 09:00:00
63,ACC100063,Commercial Account 0063,Hospitality,FL,ACTIVE,2021-03-05,2021-03-08 09:00:00
64,ACC100064,Commercial Account 0064,Retail,NY,ACTIVE,2021-03-06,2021-03-10 09:00:00
65,ACC100065,Commercial Account 0065,Construction,IL,ACTIVE,2021-03-07,2021-03-12 09:00:00
66,ACC100066,Commercial Account 0066,Manufacturing,CA,ACTIVE,2021-03-08,2021-03-14 09:00:00
67,ACC100067,Commercial Account 0067,Technology,TX,ACTIVE,2021-03-09,2021-03-16 09:00:00
68,ACC100068,Commercial Account 0068,Transportation,FL,ACTIVE,2021-03-10,2021-03-18 09:00:00
69,ACC100069,Commercial Account 0069,Healthcare,NY,ACTIVE,2021-03-11,2021-03-20 09:00:00
70,ACC100070,Commercial Account 0070,Hospitality,IL,INACTIVE,2021-03-12,2021-03-22 09:00:00
71,ACC100071,Commercial Account 0071,Retail,CA,ACTIVE,2021-03-13,2021-03-24 09:00:00
72,ACC100072,Commercial Account 0072,Construction,TX,ACTIVE,2021-03-14,2021-03-26 09:00:00
73,ACC100073,Commercial Account 0073,Manufacturing,FL,ACTIVE,2021-03-15,2021-03-28 09:00:00
74,ACC100074,Commercial Account 0074,Technology,NY,ACTIVE,2021-03-16,2021-03-30 09:00:00
75,ACC100075,Commercial Account 0075,Transportation,IL,ACTIVE,2021-03-17,2021-04-01 09:00:00
76,ACC100076,Commercial Account 0076,Healthcare,CA,ACTIVE,2021-03-18,2021-04-03 09:00:00
77,ACC100077,Commercial Account 0077,Hospitality,TX,ACTIVE,2021-03-19,2021-04-05 09:00:00
78,ACC100078,Commercial Account 0078,Retail,FL,ACTIVE,2021-03-20,2021-04-07 09:00:00
79,ACC100079,Commercial Account 0079,Construction,NY,ACTIVE,2021-03-21,2021-04-09 09:00:00
80,ACC100080,Commercial Account 0080,Manufacturing,IL,CLOSED,2021-03-22,2021-04-11 09:00:00
81,ACC100081,Commercial Account 0081,Technology,CA,ACTIVE,2021-03-23,2021-04-13 09:00:00
82,ACC100082,Commercial Account 0082,Transportation,TX,ACTIVE,2021-03-24,2021-04-15 09:00:00
83,ACC100083,Commercial Account 0083,Healthcare,FL,ACTIVE,2021-03-25,2021-04-17 09:00:00
84,ACC100084,Commercial Account 0084,Hospitality,NY,ACTIVE,2021-03-26,2021-04-19 09:00:00
85,ACC100085,Commercial Account 0085,Retail,IL,ACTIVE,2021-03-27,2021-04-21 09:00:00
86,ACC100086,Commercial Account 0086,Construction,CA,ACTIVE,2021-03-28,2021-04-23 09:00:00
87,ACC100087,Commercial Account 0087,Manufacturing,TX,ACTIVE,2021-03-29,2021-04-25 09:00:00
88,ACC100088,Commercial Account 0088,Technology,FL,ACTIVE,2021-03-30,2021-04-27 09:00:00
89,ACC100089,Commercial Account 0089,Transportation,NY,ACTIVE,2021-03-31,2021-04-29 09:00:00
90,ACC100090,Commercial Account 0090,Healthcare,IL,INACTIVE,2021-04-01,2021-04-01 09:00:00
91,ACC100091,Commercial Account 0091,Hospitality,CA,ACTIVE,2021-04-02,2021-04-03 09:00:00
92,ACC100092,Commercial Account 0092,Retail,TX,ACTIVE,2021-04-03,2021-04-05 09:00:00
93,ACC100093,Commercial Account 0093,Construction,FL,ACTIVE,2021-04-04,2021-04-07 09:00:00
94,ACC100094,Commercial Account 0094,Manufacturing,NY,ACTIVE,2021-04-05,2021-04-09 09:00:00
95,ACC100095,Commercial Account 0095,Technology,IL,ACTIVE,2021-04-06,2021-04-11 09:00:00
96,ACC100096,Commercial Account 0096,Transportation,CA,ACTIVE,2021-04-07,2021-04-13 09:00:00
97,ACC100097,Commercial Account 0097,Healthcare,TX,ACTIVE,2021-04-08,2021-04-15 09:00:00
98,ACC100098,Commercial Account 0098,Hospitality,FL,ACTIVE,2021-04-09,2021-04-17 09:00:00
99,ACC100099,Commercial Account 0099,Retail,NY,ACTIVE,2021-04-10,2021-04-19 09:00:00
100,ACC100100,Commercial Account 0100,Construction,IL,CLOSED,2021-04-11,2021-04-21 09:00:00
101,ACC100101,Commercial Account 0101,Manufacturing,CA,ACTIVE,2021-04-12,2021-04-23 09:00:00
102,ACC100102,Commercial Account 0102,Technology,TX,ACTIVE,2021-04-13,2021-04-25 09:00:00
103,ACC100103,Commercial Account 0103,Transportation,FL,ACTIVE,2021-04-14,2021-04-27 09:00:00
104,ACC100104,Commercial Account 0104,Healthcare,NY,ACTIVE,2021-04-15,2021-04-29 09:00:00
105,ACC100105,Commercial Account 0105,Hospitality,IL,ACTIVE,2021-04-16,2021-05-01 09:00:00
106,ACC100106,Commercial Account 0106,Retail,CA,ACTIVE,2021-04-17,2021-05-03 09:00:00
107,ACC100107,Commercial Account 0107,Construction,TX,ACTIVE,2021-04-18,2021-05-05 09:00:00
108,ACC100108,Commercial Account 0108,Manufacturing,FL,ACTIVE,2021-04-19,2021-05-07 09:00:00
109,ACC100109,Commercial Account 0109,Technology,NY,ACTIVE,2021-04-20,2021-05-09 09:00:00
110,ACC100110,Commercial Account 0110,Transportation,IL,INACTIVE,2021-04-21,2021-05-11 09:00:00
111,ACC100111,Commercial Account 0111,Healthcare,CA,ACTIVE,2021-04-22,2021-05-13 09:00:00
112,ACC100112,Commercial Account 0112,Hospitality,TX,ACTIVE,2021-04-23,2021-05-15 09:00:00
113,ACC100113,Commercial Account 0113,Retail,FL,ACTIVE,2021-04-24,2021-05-17 09:00:00
114,ACC100114,Commercial Account 0114,Construction,NY,ACTIVE,2021-04-25,2021-05-19 09:00:00
115,ACC100115,Commercial Account 0115,Manufacturing,IL,ACTIVE,2021-04-26,2021-05-21 09:00:00
116,ACC100116,Commercial Account 0116,Technology,CA,ACTIVE,2021-04-27,2021-05-23 09:00:00
117,ACC100117,Commercial Account 0117,Transportation,TX,ACTIVE,2021-04-28,2021-05-25 09:00:00
118,ACC100118,Commercial Account 0118,Healthcare,FL,ACTIVE,2021-04-29,2021-05-27 09:00:00
119,ACC100119,Commercial Account 0119,Hospitality,NY,ACTIVE,2021-04-30,2021-05-29 09:00:00
120,ACC100120,Commercial Account 0120,Retail,IL,CLOSED,2021-05-01,2021-05-01 09:00:00
121,ACC100121,Commercial Account 0121,Construction,CA,ACTIVE,2021-05-02,2021-05-03 09:00:00
122,ACC100122,Commercial Account 0122,Manufacturing,TX,ACTIVE,2021-05-03,2021-05-05 09:00:00
123,ACC100123,Commercial Account 0123,Technology,FL,ACTIVE,2021-05-04,2021-05-07 09:00:00
124,ACC100124,Commercial Account 0124,Transportation,NY,ACTIVE,2021-05-05,2021-05-09 09:00:00
125,ACC100125,Commercial Account 0125,Healthcare,IL,ACTIVE,2021-05-06,2021-05-11 09:00:00
126,ACC100126,Commercial Account 0126,Hospitality,CA,ACTIVE,2021-05-07,2021-05-13 09:00:00
127,ACC100127,Commercial Account 0127,Retail,TX,ACTIVE,2021-05-08,2021-05-15 09:00:00
128,ACC100128,Commercial Account 0128,Construction,FL,ACTIVE,2021-05-09,2021-05-17 09:00:00
129,ACC100129,Commercial Account 0129,Manufacturing,NY,ACTIVE,2021-05-10,2021-05-19 09:00:00
130,ACC100130,Commercial Account 0130,Technology,IL,INACTIVE,2021-05-11,2021-05-21 09:00:00
131,ACC100131,Commercial Account 0131,Transportation,CA,ACTIVE,2021-05-12,2021-05-23 09:00:00
132,ACC100132,Commercial Account 0132,Healthcare,TX,ACTIVE,2021-05-13,2021-05-25 09:00:00
133,ACC100133,Commercial Account 0133,Hospitality,FL,ACTIVE,2021-05-14,2021-05-27 09:00:00
134,ACC100134,Commercial Account 0134,Retail,NY,ACTIVE,2021-05-15,2021-05-29 09:00:00
135,ACC100135,Commercial Account 0135,Construction,IL,ACTIVE,2021-05-16,2021-05-31 09:00:00
136,ACC100136,Commercial Account 0136,Manufacturing,CA,ACTIVE,2021-05-17,2021-06-02 09:00:00
137,ACC100137,Commercial Account 0137,Technology,TX,ACTIVE,2021-05-18,2021-06-04 09:00:00
138,ACC100138,Commercial Account 0138,Transportation,FL,ACTIVE,2021-05-19,2021-06-06 09:00:00
139,ACC100139,Commercial Account 0139,Healthcare,NY,ACTIVE,2021-05-20,2021-06-08 09:00:00
140,ACC100140,Commercial Account 0140,Hospitality,IL,CLOSED,2021-05-21,2021-06-10 09:00:00
141,ACC100141,Commercial Account 0141,Retail,CA,ACTIVE,2021-05-22,2021-06-12 09:00:00
142,ACC100142,Commercial Account 0142,Construction,TX,ACTIVE,2021-05-23,2021-06-14 09:00:00
143,ACC100143,Commercial Account 0143,Manufacturing,FL,ACTIVE,2021-05-24,2021-06-16 09:00:00
144,ACC100144,Commercial Account 0144,Technology,NY,ACTIVE,2021-05-25,2021-06-18 09:00:00
145,ACC100145,Commercial Account 0145,Transportation,IL,ACTIVE,2021-05-26,2021-06-20 09:00:00
146,ACC100146,Commercial Account 0146,Healthcare,CA,ACTIVE,2021-05-27,2021-06-22 09:00:00
147,ACC100147,Commercial Account 0147,Hospitality,TX,ACTIVE,2021-05-28,2021-06-24 09:00:00
148,ACC100148,Commercial Account 0148,Retail,FL,ACTIVE,2021-05-29,2021-06-26 09:00:00
149,ACC100149,Commercial Account 0149,Construction,NY,ACTIVE,2021-05-30,2021-06-28 09:00:00
150,ACC100150,Commercial Account 0150,Manufacturing,IL,INACTIVE,2021-05-31,2021-05-31 09:00:00
151,ACC100151,Commercial Account 0151,Technology,CA,ACTIVE,2021-06-01,2021-06-02 09:00:00
152,ACC100152,Commercial Account 0152,Transportation,TX,ACTIVE,2021-06-02,2021-06-04 09:00:00
153,ACC100153,Commercial Account 0153,Healthcare,FL,ACTIVE,2021-06-03,2021-06-06 09:00:00
154,ACC100154,Commercial Account 0154,Hospitality,NY,ACTIVE,2021-06-04,2021-06-08 09:00:00
155,ACC100155,Commercial Account 0155,Retail,IL,ACTIVE,2021-06-05,2021-06-10 09:00:00
156,ACC100156,Commercial Account 0156,Construction,CA,ACTIVE,2021-06-06,2021-06-12 09:00:00
157,ACC100157,Commercial Account 0157,Manufacturing,TX,ACTIVE,2021-06-07,2021-06-14 09:00:00
158,ACC100158,Commercial Account 0158,Technology,FL,ACTIVE,2021-06-08,2021-06-16 09:00:00
159,ACC100159,Commercial Account 0159,Transportation,NY,ACTIVE,2021-06-09,2021-06-18 09:00:00
160,ACC100160,Commercial Account 0160,Healthcare,IL,CLOSED,2021-06-10,2021-06-20 09:00:00
161,ACC100161,Commercial Account 0161,Hospitality,CA,ACTIVE,2021-06-11,2021-06-22 09:00:00
162,ACC100162,Commercial Account 0162,Retail,TX,ACTIVE,2021-06-12,2021-06-24 09:00:00
163,ACC100163,Commercial Account 0163,Construction,FL,ACTIVE,2021-06-13,2021-06-26 09:00:00
164,ACC100164,Commercial Account 0164,Manufacturing,NY,ACTIVE,2021-06-14,2021-06-28 09:00:00
165,ACC100165,Commercial Account 0165,Technology,IL,ACTIVE,2021-06-15,2021-06-30 09:00:00
166,ACC100166,Commercial Account 0166,Transportation,CA,ACTIVE,2021-06-16,2021-07-02 09:00:00
167,ACC100167,Commercial Account 0167,Healthcare,TX,ACTIVE,2021-06-17,2021-07-04 09:00:00
168,ACC100168,Commercial Account 0168,Hospitality,FL,ACTIVE,2021-06-18,2021-07-06 09:00:00
169,ACC100169,Commercial Account 0169,Retail,NY,ACTIVE,2021-06-19,2021-07-08 09:00:00
170,ACC100170,Commercial Account 0170,Construction,IL,INACTIVE,2021-06-20,2021-07-10 09:00:00
171,ACC100171,Commercial Account 0171,Manufacturing,CA,ACTIVE,2021-06-21,2021-07-12 09:00:00
172,ACC100172,Commercial Account 0172,Technology,TX,ACTIVE,2021-06-22,2021-07-14 09:00:00
173,ACC100173,Commercial Account 0173,Transportation,FL,ACTIVE,2021-06-23,2021-07-16 09:00:00
174,ACC100174,Commercial Account 0174,Healthcare,NY,ACTIVE,2021-06-24,2021-07-18 09:00:00
175,ACC100175,Commercial Account 0175,Hospitality,IL,ACTIVE,2021-06-25,2021-07-20 09:00:00
176,ACC100176,Commercial Account 0176,Retail,CA,ACTIVE,2021-06-26,2021-07-22 09:00:00
177,ACC100177,Commercial Account 0177,Construction,TX,ACTIVE,2021-06-27,2021-07-24 09:00:00
178,ACC100178,Commercial Account 0178,Manufacturing,FL,ACTIVE,2021-06-28,2021-07-26 09:00:00
179,ACC100179,Commercial Account 0179,Technology,NY,ACTIVE,2021-06-29,2021-07-28 09:00:00
180,ACC100180,Commercial Account 0180,Transportation,IL,CLOSED,2021-06-30,2021-06-30 09:00:00
181,ACC100181,Commercial Account 0181,Healthcare,CA,ACTIVE,2021-07-01,2021-07-02 09:00:00
182,ACC100182,Commercial Account 0182,Hospitality,TX,ACTIVE,2021-07-02,2021-07-04 09:00:00
183,ACC100183,Commercial Account 0183,Retail,FL,ACTIVE,2021-07-03,2021-07-06 09:00:00
184,ACC100184,Commercial Account 0184,Construction,NY,ACTIVE,2021-07-04,2021-07-08 09:00:00
185,ACC100185,Commercial Account 0185,Manufacturing,IL,ACTIVE,2021-07-05,2021-07-10 09:00:00
186,ACC100186,Commercial Account 0186,Technology,CA,ACTIVE,2021-07-06,2021-07-12 09:00:00
187,ACC100187,Commercial Account 0187,Transportation,TX,ACTIVE,2021-07-07,2021-07-14 09:00:00
188,ACC100188,Commercial Account 0188,Healthcare,FL,ACTIVE,2021-07-08,2021-07-16 09:00:00
189,ACC100189,Commercial Account 0189,Hospitality,NY,ACTIVE,2021-07-09,2021-07-18 09:00:00
190,ACC100190,Commercial Account 0190,Retail,IL,INACTIVE,2021-07-10,2021-07-20 09:00:00
191,ACC100191,Commercial Account 0191,Construction,CA,ACTIVE,2021-07-11,2021-07-22 09:00:00
192,ACC100192,Commercial Account 0192,Manufacturing,TX,ACTIVE,2021-07-12,2021-07-24 09:00:00
193,ACC100193,Commercial Account 0193,Technology,FL,ACTIVE,2021-07-13,2021-07-26 09:00:00
194,ACC100194,Commercial Account 0194,Transportation,NY,ACTIVE,2021-07-14,2021-07-28 09:00:00
195,ACC100195,Commercial Account 0195,Healthcare,IL,ACTIVE,2021-07-15,2021-07-30 09:00:00
196,ACC100196,Commercial Account 0196,Hospitality,CA,ACTIVE,2021-07-16,2021-08-01 09:00:00
197,ACC100197,Commercial Account 0197,Retail,TX,ACTIVE,2021-07-17,2021-08-03 09:00:00
198,ACC100198,Commercial Account 0198,Construction,FL,ACTIVE,2021-07-18,2021-08-05 09:00:00
199,ACC100199,Commercial Account 0199,Manufacturing,NY,ACTIVE,2021-07-19,2021-08-07 09:00:00
200,ACC100200,Commercial Account 0200,Technology,IL,CLOSED,2021-07-20,2021-08-09 09:00:00
201,ACC100201,Commercial Account 0201,Transportation,CA,ACTIVE,2021-07-21,2021-08-11 09:00:00
202,ACC100202,Commercial Account 0202,Healthcare,TX,ACTIVE,2021-07-22,2021-08-13 09:00:00
203,ACC100203,Commercial Account 0203,Hospitality,FL,ACTIVE,2021-07-23,2021-08-15 09:00:00
204,ACC100204,Commercial Account 0204,Retail,NY,ACTIVE,2021-07-24,2021-08-17 09:00:00
205,ACC100205,Commercial Account 0205,Construction,IL,ACTIVE,2021-07-25,2021-08-19 09:00:00
206,ACC100206,Commercial Account 0206,Manufacturing,CA,ACTIVE,2021-07-26,2021-08-21 09:00:00
207,ACC100207,Commercial Account 0207,Technology,TX,ACTIVE,2021-07-27,2021-08-23 09:00:00
208,ACC100208,Commercial Account 0208,Transportation,FL,ACTIVE,2021-07-28,2021-08-25 09:00:00
209,ACC100209,Commercial Account 0209,Healthcare,NY,ACTIVE,2021-07-29,2021-08-27 09:00:00
210,ACC100210,Commercial Account 0210,Hospitality,IL,INACTIVE,2021-07-30,2021-07-30 09:00:00
211,ACC100211,Commercial Account 0211,Retail,CA,ACTIVE,2021-07-31,2021-08-01 09:00:00
212,ACC100212,Commercial Account 0212,Construction,TX,ACTIVE,2021-08-01,2021-08-03 09:00:00
213,ACC100213,Commercial Account 0213,Manufacturing,FL,ACTIVE,2021-08-02,2021-08-05 09:00:00
214,ACC100214,Commercial Account 0214,Technology,NY,ACTIVE,2021-08-03,2021-08-07 09:00:00
215,ACC100215,Commercial Account 0215,Transportation,IL,ACTIVE,2021-08-04,2021-08-09 09:00:00
216,ACC100216,Commercial Account 0216,Healthcare,CA,ACTIVE,2021-08-05,2021-08-11 09:00:00
217,ACC100217,Commercial Account 0217,Hospitality,TX,ACTIVE,2021-08-06,2021-08-13 09:00:00
218,ACC100218,Commercial Account 0218,Retail,FL,ACTIVE,2021-08-07,2021-08-15 09:00:00
219,ACC100219,Commercial Account 0219,Construction,NY,ACTIVE,2021-08-08,2021-08-17 09:00:00
220,ACC100220,Commercial Account 0220,Manufacturing,IL,CLOSED,2021-08-09,2021-08-19 09:00:00
221,ACC100221,Commercial Account 0221,Technology,CA,ACTIVE,2021-08-10,2021-08-21 09:00:00
222,ACC100222,Commercial Account 0222,Transportation,TX,ACTIVE,2021-08-11,2021-08-23 09:00:00
223,ACC100223,Commercial Account 0223,Healthcare,FL,ACTIVE,2021-08-12,2021-08-25 09:00:00
224,ACC100224,Commercial Account 0224,Hospitality,NY,ACTIVE,2021-08-13,2021-08-27 09:00:00
225,ACC100225,Commercial Account 0225,Retail,IL,ACTIVE,2021-08-14,2021-08-29 09:00:00
226,ACC100226,Commercial Account 0226,Construction,CA,ACTIVE,2021-08-15,2021-08-31 09:00:00
227,ACC100227,Commercial Account 0227,Manufacturing,TX,ACTIVE,2021-08-16,2021-09-02 09:00:00
228,ACC100228,Commercial Account 0228,Technology,FL,ACTIVE,2021-08-17,2021-09-04 09:00:00
229,ACC100229,Commercial Account 0229,Transportation,NY,ACTIVE,2021-08-18,2021-09-06 09:00:00
230,ACC100230,Commercial Account 0230,Healthcare,IL,INACTIVE,2021-08-19,2021-09-08 09:00:00
231,ACC100231,Commercial Account 0231,Hospitality,CA,ACTIVE,2021-08-20,2021-09-10 09:00:00
232,ACC100232,Commercial Account 0232,Retail,TX,ACTIVE,2021-08-21,2021-09-12 09:00:00
233,ACC100233,Commercial Account 0233,Construction,FL,ACTIVE,2021-08-22,2021-09-14 09:00:00
234,ACC100234,Commercial Account 0234,Manufacturing,NY,ACTIVE,2021-08-23,2021-09-16 09:00:00
235,ACC100235,Commercial Account 0235,Technology,IL,ACTIVE,2021-08-24,2021-09-18 09:00:00
236,ACC100236,Commercial Account 0236,Transportation,CA,ACTIVE,2021-08-25,2021-09-20 09:00:00
237,ACC100237,Commercial Account 0237,Healthcare,TX,ACTIVE,2021-08-26,2021-09-22 09:00:00
238,ACC100238,Commercial Account 0238,Hospitality,FL,ACTIVE,2021-08-27,2021-09-24 09:00:00
239,ACC100239,Commercial Account 0239,Retail,NY,ACTIVE,2021-08-28,2021-09-26 09:00:00
240,ACC100240,Commercial Account 0240,Construction,IL,CLOSED,2021-08-29,2021-08-29 09:00:00
241,ACC100241,Commercial Account 0241,Manufacturing,CA,ACTIVE,2021-08-30,2021-08-31 09:00:00
242,ACC100242,Commercial Account 0242,Technology,TX,ACTIVE,2021-08-31,2021-09-02 09:00:00
243,ACC100243,Commercial Account 0243,Transportation,FL,ACTIVE,2021-09-01,2021-09-04 09:00:00
244,ACC100244,Commercial Account 0244,Healthcare,NY,ACTIVE,2021-09-02,2021-09-06 09:00:00
245,ACC100245,Commercial Account 0245,Hospitality,IL,ACTIVE,2021-09-03,2021-09-08 09:00:00
246,ACC100246,Commercial Account 0246,Retail,CA,ACTIVE,2021-09-04,2021-09-10 09:00:00
247,ACC100247,Commercial Account 0247,Construction,TX,ACTIVE,2021-09-05,2021-09-12 09:00:00
248,ACC100248,Commercial Account 0248,Manufacturing,FL,ACTIVE,2021-09-06,2021-09-14 09:00:00
249,ACC100249,Commercial Account 0249,Technology,NY,ACTIVE,2021-09-07,2021-09-16 09:00:00
250,ACC100250,Commercial Account 0250,Transportation,IL,INACTIVE,2021-09-08,2021-09-18 09:00:00
251,ACC100251,Commercial Account 0251,Healthcare,CA,ACTIVE,2021-09-09,2021-09-20 09:00:00
252,ACC100252,Commercial Account 0252,Hospitality,TX,ACTIVE,2021-09-10,2021-09-22 09:00:00
253,ACC100253,Commercial Account 0253,Retail,FL,ACTIVE,2021-09-11,2021-09-24 09:00:00
254,ACC100254,Commercial Account 0254,Construction,NY,ACTIVE,2021-09-12,2021-09-26 09:00:00
255,ACC100255,Commercial Account 0255,Manufacturing,IL,ACTIVE,2021-09-13,2021-09-28 09:00:00
256,ACC100256,Commercial Account 0256,Technology,CA,ACTIVE,2021-09-14,2021-09-30 09:00:00
257,ACC100257,Commercial Account 0257,Transportation,TX,ACTIVE,2021-09-15,2021-10-02 09:00:00
258,ACC100258,Commercial Account 0258,Healthcare,FL,ACTIVE,2021-09-16,2021-10-04 09:00:00
259,ACC100259,Commercial Account 0259,Hospitality,NY,ACTIVE,2021-09-17,2021-10-06 09:00:00
260,ACC100260,Commercial Account 0260,Retail,IL,CLOSED,2021-09-18,2021-10-08 09:00:00
261,ACC100261,Commercial Account 0261,Construction,CA,ACTIVE,2021-09-19,2021-10-10 09:00:00
262,ACC100262,Commercial Account 0262,Manufacturing,TX,ACTIVE,2021-09-20,2021-10-12 09:00:00
263,ACC100263,Commercial Account 0263,Technology,FL,ACTIVE,2021-09-21,2021-10-14 09:00:00
264,ACC100264,Commercial Account 0264,Transportation,NY,ACTIVE,2021-09-22,2021-10-16 09:00:00
265,ACC100265,Commercial Account 0265,Healthcare,IL,ACTIVE,2021-09-23,2021-10-18 09:00:00
266,ACC100266,Commercial Account 0266,Hospitality,CA,ACTIVE,2021-09-24,2021-10-20 09:00:00
267,ACC100267,Commercial Account 0267,Retail,TX,ACTIVE,2021-09-25,2021-10-22 09:00:00
268,ACC100268,Commercial Account 0268,Construction,FL,ACTIVE,2021-09-26,2021-10-24 09:00:00
269,ACC100269,Commercial Account 0269,Manufacturing,NY,ACTIVE,2021-09-27,2021-10-26 09:00:00
270,ACC100270,Commercial Account 0270,Technology,IL,INACTIVE,2021-09-28,2021-09-28 09:00:00
271,ACC100271,Commercial Account 0271,Transportation,CA,ACTIVE,2021-09-29,2021-09-30 09:00:00
272,ACC100272,Commercial Account 0272,Healthcare,TX,ACTIVE,2021-09-30,2021-10-02 09:00:00
273,ACC100273,Commercial Account 0273,Hospitality,FL,ACTIVE,2021-10-01,2021-10-04 09:00:00
274,ACC100274,Commercial Account 0274,Retail,NY,ACTIVE,2021-10-02,2021-10-06 09:00:00
275,ACC100275,Commercial Account 0275,Construction,IL,ACTIVE,2021-10-03,2021-10-08 09:00:00
276,ACC100276,Commercial Account 0276,Manufacturing,CA,ACTIVE,2021-10-04,2021-10-10 09:00:00
277,ACC100277,Commercial Account 0277,Technology,TX,ACTIVE,2021-10-05,2021-10-12 09:00:00
278,ACC100278,Commercial Account 0278,Transportation,FL,ACTIVE,2021-10-06,2021-10-14 09:00:00
279,ACC100279,Commercial Account 0279,Healthcare,NY,ACTIVE,2021-10-07,2021-10-16 09:00:00
280,ACC100280,Commercial Account 0280,Hospitality,IL,CLOSED,2021-10-08,2021-10-18 09:00:00
281,ACC100281,Commercial Account 0281,Retail,CA,ACTIVE,2021-10-09,2021-10-20 09:00:00
282,ACC100282,Commercial Account 0282,Construction,TX,ACTIVE,2021-10-10,2021-10-22 09:00:00
283,ACC100283,Commercial Account 0283,Manufacturing,FL,ACTIVE,2021-10-11,2021-10-24 09:00:00
284,ACC100284,Commercial Account 0284,Technology,NY,ACTIVE,2021-10-12,2021-10-26 09:00:00
285,ACC100285,Commercial Account 0285,Transportation,IL,ACTIVE,2021-10-13,2021-10-28 09:00:00
286,ACC100286,Commercial Account 0286,Healthcare,CA,ACTIVE,2021-10-14,2021-10-30 09:00:00
287,ACC100287,Commercial Account 0287,Hospitality,TX,ACTIVE,2021-10-15,2021-11-01 09:00:00
288,ACC100288,Commercial Account 0288,Retail,FL,ACTIVE,2021-10-16,2021-11-03 09:00:00
289,ACC100289,Commercial Account 0289,Construction,NY,ACTIVE,2021-10-17,2021-11-05 09:00:00
290,ACC100290,Commercial Account 0290,Manufacturing,IL,INACTIVE,2021-10-18,2021-11-07 09:00:00
291,ACC100291,Commercial Account 0291,Technology,CA,ACTIVE,2021-10-19,2021-11-09 09:00:00
292,ACC100292,Commercial Account 0292,Transportation,TX,ACTIVE,2021-10-20,2021-11-11 09:00:00
293,ACC100293,Commercial Account 0293,Healthcare,FL,ACTIVE,2021-10-21,2021-11-13 09:00:00
294,ACC100294,Commercial Account 0294,Hospitality,NY,ACTIVE,2021-10-22,2021-11-15 09:00:00
295,ACC100295,Commercial Account 0295,Retail,IL,ACTIVE,2021-10-23,2021-11-17 09:00:00
296,ACC100296,Commercial Account 0296,Construction,CA,ACTIVE,2021-10-24,2021-11-19 09:00:00
297,ACC100297,Commercial Account 0297,Manufacturing,TX,ACTIVE,2021-10-25,2021-11-21 09:00:00
298,ACC100298,Commercial Account 0298,Technology,FL,ACTIVE,2021-10-26,2021-11-23 09:00:00
299,ACC100299,Commercial Account 0299,Transportation,NY,ACTIVE,2021-10-27,2021-11-25 09:00:00
300,ACC100300,Commercial Account 0300,Healthcare,IL,CLOSED,2021-10-28,2021-10-28 09:00:00
301,ACC100301,Commercial Account 0301,Hospitality,CA,ACTIVE,2021-10-29,2021-10-30 09:00:00
302,ACC100302,Commercial Account 0302,Retail,TX,ACTIVE,2021-10-30,2021-11-01 09:00:00
303,ACC100303,Commercial Account 0303,Construction,FL,ACTIVE,2021-10-31,2021-11-03 09:00:00
304,ACC100304,Commercial Account 0304,Manufacturing,NY,ACTIVE,2021-11-01,2021-11-05 09:00:00
305,ACC100305,Commercial Account 0305,Technology,IL,ACTIVE,2021-11-02,2021-11-07 09:00:00
306,ACC100306,Commercial Account 0306,Transportation,CA,ACTIVE,2021-11-03,2021-11-09 09:00:00
307,ACC100307,Commercial Account 0307,Healthcare,TX,ACTIVE,2021-11-04,2021-11-11 09:00:00
308,ACC100308,Commercial Account 0308,Hospitality,FL,ACTIVE,2021-11-05,2021-11-13 09:00:00
309,ACC100309,Commercial Account 0309,Retail,NY,ACTIVE,2021-11-06,2021-11-15 09:00:00
310,ACC100310,Commercial Account 0310,Construction,IL,INACTIVE,2021-11-07,2021-11-17 09:00:00
311,ACC100311,Commercial Account 0311,Manufacturing,CA,ACTIVE,2021-11-08,2021-11-19 09:00:00
312,ACC100312,Commercial Account 0312,Technology,TX,ACTIVE,2021-11-09,2021-11-21 09:00:00
313,ACC100313,Commercial Account 0313,Transportation,FL,ACTIVE,2021-11-10,2021-11-23 09:00:00
314,ACC100314,Commercial Account 0314,Healthcare,NY,ACTIVE,2021-11-11,2021-11-25 09:00:00
315,ACC100315,Commercial Account 0315,Hospitality,IL,ACTIVE,2021-11-12,2021-11-27 09:00:00
316,ACC100316,Commercial Account 0316,Retail,CA,ACTIVE,2021-11-13,2021-11-29 09:00:00
317,ACC100317,Commercial Account 0317,Construction,TX,ACTIVE,2021-11-14,2021-12-01 09:00:00
318,ACC100318,Commercial Account 0318,Manufacturing,FL,ACTIVE,2021-11-15,2021-12-03 09:00:00
319,ACC100319,Commercial Account 0319,Technology,NY,ACTIVE,2021-11-16,2021-12-05 09:00:00
320,ACC100320,Commercial Account 0320,Transportation,IL,CLOSED,2021-11-17,2021-12-07 09:00:00
321,ACC100321,Commercial Account 0321,Healthcare,CA,ACTIVE,2021-11-18,2021-12-09 09:00:00
322,ACC100322,Commercial Account 0322,Hospitality,TX,ACTIVE,2021-11-19,2021-12-11 09:00:00
323,ACC100323,Commercial Account 0323,Retail,FL,ACTIVE,2021-11-20,2021-12-13 09:00:00
324,ACC100324,Commercial Account 0324,Construction,NY,ACTIVE,2021-11-21,2021-12-15 09:00:00
325,ACC100325,Commercial Account 0325,Manufacturing,IL,ACTIVE,2021-11-22,2021-12-17 09:00:00
326,ACC100326,Commercial Account 0326,Technology,CA,ACTIVE,2021-11-23,2021-12-19 09:00:00
327,ACC100327,Commercial Account 0327,Transportation,TX,ACTIVE,2021-11-24,2021-12-21 09:00:00
328,ACC100328,Commercial Account 0328,Healthcare,FL,ACTIVE,2021-11-25,2021-12-23 09:00:00
329,ACC100329,Commercial Account 0329,Hospitality,NY,ACTIVE,2021-11-26,2021-12-25 09:00:00
330,ACC100330,Commercial Account 0330,Retail,IL,INACTIVE,2021-11-27,2021-11-27 09:00:00
331,ACC100331,Commercial Account 0331,Construction,CA,ACTIVE,2021-11-28,2021-11-29 09:00:00
332,ACC100332,Commercial Account 0332,Manufacturing,TX,ACTIVE,2021-11-29,2021-12-01 09:00:00
333,ACC100333,Commercial Account 0333,Technology,FL,ACTIVE,2021-11-30,2021-12-03 09:00:00
334,ACC100334,Commercial Account 0334,Transportation,NY,ACTIVE,2021-12-01,2021-12-05 09:00:00
335,ACC100335,Commercial Account 0335,Healthcare,IL,ACTIVE,2021-12-02,2021-12-07 09:00:00
336,ACC100336,Commercial Account 0336,Hospitality,CA,ACTIVE,2021-12-03,2021-12-09 09:00:00
337,ACC100337,Commercial Account 0337,Retail,TX,ACTIVE,2021-12-04,2021-12-11 09:00:00
338,ACC100338,Commercial Account 0338,Construction,FL,ACTIVE,2021-12-05,2021-12-13 09:00:00
339,ACC100339,Commercial Account 0339,Manufacturing,NY,ACTIVE,2021-12-06,2021-12-15 09:00:00
340,ACC100340,Commercial Account 0340,Technology,IL,CLOSED,2021-12-07,2021-12-17 09:00:00
341,ACC100341,Commercial Account 0341,Transportation,CA,ACTIVE,2021-12-08,2021-12-19 09:00:00
342,ACC100342,Commercial Account 0342,Healthcare,TX,ACTIVE,2021-12-09,2021-12-21 09:00:00
343,ACC100343,Commercial Account 0343,Hospitality,FL,ACTIVE,2021-12-10,2021-12-23 09:00:00
344,ACC100344,Commercial Account 0344,Retail,NY,ACTIVE,2021-12-11,2021-12-25 09:00:00
345,ACC100345,Commercial Account 0345,Construction,IL,ACTIVE,2021-12-12,2021-12-27 09:00:00
346,ACC100346,Commercial Account 0346,Manufacturing,CA,ACTIVE,2021-12-13,2021-12-29 09:00:00
347,ACC100347,Commercial Account 0347,Technology,TX,ACTIVE,2021-12-14,2021-12-31 09:00:00
348,ACC100348,Commercial Account 0348,Transportation,FL,ACTIVE,2021-12-15,2022-01-02 09:00:00
349,ACC100349,Commercial Account 0349,Healthcare,NY,ACTIVE,2021-12-16,2022-01-04 09:00:00
350,ACC100350,Commercial Account 0350,Hospitality,IL,INACTIVE,2021-12-17,2022-01-06 09:00:00
351,ACC100351,Commercial Account 0351,Retail,CA,ACTIVE,2021-12-18,2022-01-08 09:00:00
352,ACC100352,Commercial Account 0352,Construction,TX,ACTIVE,2021-12-19,2022-01-10 09:00:00
353,ACC100353,Commercial Account 0353,Manufacturing,FL,ACTIVE,2021-12-20,2022-01-12 09:00:00
354,ACC100354,Commercial Account 0354,Technology,NY,ACTIVE,2021-12-21,2022-01-14 09:00:00
355,ACC100355,Commercial Account 0355,Transportation,IL,ACTIVE,2021-12-22,2022-01-16 09:00:00
356,ACC100356,Commercial Account 0356,Healthcare,CA,ACTIVE,2021-12-23,2022-01-18 09:00:00
357,ACC100357,Commercial Account 0357,Hospitality,TX,ACTIVE,2021-12-24,2022-01-20 09:00:00
358,ACC100358,Commercial Account 0358,Retail,FL,ACTIVE,2021-12-25,2022-01-22 09:00:00
359,ACC100359,Commercial Account 0359,Construction,NY,ACTIVE,2021-12-26,2022-01-24 09:00:00
360,ACC100360,Commercial Account 0360,Manufacturing,IL,CLOSED,2021-12-27,2021-12-27 09:00:00
361,ACC100361,Commercial Account 0361,Technology,CA,ACTIVE,2021-12-28,2021-12-29 09:00:00
362,ACC100362,Commercial Account 0362,Transportation,TX,ACTIVE,2021-12-29,2021-12-31 09:00:00
363,ACC100363,Commercial Account 0363,Healthcare,FL,ACTIVE,2021-12-30,2022-01-02 09:00:00
364,ACC100364,Commercial Account 0364,Hospitality,NY,ACTIVE,2021-12-31,2022-01-04 09:00:00
365,ACC100365,Commercial Account 0365,Retail,IL,ACTIVE,2022-01-01,2022-01-06 09:00:00
366,ACC100366,Commercial Account 0366,Construction,CA,ACTIVE,2022-01-02,2022-01-08 09:00:00
367,ACC100367,Commercial Account 0367,Manufacturing,TX,ACTIVE,2022-01-03,2022-01-10 09:00:00
368,ACC100368,Commercial Account 0368,Technology,FL,ACTIVE,2022-01-04,2022-01-12 09:00:00
369,ACC100369,Commercial Account 0369,Transportation,NY,ACTIVE,2022-01-05,2022-01-14 09:00:00
370,ACC100370,Commercial Account 0370,Healthcare,IL,INACTIVE,2022-01-06,2022-01-16 09:00:00
371,ACC100371,Commercial Account 0371,Hospitality,CA,ACTIVE,2022-01-07,2022-01-18 09:00:00
372,ACC100372,Commercial Account 0372,Retail,TX,ACTIVE,2022-01-08,2022-01-20 09:00:00
373,ACC100373,Commercial Account 0373,Construction,FL,ACTIVE,2022-01-09,2022-01-22 09:00:00
374,ACC100374,Commercial Account 0374,Manufacturing,NY,ACTIVE,2022-01-10,2022-01-24 09:00:00
375,ACC100375,Commercial Account 0375,Technology,IL,ACTIVE,2022-01-11,2022-01-26 09:00:00
376,ACC100376,Commercial Account 0376,Transportation,CA,ACTIVE,2022-01-12,2022-01-28 09:00:00
377,ACC100377,Commercial Account 0377,Healthcare,TX,ACTIVE,2022-01-13,2022-01-30 09:00:00
378,ACC100378,Commercial Account 0378,Hospitality,FL,ACTIVE,2022-01-14,2022-02-01 09:00:00
379,ACC100379,Commercial Account 0379,Retail,NY,ACTIVE,2022-01-15,2022-02-03 09:00:00
380,ACC100380,Commercial Account 0380,Construction,IL,CLOSED,2022-01-16,2022-02-05 09:00:00
381,ACC100381,Commercial Account 0381,Manufacturing,CA,ACTIVE,2022-01-17,2022-02-07 09:00:00
382,ACC100382,Commercial Account 0382,Technology,TX,ACTIVE,2022-01-18,2022-02-09 09:00:00
383,ACC100383,Commercial Account 0383,Transportation,FL,ACTIVE,2022-01-19,2022-02-11 09:00:00
384,ACC100384,Commercial Account 0384,Healthcare,NY,ACTIVE,2022-01-20,2022-02-13 09:00:00
385,ACC100385,Commercial Account 0385,Hospitality,IL,ACTIVE,2022-01-21,2022-02-15 09:00:00
386,ACC100386,Commercial Account 0386,Retail,CA,ACTIVE,2022-01-22,2022-02-17 09:00:00
387,ACC100387,Commercial Account 0387,Construction,TX,ACTIVE,2022-01-23,2022-02-19 09:00:00
388,ACC100388,Commercial Account 0388,Manufacturing,FL,ACTIVE,2022-01-24,2022-02-21 09:00:00
389,ACC100389,Commercial Account 0389,Technology,NY,ACTIVE,2022-01-25,2022-02-23 09:00:00
390,ACC100390,Commercial Account 0390,Transportation,IL,INACTIVE,2022-01-26,2022-01-26 09:00:00
391,ACC100391,Commercial Account 0391,Healthcare,CA,ACTIVE,2022-01-27,2022-01-28 09:00:00
392,ACC100392,Commercial Account 0392,Hospitality,TX,ACTIVE,2022-01-28,2022-01-30 09:00:00
393,ACC100393,Commercial Account 0393,Retail,FL,ACTIVE,2022-01-29,2022-02-01 09:00:00
394,ACC100394,Commercial Account 0394,Construction,NY,ACTIVE,2022-01-30,2022-02-03 09:00:00
395,ACC100395,Commercial Account 0395,Manufacturing,IL,ACTIVE,2022-01-31,2022-02-05 09:00:00
396,ACC100396,Commercial Account 0396,Technology,CA,ACTIVE,2022-02-01,2022-02-07 09:00:00
397,ACC100397,Commercial Account 0397,Transportation,TX,ACTIVE,2022-02-02,2022-02-09 09:00:00
398,ACC100398,Commercial Account 0398,Healthcare,FL,ACTIVE,2022-02-03,2022-02-11 09:00:00
399,ACC100399,Commercial Account 0399,Hospitality,NY,ACTIVE,2022-02-04,2022-02-13 09:00:00
400,ACC100400,Commercial Account 0400,Retail,IL,CLOSED,2022-02-05,2022-02-15 09:00:00
401,ACC100401,Commercial Account 0401,Construction,CA,ACTIVE,2022-02-06,2022-02-17 09:00:00
402,ACC100402,Commercial Account 0402,Manufacturing,TX,ACTIVE,2022-02-07,2022-02-19 09:00:00
403,ACC100403,Commercial Account 0403,Technology,FL,ACTIVE,2022-02-08,2022-02-21 09:00:00
404,ACC100404,Commercial Account 0404,Transportation,NY,ACTIVE,2022-02-09,2022-02-23 09:00:00
405,ACC100405,Commercial Account 0405,Healthcare,IL,ACTIVE,2022-02-10,2022-02-25 09:00:00
406,ACC100406,Commercial Account 0406,Hospitality,CA,ACTIVE,2022-02-11,2022-02-27 09:00:00
407,ACC100407,Commercial Account 0407,Retail,TX,ACTIVE,2022-02-12,2022-03-01 09:00:00
408,ACC100408,Commercial Account 0408,Construction,FL,ACTIVE,2022-02-13,2022-03-03 09:00:00
409,ACC100409,Commercial Account 0409,Manufacturing,NY,ACTIVE,2022-02-14,2022-03-05 09:00:00
410,ACC100410,Commercial Account 0410,Technology,IL,INACTIVE,2022-02-15,2022-03-07 09:00:00
411,ACC100411,Commercial Account 0411,Transportation,CA,ACTIVE,2022-02-16,2022-03-09 09:00:00
412,ACC100412,Commercial Account 0412,Healthcare,TX,ACTIVE,2022-02-17,2022-03-11 09:00:00
413,ACC100413,Commercial Account 0413,Hospitality,FL,ACTIVE,2022-02-18,2022-03-13 09:00:00
414,ACC100414,Commercial Account 0414,Retail,NY,ACTIVE,2022-02-19,2022-03-15 09:00:00
415,ACC100415,Commercial Account 0415,Construction,IL,ACTIVE,2022-02-20,2022-03-17 09:00:00
416,ACC100416,Commercial Account 0416,Manufacturing,CA,ACTIVE,2022-02-21,2022-03-19 09:00:00
417,ACC100417,Commercial Account 0417,Technology,TX,ACTIVE,2022-02-22,2022-03-21 09:00:00
418,ACC100418,Commercial Account 0418,Transportation,FL,ACTIVE,2022-02-23,2022-03-23 09:00:00
419,ACC100419,Commercial Account 0419,Healthcare,NY,ACTIVE,2022-02-24,2022-03-25 09:00:00
420,ACC100420,Commercial Account 0420,Hospitality,IL,CLOSED,2022-02-25,2022-02-25 09:00:00
421,ACC100421,Commercial Account 0421,Retail,CA,ACTIVE,2022-02-26,2022-02-27 09:00:00
422,ACC100422,Commercial Account 0422,Construction,TX,ACTIVE,2022-02-27,2022-03-01 09:00:00
423,ACC100423,Commercial Account 0423,Manufacturing,FL,ACTIVE,2022-02-28,2022-03-03 09:00:00
424,ACC100424,Commercial Account 0424,Technology,NY,ACTIVE,2022-03-01,2022-03-05 09:00:00
425,ACC100425,Commercial Account 0425,Transportation,IL,ACTIVE,2022-03-02,2022-03-07 09:00:00
426,ACC100426,Commercial Account 0426,Healthcare,CA,ACTIVE,2022-03-03,2022-03-09 09:00:00
427,ACC100427,Commercial Account 0427,Hospitality,TX,ACTIVE,2022-03-04,2022-03-11 09:00:00
428,ACC100428,Commercial Account 0428,Retail,FL,ACTIVE,2022-03-05,2022-03-13 09:00:00
429,ACC100429,Commercial Account 0429,Construction,NY,ACTIVE,2022-03-06,2022-03-15 09:00:00
430,ACC100430,Commercial Account 0430,Manufacturing,IL,INACTIVE,2022-03-07,2022-03-17 09:00:00
431,ACC100431,Commercial Account 0431,Technology,CA,ACTIVE,2022-03-08,2022-03-19 09:00:00
432,ACC100432,Commercial Account 0432,Transportation,TX,ACTIVE,2022-03-09,2022-03-21 09:00:00
433,ACC100433,Commercial Account 0433,Healthcare,FL,ACTIVE,2022-03-10,2022-03-23 09:00:00
434,ACC100434,Commercial Account 0434,Hospitality,NY,ACTIVE,2022-03-11,2022-03-25 09:00:00
435,ACC100435,Commercial Account 0435,Retail,IL,ACTIVE,2022-03-12,2022-03-27 09:00:00
436,ACC100436,Commercial Account 0436,Construction,CA,ACTIVE,2022-03-13,2022-03-29 09:00:00
437,ACC100437,Commercial Account 0437,Manufacturing,TX,ACTIVE,2022-03-14,2022-03-31 09:00:00
438,ACC100438,Commercial Account 0438,Technology,FL,ACTIVE,2022-03-15,2022-04-02 09:00:00
439,ACC100439,Commercial Account 0439,Transportation,NY,ACTIVE,2022-03-16,2022-04-04 09:00:00
440,ACC100440,Commercial Account 0440,Healthcare,IL,CLOSED,2022-03-17,2022-04-06 09:00:00
441,ACC100441,Commercial Account 0441,Hospitality,CA,ACTIVE,2022-03-18,2022-04-08 09:00:00
442,ACC100442,Commercial Account 0442,Retail,TX,ACTIVE,2022-03-19,2022-04-10 09:00:00
443,ACC100443,Commercial Account 0443,Construction,FL,ACTIVE,2022-03-20,2022-04-12 09:00:00
444,ACC100444,Commercial Account 0444,Manufacturing,NY,ACTIVE,2022-03-21,2022-04-14 09:00:00
445,ACC100445,Commercial Account 0445,Technology,IL,ACTIVE,2022-03-22,2022-04-16 09:00:00
446,ACC100446,Commercial Account 0446,Transportation,CA,ACTIVE,2022-03-23,2022-04-18 09:00:00
447,ACC100447,Commercial Account 0447,Healthcare,TX,ACTIVE,2022-03-24,2022-04-20 09:00:00
448,ACC100448,Commercial Account 0448,Hospitality,FL,ACTIVE,2022-03-25,2022-04-22 09:00:00
449,ACC100449,Commercial Account 0449,Retail,NY,ACTIVE,2022-03-26,2022-04-24 09:00:00
450,ACC100450,Commercial Account 0450,Construction,IL,INACTIVE,2022-03-27,2022-03-27 09:00:00
451,ACC100451,Commercial Account 0451,Manufacturing,CA,ACTIVE,2022-03-28,2022-03-29 09:00:00
452,ACC100452,Commercial Account 0452,Technology,TX,ACTIVE,2022-03-29,2022-03-31 09:00:00
453,ACC100453,Commercial Account 0453,Transportation,FL,ACTIVE,2022-03-30,2022-04-02 09:00:00
454,ACC100454,Commercial Account 0454,Healthcare,NY,ACTIVE,2022-03-31,2022-04-04 09:00:00
455,ACC100455,Commercial Account 0455,Hospitality,IL,ACTIVE,2022-04-01,2022-04-06 09:00:00
456,ACC100456,Commercial Account 0456,Retail,CA,ACTIVE,2022-04-02,2022-04-08 09:00:00
457,ACC100457,Commercial Account 0457,Construction,TX,ACTIVE,2022-04-03,2022-04-10 09:00:00
458,ACC100458,Commercial Account 0458,Manufacturing,FL,ACTIVE,2022-04-04,2022-04-12 09:00:00
459,ACC100459,Commercial Account 0459,Technology,NY,ACTIVE,2022-04-05,2022-04-14 09:00:00
460,ACC100460,Commercial Account 0460,Transportation,IL,CLOSED,2022-04-06,2022-04-16 09:00:00
461,ACC100461,Commercial Account 0461,Healthcare,CA,ACTIVE,2022-04-07,2022-04-18 09:00:00
462,ACC100462,Commercial Account 0462,Hospitality,TX,ACTIVE,2022-04-08,2022-04-20 09:00:00
463,ACC100463,Commercial Account 0463,Retail,FL,ACTIVE,2022-04-09,2022-04-22 09:00:00
464,ACC100464,Commercial Account 0464,Construction,NY,ACTIVE,2022-04-10,2022-04-24 09:00:00
465,ACC100465,Commercial Account 0465,Manufacturing,IL,ACTIVE,2022-04-11,2022-04-26 09:00:00
466,ACC100466,Commercial Account 0466,Technology,CA,ACTIVE,2022-04-12,2022-04-28 09:00:00
467,ACC100467,Commercial Account 0467,Transportation,TX,ACTIVE,2022-04-13,2022-04-30 09:00:00
468,ACC100468,Commercial Account 0468,Healthcare,FL,ACTIVE,2022-04-14,2022-05-02 09:00:00
469,ACC100469,Commercial Account 0469,Hospitality,NY,ACTIVE,2022-04-15,2022-05-04 09:00:00
470,ACC100470,Commercial Account 0470,Retail,IL,INACTIVE,2022-04-16,2022-05-06 09:00:00
471,ACC100471,Commercial Account 0471,Construction,CA,ACTIVE,2022-04-17,2022-05-08 09:00:00
472,ACC100472,Commercial Account 0472,Manufacturing,TX,ACTIVE,2022-04-18,2022-05-10 09:00:00
473,ACC100473,Commercial Account 0473,Technology,FL,ACTIVE,2022-04-19,2022-05-12 09:00:00
474,ACC100474,Commercial Account 0474,Transportation,NY,ACTIVE,2022-04-20,2022-05-14 09:00:00
475,ACC100475,Commercial Account 0475,Healthcare,IL,ACTIVE,2022-04-21,2022-05-16 09:00:00
476,ACC100476,Commercial Account 0476,Hospitality,CA,ACTIVE,2022-04-22,2022-05-18 09:00:00
477,ACC100477,Commercial Account 0477,Retail,TX,ACTIVE,2022-04-23,2022-05-20 09:00:00
478,ACC100478,Commercial Account 0478,Construction,FL,ACTIVE,2022-04-24,2022-05-22 09:00:00
479,ACC100479,Commercial Account 0479,Manufacturing,NY,ACTIVE,2022-04-25,2022-05-24 09:00:00
480,ACC100480,Commercial Account 0480,Technology,IL,CLOSED,2022-04-26,2022-04-26 09:00:00
481,ACC100481,Commercial Account 0481,Transportation,CA,ACTIVE,2022-04-27,2022-04-28 09:00:00
482,ACC100482,Commercial Account 0482,Healthcare,TX,ACTIVE,2022-04-28,2022-04-30 09:00:00
483,ACC100483,Commercial Account 0483,Hospitality,FL,ACTIVE,2022-04-29,2022-05-02 09:00:00
484,ACC100484,Commercial Account 0484,Retail,NY,ACTIVE,2022-04-30,2022-05-04 09:00:00
485,ACC100485,Commercial Account 0485,Construction,IL,ACTIVE,2022-05-01,2022-05-06 09:00:00
486,ACC100486,Commercial Account 0486,Manufacturing,CA,ACTIVE,2022-05-02,2022-05-08 09:00:00
487,ACC100487,Commercial Account 0487,Technology,TX,ACTIVE,2022-05-03,2022-05-10 09:00:00
488,ACC100488,Commercial Account 0488,Transportation,FL,ACTIVE,2022-05-04,2022-05-12 09:00:00
489,ACC100489,Commercial Account 0489,Healthcare,NY,ACTIVE,2022-05-05,2022-05-14 09:00:00
490,ACC100490,Commercial Account 0490,Hospitality,IL,INACTIVE,2022-05-06,2022-05-16 09:00:00
491,ACC100491,Commercial Account 0491,Retail,CA,ACTIVE,2022-05-07,2022-05-18 09:00:00
492,ACC100492,Commercial Account 0492,Construction,TX,ACTIVE,2022-05-08,2022-05-20 09:00:00
493,ACC100493,Commercial Account 0493,Manufacturing,FL,ACTIVE,2022-05-09,2022-05-22 09:00:00
494,ACC100494,Commercial Account 0494,Technology,NY,ACTIVE,2022-05-10,2022-05-24 09:00:00
495,ACC100495,Commercial Account 0495,Transportation,IL,ACTIVE,2022-05-11,2022-05-26 09:00:00
496,ACC100496,Commercial Account 0496,Healthcare,CA,ACTIVE,2022-05-12,2022-05-28 09:00:00
497,ACC100497,Commercial Account 0497,Hospitality,TX,ACTIVE,2022-05-13,2022-05-30 09:00:00
498,ACC100498,Commercial Account 0498,Retail,FL,ACTIVE,2022-05-14,2022-06-01 09:00:00
499,ACC100499,Commercial Account 0499,Construction,NY,ACTIVE,2022-05-15,2022-06-03 09:00:00
500,ACC100500,Commercial Account 0500,Manufacturing,IL,CLOSED,2022-05-16,2022-06-05 09:00:00
501,ACC100501,Commercial Account 0501,Technology,CA,ACTIVE,2022-05-17,2022-06-07 09:00:00
502,ACC100502,Commercial Account 0502,Transportation,TX,ACTIVE,2022-05-18,2022-06-09 09:00:00
503,ACC100503,Commercial Account 0503,Healthcare,FL,ACTIVE,2022-05-19,2022-06-11 09:00:00
504,ACC100504,Commercial Account 0504,Hospitality,NY,ACTIVE,2022-05-20,2022-06-13 09:00:00
505,ACC100505,Commercial Account 0505,Retail,IL,ACTIVE,2022-05-21,2022-06-15 09:00:00
506,ACC100506,Commercial Account 0506,Construction,CA,ACTIVE,2022-05-22,2022-06-17 09:00:00
507,ACC100507,Commercial Account 0507,Manufacturing,TX,ACTIVE,2022-05-23,2022-06-19 09:00:00
508,ACC100508,Commercial Account 0508,Technology,FL,ACTIVE,2022-05-24,2022-06-21 09:00:00
509,ACC100509,Commercial Account 0509,Transportation,NY,ACTIVE,2022-05-25,2022-06-23 09:00:00
510,ACC100510,Commercial Account 0510,Healthcare,IL,INACTIVE,2022-05-26,2022-05-26 09:00:00
511,ACC100511,Commercial Account 0511,Hospitality,CA,ACTIVE,2022-05-27,2022-05-28 09:00:00
512,ACC100512,Commercial Account 0512,Retail,TX,ACTIVE,2022-05-28,2022-05-30 09:00:00
513,ACC100513,Commercial Account 0513,Construction,FL,ACTIVE,2022-05-29,2022-06-01 09:00:00
514,ACC100514,Commercial Account 0514,Manufacturing,NY,ACTIVE,2022-05-30,2022-06-03 09:00:00
515,ACC100515,Commercial Account 0515,Technology,IL,ACTIVE,2022-05-31,2022-06-05 09:00:00
516,ACC100516,Commercial Account 0516,Transportation,CA,ACTIVE,2022-06-01,2022-06-07 09:00:00
517,ACC100517,Commercial Account 0517,Healthcare,TX,ACTIVE,2022-06-02,2022-06-09 09:00:00
518,ACC100518,Commercial Account 0518,Hospitality,FL,ACTIVE,2022-06-03,2022-06-11 09:00:00
519,ACC100519,Commercial Account 0519,Retail,NY,ACTIVE,2022-06-04,2022-06-13 09:00:00
520,ACC100520,Commercial Account 0520,Construction,IL,CLOSED,2022-06-05,2022-06-15 09:00:00
521,ACC100521,Commercial Account 0521,Manufacturing,CA,ACTIVE,2022-06-06,2022-06-17 09:00:00
522,ACC100522,Commercial Account 0522,Technology,TX,ACTIVE,2022-06-07,2022-06-19 09:00:00
523,ACC100523,Commercial Account 0523,Transportation,FL,ACTIVE,2022-06-08,2022-06-21 09:00:00
524,ACC100524,Commercial Account 0524,Healthcare,NY,ACTIVE,2022-06-09,2022-06-23 09:00:00
525,ACC100525,Commercial Account 0525,Hospitality,IL,ACTIVE,2022-06-10,2022-06-25 09:00:00
526,ACC100526,Commercial Account 0526,Retail,CA,ACTIVE,2022-06-11,2022-06-27 09:00:00
527,ACC100527,Commercial Account 0527,Construction,TX,ACTIVE,2022-06-12,2022-06-29 09:00:00
528,ACC100528,Commercial Account 0528,Manufacturing,FL,ACTIVE,2022-06-13,2022-07-01 09:00:00
529,ACC100529,Commercial Account 0529,Technology,NY,ACTIVE,2022-06-14,2022-07-03 09:00:00
530,ACC100530,Commercial Account 0530,Transportation,IL,INACTIVE,2022-06-15,2022-07-05 09:00:00
531,ACC100531,Commercial Account 0531,Healthcare,CA,ACTIVE,2022-06-16,2022-07-07 09:00:00
532,ACC100532,Commercial Account 0532,Hospitality,TX,ACTIVE,2022-06-17,2022-07-09 09:00:00
533,ACC100533,Commercial Account 0533,Retail,FL,ACTIVE,2022-06-18,2022-07-11 09:00:00
534,ACC100534,Commercial Account 0534,Construction,NY,ACTIVE,2022-06-19,2022-07-13 09:00:00
535,ACC100535,Commercial Account 0535,Manufacturing,IL,ACTIVE,2022-06-20,2022-07-15 09:00:00
536,ACC100536,Commercial Account 0536,Technology,CA,ACTIVE,2022-06-21,2022-07-17 09:00:00
537,ACC100537,Commercial Account 0537,Transportation,TX,ACTIVE,2022-06-22,2022-07-19 09:00:00
538,ACC100538,Commercial Account 0538,Healthcare,FL,ACTIVE,2022-06-23,2022-07-21 09:00:00
539,ACC100539,Commercial Account 0539,Hospitality,NY,ACTIVE,2022-06-24,2022-07-23 09:00:00
540,ACC100540,Commercial Account 0540,Retail,IL,CLOSED,2022-06-25,2022-06-25 09:00:00
541,ACC100541,Commercial Account 0541,Construction,CA,ACTIVE,2022-06-26,2022-06-27 09:00:00
542,ACC100542,Commercial Account 0542,Manufacturing,TX,ACTIVE,2022-06-27,2022-06-29 09:00:00
543,ACC100543,Commercial Account 0543,Technology,FL,ACTIVE,2022-06-28,2022-07-01 09:00:00
544,ACC100544,Commercial Account 0544,Transportation,NY,ACTIVE,2022-06-29,2022-07-03 09:00:00
545,ACC100545,Commercial Account 0545,Healthcare,IL,ACTIVE,2022-06-30,2022-07-05 09:00:00
546,ACC100546,Commercial Account 0546,Hospitality,CA,ACTIVE,2022-07-01,2022-07-07 09:00:00
547,ACC100547,Commercial Account 0547,Retail,TX,ACTIVE,2022-07-02,2022-07-09 09:00:00
548,ACC100548,Commercial Account 0548,Construction,FL,ACTIVE,2022-07-03,2022-07-11 09:00:00
549,ACC100549,Commercial Account 0549,Manufacturing,NY,ACTIVE,2022-07-04,2022-07-13 09:00:00
550,ACC100550,Commercial Account 0550,Technology,IL,INACTIVE,2022-07-05,2022-07-15 09:00:00
551,ACC100551,Commercial Account 0551,Transportation,CA,ACTIVE,2022-07-06,2022-07-17 09:00:00
552,ACC100552,Commercial Account 0552,Healthcare,TX,ACTIVE,2022-07-07,2022-07-19 09:00:00
553,ACC100553,Commercial Account 0553,Hospitality,FL,ACTIVE,2022-07-08,2022-07-21 09:00:00
554,ACC100554,Commercial Account 0554,Retail,NY,ACTIVE,2022-07-09,2022-07-23 09:00:00
555,ACC100555,Commercial Account 0555,Construction,IL,ACTIVE,2022-07-10,2022-07-25 09:00:00
556,ACC100556,Commercial Account 0556,Manufacturing,CA,ACTIVE,2022-07-11,2022-07-27 09:00:00
557,ACC100557,Commercial Account 0557,Technology,TX,ACTIVE,2022-07-12,2022-07-29 09:00:00
558,ACC100558,Commercial Account 0558,Transportation,FL,ACTIVE,2022-07-13,2022-07-31 09:00:00
559,ACC100559,Commercial Account 0559,Healthcare,NY,ACTIVE,2022-07-14,2022-08-02 09:00:00
560,ACC100560,Commercial Account 0560,Hospitality,IL,CLOSED,2022-07-15,2022-08-04 09:00:00
561,ACC100561,Commercial Account 0561,Retail,CA,ACTIVE,2022-07-16,2022-08-06 09:00:00
562,ACC100562,Commercial Account 0562,Construction,TX,ACTIVE,2022-07-17,2022-08-08 09:00:00
563,ACC100563,Commercial Account 0563,Manufacturing,FL,ACTIVE,2022-07-18,2022-08-10 09:00:00
564,ACC100564,Commercial Account 0564,Technology,NY,ACTIVE,2022-07-19,2022-08-12 09:00:00
565,ACC100565,Commercial Account 0565,Transportation,IL,ACTIVE,2022-07-20,2022-08-14 09:00:00
566,ACC100566,Commercial Account 0566,Healthcare,CA,ACTIVE,2022-07-21,2022-08-16 09:00:00
567,ACC100567,Commercial Account 0567,Hospitality,TX,ACTIVE,2022-07-22,2022-08-18 09:00:00
568,ACC100568,Commercial Account 0568,Retail,FL,ACTIVE,2022-07-23,2022-08-20 09:00:00
569,ACC100569,Commercial Account 0569,Construction,NY,ACTIVE,2022-07-24,2022-08-22 09:00:00
570,ACC100570,Commercial Account 0570,Manufacturing,IL,INACTIVE,2022-07-25,2022-07-25 09:00:00
571,ACC100571,Commercial Account 0571,Technology,CA,ACTIVE,2022-07-26,2022-07-27 09:00:00
572,ACC100572,Commercial Account 0572,Transportation,TX,ACTIVE,2022-07-27,2022-07-29 09:00:00
573,ACC100573,Commercial Account 0573,Healthcare,FL,ACTIVE,2022-07-28,2022-07-31 09:00:00
574,ACC100574,Commercial Account 0574,Hospitality,NY,ACTIVE,2022-07-29,2022-08-02 09:00:00
575,ACC100575,Commercial Account 0575,Retail,IL,ACTIVE,2022-07-30,2022-08-04 09:00:00
576,ACC100576,Commercial Account 0576,Construction,CA,ACTIVE,2022-07-31,2022-08-06 09:00:00
577,ACC100577,Commercial Account 0577,Manufacturing,TX,ACTIVE,2022-08-01,2022-08-08 09:00:00
578,ACC100578,Commercial Account 0578,Technology,FL,ACTIVE,2022-08-02,2022-08-10 09:00:00
579,ACC100579,Commercial Account 0579,Transportation,NY,ACTIVE,2022-08-03,2022-08-12 09:00:00
580,ACC100580,Commercial Account 0580,Healthcare,IL,CLOSED,2022-08-04,2022-08-14 09:00:00
581,ACC100581,Commercial Account 0581,Hospitality,CA,ACTIVE,2022-08-05,2022-08-16 09:00:00
582,ACC100582,Commercial Account 0582,Retail,TX,ACTIVE,2022-08-06,2022-08-18 09:00:00
583,ACC100583,Commercial Account 0583,Construction,FL,ACTIVE,2022-08-07,2022-08-20 09:00:00
584,ACC100584,Commercial Account 0584,Manufacturing,NY,ACTIVE,2022-08-08,2022-08-22 09:00:00
585,ACC100585,Commercial Account 0585,Technology,IL,ACTIVE,2022-08-09,2022-08-24 09:00:00
586,ACC100586,Commercial Account 0586,Transportation,CA,ACTIVE,2022-08-10,2022-08-26 09:00:00
587,ACC100587,Commercial Account 0587,Healthcare,TX,ACTIVE,2022-08-11,2022-08-28 09:00:00
588,ACC100588,Commercial Account 0588,Hospitality,FL,ACTIVE,2022-08-12,2022-08-30 09:00:00
589,ACC100589,Commercial Account 0589,Retail,NY,ACTIVE,2022-08-13,2022-09-01 09:00:00
590,ACC100590,Commercial Account 0590,Construction,IL,INACTIVE,2022-08-14,2022-09-03 09:00:00
591,ACC100591,Commercial Account 0591,Manufacturing,CA,ACTIVE,2022-08-15,2022-09-05 09:00:00
592,ACC100592,Commercial Account 0592,Technology,TX,ACTIVE,2022-08-16,2022-09-07 09:00:00
593,ACC100593,Commercial Account 0593,Transportation,FL,ACTIVE,2022-08-17,2022-09-09 09:00:00
594,ACC100594,Commercial Account 0594,Healthcare,NY,ACTIVE,2022-08-18,2022-09-11 09:00:00
595,ACC100595,Commercial Account 0595,Hospitality,IL,ACTIVE,2022-08-19,2022-09-13 09:00:00
596,ACC100596,Commercial Account 0596,Retail,CA,ACTIVE,2022-08-20,2022-09-15 09:00:00
597,ACC100597,Commercial Account 0597,Construction,TX,ACTIVE,2022-08-21,2022-09-17 09:00:00
598,ACC100598,Commercial Account 0598,Manufacturing,FL,ACTIVE,2022-08-22,2022-09-19 09:00:00
599,ACC100599,Commercial Account 0599,Technology,NY,ACTIVE,2022-08-23,2022-09-21 09:00:00
600,ACC100600,Commercial Account 0600,Transportation,IL,CLOSED,2022-08-24,2022-08-24 09:00:00
601,ACC100601,Commercial Account 0601,Healthcare,CA,ACTIVE,2022-08-25,2022-08-26 09:00:00
602,ACC100602,Commercial Account 0602,Hospitality,TX,ACTIVE,2022-08-26,2022-08-28 09:00:00
603,ACC100603,Commercial Account 0603,Retail,FL,ACTIVE,2022-08-27,2022-08-30 09:00:00
604,ACC100604,Commercial Account 0604,Construction,NY,ACTIVE,2022-08-28,2022-09-01 09:00:00
605,ACC100605,Commercial Account 0605,Manufacturing,IL,ACTIVE,2022-08-29,2022-09-03 09:00:00
606,ACC100606,Commercial Account 0606,Technology,CA,ACTIVE,2022-08-30,2022-09-05 09:00:00
607,ACC100607,Commercial Account 0607,Transportation,TX,ACTIVE,2022-08-31,2022-09-07 09:00:00
608,ACC100608,Commercial Account 0608,Healthcare,FL,ACTIVE,2022-09-01,2022-09-09 09:00:00
609,ACC100609,Commercial Account 0609,Hospitality,NY,ACTIVE,2022-09-02,2022-09-11 09:00:00
610,ACC100610,Commercial Account 0610,Retail,IL,INACTIVE,2022-09-03,2022-09-13 09:00:00
611,ACC100611,Commercial Account 0611,Construction,CA,ACTIVE,2022-09-04,2022-09-15 09:00:00
612,ACC100612,Commercial Account 0612,Manufacturing,TX,ACTIVE,2022-09-05,2022-09-17 09:00:00
613,ACC100613,Commercial Account 0613,Technology,FL,ACTIVE,2022-09-06,2022-09-19 09:00:00
614,ACC100614,Commercial Account 0614,Transportation,NY,ACTIVE,2022-09-07,2022-09-21 09:00:00
615,ACC100615,Commercial Account 0615,Healthcare,IL,ACTIVE,2022-09-08,2022-09-23 09:00:00
616,ACC100616,Commercial Account 0616,Hospitality,CA,ACTIVE,2022-09-09,2022-09-25 09:00:00
617,ACC100617,Commercial Account 0617,Retail,TX,ACTIVE,2022-09-10,2022-09-27 09:00:00
618,ACC100618,Commercial Account 0618,Construction,FL,ACTIVE,2022-09-11,2022-09-29 09:00:00
619,ACC100619,Commercial Account 0619,Manufacturing,NY,ACTIVE,2022-09-12,2022-10-01 09:00:00
620,ACC100620,Commercial Account 0620,Technology,IL,CLOSED,2022-09-13,2022-10-03 09:00:00
621,ACC100621,Commercial Account 0621,Transportation,CA,ACTIVE,2022-09-14,2022-10-05 09:00:00
622,ACC100622,Commercial Account 0622,Healthcare,TX,ACTIVE,2022-09-15,2022-10-07 09:00:00
623,ACC100623,Commercial Account 0623,Hospitality,FL,ACTIVE,2022-09-16,2022-10-09 09:00:00
624,ACC100624,Commercial Account 0624,Retail,NY,ACTIVE,2022-09-17,2022-10-11 09:00:00
625,ACC100625,Commercial Account 0625,Construction,IL,ACTIVE,2022-09-18,2022-10-13 09:00:00
626,ACC100626,Commercial Account 0626,Manufacturing,CA,ACTIVE,2022-09-19,2022-10-15 09:00:00
627,ACC100627,Commercial Account 0627,Technology,TX,ACTIVE,2022-09-20,2022-10-17 09:00:00
628,ACC100628,Commercial Account 0628,Transportation,FL,ACTIVE,2022-09-21,2022-10-19 09:00:00
629,ACC100629,Commercial Account 0629,Healthcare,NY,ACTIVE,2022-09-22,2022-10-21 09:00:00
630,ACC100630,Commercial Account 0630,Hospitality,IL,INACTIVE,2022-09-23,2022-09-23 09:00:00
631,ACC100631,Commercial Account 0631,Retail,CA,ACTIVE,2022-09-24,2022-09-25 09:00:00
632,ACC100632,Commercial Account 0632,Construction,TX,ACTIVE,2022-09-25,2022-09-27 09:00:00
633,ACC100633,Commercial Account 0633,Manufacturing,FL,ACTIVE,2022-09-26,2022-09-29 09:00:00
634,ACC100634,Commercial Account 0634,Technology,NY,ACTIVE,2022-09-27,2022-10-01 09:00:00
635,ACC100635,Commercial Account 0635,Transportation,IL,ACTIVE,2022-09-28,2022-10-03 09:00:00
636,ACC100636,Commercial Account 0636,Healthcare,CA,ACTIVE,2022-09-29,2022-10-05 09:00:00
637,ACC100637,Commercial Account 0637,Hospitality,TX,ACTIVE,2022-09-30,2022-10-07 09:00:00
638,ACC100638,Commercial Account 0638,Retail,FL,ACTIVE,2022-10-01,2022-10-09 09:00:00
639,ACC100639,Commercial Account 0639,Construction,NY,ACTIVE,2022-10-02,2022-10-11 09:00:00
640,ACC100640,Commercial Account 0640,Manufacturing,IL,CLOSED,2022-10-03,2022-10-13 09:00:00
641,ACC100641,Commercial Account 0641,Technology,CA,ACTIVE,2022-10-04,2022-10-15 09:00:00
642,ACC100642,Commercial Account 0642,Transportation,TX,ACTIVE,2022-10-05,2022-10-17 09:00:00
643,ACC100643,Commercial Account 0643,Healthcare,FL,ACTIVE,2022-10-06,2022-10-19 09:00:00
644,ACC100644,Commercial Account 0644,Hospitality,NY,ACTIVE,2022-10-07,2022-10-21 09:00:00
645,ACC100645,Commercial Account 0645,Retail,IL,ACTIVE,2022-10-08,2022-10-23 09:00:00
646,ACC100646,Commercial Account 0646,Construction,CA,ACTIVE,2022-10-09,2022-10-25 09:00:00
647,ACC100647,Commercial Account 0647,Manufacturing,TX,ACTIVE,2022-10-10,2022-10-27 09:00:00
648,ACC100648,Commercial Account 0648,Technology,FL,ACTIVE,2022-10-11,2022-10-29 09:00:00
649,ACC100649,Commercial Account 0649,Transportation,NY,ACTIVE,2022-10-12,2022-10-31 09:00:00
650,ACC100650,Commercial Account 0650,Healthcare,IL,INACTIVE,2022-10-13,2022-11-02 09:00:00
651,ACC100651,Commercial Account 0651,Hospitality,CA,ACTIVE,2022-10-14,2022-11-04 09:00:00
652,ACC100652,Commercial Account 0652,Retail,TX,ACTIVE,2022-10-15,2022-11-06 09:00:00
653,ACC100653,Commercial Account 0653,Construction,FL,ACTIVE,2022-10-16,2022-11-08 09:00:00
654,ACC100654,Commercial Account 0654,Manufacturing,NY,ACTIVE,2022-10-17,2022-11-10 09:00:00
655,ACC100655,Commercial Account 0655,Technology,IL,ACTIVE,2022-10-18,2022-11-12 09:00:00
656,ACC100656,Commercial Account 0656,Transportation,CA,ACTIVE,2022-10-19,2022-11-14 09:00:00
657,ACC100657,Commercial Account 0657,Healthcare,TX,ACTIVE,2022-10-20,2022-11-16 09:00:00
658,ACC100658,Commercial Account 0658,Hospitality,FL,ACTIVE,2022-10-21,2022-11-18 09:00:00
659,ACC100659,Commercial Account 0659,Retail,NY,ACTIVE,2022-10-22,2022-11-20 09:00:00
660,ACC100660,Commercial Account 0660,Construction,IL,CLOSED,2022-10-23,2022-10-23 09:00:00
661,ACC100661,Commercial Account 0661,Manufacturing,CA,ACTIVE,2022-10-24,2022-10-25 09:00:00
662,ACC100662,Commercial Account 0662,Technology,TX,ACTIVE,2022-10-25,2022-10-27 09:00:00
663,ACC100663,Commercial Account 0663,Transportation,FL,ACTIVE,2022-10-26,2022-10-29 09:00:00
664,ACC100664,Commercial Account 0664,Healthcare,NY,ACTIVE,2022-10-27,2022-10-31 09:00:00
665,ACC100665,Commercial Account 0665,Hospitality,IL,ACTIVE,2022-10-28,2022-11-02 09:00:00
666,ACC100666,Commercial Account 0666,Retail,CA,ACTIVE,2022-10-29,2022-11-04 09:00:00
667,ACC100667,Commercial Account 0667,Construction,TX,ACTIVE,2022-10-30,2022-11-06 09:00:00
668,ACC100668,Commercial Account 0668,Manufacturing,FL,ACTIVE,2022-10-31,2022-11-08 09:00:00
669,ACC100669,Commercial Account 0669,Technology,NY,ACTIVE,2022-11-01,2022-11-10 09:00:00
670,ACC100670,Commercial Account 0670,Transportation,IL,INACTIVE,2022-11-02,2022-11-12 09:00:00
671,ACC100671,Commercial Account 0671,Healthcare,CA,ACTIVE,2022-11-03,2022-11-14 09:00:00
672,ACC100672,Commercial Account 0672,Hospitality,TX,ACTIVE,2022-11-04,2022-11-16 09:00:00
673,ACC100673,Commercial Account 0673,Retail,FL,ACTIVE,2022-11-05,2022-11-18 09:00:00
674,ACC100674,Commercial Account 0674,Construction,NY,ACTIVE,2022-11-06,2022-11-20 09:00:00
675,ACC100675,Commercial Account 0675,Manufacturing,IL,ACTIVE,2022-11-07,2022-11-22 09:00:00
676,ACC100676,Commercial Account 0676,Technology,CA,ACTIVE,2022-11-08,2022-11-24 09:00:00
677,ACC100677,Commercial Account 0677,Transportation,TX,ACTIVE,2022-11-09,2022-11-26 09:00:00
678,ACC100678,Commercial Account 0678,Healthcare,FL,ACTIVE,2022-11-10,2022-11-28 09:00:00
679,ACC100679,Commercial Account 0679,Hospitality,NY,ACTIVE,2022-11-11,2022-11-30 09:00:00
680,ACC100680,Commercial Account 0680,Retail,IL,CLOSED,2022-11-12,2022-12-02 09:00:00
681,ACC100681,Commercial Account 0681,Construction,CA,ACTIVE,2022-11-13,2022-12-04 09:00:00
682,ACC100682,Commercial Account 0682,Manufacturing,TX,ACTIVE,2022-11-14,2022-12-06 09:00:00
683,ACC100683,Commercial Account 0683,Technology,FL,ACTIVE,2022-11-15,2022-12-08 09:00:00
684,ACC100684,Commercial Account 0684,Transportation,NY,ACTIVE,2022-11-16,2022-12-10 09:00:00
685,ACC100685,Commercial Account 0685,Healthcare,IL,ACTIVE,2022-11-17,2022-12-12 09:00:00
686,ACC100686,Commercial Account 0686,Hospitality,CA,ACTIVE,2022-11-18,2022-12-14 09:00:00
687,ACC100687,Commercial Account 0687,Retail,TX,ACTIVE,2022-11-19,2022-12-16 09:00:00
688,ACC100688,Commercial Account 0688,Construction,FL,ACTIVE,2022-11-20,2022-12-18 09:00:00
689,ACC100689,Commercial Account 0689,Manufacturing,NY,ACTIVE,2022-11-21,2022-12-20 09:00:00
690,ACC100690,Commercial Account 0690,Technology,IL,INACTIVE,2022-11-22,2022-11-22 09:00:00
691,ACC100691,Commercial Account 0691,Transportation,CA,ACTIVE,2022-11-23,2022-11-24 09:00:00
692,ACC100692,Commercial Account 0692,Healthcare,TX,ACTIVE,2022-11-24,2022-11-26 09:00:00
693,ACC100693,Commercial Account 0693,Hospitality,FL,ACTIVE,2022-11-25,2022-11-28 09:00:00
694,ACC100694,Commercial Account 0694,Retail,NY,ACTIVE,2022-11-26,2022-11-30 09:00:00
695,ACC100695,Commercial Account 0695,Construction,IL,ACTIVE,2022-11-27,2022-12-02 09:00:00
696,ACC100696,Commercial Account 0696,Manufacturing,CA,ACTIVE,2022-11-28,2022-12-04 09:00:00
697,ACC100697,Commercial Account 0697,Technology,TX,ACTIVE,2022-11-29,2022-12-06 09:00:00
698,ACC100698,Commercial Account 0698,Transportation,FL,ACTIVE,2022-11-30,2022-12-08 09:00:00
699,ACC100699,Commercial Account 0699,Healthcare,NY,ACTIVE,2022-12-01,2022-12-10 09:00:00
700,ACC100700,Commercial Account 0700,Hospitality,IL,CLOSED,2022-12-02,2022-12-12 09:00:00
701,ACC100701,Commercial Account 0701,Retail,CA,ACTIVE,2022-12-03,2022-12-14 09:00:00
702,ACC100702,Commercial Account 0702,Construction,TX,ACTIVE,2022-12-04,2022-12-16 09:00:00
703,ACC100703,Commercial Account 0703,Manufacturing,FL,ACTIVE,2022-12-05,2022-12-18 09:00:00
704,ACC100704,Commercial Account 0704,Technology,NY,ACTIVE,2022-12-06,2022-12-20 09:00:00
705,ACC100705,Commercial Account 0705,Transportation,IL,ACTIVE,2022-12-07,2022-12-22 09:00:00
706,ACC100706,Commercial Account 0706,Healthcare,CA,ACTIVE,2022-12-08,2022-12-24 09:00:00
707,ACC100707,Commercial Account 0707,Hospitality,TX,ACTIVE,2022-12-09,2022-12-26 09:00:00
708,ACC100708,Commercial Account 0708,Retail,FL,ACTIVE,2022-12-10,2022-12-28 09:00:00
709,ACC100709,Commercial Account 0709,Construction,NY,ACTIVE,2022-12-11,2022-12-30 09:00:00
710,ACC100710,Commercial Account 0710,Manufacturing,IL,INACTIVE,2022-12-12,2023-01-01 09:00:00
711,ACC100711,Commercial Account 0711,Technology,CA,ACTIVE,2022-12-13,2023-01-03 09:00:00
712,ACC100712,Commercial Account 0712,Transportation,TX,ACTIVE,2022-12-14,2023-01-05 09:00:00
713,ACC100713,Commercial Account 0713,Healthcare,FL,ACTIVE,2022-12-15,2023-01-07 09:00:00
714,ACC100714,Commercial Account 0714,Hospitality,NY,ACTIVE,2022-12-16,2023-01-09 09:00:00
715,ACC100715,Commercial Account 0715,Retail,IL,ACTIVE,2022-12-17,2023-01-11 09:00:00
716,ACC100716,Commercial Account 0716,Construction,CA,ACTIVE,2022-12-18,2023-01-13 09:00:00
717,ACC100717,Commercial Account 0717,Manufacturing,TX,ACTIVE,2022-12-19,2023-01-15 09:00:00
718,ACC100718,Commercial Account 0718,Technology,FL,ACTIVE,2022-12-20,2023-01-17 09:00:00
719,ACC100719,Commercial Account 0719,Transportation,NY,ACTIVE,2022-12-21,2023-01-19 09:00:00
720,ACC100720,Commercial Account 0720,Healthcare,IL,CLOSED,2022-12-22,2022-12-22 09:00:00
721,ACC100721,Commercial Account 0721,Hospitality,CA,ACTIVE,2022-12-23,2022-12-24 09:00:00
722,ACC100722,Commercial Account 0722,Retail,TX,ACTIVE,2022-12-24,2022-12-26 09:00:00
723,ACC100723,Commercial Account 0723,Construction,FL,ACTIVE,2022-12-25,2022-12-28 09:00:00
724,ACC100724,Commercial Account 0724,Manufacturing,NY,ACTIVE,2022-12-26,2022-12-30 09:00:00
725,ACC100725,Commercial Account 0725,Technology,IL,ACTIVE,2022-12-27,2023-01-01 09:00:00
726,ACC100726,Commercial Account 0726,Transportation,CA,ACTIVE,2022-12-28,2023-01-03 09:00:00
727,ACC100727,Commercial Account 0727,Healthcare,TX,ACTIVE,2022-12-29,2023-01-05 09:00:00
728,ACC100728,Commercial Account 0728,Hospitality,FL,ACTIVE,2022-12-30,2023-01-07 09:00:00
729,ACC100729,Commercial Account 0729,Retail,NY,ACTIVE,2022-12-31,2023-01-09 09:00:00
730,ACC100730,Commercial Account 0730,Construction,IL,INACTIVE,2023-01-01,2023-01-11 09:00:00
731,ACC100731,Commercial Account 0731,Manufacturing,CA,ACTIVE,2023-01-02,2023-01-13 09:00:00
732,ACC100732,Commercial Account 0732,Technology,TX,ACTIVE,2023-01-03,2023-01-15 09:00:00
733,ACC100733,Commercial Account 0733,Transportation,FL,ACTIVE,2023-01-04,2023-01-17 09:00:00
734,ACC100734,Commercial Account 0734,Healthcare,NY,ACTIVE,2023-01-05,2023-01-19 09:00:00
735,ACC100735,Commercial Account 0735,Hospitality,IL,ACTIVE,2023-01-06,2023-01-21 09:00:00
736,ACC100736,Commercial Account 0736,Retail,CA,ACTIVE,2023-01-07,2023-01-23 09:00:00
737,ACC100737,Commercial Account 0737,Construction,TX,ACTIVE,2023-01-08,2023-01-25 09:00:00
738,ACC100738,Commercial Account 0738,Manufacturing,FL,ACTIVE,2023-01-09,2023-01-27 09:00:00
739,ACC100739,Commercial Account 0739,Technology,NY,ACTIVE,2023-01-10,2023-01-29 09:00:00
740,ACC100740,Commercial Account 0740,Transportation,IL,CLOSED,2023-01-11,2023-01-31 09:00:00
741,ACC100741,Commercial Account 0741,Healthcare,CA,ACTIVE,2023-01-12,2023-02-02 09:00:00
742,ACC100742,Commercial Account 0742,Hospitality,TX,ACTIVE,2023-01-13,2023-02-04 09:00:00
743,ACC100743,Commercial Account 0743,Retail,FL,ACTIVE,2023-01-14,2023-02-06 09:00:00
744,ACC100744,Commercial Account 0744,Construction,NY,ACTIVE,2023-01-15,2023-02-08 09:00:00
745,ACC100745,Commercial Account 0745,Manufacturing,IL,ACTIVE,2023-01-16,2023-02-10 09:00:00
746,ACC100746,Commercial Account 0746,Technology,CA,ACTIVE,2023-01-17,2023-02-12 09:00:00
747,ACC100747,Commercial Account 0747,Transportation,TX,ACTIVE,2023-01-18,2023-02-14 09:00:00
748,ACC100748,Commercial Account 0748,Healthcare,FL,ACTIVE,2023-01-19,2023-02-16 09:00:00
749,ACC100749,Commercial Account 0749,Hospitality,NY,ACTIVE,2023-01-20,2023-02-18 09:00:00
750,ACC100750,Commercial Account 0750,Retail,IL,INACTIVE,2023-01-21,2023-01-21 09:00:00
751,ACC100751,Commercial Account 0751,Construction,CA,ACTIVE,2023-01-22,2023-01-23 09:00:00
752,ACC100752,Commercial Account 0752,Manufacturing,TX,ACTIVE,2023-01-23,2023-01-25 09:00:00
753,ACC100753,Commercial Account 0753,Technology,FL,ACTIVE,2023-01-24,2023-01-27 09:00:00
754,ACC100754,Commercial Account 0754,Transportation,NY,ACTIVE,2023-01-25,2023-01-29 09:00:00
755,ACC100755,Commercial Account 0755,Healthcare,IL,ACTIVE,2023-01-26,2023-01-31 09:00:00
756,ACC100756,Commercial Account 0756,Hospitality,CA,ACTIVE,2023-01-27,2023-02-02 09:00:00
757,ACC100757,Commercial Account 0757,Retail,TX,ACTIVE,2023-01-28,2023-02-04 09:00:00
758,ACC100758,Commercial Account 0758,Construction,FL,ACTIVE,2023-01-29,2023-02-06 09:00:00
759,ACC100759,Commercial Account 0759,Manufacturing,NY,ACTIVE,2023-01-30,2023-02-08 09:00:00
760,ACC100760,Commercial Account 0760,Technology,IL,CLOSED,2023-01-31,2023-02-10 09:00:00
761,ACC100761,Commercial Account 0761,Transportation,CA,ACTIVE,2023-02-01,2023-02-12 09:00:00
762,ACC100762,Commercial Account 0762,Healthcare,TX,ACTIVE,2023-02-02,2023-02-14 09:00:00
763,ACC100763,Commercial Account 0763,Hospitality,FL,ACTIVE,2023-02-03,2023-02-16 09:00:00
764,ACC100764,Commercial Account 0764,Retail,NY,ACTIVE,2023-02-04,2023-02-18 09:00:00
765,ACC100765,Commercial Account 0765,Construction,IL,ACTIVE,2023-02-05,2023-02-20 09:00:00
766,ACC100766,Commercial Account 0766,Manufacturing,CA,ACTIVE,2023-02-06,2023-02-22 09:00:00
767,ACC100767,Commercial Account 0767,Technology,TX,ACTIVE,2023-02-07,2023-02-24 09:00:00
768,ACC100768,Commercial Account 0768,Transportation,FL,ACTIVE,2023-02-08,2023-02-26 09:00:00
769,ACC100769,Commercial Account 0769,Healthcare,NY,ACTIVE,2023-02-09,2023-02-28 09:00:00
770,ACC100770,Commercial Account 0770,Hospitality,IL,INACTIVE,2023-02-10,2023-03-02 09:00:00
771,ACC100771,Commercial Account 0771,Retail,CA,ACTIVE,2023-02-11,2023-03-04 09:00:00
772,ACC100772,Commercial Account 0772,Construction,TX,ACTIVE,2023-02-12,2023-03-06 09:00:00
773,ACC100773,Commercial Account 0773,Manufacturing,FL,ACTIVE,2023-02-13,2023-03-08 09:00:00
774,ACC100774,Commercial Account 0774,Technology,NY,ACTIVE,2023-02-14,2023-03-10 09:00:00
775,ACC100775,Commercial Account 0775,Transportation,IL,ACTIVE,2023-02-15,2023-03-12 09:00:00
776,ACC100776,Commercial Account 0776,Healthcare,CA,ACTIVE,2023-02-16,2023-03-14 09:00:00
777,ACC100777,Commercial Account 0777,Hospitality,TX,ACTIVE,2023-02-17,2023-03-16 09:00:00
778,ACC100778,Commercial Account 0778,Retail,FL,ACTIVE,2023-02-18,2023-03-18 09:00:00
779,ACC100779,Commercial Account 0779,Construction,NY,ACTIVE,2023-02-19,2023-03-20 09:00:00
780,ACC100780,Commercial Account 0780,Manufacturing,IL,CLOSED,2023-02-20,2023-02-20 09:00:00
781,ACC100781,Commercial Account 0781,Technology,CA,ACTIVE,2023-02-21,2023-02-22 09:00:00
782,ACC100782,Commercial Account 0782,Transportation,TX,ACTIVE,2023-02-22,2023-02-24 09:00:00
783,ACC100783,Commercial Account 0783,Healthcare,FL,ACTIVE,2023-02-23,2023-02-26 09:00:00
784,ACC100784,Commercial Account 0784,Hospitality,NY,ACTIVE,2023-02-24,2023-02-28 09:00:00
785,ACC100785,Commercial Account 0785,Retail,IL,ACTIVE,2023-02-25,2023-03-02 09:00:00
786,ACC100786,Commercial Account 0786,Construction,CA,ACTIVE,2023-02-26,2023-03-04 09:00:00
787,ACC100787,Commercial Account 0787,Manufacturing,TX,ACTIVE,2023-02-27,2023-03-06 09:00:00
788,ACC100788,Commercial Account 0788,Technology,FL,ACTIVE,2023-02-28,2023-03-08 09:00:00
789,ACC100789,Commercial Account 0789,Transportation,NY,ACTIVE,2023-03-01,2023-03-10 09:00:00
790,ACC100790,Commercial Account 0790,Healthcare,IL,INACTIVE,2023-03-02,2023-03-12 09:00:00
791,ACC100791,Commercial Account 0791,Hospitality,CA,ACTIVE,2023-03-03,2023-03-14 09:00:00
792,ACC100792,Commercial Account 0792,Retail,TX,ACTIVE,2023-03-04,2023-03-16 09:00:00
793,ACC100793,Commercial Account 0793,Construction,FL,ACTIVE,2023-03-05,2023-03-18 09:00:00
794,ACC100794,Commercial Account 0794,Manufacturing,NY,ACTIVE,2023-03-06,2023-03-20 09:00:00
795,ACC100795,Commercial Account 0795,Technology,IL,ACTIVE,2023-03-07,2023-03-22 09:00:00
796,ACC100796,Commercial Account 0796,Transportation,CA,ACTIVE,2023-03-08,2023-03-24 09:00:00
797,ACC100797,Commercial Account 0797,Healthcare,TX,ACTIVE,2023-03-09,2023-03-26 09:00:00
798,ACC100798,Commercial Account 0798,Hospitality,FL,ACTIVE,2023-03-10,2023-03-28 09:00:00
799,ACC100799,Commercial Account 0799,Retail,NY,ACTIVE,2023-03-11,2023-03-30 09:00:00
800,ACC100800,Commercial Account 0800,Construction,IL,CLOSED,2023-03-12,2023-04-01 09:00:00
801,ACC100801,Commercial Account 0801,Manufacturing,CA,ACTIVE,2023-03-13,2023-04-03 09:00:00
802,ACC100802,Commercial Account 0802,Technology,TX,ACTIVE,2023-03-14,2023-04-05 09:00:00
803,ACC100803,Commercial Account 0803,Transportation,FL,ACTIVE,2023-03-15,2023-04-07 09:00:00
804,ACC100804,Commercial Account 0804,Healthcare,NY,ACTIVE,2023-03-16,2023-04-09 09:00:00
805,ACC100805,Commercial Account 0805,Hospitality,IL,ACTIVE,2023-03-17,2023-04-11 09:00:00
806,ACC100806,Commercial Account 0806,Retail,CA,ACTIVE,2023-03-18,2023-04-13 09:00:00
807,ACC100807,Commercial Account 0807,Construction,TX,ACTIVE,2023-03-19,2023-04-15 09:00:00
808,ACC100808,Commercial Account 0808,Manufacturing,FL,ACTIVE,2023-03-20,2023-04-17 09:00:00
809,ACC100809,Commercial Account 0809,Technology,NY,ACTIVE,2023-03-21,2023-04-19 09:00:00
810,ACC100810,Commercial Account 0810,Transportation,IL,INACTIVE,2023-03-22,2023-03-22 09:00:00
811,ACC100811,Commercial Account 0811,Healthcare,CA,ACTIVE,2023-03-23,2023-03-24 09:00:00
812,ACC100812,Commercial Account 0812,Hospitality,TX,ACTIVE,2023-03-24,2023-03-26 09:00:00
813,ACC100813,Commercial Account 0813,Retail,FL,ACTIVE,2023-03-25,2023-03-28 09:00:00
814,ACC100814,Commercial Account 0814,Construction,NY,ACTIVE,2023-03-26,2023-03-30 09:00:00
815,ACC100815,Commercial Account 0815,Manufacturing,IL,ACTIVE,2023-03-27,2023-04-01 09:00:00
816,ACC100816,Commercial Account 0816,Technology,CA,ACTIVE,2023-03-28,2023-04-03 09:00:00
817,ACC100817,Commercial Account 0817,Transportation,TX,ACTIVE,2023-03-29,2023-04-05 09:00:00
818,ACC100818,Commercial Account 0818,Healthcare,FL,ACTIVE,2023-03-30,2023-04-07 09:00:00
819,ACC100819,Commercial Account 0819,Hospitality,NY,ACTIVE,2023-03-31,2023-04-09 09:00:00
820,ACC100820,Commercial Account 0820,Retail,IL,CLOSED,2023-04-01,2023-04-11 09:00:00
821,ACC100821,Commercial Account 0821,Construction,CA,ACTIVE,2023-04-02,2023-04-13 09:00:00
822,ACC100822,Commercial Account 0822,Manufacturing,TX,ACTIVE,2023-04-03,2023-04-15 09:00:00
823,ACC100823,Commercial Account 0823,Technology,FL,ACTIVE,2023-04-04,2023-04-17 09:00:00
824,ACC100824,Commercial Account 0824,Transportation,NY,ACTIVE,2023-04-05,2023-04-19 09:00:00
825,ACC100825,Commercial Account 0825,Healthcare,IL,ACTIVE,2023-04-06,2023-04-21 09:00:00
826,ACC100826,Commercial Account 0826,Hospitality,CA,ACTIVE,2023-04-07,2023-04-23 09:00:00
827,ACC100827,Commercial Account 0827,Retail,TX,ACTIVE,2023-04-08,2023-04-25 09:00:00
828,ACC100828,Commercial Account 0828,Construction,FL,ACTIVE,2023-04-09,2023-04-27 09:00:00
829,ACC100829,Commercial Account 0829,Manufacturing,NY,ACTIVE,2023-04-10,2023-04-29 09:00:00
830,ACC100830,Commercial Account 0830,Technology,IL,INACTIVE,2023-04-11,2023-05-01 09:00:00
831,ACC100831,Commercial Account 0831,Transportation,CA,ACTIVE,2023-04-12,2023-05-03 09:00:00
832,ACC100832,Commercial Account 0832,Healthcare,TX,ACTIVE,2023-04-13,2023-05-05 09:00:00
833,ACC100833,Commercial Account 0833,Hospitality,FL,ACTIVE,2023-04-14,2023-05-07 09:00:00
834,ACC100834,Commercial Account 0834,Retail,NY,ACTIVE,2023-04-15,2023-05-09 09:00:00
835,ACC100835,Commercial Account 0835,Construction,IL,ACTIVE,2023-04-16,2023-05-11 09:00:00
836,ACC100836,Commercial Account 0836,Manufacturing,CA,ACTIVE,2023-04-17,2023-05-13 09:00:00
837,ACC100837,Commercial Account 0837,Technology,TX,ACTIVE,2023-04-18,2023-05-15 09:00:00
838,ACC100838,Commercial Account 0838,Transportation,FL,ACTIVE,2023-04-19,2023-05-17 09:00:00
839,ACC100839,Commercial Account 0839,Healthcare,NY,ACTIVE,2023-04-20,2023-05-19 09:00:00
840,ACC100840,Commercial Account 0840,Hospitality,IL,CLOSED,2023-04-21,2023-04-21 09:00:00
841,ACC100841,Commercial Account 0841,Retail,CA,ACTIVE,2023-04-22,2023-04-23 09:00:00
842,ACC100842,Commercial Account 0842,Construction,TX,ACTIVE,2023-04-23,2023-04-25 09:00:00
843,ACC100843,Commercial Account 0843,Manufacturing,FL,ACTIVE,2023-04-24,2023-04-27 09:00:00
844,ACC100844,Commercial Account 0844,Technology,NY,ACTIVE,2023-04-25,2023-04-29 09:00:00
845,ACC100845,Commercial Account 0845,Transportation,IL,ACTIVE,2023-04-26,2023-05-01 09:00:00
846,ACC100846,Commercial Account 0846,Healthcare,CA,ACTIVE,2023-04-27,2023-05-03 09:00:00
847,ACC100847,Commercial Account 0847,Hospitality,TX,ACTIVE,2023-04-28,2023-05-05 09:00:00
848,ACC100848,Commercial Account 0848,Retail,FL,ACTIVE,2023-04-29,2023-05-07 09:00:00
849,ACC100849,Commercial Account 0849,Construction,NY,ACTIVE,2023-04-30,2023-05-09 09:00:00
850,ACC100850,Commercial Account 0850,Manufacturing,IL,INACTIVE,2023-05-01,2023-05-11 09:00:00
851,ACC100851,Commercial Account 0851,Technology,CA,ACTIVE,2023-05-02,2023-05-13 09:00:00
852,ACC100852,Commercial Account 0852,Transportation,TX,ACTIVE,2023-05-03,2023-05-15 09:00:00
853,ACC100853,Commercial Account 0853,Healthcare,FL,ACTIVE,2023-05-04,2023-05-17 09:00:00
854,ACC100854,Commercial Account 0854,Hospitality,NY,ACTIVE,2023-05-05,2023-05-19 09:00:00
855,ACC100855,Commercial Account 0855,Retail,IL,ACTIVE,2023-05-06,2023-05-21 09:00:00
856,ACC100856,Commercial Account 0856,Construction,CA,ACTIVE,2023-05-07,2023-05-23 09:00:00
857,ACC100857,Commercial Account 0857,Manufacturing,TX,ACTIVE,2023-05-08,2023-05-25 09:00:00
858,ACC100858,Commercial Account 0858,Technology,FL,ACTIVE,2023-05-09,2023-05-27 09:00:00
859,ACC100859,Commercial Account 0859,Transportation,NY,ACTIVE,2023-05-10,2023-05-29 09:00:00
860,ACC100860,Commercial Account 0860,Healthcare,IL,CLOSED,2023-05-11,2023-05-31 09:00:00
861,ACC100861,Commercial Account 0861,Hospitality,CA,ACTIVE,2023-05-12,2023-06-02 09:00:00
862,ACC100862,Commercial Account 0862,Retail,TX,ACTIVE,2023-05-13,2023-06-04 09:00:00
863,ACC100863,Commercial Account 0863,Construction,FL,ACTIVE,2023-05-14,2023-06-06 09:00:00
864,ACC100864,Commercial Account 0864,Manufacturing,NY,ACTIVE,2023-05-15,2023-06-08 09:00:00
865,ACC100865,Commercial Account 0865,Technology,IL,ACTIVE,2023-05-16,2023-06-10 09:00:00
866,ACC100866,Commercial Account 0866,Transportation,CA,ACTIVE,2023-05-17,2023-06-12 09:00:00
867,ACC100867,Commercial Account 0867,Healthcare,TX,ACTIVE,2023-05-18,2023-06-14 09:00:00
868,ACC100868,Commercial Account 0868,Hospitality,FL,ACTIVE,2023-05-19,2023-06-16 09:00:00
869,ACC100869,Commercial Account 0869,Retail,NY,ACTIVE,2023-05-20,2023-06-18 09:00:00
870,ACC100870,Commercial Account 0870,Construction,IL,INACTIVE,2023-05-21,2023-05-21 09:00:00
871,ACC100871,Commercial Account 0871,Manufacturing,CA,ACTIVE,2023-05-22,2023-05-23 09:00:00
872,ACC100872,Commercial Account 0872,Technology,TX,ACTIVE,2023-05-23,2023-05-25 09:00:00
873,ACC100873,Commercial Account 0873,Transportation,FL,ACTIVE,2023-05-24,2023-05-27 09:00:00
874,ACC100874,Commercial Account 0874,Healthcare,NY,ACTIVE,2023-05-25,2023-05-29 09:00:00
875,ACC100875,Commercial Account 0875,Hospitality,IL,ACTIVE,2023-05-26,2023-05-31 09:00:00
876,ACC100876,Commercial Account 0876,Retail,CA,ACTIVE,2023-05-27,2023-06-02 09:00:00
877,ACC100877,Commercial Account 0877,Construction,TX,ACTIVE,2023-05-28,2023-06-04 09:00:00
878,ACC100878,Commercial Account 0878,Manufacturing,FL,ACTIVE,2023-05-29,2023-06-06 09:00:00
879,ACC100879,Commercial Account 0879,Technology,NY,ACTIVE,2023-05-30,2023-06-08 09:00:00
880,ACC100880,Commercial Account 0880,Transportation,IL,CLOSED,2023-05-31,2023-06-10 09:00:00
881,ACC100881,Commercial Account 0881,Healthcare,CA,ACTIVE,2023-06-01,2023-06-12 09:00:00
882,ACC100882,Commercial Account 0882,Hospitality,TX,ACTIVE,2023-06-02,2023-06-14 09:00:00
883,ACC100883,Commercial Account 0883,Retail,FL,ACTIVE,2023-06-03,2023-06-16 09:00:00
884,ACC100884,Commercial Account 0884,Construction,NY,ACTIVE,2023-06-04,2023-06-18 09:00:00
885,ACC100885,Commercial Account 0885,Manufacturing,IL,ACTIVE,2023-06-05,2023-06-20 09:00:00
886,ACC100886,Commercial Account 0886,Technology,CA,ACTIVE,2023-06-06,2023-06-22 09:00:00
887,ACC100887,Commercial Account 0887,Transportation,TX,ACTIVE,2023-06-07,2023-06-24 09:00:00
888,ACC100888,Commercial Account 0888,Healthcare,FL,ACTIVE,2023-06-08,2023-06-26 09:00:00
889,ACC100889,Commercial Account 0889,Hospitality,NY,ACTIVE,2023-06-09,2023-06-28 09:00:00
890,ACC100890,Commercial Account 0890,Retail,IL,INACTIVE,2023-06-10,2023-06-30 09:00:00
891,ACC100891,Commercial Account 0891,Construction,CA,ACTIVE,2023-06-11,2023-07-02 09:00:00
892,ACC100892,Commercial Account 0892,Manufacturing,TX,ACTIVE,2023-06-12,2023-07-04 09:00:00
893,ACC100893,Commercial Account 0893,Technology,FL,ACTIVE,2023-06-13,2023-07-06 09:00:00
894,ACC100894,Commercial Account 0894,Transportation,NY,ACTIVE,2023-06-14,2023-07-08 09:00:00
895,ACC100895,Commercial Account 0895,Healthcare,IL,ACTIVE,2023-06-15,2023-07-10 09:00:00
896,ACC100896,Commercial Account 0896,Hospitality,CA,ACTIVE,2023-06-16,2023-07-12 09:00:00
897,ACC100897,Commercial Account 0897,Retail,TX,ACTIVE,2023-06-17,2023-07-14 09:00:00
898,ACC100898,Commercial Account 0898,Construction,FL,ACTIVE,2023-06-18,2023-07-16 09:00:00
899,ACC100899,Commercial Account 0899,Manufacturing,NY,ACTIVE,2023-06-19,2023-07-18 09:00:00
900,ACC100900,Commercial Account 0900,Technology,IL,CLOSED,2023-06-20,2023-06-20 09:00:00
901,ACC100901,Commercial Account 0901,Transportation,CA,ACTIVE,2023-06-21,2023-06-22 09:00:00
902,ACC100902,Commercial Account 0902,Healthcare,TX,ACTIVE,2023-06-22,2023-06-24 09:00:00
903,ACC100903,Commercial Account 0903,Hospitality,FL,ACTIVE,2023-06-23,2023-06-26 09:00:00
904,ACC100904,Commercial Account 0904,Retail,NY,ACTIVE,2023-06-24,2023-06-28 09:00:00
905,ACC100905,Commercial Account 0905,Construction,IL,ACTIVE,2023-06-25,2023-06-30 09:00:00
906,ACC100906,Commercial Account 0906,Manufacturing,CA,ACTIVE,2023-06-26,2023-07-02 09:00:00
907,ACC100907,Commercial Account 0907,Technology,TX,ACTIVE,2023-06-27,2023-07-04 09:00:00
908,ACC100908,Commercial Account 0908,Transportation,FL,ACTIVE,2023-06-28,2023-07-06 09:00:00
909,ACC100909,Commercial Account 0909,Healthcare,NY,ACTIVE,2023-06-29,2023-07-08 09:00:00
910,ACC100910,Commercial Account 0910,Hospitality,IL,INACTIVE,2023-06-30,2023-07-10 09:00:00
911,ACC100911,Commercial Account 0911,Retail,CA,ACTIVE,2023-07-01,2023-07-12 09:00:00
912,ACC100912,Commercial Account 0912,Construction,TX,ACTIVE,2023-07-02,2023-07-14 09:00:00
913,ACC100913,Commercial Account 0913,Manufacturing,FL,ACTIVE,2023-07-03,2023-07-16 09:00:00
914,ACC100914,Commercial Account 0914,Technology,NY,ACTIVE,2023-07-04,2023-07-18 09:00:00
915,ACC100915,Commercial Account 0915,Transportation,IL,ACTIVE,2023-07-05,2023-07-20 09:00:00
916,ACC100916,Commercial Account 0916,Healthcare,CA,ACTIVE,2023-07-06,2023-07-22 09:00:00
917,ACC100917,Commercial Account 0917,Hospitality,TX,ACTIVE,2023-07-07,2023-07-24 09:00:00
918,ACC100918,Commercial Account 0918,Retail,FL,ACTIVE,2023-07-08,2023-07-26 09:00:00
919,ACC100919,Commercial Account 0919,Construction,NY,ACTIVE,2023-07-09,2023-07-28 09:00:00
920,ACC100920,Commercial Account 0920,Manufacturing,IL,CLOSED,2023-07-10,2023-07-30 09:00:00
921,ACC100921,Commercial Account 0921,Technology,CA,ACTIVE,2023-07-11,2023-08-01 09:00:00
922,ACC100922,Commercial Account 0922,Transportation,TX,ACTIVE,2023-07-12,2023-08-03 09:00:00
923,ACC100923,Commercial Account 0923,Healthcare,FL,ACTIVE,2023-07-13,2023-08-05 09:00:00
924,ACC100924,Commercial Account 0924,Hospitality,NY,ACTIVE,2023-07-14,2023-08-07 09:00:00
925,ACC100925,Commercial Account 0925,Retail,IL,ACTIVE,2023-07-15,2023-08-09 09:00:00
926,ACC100926,Commercial Account 0926,Construction,CA,ACTIVE,2023-07-16,2023-08-11 09:00:00
927,ACC100927,Commercial Account 0927,Manufacturing,TX,ACTIVE,2023-07-17,2023-08-13 09:00:00
928,ACC100928,Commercial Account 0928,Technology,FL,ACTIVE,2023-07-18,2023-08-15 09:00:00
929,ACC100929,Commercial Account 0929,Transportation,NY,ACTIVE,2023-07-19,2023-08-17 09:00:00
930,ACC100930,Commercial Account 0930,Healthcare,IL,INACTIVE,2023-07-20,2023-07-20 09:00:00
931,ACC100931,Commercial Account 0931,Hospitality,CA,ACTIVE,2023-07-21,2023-07-22 09:00:00
932,ACC100932,Commercial Account 0932,Retail,TX,ACTIVE,2023-07-22,2023-07-24 09:00:00
933,ACC100933,Commercial Account 0933,Construction,FL,ACTIVE,2023-07-23,2023-07-26 09:00:00
934,ACC100934,Commercial Account 0934,Manufacturing,NY,ACTIVE,2023-07-24,2023-07-28 09:00:00
935,ACC100935,Commercial Account 0935,Technology,IL,ACTIVE,2023-07-25,2023-07-30 09:00:00
936,ACC100936,Commercial Account 0936,Transportation,CA,ACTIVE,2023-07-26,2023-08-01 09:00:00
937,ACC100937,Commercial Account 0937,Healthcare,TX,ACTIVE,2023-07-27,2023-08-03 09:00:00
938,ACC100938,Commercial Account 0938,Hospitality,FL,ACTIVE,2023-07-28,2023-08-05 09:00:00
939,ACC100939,Commercial Account 0939,Retail,NY,ACTIVE,2023-07-29,2023-08-07 09:00:00
940,ACC100940,Commercial Account 0940,Construction,IL,CLOSED,2023-07-30,2023-08-09 09:00:00
941,ACC100941,Commercial Account 0941,Manufacturing,CA,ACTIVE,2023-07-31,2023-08-11 09:00:00
942,ACC100942,Commercial Account 0942,Technology,TX,ACTIVE,2023-08-01,2023-08-13 09:00:00
943,ACC100943,Commercial Account 0943,Transportation,FL,ACTIVE,2023-08-02,2023-08-15 09:00:00
944,ACC100944,Commercial Account 0944,Healthcare,NY,ACTIVE,2023-08-03,2023-08-17 09:00:00
945,ACC100945,Commercial Account 0945,Hospitality,IL,ACTIVE,2023-08-04,2023-08-19 09:00:00
946,ACC100946,Commercial Account 0946,Retail,CA,ACTIVE,2023-08-05,2023-08-21 09:00:00
947,ACC100947,Commercial Account 0947,Construction,TX,ACTIVE,2023-08-06,2023-08-23 09:00:00
948,ACC100948,Commercial Account 0948,Manufacturing,FL,ACTIVE,2023-08-07,2023-08-25 09:00:00
949,ACC100949,Commercial Account 0949,Technology,NY,ACTIVE,2023-08-08,2023-08-27 09:00:00
950,ACC100950,Commercial Account 0950,Transportation,IL,INACTIVE,2023-08-09,2023-08-29 09:00:00
951,ACC100951,Commercial Account 0951,Healthcare,CA,ACTIVE,2023-08-10,2023-08-31 09:00:00
952,ACC100952,Commercial Account 0952,Hospitality,TX,ACTIVE,2023-08-11,2023-09-02 09:00:00
953,ACC100953,Commercial Account 0953,Retail,FL,ACTIVE,2023-08-12,2023-09-04 09:00:00
954,ACC100954,Commercial Account 0954,Construction,NY,ACTIVE,2023-08-13,2023-09-06 09:00:00
955,ACC100955,Commercial Account 0955,Manufacturing,IL,ACTIVE,2023-08-14,2023-09-08 09:00:00
956,ACC100956,Commercial Account 0956,Technology,CA,ACTIVE,2023-08-15,2023-09-10 09:00:00
957,ACC100957,Commercial Account 0957,Transportation,TX,ACTIVE,2023-08-16,2023-09-12 09:00:00
958,ACC100958,Commercial Account 0958,Healthcare,FL,ACTIVE,2023-08-17,2023-09-14 09:00:00
959,ACC100959,Commercial Account 0959,Hospitality,NY,ACTIVE,2023-08-18,2023-09-16 09:00:00
960,ACC100960,Commercial Account 0960,Retail,IL,CLOSED,2023-08-19,2023-08-19 09:00:00
961,ACC100961,Commercial Account 0961,Construction,CA,ACTIVE,2023-08-20,2023-08-21 09:00:00
962,ACC100962,Commercial Account 0962,Manufacturing,TX,ACTIVE,2023-08-21,2023-08-23 09:00:00
963,ACC100963,Commercial Account 0963,Technology,FL,ACTIVE,2023-08-22,2023-08-25 09:00:00
964,ACC100964,Commercial Account 0964,Transportation,NY,ACTIVE,2023-08-23,2023-08-27 09:00:00
965,ACC100965,Commercial Account 0965,Healthcare,IL,ACTIVE,2023-08-24,2023-08-29 09:00:00
966,ACC100966,Commercial Account 0966,Hospitality,CA,ACTIVE,2023-08-25,2023-08-31 09:00:00
967,ACC100967,Commercial Account 0967,Retail,TX,ACTIVE,2023-08-26,2023-09-02 09:00:00
968,ACC100968,Commercial Account 0968,Construction,FL,ACTIVE,2023-08-27,2023-09-04 09:00:00
969,ACC100969,Commercial Account 0969,Manufacturing,NY,ACTIVE,2023-08-28,2023-09-06 09:00:00
970,ACC100970,Commercial Account 0970,Technology,IL,INACTIVE,2023-08-29,2023-09-08 09:00:00
971,ACC100971,Commercial Account 0971,Transportation,CA,ACTIVE,2023-08-30,2023-09-10 09:00:00
972,ACC100972,Commercial Account 0972,Healthcare,TX,ACTIVE,2023-08-31,2023-09-12 09:00:00
973,ACC100973,Commercial Account 0973,Hospitality,FL,ACTIVE,2023-09-01,2023-09-14 09:00:00
974,ACC100974,Commercial Account 0974,Retail,NY,ACTIVE,2023-09-02,2023-09-16 09:00:00
975,ACC100975,Commercial Account 0975,Construction,IL,ACTIVE,2023-09-03,2023-09-18 09:00:00
976,ACC100976,Commercial Account 0976,Manufacturing,CA,ACTIVE,2023-09-04,2023-09-20 09:00:00
977,ACC100977,Commercial Account 0977,Technology,TX,ACTIVE,2023-09-05,2023-09-22 09:00:00
978,ACC100978,Commercial Account 0978,Transportation,FL,ACTIVE,2023-09-06,2023-09-24 09:00:00
979,ACC100979,Commercial Account 0979,Healthcare,NY,ACTIVE,2023-09-07,2023-09-26 09:00:00
980,ACC100980,Commercial Account 0980,Hospitality,IL,CLOSED,2023-09-08,2023-09-28 09:00:00
981,ACC100981,Commercial Account 0981,Retail,CA,ACTIVE,2023-09-09,2023-09-30 09:00:00
982,ACC100982,Commercial Account 0982,Construction,TX,ACTIVE,2023-09-10,2023-10-02 09:00:00
983,ACC100983,Commercial Account 0983,Manufacturing,FL,ACTIVE,2023-09-11,2023-10-04 09:00:00
984,ACC100984,Commercial Account 0984,Technology,NY,ACTIVE,2023-09-12,2023-10-06 09:00:00
985,ACC100985,Commercial Account 0985,Transportation,IL,ACTIVE,2023-09-13,2023-10-08 09:00:00
986,ACC100986,Commercial Account 0986,Healthcare,CA,ACTIVE,2023-09-14,2023-10-10 09:00:00
987,ACC100987,Commercial Account 0987,Hospitality,TX,ACTIVE,2023-09-15,2023-10-12 09:00:00
988,ACC100988,Commercial Account 0988,Retail,FL,ACTIVE,2023-09-16,2023-10-14 09:00:00
989,ACC100989,Commercial Account 0989,Construction,NY,ACTIVE,2023-09-17,2023-10-16 09:00:00
990,ACC100990,Commercial Account 0990,Manufacturing,IL,INACTIVE,2023-09-18,2023-09-18 09:00:00
991,ACC100991,Commercial Account 0991,Technology,CA,ACTIVE,2023-09-19,2023-09-20 09:00:00
992,ACC100992,Commercial Account 0992,Transportation,TX,ACTIVE,2023-09-20,2023-09-22 09:00:00
993,ACC100993,Commercial Account 0993,Healthcare,FL,ACTIVE,2023-09-21,2023-09-24 09:00:00
994,ACC100994,Commercial Account 0994,Hospitality,NY,ACTIVE,2023-09-22,2023-09-26 09:00:00
995,ACC100995,Commercial Account 0995,Retail,IL,ACTIVE,2023-09-23,2023-09-28 09:00:00
996,ACC100996,Commercial Account 0996,Construction,CA,ACTIVE,2023-09-24,2023-09-30 09:00:00
997,ACC100997,Commercial Account 0997,Manufacturing,TX,ACTIVE,2023-09-25,2023-10-02 09:00:00
998,ACC100998,Commercial Account 0998,Technology,FL,ACTIVE,2023-09-26,2023-10-04 09:00:00
999,ACC100999,Commercial Account 0999,Transportation,NY,ACTIVE,2023-09-27,2023-10-06 09:00:00
1000,ACC101000,Commercial Account 1000,Healthcare,IL,CLOSED,2023-09-28,2023-10-08 09:00:00
1001,ACC101001,Commercial Account 1001,Hospitality,CA,ACTIVE,2023-09-29,2023-10-10 09:00:00
1002,ACC101002,Commercial Account 1002,Retail,TX,ACTIVE,2023-09-30,2023-10-12 09:00:00
1003,ACC101003,Commercial Account 1003,Construction,FL,ACTIVE,2023-10-01,2023-10-14 09:00:00
1004,ACC101004,Commercial Account 1004,Manufacturing,NY,ACTIVE,2023-10-02,2023-10-16 09:00:00
1005,ACC101005,Commercial Account 1005,Technology,IL,ACTIVE,2023-10-03,2023-10-18 09:00:00
1006,ACC101006,Commercial Account 1006,Transportation,CA,ACTIVE,2023-10-04,2023-10-20 09:00:00
1007,ACC101007,Commercial Account 1007,Healthcare,TX,ACTIVE,2023-10-05,2023-10-22 09:00:00
1008,ACC101008,Commercial Account 1008,Hospitality,FL,ACTIVE,2023-10-06,2023-10-24 09:00:00
1009,ACC101009,Commercial Account 1009,Retail,NY,ACTIVE,2023-10-07,2023-10-26 09:00:00
1010,ACC101010,Commercial Account 1010,Construction,IL,INACTIVE,2023-10-08,2023-10-28 09:00:00
1011,ACC101011,Commercial Account 1011,Manufacturing,CA,ACTIVE,2023-10-09,2023-10-30 09:00:00
1012,ACC101012,Commercial Account 1012,Technology,TX,ACTIVE,2023-10-10,2023-11-01 09:00:00
1013,ACC101013,Commercial Account 1013,Transportation,FL,ACTIVE,2023-10-11,2023-11-03 09:00:00
1014,ACC101014,Commercial Account 1014,Healthcare,NY,ACTIVE,2023-10-12,2023-11-05 09:00:00
1015,ACC101015,Commercial Account 1015,Hospitality,IL,ACTIVE,2023-10-13,2023-11-07 09:00:00
1016,ACC101016,Commercial Account 1016,Retail,CA,ACTIVE,2023-10-14,2023-11-09 09:00:00
1017,ACC101017,Commercial Account 1017,Construction,TX,ACTIVE,2023-10-15,2023-11-11 09:00:00
1018,ACC101018,Commercial Account 1018,Manufacturing,FL,ACTIVE,2023-10-16,2023-11-13 09:00:00
1019,ACC101019,Commercial Account 1019,Technology,NY,ACTIVE,2023-10-17,2023-11-15 09:00:00
1020,ACC101020,Commercial Account 1020,Transportation,IL,CLOSED,2023-10-18,2023-10-18 09:00:00
1021,ACC101021,Commercial Account 1021,Healthcare,CA,ACTIVE,2023-10-19,2023-10-20 09:00:00
1022,ACC101022,Commercial Account 1022,Hospitality,TX,ACTIVE,2023-10-20,2023-10-22 09:00:00
1023,ACC101023,Commercial Account 1023,Retail,FL,ACTIVE,2023-10-21,2023-10-24 09:00:00
1024,ACC101024,Commercial Account 1024,Construction,NY,ACTIVE,2023-10-22,2023-10-26 09:00:00
1025,ACC101025,Commercial Account 1025,Manufacturing,IL,ACTIVE,2023-10-23,2023-10-28 09:00:00
1026,ACC101026,Commercial Account 1026,Technology,CA,ACTIVE,2023-10-24,2023-10-30 09:00:00
1027,ACC101027,Commercial Account 1027,Transportation,TX,ACTIVE,2023-10-25,2023-11-01 09:00:00
1028,ACC101028,Commercial Account 1028,Healthcare,FL,ACTIVE,2023-10-26,2023-11-03 09:00:00
1029,ACC101029,Commercial Account 1029,Hospitality,NY,ACTIVE,2023-10-27,2023-11-05 09:00:00
1030,ACC101030,Commercial Account 1030,Retail,IL,INACTIVE,2023-10-28,2023-11-07 09:00:00
1031,ACC101031,Commercial Account 1031,Construction,CA,ACTIVE,2023-10-29,2023-11-09 09:00:00
1032,ACC101032,Commercial Account 1032,Manufacturing,TX,ACTIVE,2023-10-30,2023-11-11 09:00:00
1033,ACC101033,Commercial Account 1033,Technology,FL,ACTIVE,2023-10-31,2023-11-13 09:00:00
1034,ACC101034,Commercial Account 1034,Transportation,NY,ACTIVE,2023-11-01,2023-11-15 09:00:00
1035,ACC101035,Commercial Account 1035,Healthcare,IL,ACTIVE,2023-11-02,2023-11-17 09:00:00
1036,ACC101036,Commercial Account 1036,Hospitality,CA,ACTIVE,2023-11-03,2023-11-19 09:00:00
1037,ACC101037,Commercial Account 1037,Retail,TX,ACTIVE,2023-11-04,2023-11-21 09:00:00
1038,ACC101038,Commercial Account 1038,Construction,FL,ACTIVE,2023-11-05,2023-11-23 09:00:00
1039,ACC101039,Commercial Account 1039,Manufacturing,NY,ACTIVE,2023-11-06,2023-11-25 09:00:00
1040,ACC101040,Commercial Account 1040,Technology,IL,CLOSED,2023-11-07,2023-11-27 09:00:00
1041,ACC101041,Commercial Account 1041,Transportation,CA,ACTIVE,2023-11-08,2023-11-29 09:00:00
1042,ACC101042,Commercial Account 1042,Healthcare,TX,ACTIVE,2023-11-09,2023-12-01 09:00:00
1043,ACC101043,Commercial Account 1043,Hospitality,FL,ACTIVE,2023-11-10,2023-12-03 09:00:00
1044,ACC101044,Commercial Account 1044,Retail,NY,ACTIVE,2023-11-11,2023-12-05 09:00:00
1045,ACC101045,Commercial Account 1045,Construction,IL,ACTIVE,2023-11-12,2023-12-07 09:00:00
1046,ACC101046,Commercial Account 1046,Manufacturing,CA,ACTIVE,2023-11-13,2023-12-09 09:00:00
1047,ACC101047,Commercial Account 1047,Technology,TX,ACTIVE,2023-11-14,2023-12-11 09:00:00
1048,ACC101048,Commercial Account 1048,Transportation,FL,ACTIVE,2023-11-15,2023-12-13 09:00:00
1049,ACC101049,Commercial Account 1049,Healthcare,NY,ACTIVE,2023-11-16,2023-12-15 09:00:00
1050,ACC101050,Commercial Account 1050,Hospitality,IL,INACTIVE,2023-11-17,2023-11-17 09:00:00
1051,ACC101051,Commercial Account 1051,Retail,CA,ACTIVE,2023-11-18,2023-11-19 09:00:00
1052,ACC101052,Commercial Account 1052,Construction,TX,ACTIVE,2023-11-19,2023-11-21 09:00:00
1053,ACC101053,Commercial Account 1053,Manufacturing,FL,ACTIVE,2023-11-20,2023-11-23 09:00:00
1054,ACC101054,Commercial Account 1054,Technology,NY,ACTIVE,2023-11-21,2023-11-25 09:00:00
1055,ACC101055,Commercial Account 1055,Transportation,IL,ACTIVE,2023-11-22,2023-11-27 09:00:00
1056,ACC101056,Commercial Account 1056,Healthcare,CA,ACTIVE,2023-11-23,2023-11-29 09:00:00
1057,ACC101057,Commercial Account 1057,Hospitality,TX,ACTIVE,2023-11-24,2023-12-01 09:00:00
1058,ACC101058,Commercial Account 1058,Retail,FL,ACTIVE,2023-11-25,2023-12-03 09:00:00
1059,ACC101059,Commercial Account 1059,Construction,NY,ACTIVE,2023-11-26,2023-12-05 09:00:00
1060,ACC101060,Commercial Account 1060,Manufacturing,IL,CLOSED,2023-11-27,2023-12-07 09:00:00
1061,ACC101061,Commercial Account 1061,Technology,CA,ACTIVE,2023-11-28,2023-12-09 09:00:00
1062,ACC101062,Commercial Account 1062,Transportation,TX,ACTIVE,2023-11-29,2023-12-11 09:00:00
1063,ACC101063,Commercial Account 1063,Healthcare,FL,ACTIVE,2023-11-30,2023-12-13 09:00:00
1064,ACC101064,Commercial Account 1064,Hospitality,NY,ACTIVE,2023-12-01,2023-12-15 09:00:00
1065,ACC101065,Commercial Account 1065,Retail,IL,ACTIVE,2023-12-02,2023-12-17 09:00:00
1066,ACC101066,Commercial Account 1066,Construction,CA,ACTIVE,2023-12-03,2023-12-19 09:00:00
1067,ACC101067,Commercial Account 1067,Manufacturing,TX,ACTIVE,2023-12-04,2023-12-21 09:00:00
1068,ACC101068,Commercial Account 1068,Technology,FL,ACTIVE,2023-12-05,2023-12-23 09:00:00
1069,ACC101069,Commercial Account 1069,Transportation,NY,ACTIVE,2023-12-06,2023-12-25 09:00:00
1070,ACC101070,Commercial Account 1070,Healthcare,IL,INACTIVE,2023-12-07,2023-12-27 09:00:00
1071,ACC101071,Commercial Account 1071,Hospitality,CA,ACTIVE,2023-12-08,2023-12-29 09:00:00
1072,ACC101072,Commercial Account 1072,Retail,TX,ACTIVE,2023-12-09,2023-12-31 09:00:00
1073,ACC101073,Commercial Account 1073,Construction,FL,ACTIVE,2023-12-10,2024-01-02 09:00:00
1074,ACC101074,Commercial Account 1074,Manufacturing,NY,ACTIVE,2023-12-11,2024-01-04 09:00:00
1075,ACC101075,Commercial Account 1075,Technology,IL,ACTIVE,2023-12-12,2024-01-06 09:00:00
1076,ACC101076,Commercial Account 1076,Transportation,CA,ACTIVE,2023-12-13,2024-01-08 09:00:00
1077,ACC101077,Commercial Account 1077,Healthcare,TX,ACTIVE,2023-12-14,2024-01-10 09:00:00
1078,ACC101078,Commercial Account 1078,Hospitality,FL,ACTIVE,2023-12-15,2024-01-12 09:00:00
1079,ACC101079,Commercial Account 1079,Retail,NY,ACTIVE,2023-12-16,2024-01-14 09:00:00
1080,ACC101080,Commercial Account 1080,Construction,IL,CLOSED,2023-12-17,2023-12-17 09:00:00
1081,ACC101081,Commercial Account 1081,Manufacturing,CA,ACTIVE,2023-12-18,2023-12-19 09:00:00
1082,ACC101082,Commercial Account 1082,Technology,TX,ACTIVE,2023-12-19,2023-12-21 09:00:00
1083,ACC101083,Commercial Account 1083,Transportation,FL,ACTIVE,2023-12-20,2023-12-23 09:00:00
1084,ACC101084,Commercial Account 1084,Healthcare,NY,ACTIVE,2023-12-21,2023-12-25 09:00:00
1085,ACC101085,Commercial Account 1085,Hospitality,IL,ACTIVE,2023-12-22,2023-12-27 09:00:00
1086,ACC101086,Commercial Account 1086,Retail,CA,ACTIVE,2023-12-23,2023-12-29 09:00:00
1087,ACC101087,Commercial Account 1087,Construction,TX,ACTIVE,2023-12-24,2023-12-31 09:00:00
1088,ACC101088,Commercial Account 1088,Manufacturing,FL,ACTIVE,2023-12-25,2024-01-02 09:00:00
1089,ACC101089,Commercial Account 1089,Technology,NY,ACTIVE,2023-12-26,2024-01-04 09:00:00
1090,ACC101090,Commercial Account 1090,Transportation,IL,INACTIVE,2023-12-27,2024-01-06 09:00:00
1091,ACC101091,Commercial Account 1091,Healthcare,CA,ACTIVE,2023-12-28,2024-01-08 09:00:00
1092,ACC101092,Commercial Account 1092,Hospitality,TX,ACTIVE,2023-12-29,2024-01-10 09:00:00
1093,ACC101093,Commercial Account 1093,Retail,FL,ACTIVE,2023-12-30,2024-01-12 09:00:00
1094,ACC101094,Commercial Account 1094,Construction,NY,ACTIVE,2023-12-31,2024-01-14 09:00:00
1095,ACC101095,Commercial Account 1095,Manufacturing,IL,ACTIVE,2024-01-01,2024-01-16 09:00:00
1096,ACC101096,Commercial Account 1096,Technology,CA,ACTIVE,2024-01-02,2024-01-18 09:00:00
1097,ACC101097,Commercial Account 1097,Transportation,TX,ACTIVE,2024-01-03,2024-01-20 09:00:00
1098,ACC101098,Commercial Account 1098,Healthcare,FL,ACTIVE,2024-01-04,2024-01-22 09:00:00
1099,ACC101099,Commercial Account 1099,Hospitality,NY,ACTIVE,2024-01-05,2024-01-24 09:00:00
1100,ACC101100,Commercial Account 1100,Retail,IL,CLOSED,2024-01-06,2024-01-26 09:00:00
1101,ACC101101,Commercial Account 1101,Construction,CA,ACTIVE,2024-01-07,2024-01-28 09:00:00
1102,ACC101102,Commercial Account 1102,Manufacturing,TX,ACTIVE,2024-01-08,2024-01-30 09:00:00
1103,ACC101103,Commercial Account 1103,Technology,FL,ACTIVE,2024-01-09,2024-02-01 09:00:00
1104,ACC101104,Commercial Account 1104,Transportation,NY,ACTIVE,2024-01-10,2024-02-03 09:00:00
1105,ACC101105,Commercial Account 1105,Healthcare,IL,ACTIVE,2024-01-11,2024-02-05 09:00:00
1106,ACC101106,Commercial Account 1106,Hospitality,CA,ACTIVE,2024-01-12,2024-02-07 09:00:00
1107,ACC101107,Commercial Account 1107,Retail,TX,ACTIVE,2024-01-13,2024-02-09 09:00:00
1108,ACC101108,Commercial Account 1108,Construction,FL,ACTIVE,2024-01-14,2024-02-11 09:00:00
1109,ACC101109,Commercial Account 1109,Manufacturing,NY,ACTIVE,2024-01-15,2024-02-13 09:00:00
1110,ACC101110,Commercial Account 1110,Technology,IL,INACTIVE,2024-01-16,2024-01-16 09:00:00
1111,ACC101111,Commercial Account 1111,Transportation,CA,ACTIVE,2024-01-17,2024-01-18 09:00:00
1112,ACC101112,Commercial Account 1112,Healthcare,TX,ACTIVE,2024-01-18,2024-01-20 09:00:00
1113,ACC101113,Commercial Account 1113,Hospitality,FL,ACTIVE,2024-01-19,2024-01-22 09:00:00
1114,ACC101114,Commercial Account 1114,Retail,NY,ACTIVE,2024-01-20,2024-01-24 09:00:00
1115,ACC101115,Commercial Account 1115,Construction,IL,ACTIVE,2024-01-21,2024-01-26 09:00:00
1116,ACC101116,Commercial Account 1116,Manufacturing,CA,ACTIVE,2024-01-22,2024-01-28 09:00:00
1117,ACC101117,Commercial Account 1117,Technology,TX,ACTIVE,2024-01-23,2024-01-30 09:00:00
1118,ACC101118,Commercial Account 1118,Transportation,FL,ACTIVE,2024-01-24,2024-02-01 09:00:00
1119,ACC101119,Commercial Account 1119,Healthcare,NY,ACTIVE,2024-01-25,2024-02-03 09:00:00
1120,ACC101120,Commercial Account 1120,Hospitality,IL,CLOSED,2024-01-26,2024-02-05 09:00:00
1121,ACC101121,Commercial Account 1121,Retail,CA,ACTIVE,2024-01-27,2024-02-07 09:00:00
1122,ACC101122,Commercial Account 1122,Construction,TX,ACTIVE,2024-01-28,2024-02-09 09:00:00
1123,ACC101123,Commercial Account 1123,Manufacturing,FL,ACTIVE,2024-01-29,2024-02-11 09:00:00
1124,ACC101124,Commercial Account 1124,Technology,NY,ACTIVE,2024-01-30,2024-02-13 09:00:00
1125,ACC101125,Commercial Account 1125,Transportation,IL,ACTIVE,2024-01-31,2024-02-15 09:00:00
1126,ACC101126,Commercial Account 1126,Healthcare,CA,ACTIVE,2024-02-01,2024-02-17 09:00:00
1127,ACC101127,Commercial Account 1127,Hospitality,TX,ACTIVE,2024-02-02,2024-02-19 09:00:00
1128,ACC101128,Commercial Account 1128,Retail,FL,ACTIVE,2024-02-03,2024-02-21 09:00:00
1129,ACC101129,Commercial Account 1129,Construction,NY,ACTIVE,2024-02-04,2024-02-23 09:00:00
1130,ACC101130,Commercial Account 1130,Manufacturing,IL,INACTIVE,2024-02-05,2024-02-25 09:00:00
1131,ACC101131,Commercial Account 1131,Technology,CA,ACTIVE,2024-02-06,2024-02-27 09:00:00
1132,ACC101132,Commercial Account 1132,Transportation,TX,ACTIVE,2024-02-07,2024-02-29 09:00:00
1133,ACC101133,Commercial Account 1133,Healthcare,FL,ACTIVE,2024-02-08,2024-03-02 09:00:00
1134,ACC101134,Commercial Account 1134,Hospitality,NY,ACTIVE,2024-02-09,2024-03-04 09:00:00
1135,ACC101135,Commercial Account 1135,Retail,IL,ACTIVE,2024-02-10,2024-03-06 09:00:00
1136,ACC101136,Commercial Account 1136,Construction,CA,ACTIVE,2024-02-11,2024-03-08 09:00:00
1137,ACC101137,Commercial Account 1137,Manufacturing,TX,ACTIVE,2024-02-12,2024-03-10 09:00:00
1138,ACC101138,Commercial Account 1138,Technology,FL,ACTIVE,2024-02-13,2024-03-12 09:00:00
1139,ACC101139,Commercial Account 1139,Transportation,NY,ACTIVE,2024-02-14,2024-03-14 09:00:00
1140,ACC101140,Commercial Account 1140,Healthcare,IL,CLOSED,2024-02-15,2024-02-15 09:00:00
1141,ACC101141,Commercial Account 1141,Hospitality,CA,ACTIVE,2024-02-16,2024-02-17 09:00:00
1142,ACC101142,Commercial Account 1142,Retail,TX,ACTIVE,2024-02-17,2024-02-19 09:00:00
1143,ACC101143,Commercial Account 1143,Construction,FL,ACTIVE,2024-02-18,2024-02-21 09:00:00
1144,ACC101144,Commercial Account 1144,Manufacturing,NY,ACTIVE,2024-02-19,2024-02-23 09:00:00
1145,ACC101145,Commercial Account 1145,Technology,IL,ACTIVE,2024-02-20,2024-02-25 09:00:00
1146,ACC101146,Commercial Account 1146,Transportation,CA,ACTIVE,2024-02-21,2024-02-27 09:00:00
1147,ACC101147,Commercial Account 1147,Healthcare,TX,ACTIVE,2024-02-22,2024-02-29 09:00:00
1148,ACC101148,Commercial Account 1148,Hospitality,FL,ACTIVE,2024-02-23,2024-03-02 09:00:00
1149,ACC101149,Commercial Account 1149,Retail,NY,ACTIVE,2024-02-24,2024-03-04 09:00:00
1150,ACC101150,Commercial Account 1150,Construction,IL,INACTIVE,2024-02-25,2024-03-06 09:00:00
1151,ACC101151,Commercial Account 1151,Manufacturing,CA,ACTIVE,2024-02-26,2024-03-08 09:00:00
1152,ACC101152,Commercial Account 1152,Technology,TX,ACTIVE,2024-02-27,2024-03-10 09:00:00
1153,ACC101153,Commercial Account 1153,Transportation,FL,ACTIVE,2024-02-28,2024-03-12 09:00:00
1154,ACC101154,Commercial Account 1154,Healthcare,NY,ACTIVE,2024-02-29,2024-03-14 09:00:00
1155,ACC101155,Commercial Account 1155,Hospitality,IL,ACTIVE,2024-03-01,2024-03-16 09:00:00
1156,ACC101156,Commercial Account 1156,Retail,CA,ACTIVE,2024-03-02,2024-03-18 09:00:00
1157,ACC101157,Commercial Account 1157,Construction,TX,ACTIVE,2024-03-03,2024-03-20 09:00:00
1158,ACC101158,Commercial Account 1158,Manufacturing,FL,ACTIVE,2024-03-04,2024-03-22 09:00:00
1159,ACC101159,Commercial Account 1159,Technology,NY,ACTIVE,2024-03-05,2024-03-24 09:00:00
1160,ACC101160,Commercial Account 1160,Transportation,IL,CLOSED,2024-03-06,2024-03-26 09:00:00
1161,ACC101161,Commercial Account 1161,Healthcare,CA,ACTIVE,2024-03-07,2024-03-28 09:00:00
1162,ACC101162,Commercial Account 1162,Hospitality,TX,ACTIVE,2024-03-08,2024-03-30 09:00:00
1163,ACC101163,Commercial Account 1163,Retail,FL,ACTIVE,2024-03-09,2024-04-01 09:00:00
1164,ACC101164,Commercial Account 1164,Construction,NY,ACTIVE,2024-03-10,2024-04-03 09:00:00
1165,ACC101165,Commercial Account 1165,Manufacturing,IL,ACTIVE,2024-03-11,2024-04-05 09:00:00
1166,ACC101166,Commercial Account 1166,Technology,CA,ACTIVE,2024-03-12,2024-04-07 09:00:00
1167,ACC101167,Commercial Account 1167,Transportation,TX,ACTIVE,2024-03-13,2024-04-09 09:00:00
1168,ACC101168,Commercial Account 1168,Healthcare,FL,ACTIVE,2024-03-14,2024-04-11 09:00:00
1169,ACC101169,Commercial Account 1169,Hospitality,NY,ACTIVE,2024-03-15,2024-04-13 09:00:00
1170,ACC101170,Commercial Account 1170,Retail,IL,INACTIVE,2024-03-16,2024-03-16 09:00:00
1171,ACC101171,Commercial Account 1171,Construction,CA,ACTIVE,2024-03-17,2024-03-18 09:00:00
1172,ACC101172,Commercial Account 1172,Manufacturing,TX,ACTIVE,2024-03-18,2024-03-20 09:00:00
1173,ACC101173,Commercial Account 1173,Technology,FL,ACTIVE,2024-03-19,2024-03-22 09:00:00
1174,ACC101174,Commercial Account 1174,Transportation,NY,ACTIVE,2024-03-20,2024-03-24 09:00:00
1175,ACC101175,Commercial Account 1175,Healthcare,IL,ACTIVE,2024-03-21,2024-03-26 09:00:00
1176,ACC101176,Commercial Account 1176,Hospitality,CA,ACTIVE,2024-03-22,2024-03-28 09:00:00
1177,ACC101177,Commercial Account 1177,Retail,TX,ACTIVE,2024-03-23,2024-03-30 09:00:00
1178,ACC101178,Commercial Account 1178,Construction,FL,ACTIVE,2024-03-24,2024-04-01 09:00:00
1179,ACC101179,Commercial Account 1179,Manufacturing,NY,ACTIVE,2024-03-25,2024-04-03 09:00:00
1180,ACC101180,Commercial Account 1180,Technology,IL,CLOSED,2024-03-26,2024-04-05 09:00:00
1181,ACC101181,Commercial Account 1181,Transportation,CA,ACTIVE,2024-03-27,2024-04-07 09:00:00
1182,ACC101182,Commercial Account 1182,Healthcare,TX,ACTIVE,2024-03-28,2024-04-09 09:00:00
1183,ACC101183,Commercial Account 1183,Hospitality,FL,ACTIVE,2024-03-29,2024-04-11 09:00:00
1184,ACC101184,Commercial Account 1184,Retail,NY,ACTIVE,2024-03-30,2024-04-13 09:00:00
1185,ACC101185,Commercial Account 1185,Construction,IL,ACTIVE,2024-03-31,2024-04-15 09:00:00
1186,ACC101186,Commercial Account 1186,Manufacturing,CA,ACTIVE,2024-04-01,2024-04-17 09:00:00
1187,ACC101187,Commercial Account 1187,Technology,TX,ACTIVE,2024-04-02,2024-04-19 09:00:00
1188,ACC101188,Commercial Account 1188,Transportation,FL,ACTIVE,2024-04-03,2024-04-21 09:00:00
1189,ACC101189,Commercial Account 1189,Healthcare,NY,ACTIVE,2024-04-04,2024-04-23 09:00:00
1190,ACC101190,Commercial Account 1190,Hospitality,IL,INACTIVE,2024-04-05,2024-04-25 09:00:00
1191,ACC101191,Commercial Account 1191,Retail,CA,ACTIVE,2024-04-06,2024-04-27 09:00:00
1192,ACC101192,Commercial Account 1192,Construction,TX,ACTIVE,2024-04-07,2024-04-29 09:00:00
1193,ACC101193,Commercial Account 1193,Manufacturing,FL,ACTIVE,2024-04-08,2024-05-01 09:00:00
1194,ACC101194,Commercial Account 1194,Technology,NY,ACTIVE,2024-04-09,2024-05-03 09:00:00
1195,ACC101195,Commercial Account 1195,Transportation,IL,ACTIVE,2024-04-10,2024-05-05 09:00:00
1196,ACC101196,Commercial Account 1196,Healthcare,CA,ACTIVE,2024-04-11,2024-05-07 09:00:00
1197,ACC101197,Commercial Account 1197,Hospitality,TX,ACTIVE,2024-04-12,2024-05-09 09:00:00
1198,ACC101198,Commercial Account 1198,Retail,FL,ACTIVE,2024-04-13,2024-05-11 09:00:00
1199,ACC101199,Commercial Account 1199,Construction,NY,ACTIVE,2024-04-14,2024-05-13 09:00:00
1200,ACC101200,Commercial Account 1200,Manufacturing,IL,CLOSED,2024-04-15,2024-04-15 09:00:00
1201,ACC101201,Commercial Account 1201,Technology,CA,ACTIVE,2024-04-16,2024-04-17 09:00:00
1202,ACC101202,Commercial Account 1202,Transportation,TX,ACTIVE,2024-04-17,2024-04-19 09:00:00
1203,ACC101203,Commercial Account 1203,Healthcare,FL,ACTIVE,2024-04-18,2024-04-21 09:00:00
1204,ACC101204,Commercial Account 1204,Hospitality,NY,ACTIVE,2024-04-19,2024-04-23 09:00:00
1205,ACC101205,Commercial Account 1205,Retail,IL,ACTIVE,2024-04-20,2024-04-25 09:00:00
1206,ACC101206,Commercial Account 1206,Construction,CA,ACTIVE,2024-04-21,2024-04-27 09:00:00
1207,ACC101207,Commercial Account 1207,Manufacturing,TX,ACTIVE,2024-04-22,2024-04-29 09:00:00
1208,ACC101208,Commercial Account 1208,Technology,FL,ACTIVE,2024-04-23,2024-05-01 09:00:00
1209,ACC101209,Commercial Account 1209,Transportation,NY,ACTIVE,2024-04-24,2024-05-03 09:00:00
1210,ACC101210,Commercial Account 1210,Healthcare,IL,INACTIVE,2024-04-25,2024-05-05 09:00:00
1211,ACC101211,Commercial Account 1211,Hospitality,CA,ACTIVE,2024-04-26,2024-05-07 09:00:00
1212,ACC101212,Commercial Account 1212,Retail,TX,ACTIVE,2024-04-27,2024-05-09 09:00:00
1213,ACC101213,Commercial Account 1213,Construction,FL,ACTIVE,2024-04-28,2024-05-11 09:00:00
1214,ACC101214,Commercial Account 1214,Manufacturing,NY,ACTIVE,2024-04-29,2024-05-13 09:00:00
1215,ACC101215,Commercial Account 1215,Technology,IL,ACTIVE,2024-04-30,2024-05-15 09:00:00
1216,ACC101216,Commercial Account 1216,Transportation,CA,ACTIVE,2024-05-01,2024-05-17 09:00:00
1217,ACC101217,Commercial Account 1217,Healthcare,TX,ACTIVE,2024-05-02,2024-05-19 09:00:00
1218,ACC101218,Commercial Account 1218,Hospitality,FL,ACTIVE,2024-05-03,2024-05-21 09:00:00
1219,ACC101219,Commercial Account 1219,Retail,NY,ACTIVE,2024-05-04,2024-05-23 09:00:00
1220,ACC101220,Commercial Account 1220,Construction,IL,CLOSED,2024-05-05,2024-05-25 09:00:00
1221,ACC101221,Commercial Account 1221,Manufacturing,CA,ACTIVE,2024-05-06,2024-05-27 09:00:00
1222,ACC101222,Commercial Account 1222,Technology,TX,ACTIVE,2024-05-07,2024-05-29 09:00:00
1223,ACC101223,Commercial Account 1223,Transportation,FL,ACTIVE,2024-05-08,2024-05-31 09:00:00
1224,ACC101224,Commercial Account 1224,Healthcare,NY,ACTIVE,2024-05-09,2024-06-02 09:00:00
1225,ACC101225,Commercial Account 1225,Hospitality,IL,ACTIVE,2024-05-10,2024-06-04 09:00:00
1226,ACC101226,Commercial Account 1226,Retail,CA,ACTIVE,2024-05-11,2024-06-06 09:00:00
1227,ACC101227,Commercial Account 1227,Construction,TX,ACTIVE,2024-05-12,2024-06-08 09:00:00
1228,ACC101228,Commercial Account 1228,Manufacturing,FL,ACTIVE,2024-05-13,2024-06-10 09:00:00
1229,ACC101229,Commercial Account 1229,Technology,NY,ACTIVE,2024-05-14,2024-06-12 09:00:00
1230,ACC101230,Commercial Account 1230,Transportation,IL,INACTIVE,2024-05-15,2024-05-15 09:00:00
1231,ACC101231,Commercial Account 1231,Healthcare,CA,ACTIVE,2024-05-16,2024-05-17 09:00:00
1232,ACC101232,Commercial Account 1232,Hospitality,TX,ACTIVE,2024-05-17,2024-05-19 09:00:00
1233,ACC101233,Commercial Account 1233,Retail,FL,ACTIVE,2024-05-18,2024-05-21 09:00:00
1234,ACC101234,Commercial Account 1234,Construction,NY,ACTIVE,2024-05-19,2024-05-23 09:00:00
1235,ACC101235,Commercial Account 1235,Manufacturing,IL,ACTIVE,2024-05-20,2024-05-25 09:00:00
1236,ACC101236,Commercial Account 1236,Technology,CA,ACTIVE,2024-05-21,2024-05-27 09:00:00
1237,ACC101237,Commercial Account 1237,Transportation,TX,ACTIVE,2024-05-22,2024-05-29 09:00:00
1238,ACC101238,Commercial Account 1238,Healthcare,FL,ACTIVE,2024-05-23,2024-05-31 09:00:00
1239,ACC101239,Commercial Account 1239,Hospitality,NY,ACTIVE,2024-05-24,2024-06-02 09:00:00
1240,ACC101240,Commercial Account 1240,Retail,IL,CLOSED,2024-05-25,2024-06-04 09:00:00
1241,ACC101241,Commercial Account 1241,Construction,CA,ACTIVE,2024-05-26,2024-06-06 09:00:00
1242,ACC101242,Commercial Account 1242,Manufacturing,TX,ACTIVE,2024-05-27,2024-06-08 09:00:00
1243,ACC101243,Commercial Account 1243,Technology,FL,ACTIVE,2024-05-28,2024-06-10 09:00:00
1244,ACC101244,Commercial Account 1244,Transportation,NY,ACTIVE,2024-05-29,2024-06-12 09:00:00
1245,ACC101245,Commercial Account 1245,Healthcare,IL,ACTIVE,2024-05-30,2024-06-14 09:00:00
1246,ACC101246,Commercial Account 1246,Hospitality,CA,ACTIVE,2024-05-31,2024-06-16 09:00:00
1247,ACC101247,Commercial Account 1247,Retail,TX,ACTIVE,2024-06-01,2024-06-18 09:00:00
1248,ACC101248,Commercial Account 1248,Construction,FL,ACTIVE,2024-06-02,2024-06-20 09:00:00
1249,ACC101249,Commercial Account 1249,Manufacturing,NY,ACTIVE,2024-06-03,2024-06-22 09:00:00
1250,ACC101250,Commercial Account 1250,Technology,IL,INACTIVE,2024-06-04,2024-06-24 09:00:00
1251,ACC101251,Commercial Account 1251,Transportation,CA,ACTIVE,2024-06-05,2024-06-26 09:00:00
1252,ACC101252,Commercial Account 1252,Healthcare,TX,ACTIVE,2024-06-06,2024-06-28 09:00:00
1253,ACC101253,Commercial Account 1253,Hospitality,FL,ACTIVE,2024-06-07,2024-06-30 09:00:00
1254,ACC101254,Commercial Account 1254,Retail,NY,ACTIVE,2024-06-08,2024-07-02 09:00:00
1255,ACC101255,Commercial Account 1255,Construction,IL,ACTIVE,2024-06-09,2024-07-04 09:00:00
1256,ACC101256,Commercial Account 1256,Manufacturing,CA,ACTIVE,2024-06-10,2024-07-06 09:00:00
1257,ACC101257,Commercial Account 1257,Technology,TX,ACTIVE,2024-06-11,2024-07-08 09:00:00
1258,ACC101258,Commercial Account 1258,Transportation,FL,ACTIVE,2024-06-12,2024-07-10 09:00:00
1259,ACC101259,Commercial Account 1259,Healthcare,NY,ACTIVE,2024-06-13,2024-07-12 09:00:00
1260,ACC101260,Commercial Account 1260,Hospitality,IL,CLOSED,2024-06-14,2024-06-14 09:00:00
1261,ACC101261,Commercial Account 1261,Retail,CA,ACTIVE,2024-06-15,2024-06-16 09:00:00
1262,ACC101262,Commercial Account 1262,Construction,TX,ACTIVE,2024-06-16,2024-06-18 09:00:00
1263,ACC101263,Commercial Account 1263,Manufacturing,FL,ACTIVE,2024-06-17,2024-06-20 09:00:00
1264,ACC101264,Commercial Account 1264,Technology,NY,ACTIVE,2024-06-18,2024-06-22 09:00:00
1265,ACC101265,Commercial Account 1265,Transportation,IL,ACTIVE,2024-06-19,2024-06-24 09:00:00
1266,ACC101266,Commercial Account 1266,Healthcare,CA,ACTIVE,2024-06-20,2024-06-26 09:00:00
1267,ACC101267,Commercial Account 1267,Hospitality,TX,ACTIVE,2024-06-21,2024-06-28 09:00:00
1268,ACC101268,Commercial Account 1268,Retail,FL,ACTIVE,2024-06-22,2024-06-30 09:00:00
1269,ACC101269,Commercial Account 1269,Construction,NY,ACTIVE,2024-06-23,2024-07-02 09:00:00
1270,ACC101270,Commercial Account 1270,Manufacturing,IL,INACTIVE,2024-06-24,2024-07-04 09:00:00
1271,ACC101271,Commercial Account 1271,Technology,CA,ACTIVE,2024-06-25,2024-07-06 09:00:00
1272,ACC101272,Commercial Account 1272,Transportation,TX,ACTIVE,2024-06-26,2024-07-08 09:00:00
1273,ACC101273,Commercial Account 1273,Healthcare,FL,ACTIVE,2024-06-27,2024-07-10 09:00:00
1274,ACC101274,Commercial Account 1274,Hospitality,NY,ACTIVE,2024-06-28,2024-07-12 09:00:00
1275,ACC101275,Commercial Account 1275,Retail,IL,ACTIVE,2024-06-29,2024-07-14 09:00:00
1276,ACC101276,Commercial Account 1276,Construction,CA,ACTIVE,2024-06-30,2024-07-16 09:00:00
1277,ACC101277,Commercial Account 1277,Manufacturing,TX,ACTIVE,2024-07-01,2024-07-18 09:00:00
1278,ACC101278,Commercial Account 1278,Technology,FL,ACTIVE,2024-07-02,2024-07-20 09:00:00
1279,ACC101279,Commercial Account 1279,Transportation,NY,ACTIVE,2024-07-03,2024-07-22 09:00:00
1280,ACC101280,Commercial Account 1280,Healthcare,IL,CLOSED,2024-07-04,2024-07-24 09:00:00
1281,ACC101281,Commercial Account 1281,Hospitality,CA,ACTIVE,2024-07-05,2024-07-26 09:00:00
1282,ACC101282,Commercial Account 1282,Retail,TX,ACTIVE,2024-07-06,2024-07-28 09:00:00
1283,ACC101283,Commercial Account 1283,Construction,FL,ACTIVE,2024-07-07,2024-07-30 09:00:00
1284,ACC101284,Commercial Account 1284,Manufacturing,NY,ACTIVE,2024-07-08,2024-08-01 09:00:00
1285,ACC101285,Commercial Account 1285,Technology,IL,ACTIVE,2024-07-09,2024-08-03 09:00:00
1286,ACC101286,Commercial Account 1286,Transportation,CA,ACTIVE,2024-07-10,2024-08-05 09:00:00
1287,ACC101287,Commercial Account 1287,Healthcare,TX,ACTIVE,2024-07-11,2024-08-07 09:00:00
1288,ACC101288,Commercial Account 1288,Hospitality,FL,ACTIVE,2024-07-12,2024-08-09 09:00:00
1289,ACC101289,Commercial Account 1289,Retail,NY,ACTIVE,2024-07-13,2024-08-11 09:00:00
1290,ACC101290,Commercial Account 1290,Construction,IL,INACTIVE,2024-07-14,2024-07-14 09:00:00
1291,ACC101291,Commercial Account 1291,Manufacturing,CA,ACTIVE,2024-07-15,2024-07-16 09:00:00
1292,ACC101292,Commercial Account 1292,Technology,TX,ACTIVE,2024-07-16,2024-07-18 09:00:00
1293,ACC101293,Commercial Account 1293,Transportation,FL,ACTIVE,2024-07-17,2024-07-20 09:00:00
1294,ACC101294,Commercial Account 1294,Healthcare,NY,ACTIVE,2024-07-18,2024-07-22 09:00:00
1295,ACC101295,Commercial Account 1295,Hospitality,IL,ACTIVE,2024-07-19,2024-07-24 09:00:00
1296,ACC101296,Commercial Account 1296,Retail,CA,ACTIVE,2024-07-20,2024-07-26 09:00:00
1297,ACC101297,Commercial Account 1297,Construction,TX,ACTIVE,2024-07-21,2024-07-28 09:00:00
1298,ACC101298,Commercial Account 1298,Manufacturing,FL,ACTIVE,2024-07-22,2024-07-30 09:00:00
1299,ACC101299,Commercial Account 1299,Technology,NY,ACTIVE,2024-07-23,2024-08-01 09:00:00
1300,ACC101300,Commercial Account 1300,Transportation,IL,CLOSED,2024-07-24,2024-08-03 09:00:00
1301,ACC101301,Commercial Account 1301,Healthcare,CA,ACTIVE,2024-07-25,2024-08-05 09:00:00
1302,ACC101302,Commercial Account 1302,Hospitality,TX,ACTIVE,2024-07-26,2024-08-07 09:00:00
1303,ACC101303,Commercial Account 1303,Retail,FL,ACTIVE,2024-07-27,2024-08-09 09:00:00
1304,ACC101304,Commercial Account 1304,Construction,NY,ACTIVE,2024-07-28,2024-08-11 09:00:00
1305,ACC101305,Commercial Account 1305,Manufacturing,IL,ACTIVE,2024-07-29,2024-08-13 09:00:00
1306,ACC101306,Commercial Account 1306,Technology,CA,ACTIVE,2024-07-30,2024-08-15 09:00:00
1307,ACC101307,Commercial Account 1307,Transportation,TX,ACTIVE,2024-07-31,2024-08-17 09:00:00
1308,ACC101308,Commercial Account 1308,Healthcare,FL,ACTIVE,2024-08-01,2024-08-19 09:00:00
1309,ACC101309,Commercial Account 1309,Hospitality,NY,ACTIVE,2024-08-02,2024-08-21 09:00:00
1310,ACC101310,Commercial Account 1310,Retail,IL,INACTIVE,2024-08-03,2024-08-23 09:00:00
1311,ACC101311,Commercial Account 1311,Construction,CA,ACTIVE,2024-08-04,2024-08-25 09:00:00
1312,ACC101312,Commercial Account 1312,Manufacturing,TX,ACTIVE,2024-08-05,2024-08-27 09:00:00
1313,ACC101313,Commercial Account 1313,Technology,FL,ACTIVE,2024-08-06,2024-08-29 09:00:00
1314,ACC101314,Commercial Account 1314,Transportation,NY,ACTIVE,2024-08-07,2024-08-31 09:00:00
1315,ACC101315,Commercial Account 1315,Healthcare,IL,ACTIVE,2024-08-08,2024-09-02 09:00:00
1316,ACC101316,Commercial Account 1316,Hospitality,CA,ACTIVE,2024-08-09,2024-09-04 09:00:00
1317,ACC101317,Commercial Account 1317,Retail,TX,ACTIVE,2024-08-10,2024-09-06 09:00:00
1318,ACC101318,Commercial Account 1318,Construction,FL,ACTIVE,2024-08-11,2024-09-08 09:00:00
1319,ACC101319,Commercial Account 1319,Manufacturing,NY,ACTIVE,2024-08-12,2024-09-10 09:00:00
1320,ACC101320,Commercial Account 1320,Technology,IL,CLOSED,2024-08-13,2024-08-13 09:00:00
1321,ACC101321,Commercial Account 1321,Transportation,CA,ACTIVE,2024-08-14,2024-08-15 09:00:00
1322,ACC101322,Commercial Account 1322,Healthcare,TX,ACTIVE,2024-08-15,2024-08-17 09:00:00
1323,ACC101323,Commercial Account 1323,Hospitality,FL,ACTIVE,2024-08-16,2024-08-19 09:00:00
1324,ACC101324,Commercial Account 1324,Retail,NY,ACTIVE,2024-08-17,2024-08-21 09:00:00
1325,ACC101325,Commercial Account 1325,Construction,IL,ACTIVE,2024-08-18,2024-08-23 09:00:00
1326,ACC101326,Commercial Account 1326,Manufacturing,CA,ACTIVE,2024-08-19,2024-08-25 09:00:00
1327,ACC101327,Commercial Account 1327,Technology,TX,ACTIVE,2024-08-20,2024-08-27 09:00:00
1328,ACC101328,Commercial Account 1328,Transportation,FL,ACTIVE,2024-08-21,2024-08-29 09:00:00
1329,ACC101329,Commercial Account 1329,Healthcare,NY,ACTIVE,2024-08-22,2024-08-31 09:00:00
1330,ACC101330,Commercial Account 1330,Hospitality,IL,INACTIVE,2024-08-23,2024-09-02 09:00:00
1331,ACC101331,Commercial Account 1331,Retail,CA,ACTIVE,2024-08-24,2024-09-04 09:00:00
1332,ACC101332,Commercial Account 1332,Construction,TX,ACTIVE,2024-08-25,2024-09-06 09:00:00
1333,ACC101333,Commercial Account 1333,Manufacturing,FL,ACTIVE,2024-08-26,2024-09-08 09:00:00
1334,ACC101334,Commercial Account 1334,Technology,NY,ACTIVE,2024-08-27,2024-09-10 09:00:00
1335,ACC101335,Commercial Account 1335,Transportation,IL,ACTIVE,2024-08-28,2024-09-12 09:00:00
1336,ACC101336,Commercial Account 1336,Healthcare,CA,ACTIVE,2024-08-29,2024-09-14 09:00:00
1337,ACC101337,Commercial Account 1337,Hospitality,TX,ACTIVE,2024-08-30,2024-09-16 09:00:00
1338,ACC101338,Commercial Account 1338,Retail,FL,ACTIVE,2024-08-31,2024-09-18 09:00:00
1339,ACC101339,Commercial Account 1339,Construction,NY,ACTIVE,2024-09-01,2024-09-20 09:00:00
1340,ACC101340,Commercial Account 1340,Manufacturing,IL,CLOSED,2024-09-02,2024-09-22 09:00:00
1341,ACC101341,Commercial Account 1341,Technology,CA,ACTIVE,2024-09-03,2024-09-24 09:00:00
1342,ACC101342,Commercial Account 1342,Transportation,TX,ACTIVE,2024-09-04,2024-09-26 09:00:00
1343,ACC101343,Commercial Account 1343,Healthcare,FL,ACTIVE,2024-09-05,2024-09-28 09:00:00
1344,ACC101344,Commercial Account 1344,Hospitality,NY,ACTIVE,2024-09-06,2024-09-30 09:00:00
1345,ACC101345,Commercial Account 1345,Retail,IL,ACTIVE,2024-09-07,2024-10-02 09:00:00
1346,ACC101346,Commercial Account 1346,Construction,CA,ACTIVE,2024-09-08,2024-10-04 09:00:00
1347,ACC101347,Commercial Account 1347,Manufacturing,TX,ACTIVE,2024-09-09,2024-10-06 09:00:00
1348,ACC101348,Commercial Account 1348,Technology,FL,ACTIVE,2024-09-10,2024-10-08 09:00:00
1349,ACC101349,Commercial Account 1349,Transportation,NY,ACTIVE,2024-09-11,2024-10-10 09:00:00
1350,ACC101350,Commercial Account 1350,Healthcare,IL,INACTIVE,2024-09-12,2024-09-12 09:00:00
1351,ACC101351,Commercial Account 1351,Hospitality,CA,ACTIVE,2024-09-13,2024-09-14 09:00:00
1352,ACC101352,Commercial Account 1352,Retail,TX,ACTIVE,2024-09-14,2024-09-16 09:00:00
1353,ACC101353,Commercial Account 1353,Construction,FL,ACTIVE,2024-09-15,2024-09-18 09:00:00
1354,ACC101354,Commercial Account 1354,Manufacturing,NY,ACTIVE,2024-09-16,2024-09-20 09:00:00
1355,ACC101355,Commercial Account 1355,Technology,IL,ACTIVE,2024-09-17,2024-09-22 09:00:00
1356,ACC101356,Commercial Account 1356,Transportation,CA,ACTIVE,2024-09-18,2024-09-24 09:00:00
1357,ACC101357,Commercial Account 1357,Healthcare,TX,ACTIVE,2024-09-19,2024-09-26 09:00:00
1358,ACC101358,Commercial Account 1358,Hospitality,FL,ACTIVE,2024-09-20,2024-09-28 09:00:00
1359,ACC101359,Commercial Account 1359,Retail,NY,ACTIVE,2024-09-21,2024-09-30 09:00:00
1360,ACC101360,Commercial Account 1360,Construction,IL,CLOSED,2024-09-22,2024-10-02 09:00:00
1361,ACC101361,Commercial Account 1361,Manufacturing,CA,ACTIVE,2024-09-23,2024-10-04 09:00:00
1362,ACC101362,Commercial Account 1362,Technology,TX,ACTIVE,2024-09-24,2024-10-06 09:00:00
1363,ACC101363,Commercial Account 1363,Transportation,FL,ACTIVE,2024-09-25,2024-10-08 09:00:00
1364,ACC101364,Commercial Account 1364,Healthcare,NY,ACTIVE,2024-09-26,2024-10-10 09:00:00
1365,ACC101365,Commercial Account 1365,Hospitality,IL,ACTIVE,2024-09-27,2024-10-12 09:00:00
1366,ACC101366,Commercial Account 1366,Retail,CA,ACTIVE,2024-09-28,2024-10-14 09:00:00
1367,ACC101367,Commercial Account 1367,Construction,TX,ACTIVE,2024-09-29,2024-10-16 09:00:00
1368,ACC101368,Commercial Account 1368,Manufacturing,FL,ACTIVE,2024-09-30,2024-10-18 09:00:00
1369,ACC101369,Commercial Account 1369,Technology,NY,ACTIVE,2024-10-01,2024-10-20 09:00:00
1370,ACC101370,Commercial Account 1370,Transportation,IL,INACTIVE,2024-10-02,2024-10-22 09:00:00
1371,ACC101371,Commercial Account 1371,Healthcare,CA,ACTIVE,2024-10-03,2024-10-24 09:00:00
1372,ACC101372,Commercial Account 1372,Hospitality,TX,ACTIVE,2024-10-04,2024-10-26 09:00:00
1373,ACC101373,Commercial Account 1373,Retail,FL,ACTIVE,2024-10-05,2024-10-28 09:00:00
1374,ACC101374,Commercial Account 1374,Construction,NY,ACTIVE,2024-10-06,2024-10-30 09:00:00
1375,ACC101375,Commercial Account 1375,Manufacturing,IL,ACTIVE,2024-10-07,2024-11-01 09:00:00
1376,ACC101376,Commercial Account 1376,Technology,CA,ACTIVE,2024-10-08,2024-11-03 09:00:00
1377,ACC101377,Commercial Account 1377,Transportation,TX,ACTIVE,2024-10-09,2024-11-05 09:00:00
1378,ACC101378,Commercial Account 1378,Healthcare,FL,ACTIVE,2024-10-10,2024-11-07 09:00:00
1379,ACC101379,Commercial Account 1379,Hospitality,NY,ACTIVE,2024-10-11,2024-11-09 09:00:00
1380,ACC101380,Commercial Account 1380,Retail,IL,CLOSED,2024-10-12,2024-10-12 09:00:00
1381,ACC101381,Commercial Account 1381,Construction,CA,ACTIVE,2024-10-13,2024-10-14 09:00:00
1382,ACC101382,Commercial Account 1382,Manufacturing,TX,ACTIVE,2024-10-14,2024-10-16 09:00:00
1383,ACC101383,Commercial Account 1383,Technology,FL,ACTIVE,2024-10-15,2024-10-18 09:00:00
1384,ACC101384,Commercial Account 1384,Transportation,NY,ACTIVE,2024-10-16,2024-10-20 09:00:00
1385,ACC101385,Commercial Account 1385,Healthcare,IL,ACTIVE,2024-10-17,2024-10-22 09:00:00
1386,ACC101386,Commercial Account 1386,Hospitality,CA,ACTIVE,2024-10-18,2024-10-24 09:00:00
1387,ACC101387,Commercial Account 1387,Retail,TX,ACTIVE,2024-10-19,2024-10-26 09:00:00
1388,ACC101388,Commercial Account 1388,Construction,FL,ACTIVE,2024-10-20,2024-10-28 09:00:00
1389,ACC101389,Commercial Account 1389,Manufacturing,NY,ACTIVE,2024-10-21,2024-10-30 09:00:00
1390,ACC101390,Commercial Account 1390,Technology,IL,INACTIVE,2024-10-22,2024-11-01 09:00:00
1391,ACC101391,Commercial Account 1391,Transportation,CA,ACTIVE,2024-10-23,2024-11-03 09:00:00
1392,ACC101392,Commercial Account 1392,Healthcare,TX,ACTIVE,2024-10-24,2024-11-05 09:00:00
1393,ACC101393,Commercial Account 1393,Hospitality,FL,ACTIVE,2024-10-25,2024-11-07 09:00:00
1394,ACC101394,Commercial Account 1394,Retail,NY,ACTIVE,2024-10-26,2024-11-09 09:00:00
1395,ACC101395,Commercial Account 1395,Construction,IL,ACTIVE,2024-10-27,2024-11-11 09:00:00
1396,ACC101396,Commercial Account 1396,Manufacturing,CA,ACTIVE,2024-10-28,2024-11-13 09:00:00
1397,ACC101397,Commercial Account 1397,Technology,TX,ACTIVE,2024-10-29,2024-11-15 09:00:00
1398,ACC101398,Commercial Account 1398,Transportation,FL,ACTIVE,2024-10-30,2024-11-17 09:00:00
1399,ACC101399,Commercial Account 1399,Healthcare,NY,ACTIVE,2024-10-31,2024-11-19 09:00:00
1400,ACC101400,Commercial Account 1400,Hospitality,IL,CLOSED,2021-01-01,2021-01-21 09:00:00
1401,ACC101401,Commercial Account 1401,Retail,CA,ACTIVE,2021-01-02,2021-01-23 09:00:00
1402,ACC101402,Commercial Account 1402,Construction,TX,ACTIVE,2021-01-03,2021-01-25 09:00:00
1403,ACC101403,Commercial Account 1403,Manufacturing,FL,ACTIVE,2021-01-04,2021-01-27 09:00:00
1404,ACC101404,Commercial Account 1404,Technology,NY,ACTIVE,2021-01-05,2021-01-29 09:00:00
1405,ACC101405,Commercial Account 1405,Transportation,IL,ACTIVE,2021-01-06,2021-01-31 09:00:00
1406,ACC101406,Commercial Account 1406,Healthcare,CA,ACTIVE,2021-01-07,2021-02-02 09:00:00
1407,ACC101407,Commercial Account 1407,Hospitality,TX,ACTIVE,2021-01-08,2021-02-04 09:00:00
1408,ACC101408,Commercial Account 1408,Retail,FL,ACTIVE,2021-01-09,2021-02-06 09:00:00
1409,ACC101409,Commercial Account 1409,Construction,NY,ACTIVE,2021-01-10,2021-02-08 09:00:00
1410,ACC101410,Commercial Account 1410,Manufacturing,IL,INACTIVE,2021-01-11,2021-01-11 09:00:00
1411,ACC101411,Commercial Account 1411,Technology,CA,ACTIVE,2021-01-12,2021-01-13 09:00:00
1412,ACC101412,Commercial Account 1412,Transportation,TX,ACTIVE,2021-01-13,2021-01-15 09:00:00
1413,ACC101413,Commercial Account 1413,Healthcare,FL,ACTIVE,2021-01-14,2021-01-17 09:00:00
1414,ACC101414,Commercial Account 1414,Hospitality,NY,ACTIVE,2021-01-15,2021-01-19 09:00:00
1415,ACC101415,Commercial Account 1415,Retail,IL,ACTIVE,2021-01-16,2021-01-21 09:00:00
1416,ACC101416,Commercial Account 1416,Construction,CA,ACTIVE,2021-01-17,2021-01-23 09:00:00
1417,ACC101417,Commercial Account 1417,Manufacturing,TX,ACTIVE,2021-01-18,2021-01-25 09:00:00
1418,ACC101418,Commercial Account 1418,Technology,FL,ACTIVE,2021-01-19,2021-01-27 09:00:00
1419,ACC101419,Commercial Account 1419,Transportation,NY,ACTIVE,2021-01-20,2021-01-29 09:00:00
1420,ACC101420,Commercial Account 1420,Healthcare,IL,CLOSED,2021-01-21,2021-01-31 09:00:00
1421,ACC101421,Commercial Account 1421,Hospitality,CA,ACTIVE,2021-01-22,2021-02-02 09:00:00
1422,ACC101422,Commercial Account 1422,Retail,TX,ACTIVE,2021-01-23,2021-02-04 09:00:00
1423,ACC101423,Commercial Account 1423,Construction,FL,ACTIVE,2021-01-24,2021-02-06 09:00:00
1424,ACC101424,Commercial Account 1424,Manufacturing,NY,ACTIVE,2021-01-25,2021-02-08 09:00:00
1425,ACC101425,Commercial Account 1425,Technology,IL,ACTIVE,2021-01-26,2021-02-10 09:00:00
1426,ACC101426,Commercial Account 1426,Transportation,CA,ACTIVE,2021-01-27,2021-02-12 09:00:00
1427,ACC101427,Commercial Account 1427,Healthcare,TX,ACTIVE,2021-01-28,2021-02-14 09:00:00
1428,ACC101428,Commercial Account 1428,Hospitality,FL,ACTIVE,2021-01-29,2021-02-16 09:00:00
1429,ACC101429,Commercial Account 1429,Retail,NY,ACTIVE,2021-01-30,2021-02-18 09:00:00
1430,ACC101430,Commercial Account 1430,Construction,IL,INACTIVE,2021-01-31,2021-02-20 09:00:00
1431,ACC101431,Commercial Account 1431,Manufacturing,CA,ACTIVE,2021-02-01,2021-02-22 09:00:00
1432,ACC101432,Commercial Account 1432,Technology,TX,ACTIVE,2021-02-02,2021-02-24 09:00:00
1433,ACC101433,Commercial Account 1433,Transportation,FL,ACTIVE,2021-02-03,2021-02-26 09:00:00
1434,ACC101434,Commercial Account 1434,Healthcare,NY,ACTIVE,2021-02-04,2021-02-28 09:00:00
1435,ACC101435,Commercial Account 1435,Hospitality,IL,ACTIVE,2021-02-05,2021-03-02 09:00:00
1436,ACC101436,Commercial Account 1436,Retail,CA,ACTIVE,2021-02-06,2021-03-04 09:00:00
1437,ACC101437,Commercial Account 1437,Construction,TX,ACTIVE,2021-02-07,2021-03-06 09:00:00
1438,ACC101438,Commercial Account 1438,Manufacturing,FL,ACTIVE,2021-02-08,2021-03-08 09:00:00
1439,ACC101439,Commercial Account 1439,Technology,NY,ACTIVE,2021-02-09,2021-03-10 09:00:00
1440,ACC101440,Commercial Account 1440,Transportation,IL,CLOSED,2021-02-10,2021-02-10 09:00:00
1441,ACC101441,Commercial Account 1441,Healthcare,CA,ACTIVE,2021-02-11,2021-02-12 09:00:00
1442,ACC101442,Commercial Account 1442,Hospitality,TX,ACTIVE,2021-02-12,2021-02-14 09:00:00
1443,ACC101443,Commercial Account 1443,Retail,FL,ACTIVE,2021-02-13,2021-02-16 09:00:00
1444,ACC101444,Commercial Account 1444,Construction,NY,ACTIVE,2021-02-14,2021-02-18 09:00:00
1445,ACC101445,Commercial Account 1445,Manufacturing,IL,ACTIVE,2021-02-15,2021-02-20 09:00:00
1446,ACC101446,Commercial Account 1446,Technology,CA,ACTIVE,2021-02-16,2021-02-22 09:00:00
1447,ACC101447,Commercial Account 1447,Transportation,TX,ACTIVE,2021-02-17,2021-02-24 09:00:00
1448,ACC101448,Commercial Account 1448,Healthcare,FL,ACTIVE,2021-02-18,2021-02-26 09:00:00
1449,ACC101449,Commercial Account 1449,Hospitality,NY,ACTIVE,2021-02-19,2021-02-28 09:00:00
1450,ACC101450,Commercial Account 1450,Retail,IL,INACTIVE,2021-02-20,2021-03-02 09:00:00
1451,ACC101451,Commercial Account 1451,Construction,CA,ACTIVE,2021-02-21,2021-03-04 09:00:00
1452,ACC101452,Commercial Account 1452,Manufacturing,TX,ACTIVE,2021-02-22,2021-03-06 09:00:00
1453,ACC101453,Commercial Account 1453,Technology,FL,ACTIVE,2021-02-23,2021-03-08 09:00:00
1454,ACC101454,Commercial Account 1454,Transportation,NY,ACTIVE,2021-02-24,2021-03-10 09:00:00
1455,ACC101455,Commercial Account 1455,Healthcare,IL,ACTIVE,2021-02-25,2021-03-12 09:00:00
1456,ACC101456,Commercial Account 1456,Hospitality,CA,ACTIVE,2021-02-26,2021-03-14 09:00:00
1457,ACC101457,Commercial Account 1457,Retail,TX,ACTIVE,2021-02-27,2021-03-16 09:00:00
1458,ACC101458,Commercial Account 1458,Construction,FL,ACTIVE,2021-02-28,2021-03-18 09:00:00
1459,ACC101459,Commercial Account 1459,Manufacturing,NY,ACTIVE,2021-03-01,2021-03-20 09:00:00
1460,ACC101460,Commercial Account 1460,Technology,IL,CLOSED,2021-03-02,2021-03-22 09:00:00
1461,ACC101461,Commercial Account 1461,Transportation,CA,ACTIVE,2021-03-03,2021-03-24 09:00:00
1462,ACC101462,Commercial Account 1462,Healthcare,TX,ACTIVE,2021-03-04,2021-03-26 09:00:00
1463,ACC101463,Commercial Account 1463,Hospitality,FL,ACTIVE,2021-03-05,2021-03-28 09:00:00
1464,ACC101464,Commercial Account 1464,Retail,NY,ACTIVE,2021-03-06,2021-03-30 09:00:00
1465,ACC101465,Commercial Account 1465,Construction,IL,ACTIVE,2021-03-07,2021-04-01 09:00:00
1466,ACC101466,Commercial Account 1466,Manufacturing,CA,ACTIVE,2021-03-08,2021-04-03 09:00:00
1467,ACC101467,Commercial Account 1467,Technology,TX,ACTIVE,2021-03-09,2021-04-05 09:00:00
1468,ACC101468,Commercial Account 1468,Transportation,FL,ACTIVE,2021-03-10,2021-04-07 09:00:00
1469,ACC101469,Commercial Account 1469,Healthcare,NY,ACTIVE,2021-03-11,2021-04-09 09:00:00
1470,ACC101470,Commercial Account 1470,Hospitality,IL,INACTIVE,2021-03-12,2021-03-12 09:00:00
1471,ACC101471,Commercial Account 1471,Retail,CA,ACTIVE,2021-03-13,2021-03-14 09:00:00
1472,ACC101472,Commercial Account 1472,Construction,TX,ACTIVE,2021-03-14,2021-03-16 09:00:00
1473,ACC101473,Commercial Account 1473,Manufacturing,FL,ACTIVE,2021-03-15,2021-03-18 09:00:00
1474,ACC101474,Commercial Account 1474,Technology,NY,ACTIVE,2021-03-16,2021-03-20 09:00:00
1475,ACC101475,Commercial Account 1475,Transportation,IL,ACTIVE,2021-03-17,2021-03-22 09:00:00
1476,ACC101476,Commercial Account 1476,Healthcare,CA,ACTIVE,2021-03-18,2021-03-24 09:00:00
1477,ACC101477,Commercial Account 1477,Hospitality,TX,ACTIVE,2021-03-19,2021-03-26 09:00:00
1478,ACC101478,Commercial Account 1478,Retail,FL,ACTIVE,2021-03-20,2021-03-28 09:00:00
1479,ACC101479,Commercial Account 1479,Construction,NY,ACTIVE,2021-03-21,2021-03-30 09:00:00
1480,ACC101480,Commercial Account 1480,Manufacturing,IL,CLOSED,2021-03-22,2021-04-01 09:00:00
1481,ACC101481,Commercial Account 1481,Technology,CA,ACTIVE,2021-03-23,2021-04-03 09:00:00
1482,ACC101482,Commercial Account 1482,Transportation,TX,ACTIVE,2021-03-24,2021-04-05 09:00:00
1483,ACC101483,Commercial Account 1483,Healthcare,FL,ACTIVE,2021-03-25,2021-04-07 09:00:00
1484,ACC101484,Commercial Account 1484,Hospitality,NY,ACTIVE,2021-03-26,2021-04-09 09:00:00
1485,ACC101485,Commercial Account 1485,Retail,IL,ACTIVE,2021-03-27,2021-04-11 09:00:00
1486,ACC101486,Commercial Account 1486,Construction,CA,ACTIVE,2021-03-28,2021-04-13 09:00:00
1487,ACC101487,Commercial Account 1487,Manufacturing,TX,ACTIVE,2021-03-29,2021-04-15 09:00:00
1488,ACC101488,Commercial Account 1488,Technology,FL,ACTIVE,2021-03-30,2021-04-17 09:00:00
1489,ACC101489,Commercial Account 1489,Transportation,NY,ACTIVE,2021-03-31,2021-04-19 09:00:00
1490,ACC101490,Commercial Account 1490,Healthcare,IL,INACTIVE,2021-04-01,2021-04-21 09:00:00
1491,ACC101491,Commercial Account 1491,Hospitality,CA,ACTIVE,2021-04-02,2021-04-23 09:00:00
1492,ACC101492,Commercial Account 1492,Retail,TX,ACTIVE,2021-04-03,2021-04-25 09:00:00
1493,ACC101493,Commercial Account 1493,Construction,FL,ACTIVE,2021-04-04,2021-04-27 09:00:00
1494,ACC101494,Commercial Account 1494,Manufacturing,NY,ACTIVE,2021-04-05,2021-04-29 09:00:00
1495,ACC101495,Commercial Account 1495,Technology,IL,ACTIVE,2021-04-06,2021-05-01 09:00:00
1496,ACC101496,Commercial Account 1496,Transportation,CA,ACTIVE,2021-04-07,2021-05-03 09:00:00
1497,ACC101497,Commercial Account 1497,Healthcare,TX,ACTIVE,2021-04-08,2021-05-05 09:00:00
1498,ACC101498,Commercial Account 1498,Hospitality,FL,ACTIVE,2021-04-09,2021-05-07 09:00:00
1499,ACC101499,Commercial Account 1499,Retail,NY,ACTIVE,2021-04-10,2021-05-09 09:00:00
1500,ACC101500,Commercial Account 1500,Construction,IL,CLOSED,2021-04-11,2021-04-11 09:00:00
1501,ACC101501,Commercial Account 1501,Manufacturing,CA,ACTIVE,2021-04-12,2021-04-13 09:00:00
1502,ACC101502,Commercial Account 1502,Technology,TX,ACTIVE,2021-04-13,2021-04-15 09:00:00
1503,ACC101503,Commercial Account 1503,Transportation,FL,ACTIVE,2021-04-14,2021-04-17 09:00:00
1504,ACC101504,Commercial Account 1504,Healthcare,NY,ACTIVE,2021-04-15,2021-04-19 09:00:00
1505,ACC101505,Commercial Account 1505,Hospitality,IL,ACTIVE,2021-04-16,2021-04-21 09:00:00
1506,ACC101506,Commercial Account 1506,Retail,CA,ACTIVE,2021-04-17,2021-04-23 09:00:00
1507,ACC101507,Commercial Account 1507,Construction,TX,ACTIVE,2021-04-18,2021-04-25 09:00:00
1508,ACC101508,Commercial Account 1508,Manufacturing,FL,ACTIVE,2021-04-19,2021-04-27 09:00:00
1509,ACC101509,Commercial Account 1509,Technology,NY,ACTIVE,2021-04-20,2021-04-29 09:00:00
1510,ACC101510,Commercial Account 1510,Transportation,IL,INACTIVE,2021-04-21,2021-05-01 09:00:00
1511,ACC101511,Commercial Account 1511,Healthcare,CA,ACTIVE,2021-04-22,2021-05-03 09:00:00
1512,ACC101512,Commercial Account 1512,Hospitality,TX,ACTIVE,2021-04-23,2021-05-05 09:00:00
1513,ACC101513,Commercial Account 1513,Retail,FL,ACTIVE,2021-04-24,2021-05-07 09:00:00
1514,ACC101514,Commercial Account 1514,Construction,NY,ACTIVE,2021-04-25,2021-05-09 09:00:00
1515,ACC101515,Commercial Account 1515,Manufacturing,IL,ACTIVE,2021-04-26,2021-05-11 09:00:00
1516,ACC101516,Commercial Account 1516,Technology,CA,ACTIVE,2021-04-27,2021-05-13 09:00:00
1517,ACC101517,Commercial Account 1517,Transportation,TX,ACTIVE,2021-04-28,2021-05-15 09:00:00
1518,ACC101518,Commercial Account 1518,Healthcare,FL,ACTIVE,2021-04-29,2021-05-17 09:00:00
1519,ACC101519,Commercial Account 1519,Hospitality,NY,ACTIVE,2021-04-30,2021-05-19 09:00:00
1520,ACC101520,Commercial Account 1520,Retail,IL,CLOSED,2021-05-01,2021-05-21 09:00:00
1521,ACC101521,Commercial Account 1521,Construction,CA,ACTIVE,2021-05-02,2021-05-23 09:00:00
1522,ACC101522,Commercial Account 1522,Manufacturing,TX,ACTIVE,2021-05-03,2021-05-25 09:00:00
1523,ACC101523,Commercial Account 1523,Technology,FL,ACTIVE,2021-05-04,2021-05-27 09:00:00
1524,ACC101524,Commercial Account 1524,Transportation,NY,ACTIVE,2021-05-05,2021-05-29 09:00:00
1525,ACC101525,Commercial Account 1525,Healthcare,IL,ACTIVE,2021-05-06,2021-05-31 09:00:00
1526,ACC101526,Commercial Account 1526,Hospitality,CA,ACTIVE,2021-05-07,2021-06-02 09:00:00
1527,ACC101527,Commercial Account 1527,Retail,TX,ACTIVE,2021-05-08,2021-06-04 09:00:00
1528,ACC101528,Commercial Account 1528,Construction,FL,ACTIVE,2021-05-09,2021-06-06 09:00:00
1529,ACC101529,Commercial Account 1529,Manufacturing,NY,ACTIVE,2021-05-10,2021-06-08 09:00:00
1530,ACC101530,Commercial Account 1530,Technology,IL,INACTIVE,2021-05-11,2021-05-11 09:00:00
1531,ACC101531,Commercial Account 1531,Transportation,CA,ACTIVE,2021-05-12,2021-05-13 09:00:00
1532,ACC101532,Commercial Account 1532,Healthcare,TX,ACTIVE,2021-05-13,2021-05-15 09:00:00
1533,ACC101533,Commercial Account 1533,Hospitality,FL,ACTIVE,2021-05-14,2021-05-17 09:00:00
1534,ACC101534,Commercial Account 1534,Retail,NY,ACTIVE,2021-05-15,2021-05-19 09:00:00
1535,ACC101535,Commercial Account 1535,Construction,IL,ACTIVE,2021-05-16,2021-05-21 09:00:00
1536,ACC101536,Commercial Account 1536,Manufacturing,CA,ACTIVE,2021-05-17,2021-05-23 09:00:00
1537,ACC101537,Commercial Account 1537,Technology,TX,ACTIVE,2021-05-18,2021-05-25 09:00:00
1538,ACC101538,Commercial Account 1538,Transportation,FL,ACTIVE,2021-05-19,2021-05-27 09:00:00
1539,ACC101539,Commercial Account 1539,Healthcare,NY,ACTIVE,2021-05-20,2021-05-29 09:00:00
1540,ACC101540,Commercial Account 1540,Hospitality,IL,CLOSED,2021-05-21,2021-05-31 09:00:00
1541,ACC101541,Commercial Account 1541,Retail,CA,ACTIVE,2021-05-22,2021-06-02 09:00:00
1542,ACC101542,Commercial Account 1542,Construction,TX,ACTIVE,2021-05-23,2021-06-04 09:00:00
1543,ACC101543,Commercial Account 1543,Manufacturing,FL,ACTIVE,2021-05-24,2021-06-06 09:00:00
1544,ACC101544,Commercial Account 1544,Technology,NY,ACTIVE,2021-05-25,2021-06-08 09:00:00
1545,ACC101545,Commercial Account 1545,Transportation,IL,ACTIVE,2021-05-26,2021-06-10 09:00:00
1546,ACC101546,Commercial Account 1546,Healthcare,CA,ACTIVE,2021-05-27,2021-06-12 09:00:00
1547,ACC101547,Commercial Account 1547,Hospitality,TX,ACTIVE,2021-05-28,2021-06-14 09:00:00
1548,ACC101548,Commercial Account 1548,Retail,FL,ACTIVE,2021-05-29,2021-06-16 09:00:00
1549,ACC101549,Commercial Account 1549,Construction,NY,ACTIVE,2021-05-30,2021-06-18 09:00:00
1550,ACC101550,Commercial Account 1550,Manufacturing,IL,INACTIVE,2021-05-31,2021-06-20 09:00:00
1551,ACC101551,Commercial Account 1551,Technology,CA,ACTIVE,2021-06-01,2021-06-22 09:00:00
1552,ACC101552,Commercial Account 1552,Transportation,TX,ACTIVE,2021-06-02,2021-06-24 09:00:00
1553,ACC101553,Commercial Account 1553,Healthcare,FL,ACTIVE,2021-06-03,2021-06-26 09:00:00
1554,ACC101554,Commercial Account 1554,Hospitality,NY,ACTIVE,2021-06-04,2021-06-28 09:00:00
1555,ACC101555,Commercial Account 1555,Retail,IL,ACTIVE,2021-06-05,2021-06-30 09:00:00
1556,ACC101556,Commercial Account 1556,Construction,CA,ACTIVE,2021-06-06,2021-07-02 09:00:00
1557,ACC101557,Commercial Account 1557,Manufacturing,TX,ACTIVE,2021-06-07,2021-07-04 09:00:00
1558,ACC101558,Commercial Account 1558,Technology,FL,ACTIVE,2021-06-08,2021-07-06 09:00:00
1559,ACC101559,Commercial Account 1559,Transportation,NY,ACTIVE,2021-06-09,2021-07-08 09:00:00
1560,ACC101560,Commercial Account 1560,Healthcare,IL,CLOSED,2021-06-10,2021-06-10 09:00:00
1561,ACC101561,Commercial Account 1561,Hospitality,CA,ACTIVE,2021-06-11,2021-06-12 09:00:00
1562,ACC101562,Commercial Account 1562,Retail,TX,ACTIVE,2021-06-12,2021-06-14 09:00:00
1563,ACC101563,Commercial Account 1563,Construction,FL,ACTIVE,2021-06-13,2021-06-16 09:00:00
1564,ACC101564,Commercial Account 1564,Manufacturing,NY,ACTIVE,2021-06-14,2021-06-18 09:00:00
1565,ACC101565,Commercial Account 1565,Technology,IL,ACTIVE,2021-06-15,2021-06-20 09:00:00
1566,ACC101566,Commercial Account 1566,Transportation,CA,ACTIVE,2021-06-16,2021-06-22 09:00:00
1567,ACC101567,Commercial Account 1567,Healthcare,TX,ACTIVE,2021-06-17,2021-06-24 09:00:00
1568,ACC101568,Commercial Account 1568,Hospitality,FL,ACTIVE,2021-06-18,2021-06-26 09:00:00
1569,ACC101569,Commercial Account 1569,Retail,NY,ACTIVE,2021-06-19,2021-06-28 09:00:00
1570,ACC101570,Commercial Account 1570,Construction,IL,INACTIVE,2021-06-20,2021-06-30 09:00:00
1571,ACC101571,Commercial Account 1571,Manufacturing,CA,ACTIVE,2021-06-21,2021-07-02 09:00:00
1572,ACC101572,Commercial Account 1572,Technology,TX,ACTIVE,2021-06-22,2021-07-04 09:00:00
1573,ACC101573,Commercial Account 1573,Transportation,FL,ACTIVE,2021-06-23,2021-07-06 09:00:00
1574,ACC101574,Commercial Account 1574,Healthcare,NY,ACTIVE,2021-06-24,2021-07-08 09:00:00
1575,ACC101575,Commercial Account 1575,Hospitality,IL,ACTIVE,2021-06-25,2021-07-10 09:00:00
1576,ACC101576,Commercial Account 1576,Retail,CA,ACTIVE,2021-06-26,2021-07-12 09:00:00
1577,ACC101577,Commercial Account 1577,Construction,TX,ACTIVE,2021-06-27,2021-07-14 09:00:00
1578,ACC101578,Commercial Account 1578,Manufacturing,FL,ACTIVE,2021-06-28,2021-07-16 09:00:00
1579,ACC101579,Commercial Account 1579,Technology,NY,ACTIVE,2021-06-29,2021-07-18 09:00:00
1580,ACC101580,Commercial Account 1580,Transportation,IL,CLOSED,2021-06-30,2021-07-20 09:00:00
1581,ACC101581,Commercial Account 1581,Healthcare,CA,ACTIVE,2021-07-01,2021-07-22 09:00:00
1582,ACC101582,Commercial Account 1582,Hospitality,TX,ACTIVE,2021-07-02,2021-07-24 09:00:00
1583,ACC101583,Commercial Account 1583,Retail,FL,ACTIVE,2021-07-03,2021-07-26 09:00:00
1584,ACC101584,Commercial Account 1584,Construction,NY,ACTIVE,2021-07-04,2021-07-28 09:00:00
1585,ACC101585,Commercial Account 1585,Manufacturing,IL,ACTIVE,2021-07-05,2021-07-30 09:00:00
1586,ACC101586,Commercial Account 1586,Technology,CA,ACTIVE,2021-07-06,2021-08-01 09:00:00
1587,ACC101587,Commercial Account 1587,Transportation,TX,ACTIVE,2021-07-07,2021-08-03 09:00:00
1588,ACC101588,Commercial Account 1588,Healthcare,FL,ACTIVE,2021-07-08,2021-08-05 09:00:00
1589,ACC101589,Commercial Account 1589,Hospitality,NY,ACTIVE,2021-07-09,2021-08-07 09:00:00
1590,ACC101590,Commercial Account 1590,Retail,IL,INACTIVE,2021-07-10,2021-07-10 09:00:00
1591,ACC101591,Commercial Account 1591,Construction,CA,ACTIVE,2021-07-11,2021-07-12 09:00:00
1592,ACC101592,Commercial Account 1592,Manufacturing,TX,ACTIVE,2021-07-12,2021-07-14 09:00:00
1593,ACC101593,Commercial Account 1593,Technology,FL,ACTIVE,2021-07-13,2021-07-16 09:00:00
1594,ACC101594,Commercial Account 1594,Transportation,NY,ACTIVE,2021-07-14,2021-07-18 09:00:00
1595,ACC101595,Commercial Account 1595,Healthcare,IL,ACTIVE,2021-07-15,2021-07-20 09:00:00
1596,ACC101596,Commercial Account 1596,Hospitality,CA,ACTIVE,2021-07-16,2021-07-22 09:00:00
1597,ACC101597,Commercial Account 1597,Retail,TX,ACTIVE,2021-07-17,2021-07-24 09:00:00
1598,ACC101598,Commercial Account 1598,Construction,FL,ACTIVE,2021-07-18,2021-07-26 09:00:00
1599,ACC101599,Commercial Account 1599,Manufacturing,NY,ACTIVE,2021-07-19,2021-07-28 09:00:00
1600,ACC101600,Commercial Account 1600,Technology,IL,CLOSED,2021-07-20,2021-07-30 09:00:00
1601,ACC101601,Commercial Account 1601,Transportation,CA,ACTIVE,2021-07-21,2021-08-01 09:00:00
1602,ACC101602,Commercial Account 1602,Healthcare,TX,ACTIVE,2021-07-22,2021-08-03 09:00:00
1603,ACC101603,Commercial Account 1603,Hospitality,FL,ACTIVE,2021-07-23,2021-08-05 09:00:00
1604,ACC101604,Commercial Account 1604,Retail,NY,ACTIVE,2021-07-24,2021-08-07 09:00:00
1605,ACC101605,Commercial Account 1605,Construction,IL,ACTIVE,2021-07-25,2021-08-09 09:00:00
1606,ACC101606,Commercial Account 1606,Manufacturing,CA,ACTIVE,2021-07-26,2021-08-11 09:00:00
1607,ACC101607,Commercial Account 1607,Technology,TX,ACTIVE,2021-07-27,2021-08-13 09:00:00
1608,ACC101608,Commercial Account 1608,Transportation,FL,ACTIVE,2021-07-28,2021-08-15 09:00:00
1609,ACC101609,Commercial Account 1609,Healthcare,NY,ACTIVE,2021-07-29,2021-08-17 09:00:00
1610,ACC101610,Commercial Account 1610,Hospitality,IL,INACTIVE,2021-07-30,2021-08-19 09:00:00
1611,ACC101611,Commercial Account 1611,Retail,CA,ACTIVE,2021-07-31,2021-08-21 09:00:00
1612,ACC101612,Commercial Account 1612,Construction,TX,ACTIVE,2021-08-01,2021-08-23 09:00:00
1613,ACC101613,Commercial Account 1613,Manufacturing,FL,ACTIVE,2021-08-02,2021-08-25 09:00:00
1614,ACC101614,Commercial Account 1614,Technology,NY,ACTIVE,2021-08-03,2021-08-27 09:00:00
1615,ACC101615,Commercial Account 1615,Transportation,IL,ACTIVE,2021-08-04,2021-08-29 09:00:00
1616,ACC101616,Commercial Account 1616,Healthcare,CA,ACTIVE,2021-08-05,2021-08-31 09:00:00
1617,ACC101617,Commercial Account 1617,Hospitality,TX,ACTIVE,2021-08-06,2021-09-02 09:00:00
1618,ACC101618,Commercial Account 1618,Retail,FL,ACTIVE,2021-08-07,2021-09-04 09:00:00
1619,ACC101619,Commercial Account 1619,Construction,NY,ACTIVE,2021-08-08,2021-09-06 09:00:00
1620,ACC101620,Commercial Account 1620,Manufacturing,IL,CLOSED,2021-08-09,2021-08-09 09:00:00
1621,ACC101621,Commercial Account 1621,Technology,CA,ACTIVE,2021-08-10,2021-08-11 09:00:00
1622,ACC101622,Commercial Account 1622,Transportation,TX,ACTIVE,2021-08-11,2021-08-13 09:00:00
1623,ACC101623,Commercial Account 1623,Healthcare,FL,ACTIVE,2021-08-12,2021-08-15 09:00:00
1624,ACC101624,Commercial Account 1624,Hospitality,NY,ACTIVE,2021-08-13,2021-08-17 09:00:00
1625,ACC101625,Commercial Account 1625,Retail,IL,ACTIVE,2021-08-14,2021-08-19 09:00:00
1626,ACC101626,Commercial Account 1626,Construction,CA,ACTIVE,2021-08-15,2021-08-21 09:00:00
1627,ACC101627,Commercial Account 1627,Manufacturing,TX,ACTIVE,2021-08-16,2021-08-23 09:00:00
1628,ACC101628,Commercial Account 1628,Technology,FL,ACTIVE,2021-08-17,2021-08-25 09:00:00
1629,ACC101629,Commercial Account 1629,Transportation,NY,ACTIVE,2021-08-18,2021-08-27 09:00:00
1630,ACC101630,Commercial Account 1630,Healthcare,IL,INACTIVE,2021-08-19,2021-08-29 09:00:00
1631,ACC101631,Commercial Account 1631,Hospitality,CA,ACTIVE,2021-08-20,2021-08-31 09:00:00
1632,ACC101632,Commercial Account 1632,Retail,TX,ACTIVE,2021-08-21,2021-09-02 09:00:00
1633,ACC101633,Commercial Account 1633,Construction,FL,ACTIVE,2021-08-22,2021-09-04 09:00:00
1634,ACC101634,Commercial Account 1634,Manufacturing,NY,ACTIVE,2021-08-23,2021-09-06 09:00:00
1635,ACC101635,Commercial Account 1635,Technology,IL,ACTIVE,2021-08-24,2021-09-08 09:00:00
1636,ACC101636,Commercial Account 1636,Transportation,CA,ACTIVE,2021-08-25,2021-09-10 09:00:00
1637,ACC101637,Commercial Account 1637,Healthcare,TX,ACTIVE,2021-08-26,2021-09-12 09:00:00
1638,ACC101638,Commercial Account 1638,Hospitality,FL,ACTIVE,2021-08-27,2021-09-14 09:00:00
1639,ACC101639,Commercial Account 1639,Retail,NY,ACTIVE,2021-08-28,2021-09-16 09:00:00
1640,ACC101640,Commercial Account 1640,Construction,IL,CLOSED,2021-08-29,2021-09-18 09:00:00
1641,ACC101641,Commercial Account 1641,Manufacturing,CA,ACTIVE,2021-08-30,2021-09-20 09:00:00
1642,ACC101642,Commercial Account 1642,Technology,TX,ACTIVE,2021-08-31,2021-09-22 09:00:00
1643,ACC101643,Commercial Account 1643,Transportation,FL,ACTIVE,2021-09-01,2021-09-24 09:00:00
1644,ACC101644,Commercial Account 1644,Healthcare,NY,ACTIVE,2021-09-02,2021-09-26 09:00:00
1645,ACC101645,Commercial Account 1645,Hospitality,IL,ACTIVE,2021-09-03,2021-09-28 09:00:00
1646,ACC101646,Commercial Account 1646,Retail,CA,ACTIVE,2021-09-04,2021-09-30 09:00:00
1647,ACC101647,Commercial Account 1647,Construction,TX,ACTIVE,2021-09-05,2021-10-02 09:00:00
1648,ACC101648,Commercial Account 1648,Manufacturing,FL,ACTIVE,2021-09-06,2021-10-04 09:00:00
1649,ACC101649,Commercial Account 1649,Technology,NY,ACTIVE,2021-09-07,2021-10-06 09:00:00
1650,ACC101650,Commercial Account 1650,Transportation,IL,INACTIVE,2021-09-08,2021-09-08 09:00:00
1651,ACC101651,Commercial Account 1651,Healthcare,CA,ACTIVE,2021-09-09,2021-09-10 09:00:00
1652,ACC101652,Commercial Account 1652,Hospitality,TX,ACTIVE,2021-09-10,2021-09-12 09:00:00
1653,ACC101653,Commercial Account 1653,Retail,FL,ACTIVE,2021-09-11,2021-09-14 09:00:00
1654,ACC101654,Commercial Account 1654,Construction,NY,ACTIVE,2021-09-12,2021-09-16 09:00:00
1655,ACC101655,Commercial Account 1655,Manufacturing,IL,ACTIVE,2021-09-13,2021-09-18 09:00:00
1656,ACC101656,Commercial Account 1656,Technology,CA,ACTIVE,2021-09-14,2021-09-20 09:00:00
1657,ACC101657,Commercial Account 1657,Transportation,TX,ACTIVE,2021-09-15,2021-09-22 09:00:00
1658,ACC101658,Commercial Account 1658,Healthcare,FL,ACTIVE,2021-09-16,2021-09-24 09:00:00
1659,ACC101659,Commercial Account 1659,Hospitality,NY,ACTIVE,2021-09-17,2021-09-26 09:00:00
1660,ACC101660,Commercial Account 1660,Retail,IL,CLOSED,2021-09-18,2021-09-28 09:00:00
1661,ACC101661,Commercial Account 1661,Construction,CA,ACTIVE,2021-09-19,2021-09-30 09:00:00
1662,ACC101662,Commercial Account 1662,Manufacturing,TX,ACTIVE,2021-09-20,2021-10-02 09:00:00
1663,ACC101663,Commercial Account 1663,Technology,FL,ACTIVE,2021-09-21,2021-10-04 09:00:00
1664,ACC101664,Commercial Account 1664,Transportation,NY,ACTIVE,2021-09-22,2021-10-06 09:00:00
1665,ACC101665,Commercial Account 1665,Healthcare,IL,ACTIVE,2021-09-23,2021-10-08 09:00:00
1666,ACC101666,Commercial Account 1666,Hospitality,CA,ACTIVE,2021-09-24,2021-10-10 09:00:00
1667,ACC101667,Commercial Account 1667,Retail,TX,ACTIVE,2021-09-25,2021-10-12 09:00:00
1668,ACC101668,Commercial Account 1668,Construction,FL,ACTIVE,2021-09-26,2021-10-14 09:00:00
1669,ACC101669,Commercial Account 1669,Manufacturing,NY,ACTIVE,2021-09-27,2021-10-16 09:00:00
1670,ACC101670,Commercial Account 1670,Technology,IL,INACTIVE,2021-09-28,2021-10-18 09:00:00
1671,ACC101671,Commercial Account 1671,Transportation,CA,ACTIVE,2021-09-29,2021-10-20 09:00:00
1672,ACC101672,Commercial Account 1672,Healthcare,TX,ACTIVE,2021-09-30,2021-10-22 09:00:00
1673,ACC101673,Commercial Account 1673,Hospitality,FL,ACTIVE,2021-10-01,2021-10-24 09:00:00
1674,ACC101674,Commercial Account 1674,Retail,NY,ACTIVE,2021-10-02,2021-10-26 09:00:00
1675,ACC101675,Commercial Account 1675,Construction,IL,ACTIVE,2021-10-03,2021-10-28 09:00:00
1676,ACC101676,Commercial Account 1676,Manufacturing,CA,ACTIVE,2021-10-04,2021-10-30 09:00:00
1677,ACC101677,Commercial Account 1677,Technology,TX,ACTIVE,2021-10-05,2021-11-01 09:00:00
1678,ACC101678,Commercial Account 1678,Transportation,FL,ACTIVE,2021-10-06,2021-11-03 09:00:00
1679,ACC101679,Commercial Account 1679,Healthcare,NY,ACTIVE,2021-10-07,2021-11-05 09:00:00
1680,ACC101680,Commercial Account 1680,Hospitality,IL,CLOSED,2021-10-08,2021-10-08 09:00:00
1681,ACC101681,Commercial Account 1681,Retail,CA,ACTIVE,2021-10-09,2021-10-10 09:00:00
1682,ACC101682,Commercial Account 1682,Construction,TX,ACTIVE,2021-10-10,2021-10-12 09:00:00
1683,ACC101683,Commercial Account 1683,Manufacturing,FL,ACTIVE,2021-10-11,2021-10-14 09:00:00
1684,ACC101684,Commercial Account 1684,Technology,NY,ACTIVE,2021-10-12,2021-10-16 09:00:00
1685,ACC101685,Commercial Account 1685,Transportation,IL,ACTIVE,2021-10-13,2021-10-18 09:00:00
1686,ACC101686,Commercial Account 1686,Healthcare,CA,ACTIVE,2021-10-14,2021-10-20 09:00:00
1687,ACC101687,Commercial Account 1687,Hospitality,TX,ACTIVE,2021-10-15,2021-10-22 09:00:00
1688,ACC101688,Commercial Account 1688,Retail,FL,ACTIVE,2021-10-16,2021-10-24 09:00:00
1689,ACC101689,Commercial Account 1689,Construction,NY,ACTIVE,2021-10-17,2021-10-26 09:00:00
1690,ACC101690,Commercial Account 1690,Manufacturing,IL,INACTIVE,2021-10-18,2021-10-28 09:00:00
1691,ACC101691,Commercial Account 1691,Technology,CA,ACTIVE,2021-10-19,2021-10-30 09:00:00
1692,ACC101692,Commercial Account 1692,Transportation,TX,ACTIVE,2021-10-20,2021-11-01 09:00:00
1693,ACC101693,Commercial Account 1693,Healthcare,FL,ACTIVE,2021-10-21,2021-11-03 09:00:00
1694,ACC101694,Commercial Account 1694,Hospitality,NY,ACTIVE,2021-10-22,2021-11-05 09:00:00
1695,ACC101695,Commercial Account 1695,Retail,IL,ACTIVE,2021-10-23,2021-11-07 09:00:00
1696,ACC101696,Commercial Account 1696,Construction,CA,ACTIVE,2021-10-24,2021-11-09 09:00:00
1697,ACC101697,Commercial Account 1697,Manufacturing,TX,ACTIVE,2021-10-25,2021-11-11 09:00:00
1698,ACC101698,Commercial Account 1698,Technology,FL,ACTIVE,2021-10-26,2021-11-13 09:00:00
1699,ACC101699,Commercial Account 1699,Transportation,NY,ACTIVE,2021-10-27,2021-11-15 09:00:00
1700,ACC101700,Commercial Account 1700,Healthcare,IL,CLOSED,2021-10-28,2021-11-17 09:00:00
1701,ACC101701,Commercial Account 1701,Hospitality,CA,ACTIVE,2021-10-29,2021-11-19 09:00:00
1702,ACC101702,Commercial Account 1702,Retail,TX,ACTIVE,2021-10-30,2021-11-21 09:00:00
1703,ACC101703,Commercial Account 1703,Construction,FL,ACTIVE,2021-10-31,2021-11-23 09:00:00
1704,ACC101704,Commercial Account 1704,Manufacturing,NY,ACTIVE,2021-11-01,2021-11-25 09:00:00
1705,ACC101705,Commercial Account 1705,Technology,IL,ACTIVE,2021-11-02,2021-11-27 09:00:00
1706,ACC101706,Commercial Account 1706,Transportation,CA,ACTIVE,2021-11-03,2021-11-29 09:00:00
1707,ACC101707,Commercial Account 1707,Healthcare,TX,ACTIVE,2021-11-04,2021-12-01 09:00:00
1708,ACC101708,Commercial Account 1708,Hospitality,FL,ACTIVE,2021-11-05,2021-12-03 09:00:00
1709,ACC101709,Commercial Account 1709,Retail,NY,ACTIVE,2021-11-06,2021-12-05 09:00:00
1710,ACC101710,Commercial Account 1710,Construction,IL,INACTIVE,2021-11-07,2021-11-07 09:00:00
1711,ACC101711,Commercial Account 1711,Manufacturing,CA,ACTIVE,2021-11-08,2021-11-09 09:00:00
1712,ACC101712,Commercial Account 1712,Technology,TX,ACTIVE,2021-11-09,2021-11-11 09:00:00
1713,ACC101713,Commercial Account 1713,Transportation,FL,ACTIVE,2021-11-10,2021-11-13 09:00:00
1714,ACC101714,Commercial Account 1714,Healthcare,NY,ACTIVE,2021-11-11,2021-11-15 09:00:00
1715,ACC101715,Commercial Account 1715,Hospitality,IL,ACTIVE,2021-11-12,2021-11-17 09:00:00
1716,ACC101716,Commercial Account 1716,Retail,CA,ACTIVE,2021-11-13,2021-11-19 09:00:00
1717,ACC101717,Commercial Account 1717,Construction,TX,ACTIVE,2021-11-14,2021-11-21 09:00:00
1718,ACC101718,Commercial Account 1718,Manufacturing,FL,ACTIVE,2021-11-15,2021-11-23 09:00:00
1719,ACC101719,Commercial Account 1719,Technology,NY,ACTIVE,2021-11-16,2021-11-25 09:00:00
1720,ACC101720,Commercial Account 1720,Transportation,IL,CLOSED,2021-11-17,2021-11-27 09:00:00
1721,ACC101721,Commercial Account 1721,Healthcare,CA,ACTIVE,2021-11-18,2021-11-29 09:00:00
1722,ACC101722,Commercial Account 1722,Hospitality,TX,ACTIVE,2021-11-19,2021-12-01 09:00:00
1723,ACC101723,Commercial Account 1723,Retail,FL,ACTIVE,2021-11-20,2021-12-03 09:00:00
1724,ACC101724,Commercial Account 1724,Construction,NY,ACTIVE,2021-11-21,2021-12-05 09:00:00
1725,ACC101725,Commercial Account 1725,Manufacturing,IL,ACTIVE,2021-11-22,2021-12-07 09:00:00
1726,ACC101726,Commercial Account 1726,Technology,CA,ACTIVE,2021-11-23,2021-12-09 09:00:00
1727,ACC101727,Commercial Account 1727,Transportation,TX,ACTIVE,2021-11-24,2021-12-11 09:00:00
1728,ACC101728,Commercial Account 1728,Healthcare,FL,ACTIVE,2021-11-25,2021-12-13 09:00:00
1729,ACC101729,Commercial Account 1729,Hospitality,NY,ACTIVE,2021-11-26,2021-12-15 09:00:00
1730,ACC101730,Commercial Account 1730,Retail,IL,INACTIVE,2021-11-27,2021-12-17 09:00:00
1731,ACC101731,Commercial Account 1731,Construction,CA,ACTIVE,2021-11-28,2021-12-19 09:00:00
1732,ACC101732,Commercial Account 1732,Manufacturing,TX,ACTIVE,2021-11-29,2021-12-21 09:00:00
1733,ACC101733,Commercial Account 1733,Technology,FL,ACTIVE,2021-11-30,2021-12-23 09:00:00
1734,ACC101734,Commercial Account 1734,Transportation,NY,ACTIVE,2021-12-01,2021-12-25 09:00:00
1735,ACC101735,Commercial Account 1735,Healthcare,IL,ACTIVE,2021-12-02,2021-12-27 09:00:00
1736,ACC101736,Commercial Account 1736,Hospitality,CA,ACTIVE,2021-12-03,2021-12-29 09:00:00
1737,ACC101737,Commercial Account 1737,Retail,TX,ACTIVE,2021-12-04,2021-12-31 09:00:00
1738,ACC101738,Commercial Account 1738,Construction,FL,ACTIVE,2021-12-05,2022-01-02 09:00:00
1739,ACC101739,Commercial Account 1739,Manufacturing,NY,ACTIVE,2021-12-06,2022-01-04 09:00:00
1740,ACC101740,Commercial Account 1740,Technology,IL,CLOSED,2021-12-07,2021-12-07 09:00:00
1741,ACC101741,Commercial Account 1741,Transportation,CA,ACTIVE,2021-12-08,2021-12-09 09:00:00
1742,ACC101742,Commercial Account 1742,Healthcare,TX,ACTIVE,2021-12-09,2021-12-11 09:00:00
1743,ACC101743,Commercial Account 1743,Hospitality,FL,ACTIVE,2021-12-10,2021-12-13 09:00:00
1744,ACC101744,Commercial Account 1744,Retail,NY,ACTIVE,2021-12-11,2021-12-15 09:00:00
1745,ACC101745,Commercial Account 1745,Construction,IL,ACTIVE,2021-12-12,2021-12-17 09:00:00
1746,ACC101746,Commercial Account 1746,Manufacturing,CA,ACTIVE,2021-12-13,2021-12-19 09:00:00
1747,ACC101747,Commercial Account 1747,Technology,TX,ACTIVE,2021-12-14,2021-12-21 09:00:00
1748,ACC101748,Commercial Account 1748,Transportation,FL,ACTIVE,2021-12-15,2021-12-23 09:00:00
1749,ACC101749,Commercial Account 1749,Healthcare,NY,ACTIVE,2021-12-16,2021-12-25 09:00:00
1750,ACC101750,Commercial Account 1750,Hospitality,IL,INACTIVE,2021-12-17,2021-12-27 09:00:00
1751,ACC101751,Commercial Account 1751,Retail,CA,ACTIVE,2021-12-18,2021-12-29 09:00:00
1752,ACC101752,Commercial Account 1752,Construction,TX,ACTIVE,2021-12-19,2021-12-31 09:00:00
1753,ACC101753,Commercial Account 1753,Manufacturing,FL,ACTIVE,2021-12-20,2022-01-02 09:00:00
1754,ACC101754,Commercial Account 1754,Technology,NY,ACTIVE,2021-12-21,2022-01-04 09:00:00
1755,ACC101755,Commercial Account 1755,Transportation,IL,ACTIVE,2021-12-22,2022-01-06 09:00:00
1756,ACC101756,Commercial Account 1756,Healthcare,CA,ACTIVE,2021-12-23,2022-01-08 09:00:00
1757,ACC101757,Commercial Account 1757,Hospitality,TX,ACTIVE,2021-12-24,2022-01-10 09:00:00
1758,ACC101758,Commercial Account 1758,Retail,FL,ACTIVE,2021-12-25,2022-01-12 09:00:00
1759,ACC101759,Commercial Account 1759,Construction,NY,ACTIVE,2021-12-26,2022-01-14 09:00:00
1760,ACC101760,Commercial Account 1760,Manufacturing,IL,CLOSED,2021-12-27,2022-01-16 09:00:00
1761,ACC101761,Commercial Account 1761,Technology,CA,ACTIVE,2021-12-28,2022-01-18 09:00:00
1762,ACC101762,Commercial Account 1762,Transportation,TX,ACTIVE,2021-12-29,2022-01-20 09:00:00
1763,ACC101763,Commercial Account 1763,Healthcare,FL,ACTIVE,2021-12-30,2022-01-22 09:00:00
1764,ACC101764,Commercial Account 1764,Hospitality,NY,ACTIVE,2021-12-31,2022-01-24 09:00:00
1765,ACC101765,Commercial Account 1765,Retail,IL,ACTIVE,2022-01-01,2022-01-26 09:00:00
1766,ACC101766,Commercial Account 1766,Construction,CA,ACTIVE,2022-01-02,2022-01-28 09:00:00
1767,ACC101767,Commercial Account 1767,Manufacturing,TX,ACTIVE,2022-01-03,2022-01-30 09:00:00
1768,ACC101768,Commercial Account 1768,Technology,FL,ACTIVE,2022-01-04,2022-02-01 09:00:00
1769,ACC101769,Commercial Account 1769,Transportation,NY,ACTIVE,2022-01-05,2022-02-03 09:00:00
1770,ACC101770,Commercial Account 1770,Healthcare,IL,INACTIVE,2022-01-06,2022-01-06 09:00:00
1771,ACC101771,Commercial Account 1771,Hospitality,CA,ACTIVE,2022-01-07,2022-01-08 09:00:00
1772,ACC101772,Commercial Account 1772,Retail,TX,ACTIVE,2022-01-08,2022-01-10 09:00:00
1773,ACC101773,Commercial Account 1773,Construction,FL,ACTIVE,2022-01-09,2022-01-12 09:00:00
1774,ACC101774,Commercial Account 1774,Manufacturing,NY,ACTIVE,2022-01-10,2022-01-14 09:00:00
1775,ACC101775,Commercial Account 1775,Technology,IL,ACTIVE,2022-01-11,2022-01-16 09:00:00
1776,ACC101776,Commercial Account 1776,Transportation,CA,ACTIVE,2022-01-12,2022-01-18 09:00:00
1777,ACC101777,Commercial Account 1777,Healthcare,TX,ACTIVE,2022-01-13,2022-01-20 09:00:00
1778,ACC101778,Commercial Account 1778,Hospitality,FL,ACTIVE,2022-01-14,2022-01-22 09:00:00
1779,ACC101779,Commercial Account 1779,Retail,NY,ACTIVE,2022-01-15,2022-01-24 09:00:00
1780,ACC101780,Commercial Account 1780,Construction,IL,CLOSED,2022-01-16,2022-01-26 09:00:00
1781,ACC101781,Commercial Account 1781,Manufacturing,CA,ACTIVE,2022-01-17,2022-01-28 09:00:00
1782,ACC101782,Commercial Account 1782,Technology,TX,ACTIVE,2022-01-18,2022-01-30 09:00:00
1783,ACC101783,Commercial Account 1783,Transportation,FL,ACTIVE,2022-01-19,2022-02-01 09:00:00
1784,ACC101784,Commercial Account 1784,Healthcare,NY,ACTIVE,2022-01-20,2022-02-03 09:00:00
1785,ACC101785,Commercial Account 1785,Hospitality,IL,ACTIVE,2022-01-21,2022-02-05 09:00:00
1786,ACC101786,Commercial Account 1786,Retail,CA,ACTIVE,2022-01-22,2022-02-07 09:00:00
1787,ACC101787,Commercial Account 1787,Construction,TX,ACTIVE,2022-01-23,2022-02-09 09:00:00
1788,ACC101788,Commercial Account 1788,Manufacturing,FL,ACTIVE,2022-01-24,2022-02-11 09:00:00
1789,ACC101789,Commercial Account 1789,Technology,NY,ACTIVE,2022-01-25,2022-02-13 09:00:00
1790,ACC101790,Commercial Account 1790,Transportation,IL,INACTIVE,2022-01-26,2022-02-15 09:00:00
1791,ACC101791,Commercial Account 1791,Healthcare,CA,ACTIVE,2022-01-27,2022-02-17 09:00:00
1792,ACC101792,Commercial Account 1792,Hospitality,TX,ACTIVE,2022-01-28,2022-02-19 09:00:00
1793,ACC101793,Commercial Account 1793,Retail,FL,ACTIVE,2022-01-29,2022-02-21 09:00:00
1794,ACC101794,Commercial Account 1794,Construction,NY,ACTIVE,2022-01-30,2022-02-23 09:00:00
1795,ACC101795,Commercial Account 1795,Manufacturing,IL,ACTIVE,2022-01-31,2022-02-25 09:00:00
1796,ACC101796,Commercial Account 1796,Technology,CA,ACTIVE,2022-02-01,2022-02-27 09:00:00
1797,ACC101797,Commercial Account 1797,Transportation,TX,ACTIVE,2022-02-02,2022-03-01 09:00:00
1798,ACC101798,Commercial Account 1798,Healthcare,FL,ACTIVE,2022-02-03,2022-03-03 09:00:00
1799,ACC101799,Commercial Account 1799,Hospitality,NY,ACTIVE,2022-02-04,2022-03-05 09:00:00
1800,ACC101800,Commercial Account 1800,Retail,IL,CLOSED,2022-02-05,2022-02-05 09:00:00
1801,ACC101801,Commercial Account 1801,Construction,CA,ACTIVE,2022-02-06,2022-02-07 09:00:00
1802,ACC101802,Commercial Account 1802,Manufacturing,TX,ACTIVE,2022-02-07,2022-02-09 09:00:00
1803,ACC101803,Commercial Account 1803,Technology,FL,ACTIVE,2022-02-08,2022-02-11 09:00:00
1804,ACC101804,Commercial Account 1804,Transportation,NY,ACTIVE,2022-02-09,2022-02-13 09:00:00
1805,ACC101805,Commercial Account 1805,Healthcare,IL,ACTIVE,2022-02-10,2022-02-15 09:00:00
1806,ACC101806,Commercial Account 1806,Hospitality,CA,ACTIVE,2022-02-11,2022-02-17 09:00:00
1807,ACC101807,Commercial Account 1807,Retail,TX,ACTIVE,2022-02-12,2022-02-19 09:00:00
1808,ACC101808,Commercial Account 1808,Construction,FL,ACTIVE,2022-02-13,2022-02-21 09:00:00
1809,ACC101809,Commercial Account 1809,Manufacturing,NY,ACTIVE,2022-02-14,2022-02-23 09:00:00
1810,ACC101810,Commercial Account 1810,Technology,IL,INACTIVE,2022-02-15,2022-02-25 09:00:00
1811,ACC101811,Commercial Account 1811,Transportation,CA,ACTIVE,2022-02-16,2022-02-27 09:00:00
1812,ACC101812,Commercial Account 1812,Healthcare,TX,ACTIVE,2022-02-17,2022-03-01 09:00:00
1813,ACC101813,Commercial Account 1813,Hospitality,FL,ACTIVE,2022-02-18,2022-03-03 09:00:00
1814,ACC101814,Commercial Account 1814,Retail,NY,ACTIVE,2022-02-19,2022-03-05 09:00:00
1815,ACC101815,Commercial Account 1815,Construction,IL,ACTIVE,2022-02-20,2022-03-07 09:00:00
1816,ACC101816,Commercial Account 1816,Manufacturing,CA,ACTIVE,2022-02-21,2022-03-09 09:00:00
1817,ACC101817,Commercial Account 1817,Technology,TX,ACTIVE,2022-02-22,2022-03-11 09:00:00
1818,ACC101818,Commercial Account 1818,Transportation,FL,ACTIVE,2022-02-23,2022-03-13 09:00:00
1819,ACC101819,Commercial Account 1819,Healthcare,NY,ACTIVE,2022-02-24,2022-03-15 09:00:00
1820,ACC101820,Commercial Account 1820,Hospitality,IL,CLOSED,2022-02-25,2022-03-17 09:00:00
1821,ACC101821,Commercial Account 1821,Retail,CA,ACTIVE,2022-02-26,2022-03-19 09:00:00
1822,ACC101822,Commercial Account 1822,Construction,TX,ACTIVE,2022-02-27,2022-03-21 09:00:00
1823,ACC101823,Commercial Account 1823,Manufacturing,FL,ACTIVE,2022-02-28,2022-03-23 09:00:00
1824,ACC101824,Commercial Account 1824,Technology,NY,ACTIVE,2022-03-01,2022-03-25 09:00:00
1825,ACC101825,Commercial Account 1825,Transportation,IL,ACTIVE,2022-03-02,2022-03-27 09:00:00
1826,ACC101826,Commercial Account 1826,Healthcare,CA,ACTIVE,2022-03-03,2022-03-29 09:00:00
1827,ACC101827,Commercial Account 1827,Hospitality,TX,ACTIVE,2022-03-04,2022-03-31 09:00:00
1828,ACC101828,Commercial Account 1828,Retail,FL,ACTIVE,2022-03-05,2022-04-02 09:00:00
1829,ACC101829,Commercial Account 1829,Construction,NY,ACTIVE,2022-03-06,2022-04-04 09:00:00
1830,ACC101830,Commercial Account 1830,Manufacturing,IL,INACTIVE,2022-03-07,2022-03-07 09:00:00
1831,ACC101831,Commercial Account 1831,Technology,CA,ACTIVE,2022-03-08,2022-03-09 09:00:00
1832,ACC101832,Commercial Account 1832,Transportation,TX,ACTIVE,2022-03-09,2022-03-11 09:00:00
1833,ACC101833,Commercial Account 1833,Healthcare,FL,ACTIVE,2022-03-10,2022-03-13 09:00:00
1834,ACC101834,Commercial Account 1834,Hospitality,NY,ACTIVE,2022-03-11,2022-03-15 09:00:00
1835,ACC101835,Commercial Account 1835,Retail,IL,ACTIVE,2022-03-12,2022-03-17 09:00:00
1836,ACC101836,Commercial Account 1836,Construction,CA,ACTIVE,2022-03-13,2022-03-19 09:00:00
1837,ACC101837,Commercial Account 1837,Manufacturing,TX,ACTIVE,2022-03-14,2022-03-21 09:00:00
1838,ACC101838,Commercial Account 1838,Technology,FL,ACTIVE,2022-03-15,2022-03-23 09:00:00
1839,ACC101839,Commercial Account 1839,Transportation,NY,ACTIVE,2022-03-16,2022-03-25 09:00:00
1840,ACC101840,Commercial Account 1840,Healthcare,IL,CLOSED,2022-03-17,2022-03-27 09:00:00
1841,ACC101841,Commercial Account 1841,Hospitality,CA,ACTIVE,2022-03-18,2022-03-29 09:00:00
1842,ACC101842,Commercial Account 1842,Retail,TX,ACTIVE,2022-03-19,2022-03-31 09:00:00
1843,ACC101843,Commercial Account 1843,Construction,FL,ACTIVE,2022-03-20,2022-04-02 09:00:00
1844,ACC101844,Commercial Account 1844,Manufacturing,NY,ACTIVE,2022-03-21,2022-04-04 09:00:00
1845,ACC101845,Commercial Account 1845,Technology,IL,ACTIVE,2022-03-22,2022-04-06 09:00:00
1846,ACC101846,Commercial Account 1846,Transportation,CA,ACTIVE,2022-03-23,2022-04-08 09:00:00
1847,ACC101847,Commercial Account 1847,Healthcare,TX,ACTIVE,2022-03-24,2022-04-10 09:00:00
1848,ACC101848,Commercial Account 1848,Hospitality,FL,ACTIVE,2022-03-25,2022-04-12 09:00:00
1849,ACC101849,Commercial Account 1849,Retail,NY,ACTIVE,2022-03-26,2022-04-14 09:00:00
1850,ACC101850,Commercial Account 1850,Construction,IL,INACTIVE,2022-03-27,2022-04-16 09:00:00
1851,ACC101851,Commercial Account 1851,Manufacturing,CA,ACTIVE,2022-03-28,2022-04-18 09:00:00
1852,ACC101852,Commercial Account 1852,Technology,TX,ACTIVE,2022-03-29,2022-04-20 09:00:00
1853,ACC101853,Commercial Account 1853,Transportation,FL,ACTIVE,2022-03-30,2022-04-22 09:00:00
1854,ACC101854,Commercial Account 1854,Healthcare,NY,ACTIVE,2022-03-31,2022-04-24 09:00:00
1855,ACC101855,Commercial Account 1855,Hospitality,IL,ACTIVE,2022-04-01,2022-04-26 09:00:00
1856,ACC101856,Commercial Account 1856,Retail,CA,ACTIVE,2022-04-02,2022-04-28 09:00:00
1857,ACC101857,Commercial Account 1857,Construction,TX,ACTIVE,2022-04-03,2022-04-30 09:00:00
1858,ACC101858,Commercial Account 1858,Manufacturing,FL,ACTIVE,2022-04-04,2022-05-02 09:00:00
1859,ACC101859,Commercial Account 1859,Technology,NY,ACTIVE,2022-04-05,2022-05-04 09:00:00
1860,ACC101860,Commercial Account 1860,Transportation,IL,CLOSED,2022-04-06,2022-04-06 09:00:00
1861,ACC101861,Commercial Account 1861,Healthcare,CA,ACTIVE,2022-04-07,2022-04-08 09:00:00
1862,ACC101862,Commercial Account 1862,Hospitality,TX,ACTIVE,2022-04-08,2022-04-10 09:00:00
1863,ACC101863,Commercial Account 1863,Retail,FL,ACTIVE,2022-04-09,2022-04-12 09:00:00
1864,ACC101864,Commercial Account 1864,Construction,NY,ACTIVE,2022-04-10,2022-04-14 09:00:00
1865,ACC101865,Commercial Account 1865,Manufacturing,IL,ACTIVE,2022-04-11,2022-04-16 09:00:00
1866,ACC101866,Commercial Account 1866,Technology,CA,ACTIVE,2022-04-12,2022-04-18 09:00:00
1867,ACC101867,Commercial Account 1867,Transportation,TX,ACTIVE,2022-04-13,2022-04-20 09:00:00
1868,ACC101868,Commercial Account 1868,Healthcare,FL,ACTIVE,2022-04-14,2022-04-22 09:00:00
1869,ACC101869,Commercial Account 1869,Hospitality,NY,ACTIVE,2022-04-15,2022-04-24 09:00:00
1870,ACC101870,Commercial Account 1870,Retail,IL,INACTIVE,2022-04-16,2022-04-26 09:00:00
1871,ACC101871,Commercial Account 1871,Construction,CA,ACTIVE,2022-04-17,2022-04-28 09:00:00
1872,ACC101872,Commercial Account 1872,Manufacturing,TX,ACTIVE,2022-04-18,2022-04-30 09:00:00
1873,ACC101873,Commercial Account 1873,Technology,FL,ACTIVE,2022-04-19,2022-05-02 09:00:00
1874,ACC101874,Commercial Account 1874,Transportation,NY,ACTIVE,2022-04-20,2022-05-04 09:00:00
1875,ACC101875,Commercial Account 1875,Healthcare,IL,ACTIVE,2022-04-21,2022-05-06 09:00:00
1876,ACC101876,Commercial Account 1876,Hospitality,CA,ACTIVE,2022-04-22,2022-05-08 09:00:00
1877,ACC101877,Commercial Account 1877,Retail,TX,ACTIVE,2022-04-23,2022-05-10 09:00:00
1878,ACC101878,Commercial Account 1878,Construction,FL,ACTIVE,2022-04-24,2022-05-12 09:00:00
1879,ACC101879,Commercial Account 1879,Manufacturing,NY,ACTIVE,2022-04-25,2022-05-14 09:00:00
1880,ACC101880,Commercial Account 1880,Technology,IL,CLOSED,2022-04-26,2022-05-16 09:00:00
1881,ACC101881,Commercial Account 1881,Transportation,CA,ACTIVE,2022-04-27,2022-05-18 09:00:00
1882,ACC101882,Commercial Account 1882,Healthcare,TX,ACTIVE,2022-04-28,2022-05-20 09:00:00
1883,ACC101883,Commercial Account 1883,Hospitality,FL,ACTIVE,2022-04-29,2022-05-22 09:00:00
1884,ACC101884,Commercial Account 1884,Retail,NY,ACTIVE,2022-04-30,2022-05-24 09:00:00
1885,ACC101885,Commercial Account 1885,Construction,IL,ACTIVE,2022-05-01,2022-05-26 09:00:00
1886,ACC101886,Commercial Account 1886,Manufacturing,CA,ACTIVE,2022-05-02,2022-05-28 09:00:00
1887,ACC101887,Commercial Account 1887,Technology,TX,ACTIVE,2022-05-03,2022-05-30 09:00:00
1888,ACC101888,Commercial Account 1888,Transportation,FL,ACTIVE,2022-05-04,2022-06-01 09:00:00
1889,ACC101889,Commercial Account 1889,Healthcare,NY,ACTIVE,2022-05-05,2022-06-03 09:00:00
1890,ACC101890,Commercial Account 1890,Hospitality,IL,INACTIVE,2022-05-06,2022-05-06 09:00:00
1891,ACC101891,Commercial Account 1891,Retail,CA,ACTIVE,2022-05-07,2022-05-08 09:00:00
1892,ACC101892,Commercial Account 1892,Construction,TX,ACTIVE,2022-05-08,2022-05-10 09:00:00
1893,ACC101893,Commercial Account 1893,Manufacturing,FL,ACTIVE,2022-05-09,2022-05-12 09:00:00
1894,ACC101894,Commercial Account 1894,Technology,NY,ACTIVE,2022-05-10,2022-05-14 09:00:00
1895,ACC101895,Commercial Account 1895,Transportation,IL,ACTIVE,2022-05-11,2022-05-16 09:00:00
1896,ACC101896,Commercial Account 1896,Healthcare,CA,ACTIVE,2022-05-12,2022-05-18 09:00:00
1897,ACC101897,Commercial Account 1897,Hospitality,TX,ACTIVE,2022-05-13,2022-05-20 09:00:00
1898,ACC101898,Commercial Account 1898,Retail,FL,ACTIVE,2022-05-14,2022-05-22 09:00:00
1899,ACC101899,Commercial Account 1899,Construction,NY,ACTIVE,2022-05-15,2022-05-24 09:00:00
1900,ACC101900,Commercial Account 1900,Manufacturing,IL,CLOSED,2022-05-16,2022-05-26 09:00:00
1901,ACC101901,Commercial Account 1901,Technology,CA,ACTIVE,2022-05-17,2022-05-28 09:00:00
1902,ACC101902,Commercial Account 1902,Transportation,TX,ACTIVE,2022-05-18,2022-05-30 09:00:00
1903,ACC101903,Commercial Account 1903,Healthcare,FL,ACTIVE,2022-05-19,2022-06-01 09:00:00
1904,ACC101904,Commercial Account 1904,Hospitality,NY,ACTIVE,2022-05-20,2022-06-03 09:00:00
1905,ACC101905,Commercial Account 1905,Retail,IL,ACTIVE,2022-05-21,2022-06-05 09:00:00
1906,ACC101906,Commercial Account 1906,Construction,CA,ACTIVE,2022-05-22,2022-06-07 09:00:00
1907,ACC101907,Commercial Account 1907,Manufacturing,TX,ACTIVE,2022-05-23,2022-06-09 09:00:00
1908,ACC101908,Commercial Account 1908,Technology,FL,ACTIVE,2022-05-24,2022-06-11 09:00:00
1909,ACC101909,Commercial Account 1909,Transportation,NY,ACTIVE,2022-05-25,2022-06-13 09:00:00
1910,ACC101910,Commercial Account 1910,Healthcare,IL,INACTIVE,2022-05-26,2022-06-15 09:00:00
1911,ACC101911,Commercial Account 1911,Hospitality,CA,ACTIVE,2022-05-27,2022-06-17 09:00:00
1912,ACC101912,Commercial Account 1912,Retail,TX,ACTIVE,2022-05-28,2022-06-19 09:00:00
1913,ACC101913,Commercial Account 1913,Construction,FL,ACTIVE,2022-05-29,2022-06-21 09:00:00
1914,ACC101914,Commercial Account 1914,Manufacturing,NY,ACTIVE,2022-05-30,2022-06-23 09:00:00
1915,ACC101915,Commercial Account 1915,Technology,IL,ACTIVE,2022-05-31,2022-06-25 09:00:00
1916,ACC101916,Commercial Account 1916,Transportation,CA,ACTIVE,2022-06-01,2022-06-27 09:00:00
1917,ACC101917,Commercial Account 1917,Healthcare,TX,ACTIVE,2022-06-02,2022-06-29 09:00:00
1918,ACC101918,Commercial Account 1918,Hospitality,FL,ACTIVE,2022-06-03,2022-07-01 09:00:00
1919,ACC101919,Commercial Account 1919,Retail,NY,ACTIVE,2022-06-04,2022-07-03 09:00:00
1920,ACC101920,Commercial Account 1920,Construction,IL,CLOSED,2022-06-05,2022-06-05 09:00:00
1921,ACC101921,Commercial Account 1921,Manufacturing,CA,ACTIVE,2022-06-06,2022-06-07 09:00:00
1922,ACC101922,Commercial Account 1922,Technology,TX,ACTIVE,2022-06-07,2022-06-09 09:00:00
1923,ACC101923,Commercial Account 1923,Transportation,FL,ACTIVE,2022-06-08,2022-06-11 09:00:00
1924,ACC101924,Commercial Account 1924,Healthcare,NY,ACTIVE,2022-06-09,2022-06-13 09:00:00
1925,ACC101925,Commercial Account 1925,Hospitality,IL,ACTIVE,2022-06-10,2022-06-15 09:00:00
1926,ACC101926,Commercial Account 1926,Retail,CA,ACTIVE,2022-06-11,2022-06-17 09:00:00
1927,ACC101927,Commercial Account 1927,Construction,TX,ACTIVE,2022-06-12,2022-06-19 09:00:00
1928,ACC101928,Commercial Account 1928,Manufacturing,FL,ACTIVE,2022-06-13,2022-06-21 09:00:00
1929,ACC101929,Commercial Account 1929,Technology,NY,ACTIVE,2022-06-14,2022-06-23 09:00:00
1930,ACC101930,Commercial Account 1930,Transportation,IL,INACTIVE,2022-06-15,2022-06-25 09:00:00
1931,ACC101931,Commercial Account 1931,Healthcare,CA,ACTIVE,2022-06-16,2022-06-27 09:00:00
1932,ACC101932,Commercial Account 1932,Hospitality,TX,ACTIVE,2022-06-17,2022-06-29 09:00:00
1933,ACC101933,Commercial Account 1933,Retail,FL,ACTIVE,2022-06-18,2022-07-01 09:00:00
1934,ACC101934,Commercial Account 1934,Construction,NY,ACTIVE,2022-06-19,2022-07-03 09:00:00
1935,ACC101935,Commercial Account 1935,Manufacturing,IL,ACTIVE,2022-06-20,2022-07-05 09:00:00
1936,ACC101936,Commercial Account 1936,Technology,CA,ACTIVE,2022-06-21,2022-07-07 09:00:00
1937,ACC101937,Commercial Account 1937,Transportation,TX,ACTIVE,2022-06-22,2022-07-09 09:00:00
1938,ACC101938,Commercial Account 1938,Healthcare,FL,ACTIVE,2022-06-23,2022-07-11 09:00:00
1939,ACC101939,Commercial Account 1939,Hospitality,NY,ACTIVE,2022-06-24,2022-07-13 09:00:00
1940,ACC101940,Commercial Account 1940,Retail,IL,CLOSED,2022-06-25,2022-07-15 09:00:00
1941,ACC101941,Commercial Account 1941,Construction,CA,ACTIVE,2022-06-26,2022-07-17 09:00:00
1942,ACC101942,Commercial Account 1942,Manufacturing,TX,ACTIVE,2022-06-27,2022-07-19 09:00:00
1943,ACC101943,Commercial Account 1943,Technology,FL,ACTIVE,2022-06-28,2022-07-21 09:00:00
1944,ACC101944,Commercial Account 1944,Transportation,NY,ACTIVE,2022-06-29,2022-07-23 09:00:00
1945,ACC101945,Commercial Account 1945,Healthcare,IL,ACTIVE,2022-06-30,2022-07-25 09:00:00
1946,ACC101946,Commercial Account 1946,Hospitality,CA,ACTIVE,2022-07-01,2022-07-27 09:00:00
1947,ACC101947,Commercial Account 1947,Retail,TX,ACTIVE,2022-07-02,2022-07-29 09:00:00
1948,ACC101948,Commercial Account 1948,Construction,FL,ACTIVE,2022-07-03,2022-07-31 09:00:00
1949,ACC101949,Commercial Account 1949,Manufacturing,NY,ACTIVE,2022-07-04,2022-08-02 09:00:00
1950,ACC101950,Commercial Account 1950,Technology,IL,INACTIVE,2022-07-05,2022-07-05 09:00:00
1951,ACC101951,Commercial Account 1951,Transportation,CA,ACTIVE,2022-07-06,2022-07-07 09:00:00
1952,ACC101952,Commercial Account 1952,Healthcare,TX,ACTIVE,2022-07-07,2022-07-09 09:00:00
1953,ACC101953,Commercial Account 1953,Hospitality,FL,ACTIVE,2022-07-08,2022-07-11 09:00:00
1954,ACC101954,Commercial Account 1954,Retail,NY,ACTIVE,2022-07-09,2022-07-13 09:00:00
1955,ACC101955,Commercial Account 1955,Construction,IL,ACTIVE,2022-07-10,2022-07-15 09:00:00
1956,ACC101956,Commercial Account 1956,Manufacturing,CA,ACTIVE,2022-07-11,2022-07-17 09:00:00
1957,ACC101957,Commercial Account 1957,Technology,TX,ACTIVE,2022-07-12,2022-07-19 09:00:00
1958,ACC101958,Commercial Account 1958,Transportation,FL,ACTIVE,2022-07-13,2022-07-21 09:00:00
1959,ACC101959,Commercial Account 1959,Healthcare,NY,ACTIVE,2022-07-14,2022-07-23 09:00:00
1960,ACC101960,Commercial Account 1960,Hospitality,IL,CLOSED,2022-07-15,2022-07-25 09:00:00
1961,ACC101961,Commercial Account 1961,Retail,CA,ACTIVE,2022-07-16,2022-07-27 09:00:00
1962,ACC101962,Commercial Account 1962,Construction,TX,ACTIVE,2022-07-17,2022-07-29 09:00:00
1963,ACC101963,Commercial Account 1963,Manufacturing,FL,ACTIVE,2022-07-18,2022-07-31 09:00:00
1964,ACC101964,Commercial Account 1964,Technology,NY,ACTIVE,2022-07-19,2022-08-02 09:00:00
1965,ACC101965,Commercial Account 1965,Transportation,IL,ACTIVE,2022-07-20,2022-08-04 09:00:00
1966,ACC101966,Commercial Account 1966,Healthcare,CA,ACTIVE,2022-07-21,2022-08-06 09:00:00
1967,ACC101967,Commercial Account 1967,Hospitality,TX,ACTIVE,2022-07-22,2022-08-08 09:00:00
1968,ACC101968,Commercial Account 1968,Retail,FL,ACTIVE,2022-07-23,2022-08-10 09:00:00
1969,ACC101969,Commercial Account 1969,Construction,NY,ACTIVE,2022-07-24,2022-08-12 09:00:00
1970,ACC101970,Commercial Account 1970,Manufacturing,IL,INACTIVE,2022-07-25,2022-08-14 09:00:00
1971,ACC101971,Commercial Account 1971,Technology,CA,ACTIVE,2022-07-26,2022-08-16 09:00:00
1972,ACC101972,Commercial Account 1972,Transportation,TX,ACTIVE,2022-07-27,2022-08-18 09:00:00
1973,ACC101973,Commercial Account 1973,Healthcare,FL,ACTIVE,2022-07-28,2022-08-20 09:00:00
1974,ACC101974,Commercial Account 1974,Hospitality,NY,ACTIVE,2022-07-29,2022-08-22 09:00:00
1975,ACC101975,Commercial Account 1975,Retail,IL,ACTIVE,2022-07-30,2022-08-24 09:00:00
1976,ACC101976,Commercial Account 1976,Construction,CA,ACTIVE,2022-07-31,2022-08-26 09:00:00
1977,ACC101977,Commercial Account 1977,Manufacturing,TX,ACTIVE,2022-08-01,2022-08-28 09:00:00
1978,ACC101978,Commercial Account 1978,Technology,FL,ACTIVE,2022-08-02,2022-08-30 09:00:00
1979,ACC101979,Commercial Account 1979,Transportation,NY,ACTIVE,2022-08-03,2022-09-01 09:00:00
1980,ACC101980,Commercial Account 1980,Healthcare,IL,CLOSED,2022-08-04,2022-08-04 09:00:00
1981,ACC101981,Commercial Account 1981,Hospitality,CA,ACTIVE,2022-08-05,2022-08-06 09:00:00
1982,ACC101982,Commercial Account 1982,Retail,TX,ACTIVE,2022-08-06,2022-08-08 09:00:00
1983,ACC101983,Commercial Account 1983,Construction,FL,ACTIVE,2022-08-07,2022-08-10 09:00:00
1984,ACC101984,Commercial Account 1984,Manufacturing,NY,ACTIVE,2022-08-08,2022-08-12 09:00:00
1985,ACC101985,Commercial Account 1985,Technology,IL,ACTIVE,2022-08-09,2022-08-14 09:00:00
1986,ACC101986,Commercial Account 1986,Transportation,CA,ACTIVE,2022-08-10,2022-08-16 09:00:00
1987,ACC101987,Commercial Account 1987,Healthcare,TX,ACTIVE,2022-08-11,2022-08-18 09:00:00
1988,ACC101988,Commercial Account 1988,Hospitality,FL,ACTIVE,2022-08-12,2022-08-20 09:00:00
1989,ACC101989,Commercial Account 1989,Retail,NY,ACTIVE,2022-08-13,2022-08-22 09:00:00
1990,ACC101990,Commercial Account 1990,Construction,IL,INACTIVE,2022-08-14,2022-08-24 09:00:00
1991,ACC101991,Commercial Account 1991,Manufacturing,CA,ACTIVE,2022-08-15,2022-08-26 09:00:00
1992,ACC101992,Commercial Account 1992,Technology,TX,ACTIVE,2022-08-16,2022-08-28 09:00:00
1993,ACC101993,Commercial Account 1993,Transportation,FL,ACTIVE,2022-08-17,2022-08-30 09:00:00
1994,ACC101994,Commercial Account 1994,Healthcare,NY,ACTIVE,2022-08-18,2022-09-01 09:00:00
1995,ACC101995,Commercial Account 1995,Hospitality,IL,ACTIVE,2022-08-19,2022-09-03 09:00:00
1996,ACC101996,Commercial Account 1996,Retail,CA,ACTIVE,2022-08-20,2022-09-05 09:00:00
1997,ACC101997,Commercial Account 1997,Construction,TX,ACTIVE,2022-08-21,2022-09-07 09:00:00
1998,ACC101998,Commercial Account 1998,Manufacturing,FL,ACTIVE,2022-08-22,2022-09-09 09:00:00
1999,ACC101999,Commercial Account 1999,Technology,NY,ACTIVE,2022-08-23,2022-09-11 09:00:00
2000,ACC102000,Commercial Account 2000,Transportation,IL,CLOSED,2022-08-24,2022-09-13 09:00:00
