claim_id,policy_id,claim_number,claim_date,claim_status,claim_type,paid_amount,reserve_amount,recovery_amount,incurred_amount,loss_date,reported_date
1,1,CLM0000001,2022-01-02,OPEN,Collision,9591.4,1112.76,1375.15,9329.01,2021-12-26,2022-01-03
2,2,CLM0000002,2022-01-03,UNDER_REVIEW,Fire,11047.07,17079.14,4460.9,23665.31,2022-01-01,2022-01-07
3,3,CLM0000003,2022-01-04,APPROVED,Flood,6328.83,1230.03,1093.19,6465.67,2022-01-04,2022-01-08
4,4,CLM0000004,2022-01-05,REJECTED,Theft,2982.56,16422.17,2724.71,16680.02,2021-12-29,2022-01-08
5,5,CLM0000005,2022-01-06,CLOSED,Liability,8838.99,20331.05,32.49,29137.55,2022-01-01,2022-01-11
6,6,CLM0000006,2022-01-07,OPEN,Glass,6339.22,7307.85,1076.57,12570.5,2021-12-28,2022-01-07
7,7,CLM0000007,2022-01-08,UNDER_REVIEW,Windstorm,1391.19,2869.55,4237.47,23.27,2021-12-31,2022-01-08
8,8,CLM0000008,2022-01-09,APPROVED,Collision,10945.98,13637.59,4865.58,19717.99,2021-12-28,2022-01-09
9,9,CLM0000009,2022-01-10,REJECTED,Fire,8280.61,20820.41,3092.6,26008.42,2021-12-30,2022-01-14
10,10,CLM0000010,2022-01-11,CLOSED,Flood,2884.33,2204.1,3306.32,1782.11,2022-01-02,2022-01-11
11,11,CLM0000011,2022-01-12,OPEN,Theft,12829.77,21728.85,1900.63,32657.99,2021-12-29,2022-01-17
12,12,CLM0000012,2022-01-13,UNDER_REVIEW,Liability,12511.66,4485.03,1776.35,15220.34,2022-01-05,2022-01-18
13,13,CLM0000013,2022-01-14,APPROVED,Glass,14049.82,16376.87,3045.66,27381.03,2022-01-09,2022-01-18
14,14,CLM0000014,2022-01-15,REJECTED,Windstorm,10936.9,4503.36,1897.28,13542.98,2022-01-08,2022-01-20
15,15,CLM0000015,2022-01-16,CLOSED,Collision,4864.24,19323.68,279.69,23908.23,2022-01-15,2022-01-18
16,16,CLM0000016,2022-01-17,OPEN,Fire,6017.47,2121.62,4565.68,3573.41,2022-01-07,2022-01-18
17,17,CLM0000017,2022-01-18,UNDER_REVIEW,Flood,9831.58,10192.98,4572.74,15451.82,2022-01-04,2022-01-19
18,18,CLM0000018,2022-01-19,APPROVED,Theft,3973.2,6542.37,2806.84,7708.73,2022-01-11,2022-01-24
19,19,CLM0000019,2022-01-20,REJECTED,Liability,8768.79,22496.66,1997.0,29268.45,2022-01-13,2022-01-21
20,20,CLM0000020,2022-01-21,CLOSED,Glass,7642.89,2727.28,235.58,10134.59,2022-01-18,2022-01-22
21,21,CLM0000021,2022-01-22,OPEN,Windstorm,9411.69,19905.94,2110.8,27206.83,2022-01-20,2022-01-25
22,22,CLM0000022,2022-01-23,UNDER_REVIEW,Collision,5724.29,24904.97,2645.57,27983.69,2022-01-23,2022-01-28
23,23,CLM0000023,2022-01-24,APPROVED,Fire,10810.83,17201.9,2684.85,25327.88,2022-01-16,2022-01-29
24,24,CLM0000024,2022-01-25,REJECTED,Flood,5102.63,7690.75,790.79,12002.59,2022-01-25,2022-01-30
25,25,CLM0000025,2022-01-26,CLOSED,Theft,13137.79,6953.03,2502.93,17587.89,2022-01-21,2022-01-30
26,26,CLM0000026,2022-01-27,OPEN,Liability,13689.42,21827.7,1492.22,34024.9,2022-01-21,2022-01-28
27,27,CLM0000027,2022-01-28,UNDER_REVIEW,Glass,5608.71,4457.95,4767.5,5299.16,2022-01-28,2022-02-01
28,28,CLM0000028,2022-01-29,APPROVED,Windstorm,4862.34,977.18,4645.49,1194.03,2022-01-20,2022-01-30
29,29,CLM0000029,2022-01-30,REJECTED,Collision,868.88,22011.24,4734.75,18145.37,2022-01-28,2022-02-04
30,30,CLM0000030,2022-01-31,CLOSED,Fire,7289.86,2195.71,3803.01,5682.56,2022-01-27,2022-02-01
31,31,CLM0000031,2022-02-01,OPEN,Flood,9896.26,23697.79,825.63,32768.42,2022-01-19,2022-02-02
32,32,CLM0000032,2022-02-02,UNDER_REVIEW,Theft,13933.7,19004.0,3449.34,29488.36,2022-01-24,2022-02-05
33,33,CLM0000033,2022-02-03,APPROVED,Liability,14927.24,16422.01,2190.5,29158.75,2022-01-20,2022-02-03
34,34,CLM0000034,2022-02-04,REJECTED,Glass,3718.58,2068.63,105.17,5682.04,2022-01-28,2022-02-08
35,35,CLM0000035,2022-02-05,CLOSED,Windstorm,3303.26,2239.33,3155.51,2387.08,2022-01-29,2022-02-05
36,36,CLM0000036,2022-02-06,OPEN,Collision,13581.3,21561.07,354.29,34788.08,2022-01-30,2022-02-08
37,37,CLM0000037,2022-02-07,UNDER_REVIEW,Fire,10034.67,5748.8,661.56,15121.91,2022-01-23,2022-02-08
38,38,CLM0000038,2022-02-08,APPROVED,Flood,11769.29,20283.68,952.05,31100.92,2022-02-05,2022-02-13
39,39,CLM0000039,2022-02-09,REJECTED,Theft,6465.77,10877.68,2335.12,15008.33,2022-02-08,2022-02-14
40,40,CLM0000040,2022-02-10,CLOSED,Liability,9801.83,16331.4,303.06,25830.17,2022-01-31,2022-02-10
41,41,CLM0000041,2022-02-11,OPEN,Glass,3729.85,5160.12,2243.07,6646.9,2022-01-29,2022-02-12
42,42,CLM0000042,2022-02-12,UNDER_REVIEW,Windstorm,4178.18,6620.26,4616.33,6182.11,2022-01-29,2022-02-16
43,43,CLM0000043,2022-02-13,APPROVED,Collision,1468.63,16477.55,2702.94,15243.24,2022-02-13,2022-02-13
44,44,CLM0000044,2022-02-14,REJECTED,Fire,13895.5,21293.05,831.56,34356.99,2022-01-30,2022-02-17
45,45,CLM0000045,2022-02-15,CLOSED,Flood,3206.21,10325.49,293.18,13238.52,2022-02-03,2022-02-15
46,46,CLM0000046,2022-02-16,OPEN,Theft,14779.63,6997.47,3920.35,17856.75,2022-02-02,2022-02-18
47,47,CLM0000047,2022-02-17,UNDER_REVIEW,Liability,6345.11,23954.28,4977.11,25322.28,2022-02-02,2022-02-18
48,48,CLM0000048,2022-02-18,APPROVED,Glass,2848.47,5833.67,292.42,8389.72,2022-02-17,2022-02-23
49,49,CLM0000049,2022-02-19,REJECTED,Windstorm,4704.07,1728.49,2383.94,4048.62,2022-02-14,2022-02-19
50,50,CLM0000050,2022-02-20,CLOSED,Collision,14411.68,2462.73,929.12,15945.29,2022-02-18,2022-02-25
51,51,CLM0000051,2022-02-21,OPEN,Fire,12927.29,10392.5,4707.98,18611.81,2022-02-14,2022-02-25
52,52,CLM0000052,2022-02-22,UNDER_REVIEW,Flood,8917.79,15674.85,2096.12,22496.52,2022-02-12,2022-02-24
53,53,CLM0000053,2022-02-23,APPROVED,Theft,3063.89,18046.7,1193.43,19917.16,2022-02-11,2022-02-24
54,54,CLM0000054,2022-02-24,REJECTED,Liability,10075.35,7849.93,1580.89,16344.39,2022-02-22,2022-02-24
55,55,CLM0000055,2022-02-25,CLOSED,Glass,6874.28,24962.13,4980.48,26855.93,2022-02-23,2022-03-01
56,56,CLM0000056,2022-02-26,OPEN,Windstorm,3197.31,6997.41,4666.3,5528.42,2022-02-24,2022-02-27
57,57,CLM0000057,2022-02-27,UNDER_REVIEW,Collision,5542.91,4364.8,4168.72,5738.99,2022-02-18,2022-03-03
58,58,CLM0000058,2022-02-28,APPROVED,Fire,14757.8,20273.95,2644.7,32387.05,2022-02-19,2022-03-05
59,59,CLM0000059,2022-03-01,REJECTED,Flood,1553.8,22014.11,1322.33,22245.58,2022-02-26,2022-03-06
60,60,CLM0000060,2022-03-02,CLOSED,Theft,8298.35,7172.53,3024.15,12446.73,2022-02-20,2022-03-03
61,61,CLM0000061,2022-03-03,OPEN,Liability,10312.46,21396.36,2527.05,29181.77,2022-02-23,2022-03-03
62,62,CLM0000062,2022-03-04,UNDER_REVIEW,Glass,1384.48,10877.61,1383.4,10878.69,2022-03-04,2022-03-06
63,63,CLM0000063,2022-03-05,APPROVED,Windstorm,11566.79,16109.28,1309.78,26366.29,2022-02-19,2022-03-09
64,64,CLM0000064,2022-03-06,REJECTED,Collision,10585.01,14242.22,559.37,24267.86,2022-03-02,2022-03-10
65,65,CLM0000065,2022-03-07,CLOSED,Fire,540.42,9545.79,2762.63,7323.58,2022-02-22,2022-03-08
66,66,CLM0000066,2022-03-08,OPEN,Flood,627.43,9433.96,4665.44,5395.95,2022-03-07,2022-03-10
67,67,CLM0000067,2022-03-09,UNDER_REVIEW,Theft,3151.15,6613.48,513.97,9250.66,2022-02-24,2022-03-13
68,68,CLM0000068,2022-03-10,APPROVED,Liability,11242.16,23181.21,1183.69,33239.68,2022-03-05,2022-03-11
69,69,CLM0000069,2022-03-11,REJECTED,Glass,13221.24,1107.27,3682.82,10645.69,2022-03-01,2022-03-14
70,70,CLM0000070,2022-03-12,CLOSED,Windstorm,12033.53,21669.57,4053.75,29649.35,2022-03-04,2022-03-13
71,71,CLM0000071,2022-03-13,OPEN,Collision,11810.62,3148.34,4360.83,10598.13,2022-02-26,2022-03-14
72,72,CLM0000072,2022-03-14,UNDER_REVIEW,Fire,2993.59,23002.07,1748.29,24247.37,2022-03-07,2022-03-15
73,73,CLM0000073,2022-03-15,APPROVED,Flood,354.97,5231.68,1641.31,3945.34,2022-03-13,2022-03-17
74,74,CLM0000074,2022-03-16,REJECTED,Theft,5267.19,12980.44,3397.59,14850.04,2022-03-06,2022-03-16
75,75,CLM0000075,2022-03-17,CLOSED,Liability,1730.13,24274.81,892.84,25112.1,2022-03-09,2022-03-17
76,76,CLM0000076,2022-03-18,OPEN,Glass,1626.04,11146.81,3642.73,9130.12,2022-03-08,2022-03-21
77,77,CLM0000077,2022-03-19,UNDER_REVIEW,Windstorm,9093.13,13029.86,1925.98,20197.01,2022-03-13,2022-03-21
78,78,CLM0000078,2022-03-20,APPROVED,Collision,665.8,11183.41,2599.6,9249.61,2022-03-14,2022-03-22
79,79,CLM0000079,2022-03-21,REJECTED,Fire,6469.46,23747.42,4603.85,25613.03,2022-03-11,2022-03-26
80,80,CLM0000080,2022-03-22,CLOSED,Flood,12720.23,18133.98,1501.61,29352.6,2022-03-13,2022-03-27
81,81,CLM0000081,2022-03-23,OPEN,Theft,6125.89,10358.81,1478.28,15006.42,2022-03-19,2022-03-24
82,82,CLM0000082,2022-03-24,UNDER_REVIEW,Liability,6306.7,23538.91,3386.59,26459.02,2022-03-19,2022-03-28
83,83,CLM0000083,2022-03-25,APPROVED,Glass,8536.58,10448.84,4168.63,14816.79,2022-03-16,2022-03-27
84,84,CLM0000084,2022-03-26,REJECTED,Windstorm,3152.74,19751.09,3033.31,19870.52,2022-03-16,2022-03-29
85,85,CLM0000085,2022-03-27,CLOSED,Collision,6626.79,17052.87,2555.87,21123.79,2022-03-22,2022-04-01
86,86,CLM0000086,2022-03-28,OPEN,Fire,1271.93,13128.57,3164.7,11235.8,2022-03-18,2022-03-28
87,87,CLM0000087,2022-03-29,UNDER_REVIEW,Flood,12276.35,18902.88,3363.98,27815.25,2022-03-22,2022-03-30
88,88,CLM0000088,2022-03-30,APPROVED,Theft,2210.31,1632.24,4919.68,-1077.13,2022-03-28,2022-04-02
89,89,CLM0000089,2022-03-31,REJECTED,Liability,6216.62,15929.25,972.18,21173.69,2022-03-19,2022-04-03
90,90,CLM0000090,2022-04-01,CLOSED,Glass,5994.79,4115.5,3438.11,6672.18,2022-03-29,2022-04-04
91,91,CLM0000091,2022-04-02,OPEN,Windstorm,3282.62,20200.69,3479.56,20003.75,2022-03-19,2022-04-02
92,92,CLM0000092,2022-04-03,UNDER_REVIEW,Collision,8361.09,22978.02,606.79,30732.32,2022-03-30,2022-04-06
93,93,CLM0000093,2022-04-04,APPROVED,Fire,10013.67,24703.37,2977.26,31739.78,2022-03-21,2022-04-08
94,94,CLM0000094,2022-04-05,REJECTED,Flood,12225.1,22354.5,2133.7,32445.9,2022-03-22,2022-04-06
95,95,CLM0000095,2022-04-06,CLOSED,Theft,11154.83,12129.52,1295.96,21988.39,2022-03-30,2022-04-11
96,96,CLM0000096,2022-04-07,OPEN,Liability,4159.67,19553.03,2422.99,21289.71,2022-03-31,2022-04-09
97,97,CLM0000097,2022-04-08,UNDER_REVIEW,Glass,6598.09,17981.85,1172.47,23407.47,2022-03-29,2022-04-10
98,98,CLM0000098,2022-04-09,APPROVED,Windstorm,13395.4,2474.15,754.15,15115.4,2022-03-28,2022-04-14
99,99,CLM0000099,2022-04-10,REJECTED,Collision,2292.08,5741.85,2074.34,5959.59,2022-03-31,2022-04-14
100,100,CLM0000100,2022-04-11,CLOSED,Fire,6988.86,2025.51,4164.46,4849.91,2022-03-30,2022-04-15
101,101,CLM0000101,2022-04-12,OPEN,Flood,14190.93,978.53,4403.28,10766.18,2022-03-31,2022-04-15
102,102,CLM0000102,2022-04-13,UNDER_REVIEW,Theft,88.44,9118.09,3767.38,5439.15,2022-03-31,2022-04-17
103,103,CLM0000103,2022-04-14,APPROVED,Liability,11212.74,13880.24,3016.26,22076.72,2022-04-07,2022-04-17
104,104,CLM0000104,2022-04-15,REJECTED,Glass,3291.32,11177.98,145.12,14324.18,2022-04-05,2022-04-20
105,105,CLM0000105,2022-04-16,CLOSED,Windstorm,10187.13,10405.76,825.22,19767.67,2022-04-02,2022-04-17
106,106,CLM0000106,2022-04-17,OPEN,Collision,14710.83,13586.03,4534.64,23762.22,2022-04-17,2022-04-17
107,107,CLM0000107,2022-04-18,UNDER_REVIEW,Fire,9641.24,3824.64,2308.49,11157.39,2022-04-17,2022-04-20
108,108,CLM0000108,2022-04-19,APPROVED,Flood,5686.56,5685.68,1634.23,9738.01,2022-04-07,2022-04-21
109,109,CLM0000109,2022-04-20,REJECTED,Theft,11280.15,20882.14,1261.36,30900.93,2022-04-18,2022-04-23
110,110,CLM0000110,2022-04-21,CLOSED,Liability,290.75,13715.77,4999.54,9006.98,2022-04-10,2022-04-22
111,111,CLM0000111,2022-04-22,OPEN,Glass,9752.16,19640.21,3258.77,26133.6,2022-04-22,2022-04-23
112,112,CLM0000112,2022-04-23,UNDER_REVIEW,Windstorm,2990.41,999.31,761.91,3227.81,2022-04-19,2022-04-26
113,113,CLM0000113,2022-04-24,APPROVED,Collision,10041.88,14317.25,1089.82,23269.31,2022-04-16,2022-04-26
114,114,CLM0000114,2022-04-25,REJECTED,Fire,2516.84,15377.56,3739.63,14154.77,2022-04-22,2022-04-26
115,115,CLM0000115,2022-04-26,CLOSED,Flood,14470.81,3148.42,128.39,17490.84,2022-04-17,2022-04-30
116,116,CLM0000116,2022-04-27,OPEN,Theft,10160.21,23975.23,1983.27,32152.17,2022-04-21,2022-04-27
117,117,CLM0000117,2022-04-28,UNDER_REVIEW,Liability,8881.47,20849.01,1214.25,28516.23,2022-04-19,2022-05-03
118,118,CLM0000118,2022-04-29,APPROVED,Glass,9006.17,3465.85,4919.22,7552.8,2022-04-28,2022-05-01
119,119,CLM0000119,2022-04-30,REJECTED,Windstorm,7991.18,16707.27,344.78,24353.67,2022-04-20,2022-04-30
120,120,CLM0000120,2022-05-01,CLOSED,Collision,12743.63,20647.11,527.69,32863.05,2022-04-20,2022-05-06
121,121,CLM0000121,2022-05-02,OPEN,Fire,13373.63,11763.61,764.96,24372.28,2022-04-27,2022-05-07
122,122,CLM0000122,2022-05-03,UNDER_REVIEW,Flood,7826.2,16436.21,3079.56,21182.85,2022-04-18,2022-05-06
123,123,CLM0000123,2022-05-04,APPROVED,Theft,6533.62,18410.14,1341.98,23601.78,2022-04-27,2022-05-04
124,124,CLM0000124,2022-05-05,REJECTED,Liability,4183.92,11544.65,3752.38,11976.19,2022-04-23,2022-05-07
125,125,CLM0000125,2022-05-06,CLOSED,Glass,430.5,21348.34,909.2,20869.64,2022-04-30,2022-05-08
126,126,CLM0000126,2022-05-07,OPEN,Windstorm,11967.49,8838.3,4401.6,16404.19,2022-04-29,2022-05-11
127,127,CLM0000127,2022-05-08,UNDER_REVIEW,Collision,152.27,23727.53,428.06,23451.74,2022-04-25,2022-05-11
128,128,CLM0000128,2022-05-09,APPROVED,Fire,8327.64,6387.94,2380.47,12335.11,2022-04-24,2022-05-12
129,129,CLM0000129,2022-05-10,REJECTED,Flood,11893.99,2779.81,1107.98,13565.82,2022-05-03,2022-05-12
130,130,CLM0000130,2022-05-11,CLOSED,Theft,9959.4,9541.0,2767.36,16733.04,2022-04-30,2022-05-14
131,131,CLM0000131,2022-05-12,OPEN,Liability,14949.47,13984.52,1759.05,27174.94,2022-04-28,2022-05-14
132,132,CLM0000132,2022-05-13,UNDER_REVIEW,Glass,4599.34,6148.18,3606.42,7141.1,2022-05-03,2022-05-13
133,133,CLM0000133,2022-05-14,APPROVED,Windstorm,11143.22,23796.5,3450.82,31488.9,2022-05-08,2022-05-15
134,134,CLM0000134,2022-05-15,REJECTED,Collision,11079.07,7274.24,2947.93,15405.38,2022-05-06,2022-05-15
135,135,CLM0000135,2022-05-16,CLOSED,Fire,12489.43,7758.04,1804.41,18443.06,2022-05-07,2022-05-16
136,136,CLM0000136,2022-05-17,OPEN,Flood,10620.28,3601.28,227.58,13993.98,2022-05-16,2022-05-21
137,137,CLM0000137,2022-05-18,UNDER_REVIEW,Theft,4382.05,23630.2,3189.35,24822.9,2022-05-03,2022-05-18
138,138,CLM0000138,2022-05-19,APPROVED,Liability,13090.8,14564.57,2346.98,25308.39,2022-05-05,2022-05-21
139,139,CLM0000139,2022-05-20,REJECTED,Glass,2765.46,1758.73,4705.32,-181.13,2022-05-05,2022-05-20
140,140,CLM0000140,2022-05-21,CLOSED,Windstorm,12331.73,10317.33,370.41,22278.65,2022-05-20,2022-05-22
141,141,CLM0000141,2022-05-22,OPEN,Collision,2237.96,14289.57,1519.18,15008.35,2022-05-15,2022-05-22
142,142,CLM0000142,2022-05-23,UNDER_REVIEW,Fire,8371.1,10696.26,2980.63,16086.73,2022-05-16,2022-05-27
143,143,CLM0000143,2022-05-24,APPROVED,Flood,5705.67,22758.36,1486.77,26977.26,2022-05-11,2022-05-26
144,144,CLM0000144,2022-05-25,REJECTED,Theft,8529.44,1975.64,4800.54,5704.54,2022-05-22,2022-05-26
145,145,CLM0000145,2022-05-26,CLOSED,Liability,9382.73,6983.83,405.94,15960.62,2022-05-19,2022-05-27
146,146,CLM0000146,2022-05-27,OPEN,Glass,8279.88,4335.05,2042.59,10572.34,2022-05-12,2022-05-29
147,147,CLM0000147,2022-05-28,UNDER_REVIEW,Windstorm,489.6,7558.57,1413.59,6634.58,2022-05-14,2022-05-28
148,148,CLM0000148,2022-05-29,APPROVED,Collision,10310.77,23135.82,3939.14,29507.45,2022-05-23,2022-06-01
149,149,CLM0000149,2022-05-30,REJECTED,Fire,1721.64,6007.83,744.95,6984.52,2022-05-22,2022-05-31
150,150,CLM0000150,2022-05-31,CLOSED,Flood,1071.15,4565.11,1538.06,4098.2,2022-05-22,2022-06-03
151,151,CLM0000151,2022-06-01,OPEN,Theft,1865.3,17372.61,3498.67,15739.24,2022-05-24,2022-06-05
152,152,CLM0000152,2022-06-02,UNDER_REVIEW,Liability,8099.72,11225.09,2990.18,16334.63,2022-05-20,2022-06-07
153,153,CLM0000153,2022-06-03,APPROVED,Glass,4834.82,6634.01,456.63,11012.2,2022-06-03,2022-06-08
154,154,CLM0000154,2022-06-04,REJECTED,Windstorm,12321.32,14618.05,3815.55,23123.82,2022-05-30,2022-06-07
155,155,CLM0000155,2022-06-05,CLOSED,Collision,7784.46,11334.62,1390.78,17728.3,2022-05-23,2022-06-10
156,156,CLM0000156,2022-06-06,OPEN,Fire,12213.67,24241.85,2350.05,34105.47,2022-05-24,2022-06-08
157,157,CLM0000157,2022-06-07,UNDER_REVIEW,Flood,4815.87,3062.7,804.12,7074.45,2022-05-25,2022-06-12
158,158,CLM0000158,2022-06-08,APPROVED,Theft,7432.04,16733.3,2002.26,22163.08,2022-06-07,2022-06-11
159,159,CLM0000159,2022-06-09,REJECTED,Liability,1320.9,6683.77,579.61,7425.06,2022-05-28,2022-06-13
160,160,CLM0000160,2022-06-10,CLOSED,Glass,12373.91,528.2,4346.84,8555.27,2022-05-27,2022-06-13
161,161,CLM0000161,2022-06-11,OPEN,Windstorm,813.06,13201.77,3113.17,10901.66,2022-05-27,2022-06-16
162,162,CLM0000162,2022-06-12,UNDER_REVIEW,Collision,6630.61,1764.49,1335.28,7059.82,2022-06-08,2022-06-14
163,163,CLM0000163,2022-06-13,APPROVED,Fire,6571.74,17607.13,607.13,23571.74,2022-06-06,2022-06-18
164,164,CLM0000164,2022-06-14,REJECTED,Flood,2375.67,13995.56,2761.26,13609.97,2022-06-12,2022-06-15
165,165,CLM0000165,2022-06-15,CLOSED,Theft,14883.86,22866.78,2307.24,35443.4,2022-06-12,2022-06-20
166,166,CLM0000166,2022-06-16,OPEN,Liability,12482.15,12710.2,3583.02,21609.33,2022-06-08,2022-06-19
167,167,CLM0000167,2022-06-17,UNDER_REVIEW,Glass,12520.86,24515.99,1218.65,35818.2,2022-06-13,2022-06-20
168,168,CLM0000168,2022-06-18,APPROVED,Windstorm,2859.16,15184.75,3731.46,14312.45,2022-06-14,2022-06-18
169,169,CLM0000169,2022-06-19,REJECTED,Collision,4143.71,19855.15,2074.71,21924.15,2022-06-11,2022-06-19
170,170,CLM0000170,2022-06-20,CLOSED,Fire,4242.58,7814.62,2934.69,9122.51,2022-06-05,2022-06-21
171,171,CLM0000171,2022-06-21,OPEN,Flood,6698.21,12366.36,1662.2,17402.37,2022-06-09,2022-06-24
172,172,CLM0000172,2022-06-22,UNDER_REVIEW,Theft,13992.78,21805.24,4903.87,30894.15,2022-06-15,2022-06-26
173,173,CLM0000173,2022-06-23,APPROVED,Liability,5744.56,21472.32,2053.88,25163.0,2022-06-13,2022-06-28
174,174,CLM0000174,2022-06-24,REJECTED,Glass,7094.64,22879.04,1906.16,28067.52,2022-06-20,2022-06-27
175,175,CLM0000175,2022-06-25,CLOSED,Windstorm,14472.37,3593.03,4826.77,13238.63,2022-06-15,2022-06-25
176,176,CLM0000176,2022-06-26,OPEN,Collision,13112.86,11287.5,2629.76,21770.6,2022-06-12,2022-06-26
177,177,CLM0000177,2022-06-27,UNDER_REVIEW,Fire,10836.66,10544.48,3273.91,18107.23,2022-06-23,2022-06-27
178,178,CLM0000178,2022-06-28,APPROVED,Flood,7042.36,24245.49,1692.81,29595.04,2022-06-16,2022-07-03
179,179,CLM0000179,2022-06-29,REJECTED,Theft,1204.73,8549.86,3371.79,6382.8,2022-06-17,2022-07-01
180,180,CLM0000180,2022-06-30,CLOSED,Liability,9401.99,22242.25,2439.74,29204.5,2022-06-29,2022-07-04
181,181,CLM0000181,2022-07-01,OPEN,Glass,1026.31,15963.44,4604.65,12385.1,2022-06-24,2022-07-06
182,182,CLM0000182,2022-07-02,UNDER_REVIEW,Windstorm,1355.69,24469.27,3801.85,22023.11,2022-06-29,2022-07-05
183,183,CLM0000183,2022-07-03,APPROVED,Collision,2495.47,7836.92,144.74,10187.65,2022-06-23,2022-07-03
184,184,CLM0000184,2022-07-04,REJECTED,Fire,4400.52,9683.61,727.85,13356.28,2022-06-21,2022-07-08
185,185,CLM0000185,2022-07-05,CLOSED,Flood,10227.01,4911.39,875.35,14263.05,2022-06-23,2022-07-09
186,186,CLM0000186,2022-07-06,OPEN,Theft,10247.02,12692.85,2915.79,20024.08,2022-06-29,2022-07-09
187,187,CLM0000187,2022-07-07,UNDER_REVIEW,Liability,9568.57,11759.48,3334.2,17993.85,2022-06-23,2022-07-09
188,188,CLM0000188,2022-07-08,APPROVED,Glass,10164.16,4370.4,2208.65,12325.91,2022-06-27,2022-07-12
189,189,CLM0000189,2022-07-09,REJECTED,Windstorm,4487.31,24069.71,3451.57,25105.45,2022-06-25,2022-07-11
190,190,CLM0000190,2022-07-10,CLOSED,Collision,2988.25,9924.98,2416.04,10497.19,2022-07-03,2022-07-13
191,191,CLM0000191,2022-07-11,OPEN,Fire,8578.84,14582.89,4963.46,18198.27,2022-07-02,2022-07-11
192,192,CLM0000192,2022-07-12,UNDER_REVIEW,Flood,14669.17,16626.63,1372.4,29923.4,2022-07-11,2022-07-16
193,193,CLM0000193,2022-07-13,APPROVED,Theft,11177.58,20904.55,4514.67,27567.46,2022-07-06,2022-07-17
194,194,CLM0000194,2022-07-14,REJECTED,Liability,12028.98,5865.61,950.66,16943.93,2022-07-06,2022-07-19
195,195,CLM0000195,2022-07-15,CLOSED,Glass,11333.66,19303.03,3404.28,27232.41,2022-07-11,2022-07-20
196,196,CLM0000196,2022-07-16,OPEN,Windstorm,1457.46,15872.72,197.11,17133.07,2022-07-02,2022-07-16
197,197,CLM0000197,2022-07-17,UNDER_REVIEW,Collision,8693.61,18442.81,450.67,26685.75,2022-07-08,2022-07-19
198,198,CLM0000198,2022-07-18,APPROVED,Fire,11212.21,4803.18,660.8,15354.59,2022-07-07,2022-07-22
199,199,CLM0000199,2022-07-19,REJECTED,Flood,7526.92,7176.92,822.72,13881.12,2022-07-04,2022-07-21
200,200,CLM0000200,2022-07-20,CLOSED,Theft,11198.39,8798.52,575.85,19421.06,2022-07-18,2022-07-21
201,201,CLM0000201,2022-07-21,OPEN,Liability,11312.27,6027.56,3381.62,13958.21,2022-07-09,2022-07-25
202,202,CLM0000202,2022-07-22,UNDER_REVIEW,Glass,5486.63,19871.71,69.59,25288.75,2022-07-19,2022-07-25
203,203,CLM0000203,2022-07-23,APPROVED,Windstorm,5528.78,18850.78,1310.81,23068.75,2022-07-11,2022-07-28
204,204,CLM0000204,2022-07-24,REJECTED,Collision,14104.38,3154.48,1169.11,16089.75,2022-07-24,2022-07-28
205,205,CLM0000205,2022-07-25,CLOSED,Fire,13263.52,14254.48,4576.28,22941.72,2022-07-18,2022-07-30
206,206,CLM0000206,2022-07-26,OPEN,Flood,948.26,20684.46,4546.94,17085.78,2022-07-17,2022-07-31
207,207,CLM0000207,2022-07-27,UNDER_REVIEW,Theft,6124.44,3924.54,4731.31,5317.67,2022-07-18,2022-07-30
208,208,CLM0000208,2022-07-28,APPROVED,Liability,1741.81,6252.6,2687.73,5306.68,2022-07-16,2022-07-31
209,209,CLM0000209,2022-07-29,REJECTED,Glass,5565.17,23759.83,3482.42,25842.58,2022-07-16,2022-08-02
210,210,CLM0000210,2022-07-30,CLOSED,Windstorm,11134.04,4285.81,2074.42,13345.43,2022-07-27,2022-08-02
211,211,CLM0000211,2022-07-31,OPEN,Collision,9234.78,23506.8,1398.7,31342.88,2022-07-20,2022-08-01
212,212,CLM0000212,2022-08-01,UNDER_REVIEW,Fire,6650.75,23788.6,4277.25,26162.1,2022-07-29,2022-08-06
213,213,CLM0000213,2022-08-02,APPROVED,Flood,5510.02,22591.56,3224.13,24877.45,2022-08-01,2022-08-05
214,214,CLM0000214,2022-08-03,REJECTED,Theft,4138.22,24221.07,4745.05,23614.24,2022-07-20,2022-08-03
215,215,CLM0000215,2022-08-04,CLOSED,Liability,9941.53,16221.76,2985.73,23177.56,2022-08-04,2022-08-04
216,216,CLM0000216,2022-08-05,OPEN,Glass,11801.92,6467.44,629.62,17639.74,2022-07-30,2022-08-05
217,217,CLM0000217,2022-08-06,UNDER_REVIEW,Windstorm,12447.27,14078.09,2931.92,23593.44,2022-07-30,2022-08-08
218,218,CLM0000218,2022-08-07,APPROVED,Collision,11615.53,19821.77,2979.91,28457.39,2022-07-30,2022-08-08
219,219,CLM0000219,2022-08-08,REJECTED,Fire,14812.91,13735.28,3992.57,24555.62,2022-08-05,2022-08-13
220,220,CLM0000220,2022-08-09,CLOSED,Flood,12996.72,3729.18,1791.21,14934.69,2022-08-02,2022-08-13
221,221,CLM0000221,2022-08-10,OPEN,Theft,4856.57,4769.03,262.0,9363.6,2022-07-28,2022-08-14
222,222,CLM0000222,2022-08-11,UNDER_REVIEW,Liability,1704.74,2057.17,2241.38,1520.53,2022-07-31,2022-08-15
223,223,CLM0000223,2022-08-12,APPROVED,Glass,8904.99,11574.13,1107.75,19371.37,2022-08-11,2022-08-17
224,224,CLM0000224,2022-08-13,REJECTED,Windstorm,11748.4,21741.03,2607.26,30882.17,2022-07-30,2022-08-18
225,225,CLM0000225,2022-08-14,CLOSED,Collision,14460.39,1990.22,2394.91,14055.7,2022-08-02,2022-08-17
226,226,CLM0000226,2022-08-15,OPEN,Fire,10291.46,12511.59,4548.5,18254.55,2022-08-13,2022-08-15
227,227,CLM0000227,2022-08-16,UNDER_REVIEW,Flood,4831.68,4134.18,630.96,8334.9,2022-08-06,2022-08-19
228,228,CLM0000228,2022-08-17,APPROVED,Theft,14919.42,13498.64,2268.58,26149.48,2022-08-04,2022-08-17
229,229,CLM0000229,2022-08-18,REJECTED,Liability,11896.44,3303.14,3273.56,11926.02,2022-08-12,2022-08-21
230,230,CLM0000230,2022-08-19,CLOSED,Glass,6773.32,6098.09,1694.66,11176.75,2022-08-05,2022-08-22
231,231,CLM0000231,2022-08-20,OPEN,Windstorm,6239.84,2829.6,2133.82,6935.62,2022-08-12,2022-08-22
232,232,CLM0000232,2022-08-21,UNDER_REVIEW,Collision,14303.89,17327.12,2371.34,29259.67,2022-08-19,2022-08-21
233,233,CLM0000233,2022-08-22,APPROVED,Fire,1398.45,2865.83,3693.98,570.3,2022-08-18,2022-08-26
234,234,CLM0000234,2022-08-23,REJECTED,Flood,899.71,23937.3,2808.42,22028.59,2022-08-20,2022-08-26
235,235,CLM0000235,2022-08-24,CLOSED,Theft,5303.97,16800.84,3751.42,18353.39,2022-08-23,2022-08-26
236,236,CLM0000236,2022-08-25,OPEN,Liability,9006.15,9115.33,2889.59,15231.89,2022-08-19,2022-08-26
237,237,CLM0000237,2022-08-26,UNDER_REVIEW,Glass,9851.04,5994.0,541.09,15303.95,2022-08-15,2022-08-26
238,238,CLM0000238,2022-08-27,APPROVED,Windstorm,11439.08,14565.45,4036.11,21968.42,2022-08-27,2022-08-31
239,239,CLM0000239,2022-08-28,REJECTED,Collision,13936.26,20821.79,1337.24,33420.81,2022-08-23,2022-08-30
240,240,CLM0000240,2022-08-29,CLOSED,Fire,10540.48,8070.12,1699.12,16911.48,2022-08-29,2022-08-30
241,241,CLM0000241,2022-08-30,OPEN,Flood,13047.94,14374.87,2003.92,25418.89,2022-08-26,2022-09-04
242,242,CLM0000242,2022-08-31,UNDER_REVIEW,Theft,9497.58,1251.1,3730.56,7018.12,2022-08-25,2022-09-03
243,243,CLM0000243,2022-09-01,APPROVED,Liability,6297.49,8851.95,1850.27,13299.17,2022-08-22,2022-09-05
244,244,CLM0000244,2022-09-02,REJECTED,Glass,8943.36,22141.88,777.9,30307.34,2022-09-01,2022-09-07
245,245,CLM0000245,2022-09-03,CLOSED,Windstorm,1223.72,11356.27,2120.07,10459.92,2022-08-20,2022-09-06
246,246,CLM0000246,2022-09-04,OPEN,Collision,4097.5,18996.11,569.09,22524.52,2022-08-22,2022-09-04
247,247,CLM0000247,2022-09-05,UNDER_REVIEW,Fire,4248.7,17122.91,2433.16,18938.45,2022-08-27,2022-09-05
248,248,CLM0000248,2022-09-06,APPROVED,Flood,3307.78,24618.92,273.91,27652.79,2022-08-31,2022-09-08
249,249,CLM0000249,2022-09-07,REJECTED,Theft,14179.86,19300.06,3820.8,29659.12,2022-08-29,2022-09-09
250,250,CLM0000250,2022-09-08,CLOSED,Liability,1799.77,12685.94,2153.28,12332.43,2022-09-04,2022-09-11
251,251,CLM0000251,2022-09-09,OPEN,Glass,7988.74,6137.71,2793.62,11332.83,2022-08-29,2022-09-09
252,252,CLM0000252,2022-09-10,UNDER_REVIEW,Windstorm,5956.07,18680.01,2181.1,22454.98,2022-08-27,2022-09-10
253,253,CLM0000253,2022-09-11,APPROVED,Collision,12931.65,14606.1,2867.0,24670.75,2022-08-29,2022-09-13
254,254,CLM0000254,2022-09-12,REJECTED,Fire,1727.6,1010.99,1623.84,1114.75,2022-08-29,2022-09-17
255,255,CLM0000255,2022-09-13,CLOSED,Flood,13796.55,2659.18,4222.42,12233.31,2022-09-06,2022-09-16
256,256,CLM0000256,2022-09-14,OPEN,Theft,8833.07,13337.08,1978.83,20191.32,2022-09-05,2022-09-19
257,257,CLM0000257,2022-09-15,UNDER_REVIEW,Liability,5092.7,8660.18,840.66,12912.22,2022-09-12,2022-09-19
258,258,CLM0000258,2022-09-16,APPROVED,Glass,7649.28,22695.11,1746.88,28597.51,2022-09-12,2022-09-17
259,259,CLM0000259,2022-09-17,REJECTED,Windstorm,1542.07,6771.22,867.5,7445.79,2022-09-13,2022-09-22
260,260,CLM0000260,2022-09-18,CLOSED,Collision,1130.3,23806.66,3139.74,21797.22,2022-09-04,2022-09-22
261,261,CLM0000261,2022-09-19,OPEN,Fire,11398.16,11498.18,4620.77,18275.57,2022-09-09,2022-09-24
262,262,CLM0000262,2022-09-20,UNDER_REVIEW,Flood,4742.08,11274.19,2344.61,13671.66,2022-09-11,2022-09-22
263,263,CLM0000263,2022-09-21,APPROVED,Theft,8871.3,9122.58,370.95,17622.93,2022-09-07,2022-09-24
264,264,CLM0000264,2022-09-22,REJECTED,Liability,564.11,9534.07,1435.39,8662.79,2022-09-20,2022-09-26
265,265,CLM0000265,2022-09-23,CLOSED,Glass,8911.2,9919.82,2901.65,15929.37,2022-09-22,2022-09-26
266,266,CLM0000266,2022-09-24,OPEN,Windstorm,13635.75,14505.59,941.2,27200.14,2022-09-09,2022-09-28
267,267,CLM0000267,2022-09-25,UNDER_REVIEW,Collision,2262.92,2015.91,517.51,3761.32,2022-09-15,2022-09-30
268,268,CLM0000268,2022-09-26,APPROVED,Fire,1264.94,16330.11,195.71,17399.34,2022-09-12,2022-09-29
269,269,CLM0000269,2022-09-27,REJECTED,Flood,7861.03,15440.23,1819.49,21481.77,2022-09-18,2022-09-30
270,270,CLM0000270,2022-09-28,CLOSED,Theft,6131.54,8790.0,2989.43,11932.11,2022-09-18,2022-09-28
271,271,CLM0000271,2022-09-29,OPEN,Liability,4945.36,14170.1,1932.82,17182.64,2022-09-21,2022-10-04
272,272,CLM0000272,2022-09-30,UNDER_REVIEW,Glass,12773.49,24128.05,3013.5,33888.04,2022-09-26,2022-10-02
273,273,CLM0000273,2022-10-01,APPROVED,Windstorm,1222.53,16758.5,4583.73,13397.3,2022-09-22,2022-10-06
274,274,CLM0000274,2022-10-02,REJECTED,Collision,10477.2,10102.97,2975.21,17604.96,2022-09-30,2022-10-04
275,275,CLM0000275,2022-10-03,CLOSED,Fire,8383.83,16265.58,1642.38,23007.03,2022-09-29,2022-10-08
276,276,CLM0000276,2022-10-04,OPEN,Flood,10542.46,23704.16,4985.82,29260.8,2022-10-02,2022-10-09
277,277,CLM0000277,2022-10-05,UNDER_REVIEW,Theft,10056.84,12957.97,91.15,22923.66,2022-09-26,2022-10-06
278,278,CLM0000278,2022-10-06,APPROVED,Liability,14267.54,8872.44,3830.78,19309.2,2022-09-30,2022-10-07
279,279,CLM0000279,2022-10-07,REJECTED,Glass,14999.65,4296.16,1478.96,17816.85,2022-10-04,2022-10-11
280,280,CLM0000280,2022-10-08,CLOSED,Windstorm,11563.12,20960.44,4418.41,28105.15,2022-10-07,2022-10-13
281,281,CLM0000281,2022-10-09,OPEN,Collision,5051.47,19274.54,655.25,23670.76,2022-09-27,2022-10-10
282,282,CLM0000282,2022-10-10,UNDER_REVIEW,Fire,2433.71,20867.95,3855.49,19446.17,2022-10-05,2022-10-15
283,283,CLM0000283,2022-10-11,APPROVED,Flood,6565.1,10566.04,3381.81,13749.33,2022-10-04,2022-10-14
284,284,CLM0000284,2022-10-12,REJECTED,Theft,9158.93,18933.58,3919.0,24173.51,2022-10-05,2022-10-16
285,285,CLM0000285,2022-10-13,CLOSED,Liability,3587.53,24157.12,3921.85,23822.8,2022-10-07,2022-10-15
286,286,CLM0000286,2022-10-14,OPEN,Glass,10174.6,14475.28,2202.99,22446.89,2022-10-05,2022-10-17
287,287,CLM0000287,2022-10-15,UNDER_REVIEW,Windstorm,7543.6,10757.19,810.29,17490.5,2022-10-09,2022-10-19
288,288,CLM0000288,2022-10-16,APPROVED,Collision,2075.98,6625.08,3205.9,5495.16,2022-10-05,2022-10-20
289,289,CLM0000289,2022-10-17,REJECTED,Fire,14014.4,17929.32,2579.55,29364.17,2022-10-14,2022-10-19
290,290,CLM0000290,2022-10-18,CLOSED,Flood,1258.13,4427.65,2246.6,3439.18,2022-10-14,2022-10-21
291,291,CLM0000291,2022-10-19,OPEN,Theft,1375.7,22807.37,4083.52,20099.55,2022-10-08,2022-10-19
292,292,CLM0000292,2022-10-20,UNDER_REVIEW,Liability,6223.45,10213.12,1869.81,14566.76,2022-10-08,2022-10-20
293,293,CLM0000293,2022-10-21,APPROVED,Glass,5623.69,1190.59,4654.13,2160.15,2022-10-11,2022-10-22
294,294,CLM0000294,2022-10-22,REJECTED,Windstorm,2063.99,7528.55,4148.81,5443.73,2022-10-18,2022-10-27
295,295,CLM0000295,2022-10-23,CLOSED,Collision,7036.65,15576.03,4529.29,18083.39,2022-10-23,2022-10-25
296,296,CLM0000296,2022-10-24,OPEN,Fire,3234.82,4163.23,4701.13,2696.92,2022-10-11,2022-10-24
297,297,CLM0000297,2022-10-25,UNDER_REVIEW,Flood,11642.59,6322.19,609.24,17355.54,2022-10-18,2022-10-28
298,298,CLM0000298,2022-10-26,APPROVED,Theft,9584.28,15758.86,314.04,25029.1,2022-10-11,2022-10-30
299,299,CLM0000299,2022-10-27,REJECTED,Liability,8040.81,15982.9,2875.24,21148.47,2022-10-23,2022-10-29
300,300,CLM0000300,2022-10-28,CLOSED,Glass,6438.58,15562.83,1202.82,20798.59,2022-10-15,2022-10-29
301,301,CLM0000301,2022-10-29,OPEN,Windstorm,9965.57,2597.54,4873.27,7689.84,2022-10-27,2022-11-02
302,302,CLM0000302,2022-10-30,UNDER_REVIEW,Collision,8161.23,19767.1,2538.11,25390.22,2022-10-30,2022-11-02
303,303,CLM0000303,2022-10-31,APPROVED,Fire,13099.97,1566.59,1934.41,12732.15,2022-10-20,2022-11-02
304,304,CLM0000304,2022-11-01,REJECTED,Flood,11209.75,9248.8,337.8,20120.75,2022-10-25,2022-11-06
305,305,CLM0000305,2022-11-02,CLOSED,Theft,9856.57,3039.76,2909.52,9986.81,2022-10-23,2022-11-03
306,306,CLM0000306,2022-11-03,OPEN,Liability,665.04,13877.34,4067.54,10474.84,2022-10-29,2022-11-08
307,307,CLM0000307,2022-11-04,UNDER_REVIEW,Glass,6969.34,17537.04,3158.68,21347.7,2022-10-31,2022-11-04
308,308,CLM0000308,2022-11-05,APPROVED,Windstorm,10740.68,23618.33,184.92,34174.09,2022-10-30,2022-11-05
309,309,CLM0000309,2022-11-06,REJECTED,Collision,11866.64,22201.86,1577.98,32490.52,2022-10-28,2022-11-10
310,310,CLM0000310,2022-11-07,CLOSED,Fire,5973.36,20477.45,2367.0,24083.81,2022-11-06,2022-11-12
311,311,CLM0000311,2022-11-08,OPEN,Flood,2866.55,9245.87,3904.21,8208.21,2022-10-29,2022-11-10
312,312,CLM0000312,2022-11-09,UNDER_REVIEW,Theft,1867.13,9516.47,4447.43,6936.17,2022-10-26,2022-11-12
313,313,CLM0000313,2022-11-10,APPROVED,Liability,5085.55,5077.02,3460.34,6702.23,2022-10-30,2022-11-14
314,314,CLM0000314,2022-11-11,REJECTED,Glass,4000.81,2523.98,2122.5,4402.29,2022-10-29,2022-11-15
315,315,CLM0000315,2022-11-12,CLOSED,Windstorm,14926.47,4921.18,1468.83,18378.82,2022-11-09,2022-11-12
316,316,CLM0000316,2022-11-13,OPEN,Collision,4918.8,7743.18,2229.58,10432.4,2022-10-31,2022-11-14
317,317,CLM0000317,2022-11-14,UNDER_REVIEW,Fire,10346.47,9112.9,211.78,19247.59,2022-11-03,2022-11-18
318,318,CLM0000318,2022-11-15,APPROVED,Flood,14972.26,7226.61,4900.14,17298.73,2022-11-14,2022-11-15
319,319,CLM0000319,2022-11-16,REJECTED,Theft,10067.76,10452.15,2565.43,17954.48,2022-11-11,2022-11-16
320,320,CLM0000320,2022-11-17,CLOSED,Liability,2141.69,15385.54,3906.56,13620.67,2022-11-16,2022-11-18
321,321,CLM0000321,2022-11-18,OPEN,Glass,1008.5,19573.63,1831.64,18750.49,2022-11-06,2022-11-22
322,322,CLM0000322,2022-11-19,UNDER_REVIEW,Windstorm,485.78,4259.24,2249.61,2495.41,2022-11-08,2022-11-21
323,323,CLM0000323,2022-11-20,APPROVED,Collision,6659.09,2383.69,688.48,8354.3,2022-11-09,2022-11-23
324,324,CLM0000324,2022-11-21,REJECTED,Fire,4715.78,7327.9,4802.6,7241.08,2022-11-21,2022-11-26
325,325,CLM0000325,2022-11-22,CLOSED,Flood,2790.72,13184.76,4567.71,11407.77,2022-11-19,2022-11-24
326,326,CLM0000326,2022-11-23,OPEN,Theft,11624.47,17748.93,1072.85,28300.55,2022-11-14,2022-11-28
327,327,CLM0000327,2022-11-24,UNDER_REVIEW,Liability,13747.18,12534.4,613.19,25668.39,2022-11-22,2022-11-27
328,328,CLM0000328,2022-11-25,APPROVED,Glass,2589.85,17977.56,4986.31,15581.1,2022-11-15,2022-11-30
329,329,CLM0000329,2022-11-26,REJECTED,Windstorm,5211.38,2091.01,2710.86,4591.53,2022-11-17,2022-11-27
330,330,CLM0000330,2022-11-27,CLOSED,Collision,10677.14,23219.45,3188.5,30708.09,2022-11-16,2022-12-01
331,331,CLM0000331,2022-11-28,OPEN,Fire,3363.62,24635.75,3960.33,24039.04,2022-11-21,2022-12-01
332,332,CLM0000332,2022-11-29,UNDER_REVIEW,Flood,394.26,14073.53,1844.56,12623.23,2022-11-25,2022-12-03
333,333,CLM0000333,2022-11-30,APPROVED,Theft,13263.7,2110.83,1990.8,13383.73,2022-11-15,2022-12-04
334,334,CLM0000334,2022-12-01,REJECTED,Liability,6161.93,10531.12,2874.5,13818.55,2022-11-27,2022-12-03
335,335,CLM0000335,2022-12-02,CLOSED,Glass,9635.08,11524.38,3400.54,17758.92,2022-11-21,2022-12-03
336,336,CLM0000336,2022-12-03,OPEN,Windstorm,13169.4,19616.44,3198.97,29586.87,2022-11-28,2022-12-04
337,337,CLM0000337,2022-12-04,UNDER_REVIEW,Collision,6489.27,22812.45,277.06,29024.66,2022-12-01,2022-12-08
338,338,CLM0000338,2022-12-05,APPROVED,Fire,2295.23,4534.1,1613.3,5216.03,2022-11-28,2022-12-07
339,339,CLM0000339,2022-12-06,REJECTED,Flood,14212.25,13213.0,1420.24,26005.01,2022-12-04,2022-12-08
340,340,CLM0000340,2022-12-07,CLOSED,Theft,2944.53,23930.61,1372.26,25502.88,2022-11-28,2022-12-11
341,341,CLM0000341,2022-12-08,OPEN,Liability,8002.17,12813.04,843.18,19972.03,2022-12-04,2022-12-09
342,342,CLM0000342,2022-12-09,UNDER_REVIEW,Glass,9880.99,18155.5,3025.69,25010.8,2022-12-08,2022-12-09
343,343,CLM0000343,2022-12-10,APPROVED,Windstorm,1218.34,23739.4,3855.11,21102.63,2022-12-02,2022-12-15
344,344,CLM0000344,2022-12-11,REJECTED,Collision,3162.13,14517.36,3090.54,14588.95,2022-12-11,2022-12-14
345,345,CLM0000345,2022-12-12,CLOSED,Fire,13334.95,13866.65,3209.54,23992.06,2022-12-03,2022-12-15
346,346,CLM0000346,2022-12-13,OPEN,Flood,3673.17,20280.06,2030.46,21922.77,2022-11-29,2022-12-13
347,347,CLM0000347,2022-12-14,UNDER_REVIEW,Theft,10329.2,4372.97,2078.11,12624.06,2022-11-30,2022-12-15
348,348,CLM0000348,2022-12-15,APPROVED,Liability,5102.89,4019.88,4307.43,4815.34,2022-12-05,2022-12-20
349,349,CLM0000349,2022-12-16,REJECTED,Glass,14820.35,8961.58,1993.58,21788.35,2022-12-05,2022-12-20
350,350,CLM0000350,2022-12-17,CLOSED,Windstorm,8424.77,8318.34,2332.36,14410.75,2022-12-09,2022-12-20
351,351,CLM0000351,2022-12-18,OPEN,Collision,3718.78,2871.89,1451.06,5139.61,2022-12-06,2022-12-22
352,352,CLM0000352,2022-12-19,UNDER_REVIEW,Fire,6272.02,24085.8,4511.55,25846.27,2022-12-09,2022-12-23
353,353,CLM0000353,2022-12-20,APPROVED,Flood,10816.93,5150.94,796.71,15171.16,2022-12-06,2022-12-23
354,354,CLM0000354,2022-12-21,REJECTED,Theft,13186.13,12685.57,450.25,25421.45,2022-12-09,2022-12-25
355,355,CLM0000355,2022-12-22,CLOSED,Liability,6858.46,6397.85,2916.72,10339.59,2022-12-21,2022-12-22
356,356,CLM0000356,2022-12-23,OPEN,Glass,4220.35,15139.21,4214.25,15145.31,2022-12-08,2022-12-25
357,357,CLM0000357,2022-12-24,UNDER_REVIEW,Windstorm,8050.36,21255.72,2154.64,27151.44,2022-12-16,2022-12-29
358,358,CLM0000358,2022-12-25,APPROVED,Collision,5486.66,10379.72,226.21,15640.17,2022-12-24,2022-12-29
359,359,CLM0000359,2022-12-26,REJECTED,Fire,8427.25,9381.83,1443.01,16366.07,2022-12-14,2022-12-30
360,360,CLM0000360,2022-12-27,CLOSED,Flood,6755.32,13971.5,4126.56,16600.26,2022-12-24,2022-12-28
361,361,CLM0000361,2022-12-28,OPEN,Theft,14626.24,10150.64,3974.49,20802.39,2022-12-18,2023-01-01
362,362,CLM0000362,2022-12-29,UNDER_REVIEW,Liability,14084.23,18996.65,995.29,32085.59,2022-12-17,2023-01-02
363,363,CLM0000363,2022-12-30,APPROVED,Glass,603.82,1453.39,3567.96,-1510.75,2022-12-15,2023-01-03
364,364,CLM0000364,2022-12-31,REJECTED,Windstorm,6854.83,15353.38,2577.53,19630.68,2022-12-21,2023-01-04
365,365,CLM0000365,2023-01-01,CLOSED,Collision,4777.95,10127.39,3082.5,11822.84,2022-12-23,2023-01-05
366,366,CLM0000366,2023-01-02,OPEN,Fire,5045.6,20793.09,2661.7,23176.99,2022-12-24,2023-01-05
367,367,CLM0000367,2023-01-03,UNDER_REVIEW,Flood,12236.23,9524.77,3369.03,18391.97,2022-12-21,2023-01-07
368,368,CLM0000368,2023-01-04,APPROVED,Theft,4615.17,22519.79,4360.5,22774.46,2023-01-04,2023-01-08
369,369,CLM0000369,2023-01-05,REJECTED,Liability,7118.85,24193.23,3914.52,27397.56,2022-12-29,2023-01-10
370,370,CLM0000370,2023-01-06,CLOSED,Glass,770.33,12271.0,2621.16,10420.17,2022-12-25,2023-01-07
371,371,CLM0000371,2023-01-07,OPEN,Windstorm,12324.92,6433.82,2862.85,15895.89,2023-01-04,2023-01-08
372,372,CLM0000372,2023-01-08,UNDER_REVIEW,Collision,284.06,8185.47,757.16,7712.37,2023-01-02,2023-01-11
373,373,CLM0000373,2023-01-09,APPROVED,Fire,7527.29,15481.21,2358.03,20650.47,2023-01-08,2023-01-14
374,374,CLM0000374,2023-01-10,REJECTED,Flood,2071.24,5579.87,1625.25,6025.86,2022-12-26,2023-01-14
375,375,CLM0000375,2023-01-11,CLOSED,Theft,5652.37,23938.79,2298.32,27292.84,2023-01-01,2023-01-15
376,376,CLM0000376,2023-01-12,OPEN,Liability,5314.3,19413.75,3604.62,21123.43,2023-01-04,2023-01-16
377,377,CLM0000377,2023-01-13,UNDER_REVIEW,Glass,7262.7,23954.77,1395.03,29822.44,2023-01-04,2023-01-14
378,378,CLM0000378,2023-01-14,APPROVED,Windstorm,14122.28,24565.38,3855.87,34831.79,2023-01-08,2023-01-19
379,379,CLM0000379,2023-01-15,REJECTED,Collision,10574.82,8267.5,1744.02,17098.3,2023-01-07,2023-01-17
380,380,CLM0000380,2023-01-16,CLOSED,Fire,1828.11,17077.25,1898.47,17006.89,2023-01-04,2023-01-18
381,381,CLM0000381,2023-01-17,OPEN,Flood,14319.13,20213.09,1452.26,33079.96,2023-01-08,2023-01-22
382,382,CLM0000382,2023-01-18,UNDER_REVIEW,Theft,1185.44,23138.24,3279.86,21043.82,2023-01-03,2023-01-19
383,383,CLM0000383,2023-01-19,APPROVED,Liability,3031.02,13695.16,4665.12,12061.06,2023-01-11,2023-01-20
384,384,CLM0000384,2023-01-20,REJECTED,Glass,1638.4,18651.83,1196.41,19093.82,2023-01-19,2023-01-25
385,385,CLM0000385,2023-01-21,CLOSED,Windstorm,13577.76,6028.96,1164.18,18442.54,2023-01-18,2023-01-24
386,386,CLM0000386,2023-01-22,OPEN,Collision,4954.4,12073.9,3405.96,13622.34,2023-01-18,2023-01-22
387,387,CLM0000387,2023-01-23,UNDER_REVIEW,Fire,14467.78,24458.81,789.71,38136.88,2023-01-08,2023-01-26
388,388,CLM0000388,2023-01-24,APPROVED,Flood,9758.08,19019.82,1436.23,27341.67,2023-01-15,2023-01-29
389,389,CLM0000389,2023-01-25,REJECTED,Theft,887.44,19333.76,3261.49,16959.71,2023-01-18,2023-01-29
390,390,CLM0000390,2023-01-26,CLOSED,Liability,11080.3,21333.16,186.49,32226.97,2023-01-21,2023-01-29
391,391,CLM0000391,2023-01-27,OPEN,Glass,13233.67,4806.82,4598.17,13442.32,2023-01-15,2023-01-30
392,392,CLM0000392,2023-01-28,UNDER_REVIEW,Windstorm,2794.67,18850.58,4361.45,17283.8,2023-01-19,2023-01-28
393,393,CLM0000393,2023-01-29,APPROVED,Collision,139.01,14415.07,536.5,14017.58,2023-01-19,2023-01-31
394,394,CLM0000394,2023-01-30,REJECTED,Fire,6815.24,16212.15,2621.59,20405.8,2023-01-26,2023-02-03
395,395,CLM0000395,2023-01-31,CLOSED,Flood,7020.31,5223.88,563.23,11680.96,2023-01-26,2023-02-05
396,396,CLM0000396,2023-02-01,OPEN,Theft,6883.72,6802.99,931.0,12755.71,2023-01-22,2023-02-03
397,397,CLM0000397,2023-02-02,UNDER_REVIEW,Liability,8516.72,19053.43,877.47,26692.68,2023-01-21,2023-02-05
398,398,CLM0000398,2023-02-03,APPROVED,Glass,7729.21,2625.08,3346.28,7008.01,2023-01-29,2023-02-04
399,399,CLM0000399,2023-02-04,REJECTED,Windstorm,7161.81,23427.72,34.15,30555.38,2023-01-23,2023-02-05
400,400,CLM0000400,2023-02-05,CLOSED,Collision,6701.03,7041.36,1648.13,12094.26,2023-02-05,2023-02-07
401,401,CLM0000401,2023-02-06,OPEN,Fire,9805.25,17472.83,310.62,26967.46,2023-02-03,2023-02-09
402,402,CLM0000402,2023-02-07,UNDER_REVIEW,Flood,4602.1,10432.71,2512.6,12522.21,2023-01-29,2023-02-12
403,403,CLM0000403,2023-02-08,APPROVED,Theft,1761.24,22945.19,1475.19,23231.24,2023-02-01,2023-02-09
404,404,CLM0000404,2023-02-09,REJECTED,Liability,14360.41,12215.46,2274.89,24300.98,2023-01-29,2023-02-12
405,405,CLM0000405,2023-02-10,CLOSED,Glass,10529.11,22863.52,3786.75,29605.88,2023-02-04,2023-02-11
406,406,CLM0000406,2023-02-11,OPEN,Windstorm,10205.13,15097.45,3936.85,21365.73,2023-01-28,2023-02-15
407,407,CLM0000407,2023-02-12,UNDER_REVIEW,Collision,10556.49,2413.52,2820.84,10149.17,2023-02-11,2023-02-16
408,408,CLM0000408,2023-02-13,APPROVED,Fire,13543.32,5452.84,2683.3,16312.86,2023-02-08,2023-02-15
409,409,CLM0000409,2023-02-14,REJECTED,Flood,12817.29,11325.09,3401.48,20740.9,2023-01-30,2023-02-14
410,410,CLM0000410,2023-02-15,CLOSED,Theft,13483.34,11414.33,278.18,24619.49,2023-02-11,2023-02-19
411,411,CLM0000411,2023-02-16,OPEN,Liability,6231.37,14315.82,2793.99,17753.2,2023-02-07,2023-02-21
412,412,CLM0000412,2023-02-17,UNDER_REVIEW,Glass,326.56,6734.2,15.08,7045.68,2023-02-11,2023-02-21
413,413,CLM0000413,2023-02-18,APPROVED,Windstorm,1095.44,10880.59,3501.92,8474.11,2023-02-17,2023-02-18
414,414,CLM0000414,2023-02-19,REJECTED,Collision,14792.06,12065.74,1435.45,25422.35,2023-02-14,2023-02-20
415,415,CLM0000415,2023-02-20,CLOSED,Fire,11487.42,24469.17,3229.4,32727.19,2023-02-07,2023-02-22
416,416,CLM0000416,2023-02-21,OPEN,Flood,14892.85,9870.75,4348.1,20415.5,2023-02-09,2023-02-24
417,417,CLM0000417,2023-02-22,UNDER_REVIEW,Theft,1203.75,24121.54,4372.77,20952.52,2023-02-18,2023-02-27
418,418,CLM0000418,2023-02-23,APPROVED,Liability,12904.3,3406.51,4964.23,11346.58,2023-02-11,2023-02-27
419,419,CLM0000419,2023-02-24,REJECTED,Glass,1910.21,24478.75,4174.11,22214.85,2023-02-24,2023-02-26
420,420,CLM0000420,2023-02-25,CLOSED,Windstorm,6945.06,18117.8,2120.64,22942.22,2023-02-13,2023-02-26
421,421,CLM0000421,2023-02-26,OPEN,Collision,3712.68,8980.91,1378.25,11315.34,2023-02-23,2023-02-26
422,422,CLM0000422,2023-02-27,UNDER_REVIEW,Fire,12142.17,10771.39,3830.27,19083.29,2023-02-27,2023-02-28
423,423,CLM0000423,2023-02-28,APPROVED,Flood,3091.22,2971.97,167.88,5895.31,2023-02-27,2023-03-01
424,424,CLM0000424,2023-03-01,REJECTED,Theft,11108.12,10355.5,1171.7,20291.92,2023-02-23,2023-03-01
425,425,CLM0000425,2023-03-02,CLOSED,Liability,2102.03,24840.34,1170.81,25771.56,2023-02-20,2023-03-06
426,426,CLM0000426,2023-03-03,OPEN,Glass,8968.77,16977.03,1603.33,24342.47,2023-02-22,2023-03-04
427,427,CLM0000427,2023-03-04,UNDER_REVIEW,Windstorm,14785.43,13270.65,2067.8,25988.28,2023-02-24,2023-03-04
428,428,CLM0000428,2023-03-05,APPROVED,Collision,8350.77,14995.84,3676.06,19670.55,2023-02-28,2023-03-10
429,429,CLM0000429,2023-03-06,REJECTED,Fire,10181.25,14118.34,234.42,24065.17,2023-02-23,2023-03-11
430,430,CLM0000430,2023-03-07,CLOSED,Flood,10070.14,19752.21,1593.67,28228.68,2023-02-22,2023-03-10
431,431,CLM0000431,2023-03-08,OPEN,Theft,2238.26,9723.27,3772.08,8189.45,2023-02-21,2023-03-09
432,432,CLM0000432,2023-03-09,UNDER_REVIEW,Liability,12740.11,7868.04,3537.88,17070.27,2023-02-23,2023-03-09
433,433,CLM0000433,2023-03-10,APPROVED,Glass,8435.79,24210.76,2786.43,29860.12,2023-03-06,2023-03-13
434,434,CLM0000434,2023-03-11,REJECTED,Windstorm,3642.88,5481.75,3233.53,5891.1,2023-02-25,2023-03-13
435,435,CLM0000435,2023-03-12,CLOSED,Collision,1386.96,18252.33,952.41,18686.88,2023-03-04,2023-03-15
436,436,CLM0000436,2023-03-13,OPEN,Fire,10105.08,15271.59,4368.1,21008.57,2023-03-07,2023-03-17
437,437,CLM0000437,2023-03-14,UNDER_REVIEW,Flood,10864.58,14191.84,2396.97,22659.45,2023-03-04,2023-03-16
438,438,CLM0000438,2023-03-15,APPROVED,Theft,14355.3,875.68,4685.8,10545.18,2023-03-12,2023-03-20
439,439,CLM0000439,2023-03-16,REJECTED,Liability,14993.58,12233.56,1212.97,26014.17,2023-03-10,2023-03-19
440,440,CLM0000440,2023-03-17,CLOSED,Glass,13726.9,14025.94,3877.57,23875.27,2023-03-05,2023-03-20
441,441,CLM0000441,2023-03-18,OPEN,Windstorm,8004.75,9301.86,1307.81,15998.8,2023-03-03,2023-03-21
442,442,CLM0000442,2023-03-19,UNDER_REVIEW,Collision,1479.12,24542.3,2347.45,23673.97,2023-03-09,2023-03-20
443,443,CLM0000443,2023-03-20,APPROVED,Fire,5560.57,10641.29,2812.62,13389.24,2023-03-13,2023-03-25
444,444,CLM0000444,2023-03-21,REJECTED,Flood,2188.84,6888.97,4673.79,4404.02,2023-03-08,2023-03-23
445,445,CLM0000445,2023-03-22,CLOSED,Theft,2286.17,8581.7,1899.2,8968.67,2023-03-15,2023-03-25
446,446,CLM0000446,2023-03-23,OPEN,Liability,8259.64,23614.88,1687.82,30186.7,2023-03-08,2023-03-28
447,447,CLM0000447,2023-03-24,UNDER_REVIEW,Glass,9625.42,12519.59,841.17,21303.84,2023-03-13,2023-03-25
448,448,CLM0000448,2023-03-25,APPROVED,Windstorm,2099.38,13890.39,920.24,15069.53,2023-03-24,2023-03-29
449,449,CLM0000449,2023-03-26,REJECTED,Collision,507.36,21244.09,4725.94,17025.51,2023-03-25,2023-03-26
450,450,CLM0000450,2023-03-27,CLOSED,Fire,6185.88,21142.35,1157.17,26171.06,2023-03-23,2023-03-27
451,451,CLM0000451,2023-03-28,OPEN,Flood,3280.8,11672.24,302.25,14650.79,2023-03-13,2023-04-02
452,452,CLM0000452,2023-03-29,UNDER_REVIEW,Theft,7317.82,662.0,2758.22,5221.6,2023-03-29,2023-03-29
453,453,CLM0000453,2023-03-30,APPROVED,Liability,7941.26,7231.15,4887.4,10285.01,2023-03-30,2023-04-03
454,454,CLM0000454,2023-03-31,REJECTED,Glass,12197.36,17013.81,4030.84,25180.33,2023-03-26,2023-03-31
455,455,CLM0000455,2023-04-01,CLOSED,Windstorm,13770.73,13347.44,1204.84,25913.33,2023-03-24,2023-04-03
456,456,CLM0000456,2023-04-02,OPEN,Collision,4009.87,10223.96,1865.26,12368.57,2023-03-21,2023-04-05
457,457,CLM0000457,2023-04-03,UNDER_REVIEW,Fire,8475.03,24760.71,1129.29,32106.45,2023-04-01,2023-04-08
458,458,CLM0000458,2023-04-04,APPROVED,Flood,14875.12,16422.41,158.42,31139.11,2023-03-23,2023-04-07
459,459,CLM0000459,2023-04-05,REJECTED,Theft,5657.54,12162.12,3183.74,14635.92,2023-03-31,2023-04-05
460,460,CLM0000460,2023-04-06,CLOSED,Liability,7497.88,11130.79,3921.88,14706.79,2023-04-03,2023-04-10
461,461,CLM0000461,2023-04-07,OPEN,Glass,13787.28,6129.28,4506.36,15410.2,2023-03-23,2023-04-09
462,462,CLM0000462,2023-04-08,UNDER_REVIEW,Windstorm,698.43,2321.53,4627.92,-1607.96,2023-04-07,2023-04-09
463,463,CLM0000463,2023-04-09,APPROVED,Collision,13931.5,8204.87,4807.35,17329.02,2023-04-05,2023-04-14
464,464,CLM0000464,2023-04-10,REJECTED,Fire,12313.54,23257.44,1496.38,34074.6,2023-04-03,2023-04-14
465,465,CLM0000465,2023-04-11,CLOSED,Flood,12519.76,10034.34,4482.63,18071.47,2023-04-01,2023-04-14
466,466,CLM0000466,2023-04-12,OPEN,Theft,11334.14,3928.79,4942.39,10320.54,2023-04-10,2023-04-16
467,467,CLM0000467,2023-04-13,UNDER_REVIEW,Liability,11181.85,8973.56,488.43,19666.98,2023-04-06,2023-04-13
468,468,CLM0000468,2023-04-14,APPROVED,Glass,5108.89,19340.64,4774.29,19675.24,2023-04-02,2023-04-16
469,469,CLM0000469,2023-04-15,REJECTED,Windstorm,444.38,7196.51,4962.93,2677.96,2023-03-31,2023-04-16
470,470,CLM0000470,2023-04-16,CLOSED,Collision,5337.17,23558.0,2159.24,26735.93,2023-04-04,2023-04-16
471,471,CLM0000471,2023-04-17,OPEN,Fire,11582.51,7736.8,1232.25,18087.06,2023-04-15,2023-04-17
472,472,CLM0000472,2023-04-18,UNDER_REVIEW,Flood,4019.58,9810.0,3919.45,9910.13,2023-04-14,2023-04-23
473,473,CLM0000473,2023-04-19,APPROVED,Theft,5844.33,9337.16,457.6,14723.89,2023-04-10,2023-04-22
474,474,CLM0000474,2023-04-20,REJECTED,Liability,5398.76,7109.28,662.54,11845.5,2023-04-15,2023-04-23
475,475,CLM0000475,2023-04-21,CLOSED,Glass,6732.66,14091.13,2040.22,18783.57,2023-04-21,2023-04-21
476,476,CLM0000476,2023-04-22,OPEN,Windstorm,5308.71,2780.07,2990.22,5098.56,2023-04-12,2023-04-25
477,477,CLM0000477,2023-04-23,UNDER_REVIEW,Collision,185.11,10638.35,3895.85,6927.61,2023-04-16,2023-04-27
478,478,CLM0000478,2023-04-24,APPROVED,Fire,7816.57,17290.24,847.51,24259.3,2023-04-16,2023-04-26
479,479,CLM0000479,2023-04-25,REJECTED,Flood,4026.1,4075.4,836.04,7265.46,2023-04-17,2023-04-28
480,480,CLM0000480,2023-04-26,CLOSED,Theft,4496.28,19675.33,1805.62,22365.99,2023-04-19,2023-05-01
481,481,CLM0000481,2023-04-27,OPEN,Liability,9375.51,15048.26,977.74,23446.03,2023-04-24,2023-04-28
482,482,CLM0000482,2023-04-28,UNDER_REVIEW,Glass,4569.87,23746.17,1661.09,26654.95,2023-04-16,2023-04-30
483,483,CLM0000483,2023-04-29,APPROVED,Windstorm,6603.34,11050.1,4117.68,13535.76,2023-04-25,2023-05-01
484,484,CLM0000484,2023-04-30,REJECTED,Collision,4809.98,23708.33,1004.26,27514.05,2023-04-20,2023-05-01
485,485,CLM0000485,2023-05-01,CLOSED,Fire,14468.62,24233.77,1457.24,37245.15,2023-04-16,2023-05-05
486,486,CLM0000486,2023-05-02,OPEN,Flood,11729.62,8484.21,1401.5,18812.33,2023-04-20,2023-05-04
487,487,CLM0000487,2023-05-03,UNDER_REVIEW,Theft,1708.32,14314.34,2961.14,13061.52,2023-04-28,2023-05-08
488,488,CLM0000488,2023-05-04,APPROVED,Liability,11514.27,1159.44,3636.07,9037.64,2023-04-28,2023-05-07
489,489,CLM0000489,2023-05-05,REJECTED,Glass,11965.28,20866.4,345.79,32485.89,2023-04-22,2023-05-10
490,490,CLM0000490,2023-05-06,CLOSED,Windstorm,7489.55,16016.73,1210.11,22296.17,2023-05-02,2023-05-11
491,491,CLM0000491,2023-05-07,OPEN,Collision,6346.92,9736.28,2245.33,13837.87,2023-04-22,2023-05-11
492,492,CLM0000492,2023-05-08,UNDER_REVIEW,Fire,6012.08,12912.01,4601.96,14322.13,2023-04-25,2023-05-12
493,493,CLM0000493,2023-05-09,APPROVED,Flood,551.48,24226.49,3508.17,21269.8,2023-05-07,2023-05-09
494,494,CLM0000494,2023-05-10,REJECTED,Theft,11534.31,16611.24,1775.04,26370.51,2023-05-09,2023-05-14
495,495,CLM0000495,2023-05-11,CLOSED,Liability,14754.12,17098.06,1998.09,29854.09,2023-05-01,2023-05-14
496,496,CLM0000496,2023-05-12,OPEN,Glass,1589.17,2915.86,1110.01,3395.02,2023-05-05,2023-05-15
497,497,CLM0000497,2023-05-13,UNDER_REVIEW,Windstorm,5611.79,11845.05,3397.78,14059.06,2023-05-09,2023-05-15
498,498,CLM0000498,2023-05-14,APPROVED,Collision,14965.54,12327.89,1477.16,25816.27,2023-05-12,2023-05-14
499,499,CLM0000499,2023-05-15,REJECTED,Fire,12469.77,18388.69,1741.64,29116.82,2023-05-05,2023-05-18
500,500,CLM0000500,2023-05-16,CLOSED,Flood,11764.05,13267.31,1741.5,23289.86,2023-05-13,2023-05-19
501,501,CLM0000501,2023-05-17,OPEN,Theft,10829.91,11584.96,335.87,22079.0,2023-05-16,2023-05-22
502,502,CLM0000502,2023-05-18,UNDER_REVIEW,Liability,1726.28,21304.91,3239.85,19791.34,2023-05-13,2023-05-23
503,503,CLM0000503,2023-05-19,APPROVED,Glass,3658.69,4774.1,800.68,7632.11,2023-05-06,2023-05-22
504,504,CLM0000504,2023-05-20,REJECTED,Windstorm,3477.83,10423.66,922.26,12979.23,2023-05-07,2023-05-23
505,505,CLM0000505,2023-05-21,CLOSED,Collision,437.88,15545.62,986.62,14996.88,2023-05-08,2023-05-24
506,506,CLM0000506,2023-05-22,OPEN,Fire,66.75,5762.5,1391.72,4437.53,2023-05-20,2023-05-26
507,507,CLM0000507,2023-05-23,UNDER_REVIEW,Flood,1526.28,21863.49,934.8,22454.97,2023-05-13,2023-05-24
508,508,CLM0000508,2023-05-24,APPROVED,Theft,6863.26,6927.66,4313.18,9477.74,2023-05-14,2023-05-28
509,509,CLM0000509,2023-05-25,REJECTED,Liability,5829.59,10117.33,571.16,15375.76,2023-05-14,2023-05-28
510,510,CLM0000510,2023-05-26,CLOSED,Glass,9260.44,20436.59,3529.94,26167.09,2023-05-17,2023-05-30
511,511,CLM0000511,2023-05-27,OPEN,Windstorm,8852.53,16966.7,1565.93,24253.3,2023-05-20,2023-05-29
512,512,CLM0000512,2023-05-28,UNDER_REVIEW,Collision,1754.23,9646.0,706.79,10693.44,2023-05-16,2023-05-31
513,513,CLM0000513,2023-05-29,APPROVED,Fire,8946.39,14582.75,2115.19,21413.95,2023-05-14,2023-06-03
514,514,CLM0000514,2023-05-30,REJECTED,Flood,8060.69,23019.44,4653.47,26426.66,2023-05-25,2023-06-03
515,515,CLM0000515,2023-05-31,CLOSED,Theft,2502.98,7576.45,935.49,9143.94,2023-05-17,2023-06-04
516,516,CLM0000516,2023-06-01,OPEN,Liability,804.17,9296.46,47.92,10052.71,2023-05-28,2023-06-02
517,517,CLM0000517,2023-06-02,UNDER_REVIEW,Glass,12228.24,24113.81,2527.19,33814.86,2023-05-18,2023-06-05
518,518,CLM0000518,2023-06-03,APPROVED,Windstorm,10270.45,10682.95,4199.46,16753.94,2023-05-19,2023-06-04
519,519,CLM0000519,2023-06-04,REJECTED,Collision,1240.06,1256.09,3805.28,-1309.13,2023-05-26,2023-06-04
520,520,CLM0000520,2023-06-05,CLOSED,Fire,4122.79,13671.41,841.04,16953.16,2023-05-22,2023-06-09
521,521,CLM0000521,2023-06-06,OPEN,Flood,11137.77,19265.03,2748.63,27654.17,2023-06-03,2023-06-10
522,522,CLM0000522,2023-06-07,UNDER_REVIEW,Theft,1713.1,19490.27,4116.41,17086.96,2023-05-27,2023-06-11
523,523,CLM0000523,2023-06-08,APPROVED,Liability,12339.16,1519.46,3594.9,10263.72,2023-06-02,2023-06-11
524,524,CLM0000524,2023-06-09,REJECTED,Glass,1536.25,20836.73,3756.73,18616.25,2023-05-31,2023-06-09
525,525,CLM0000525,2023-06-10,CLOSED,Windstorm,6745.99,9040.14,4083.64,11702.49,2023-05-27,2023-06-10
526,526,CLM0000526,2023-06-11,OPEN,Collision,11634.47,6305.18,4053.51,13886.14,2023-05-31,2023-06-16
527,527,CLM0000527,2023-06-12,UNDER_REVIEW,Fire,9153.93,10990.09,3080.76,17063.26,2023-06-06,2023-06-13
528,528,CLM0000528,2023-06-13,APPROVED,Flood,12081.61,14466.82,2661.4,23887.03,2023-06-08,2023-06-15
529,529,CLM0000529,2023-06-14,REJECTED,Theft,14685.0,7669.55,2863.68,19490.87,2023-06-11,2023-06-15
530,530,CLM0000530,2023-06-15,CLOSED,Liability,14441.58,19749.43,4593.84,29597.17,2023-06-07,2023-06-20
531,531,CLM0000531,2023-06-16,OPEN,Glass,1903.32,21718.93,1248.39,22373.86,2023-06-06,2023-06-17
532,532,CLM0000532,2023-06-17,UNDER_REVIEW,Windstorm,11422.1,17067.75,2447.29,26042.56,2023-06-09,2023-06-22
533,533,CLM0000533,2023-06-18,APPROVED,Collision,6213.38,11573.8,3168.14,14619.04,2023-06-16,2023-06-21
534,534,CLM0000534,2023-06-19,REJECTED,Fire,7734.2,7316.53,4681.68,10369.05,2023-06-08,2023-06-22
535,535,CLM0000535,2023-06-20,CLOSED,Flood,14253.81,8518.59,12.37,22760.03,2023-06-18,2023-06-25
536,536,CLM0000536,2023-06-21,OPEN,Theft,14582.25,16053.59,3486.44,27149.4,2023-06-19,2023-06-25
537,537,CLM0000537,2023-06-22,UNDER_REVIEW,Liability,5965.74,24219.15,4124.24,26060.65,2023-06-07,2023-06-24
538,538,CLM0000538,2023-06-23,APPROVED,Glass,4842.98,7448.03,2736.55,9554.46,2023-06-19,2023-06-27
539,539,CLM0000539,2023-06-24,REJECTED,Windstorm,12786.34,19813.44,4470.77,28129.01,2023-06-23,2023-06-24
540,540,CLM0000540,2023-06-25,CLOSED,Collision,1493.62,19705.3,2297.91,18901.01,2023-06-22,2023-06-26
541,541,CLM0000541,2023-06-26,OPEN,Fire,6619.29,516.56,4790.16,2345.69,2023-06-20,2023-07-01
542,542,CLM0000542,2023-06-27,UNDER_REVIEW,Flood,13641.11,22112.62,1509.33,34244.4,2023-06-19,2023-06-27
543,543,CLM0000543,2023-06-28,APPROVED,Theft,9818.82,6634.54,1859.22,14594.14,2023-06-23,2023-06-28
544,544,CLM0000544,2023-06-29,REJECTED,Liability,5945.12,7984.98,3497.21,10432.89,2023-06-22,2023-07-02
545,545,CLM0000545,2023-06-30,CLOSED,Glass,9832.28,17740.6,5.43,27567.45,2023-06-15,2023-06-30
546,546,CLM0000546,2023-07-01,OPEN,Windstorm,1990.5,6041.68,3399.91,4632.27,2023-07-01,2023-07-01
547,547,CLM0000547,2023-07-02,UNDER_REVIEW,Collision,10433.96,20519.17,4940.77,26012.36,2023-06-19,2023-07-07
548,548,CLM0000548,2023-07-03,APPROVED,Fire,1982.63,2235.29,1915.35,2302.57,2023-06-30,2023-07-03
549,549,CLM0000549,2023-07-04,REJECTED,Flood,4700.27,22084.23,685.65,26098.85,2023-06-30,2023-07-09
550,550,CLM0000550,2023-07-05,CLOSED,Theft,14894.1,3999.9,2652.54,16241.46,2023-07-05,2023-07-09
551,551,CLM0000551,2023-07-06,OPEN,Liability,9750.3,11282.44,3612.16,17420.58,2023-07-02,2023-07-09
552,552,CLM0000552,2023-07-07,UNDER_REVIEW,Glass,9241.14,11338.4,1086.22,19493.32,2023-07-04,2023-07-08
553,553,CLM0000553,2023-07-08,APPROVED,Windstorm,11286.68,14944.56,1920.16,24311.08,2023-06-25,2023-07-10
554,554,CLM0000554,2023-07-09,REJECTED,Collision,11866.15,6570.77,3223.1,15213.82,2023-07-02,2023-07-13
555,555,CLM0000555,2023-07-10,CLOSED,Fire,9014.99,18168.9,1424.6,25759.29,2023-07-10,2023-07-15
556,556,CLM0000556,2023-07-11,OPEN,Flood,13137.41,5533.42,3034.63,15636.2,2023-07-05,2023-07-16
557,557,CLM0000557,2023-07-12,UNDER_REVIEW,Theft,5876.27,16331.16,3919.01,18288.42,2023-07-05,2023-07-15
558,558,CLM0000558,2023-07-13,APPROVED,Liability,5788.28,6406.5,3190.41,9004.37,2023-07-11,2023-07-17
559,559,CLM0000559,2023-07-14,REJECTED,Glass,13330.87,795.64,1805.49,12321.02,2023-07-04,2023-07-15
560,560,CLM0000560,2023-07-15,CLOSED,Windstorm,5802.57,21054.85,2104.32,24753.1,2023-07-10,2023-07-18
561,561,CLM0000561,2023-07-16,OPEN,Collision,14316.79,19373.99,83.45,33607.33,2023-07-14,2023-07-16
562,562,CLM0000562,2023-07-17,UNDER_REVIEW,Fire,3932.78,1475.76,302.34,5106.2,2023-07-05,2023-07-21
563,563,CLM0000563,2023-07-18,APPROVED,Flood,4297.32,17959.41,3835.55,18421.18,2023-07-05,2023-07-23
564,564,CLM0000564,2023-07-19,REJECTED,Theft,6034.16,16193.16,2688.28,19539.04,2023-07-15,2023-07-21
565,565,CLM0000565,2023-07-20,CLOSED,Liability,1253.96,2436.03,4604.62,-914.63,2023-07-16,2023-07-24
566,566,CLM0000566,2023-07-21,OPEN,Glass,4901.25,14867.71,3816.12,15952.84,2023-07-19,2023-07-23
567,567,CLM0000567,2023-07-22,UNDER_REVIEW,Windstorm,10480.14,18383.98,4232.34,24631.78,2023-07-21,2023-07-23
568,568,CLM0000568,2023-07-23,APPROVED,Collision,1293.19,11144.85,2266.86,10171.18,2023-07-22,2023-07-25
569,569,CLM0000569,2023-07-24,REJECTED,Fire,9991.19,16622.28,878.23,25735.24,2023-07-24,2023-07-29
570,570,CLM0000570,2023-07-25,CLOSED,Flood,2058.18,778.09,2482.06,354.21,2023-07-14,2023-07-29
571,571,CLM0000571,2023-07-26,OPEN,Theft,7758.34,20651.42,1296.23,27113.53,2023-07-15,2023-07-27
572,572,CLM0000572,2023-07-27,UNDER_REVIEW,Liability,11246.65,21899.77,3664.68,29481.74,2023-07-24,2023-07-27
573,573,CLM0000573,2023-07-28,APPROVED,Glass,5025.17,11018.45,2619.27,13424.35,2023-07-20,2023-08-02
574,574,CLM0000574,2023-07-29,REJECTED,Windstorm,14625.76,15874.55,2480.74,28019.57,2023-07-18,2023-07-29
575,575,CLM0000575,2023-07-30,CLOSED,Collision,7494.15,14388.71,1838.44,20044.42,2023-07-22,2023-07-30
576,576,CLM0000576,2023-07-31,OPEN,Fire,13414.03,17015.95,576.67,29853.31,2023-07-31,2023-07-31
577,577,CLM0000577,2023-08-01,UNDER_REVIEW,Flood,12880.34,801.06,229.91,13451.49,2023-07-21,2023-08-04
578,578,CLM0000578,2023-08-02,APPROVED,Theft,13803.4,4884.54,4801.71,13886.23,2023-08-01,2023-08-06
579,579,CLM0000579,2023-08-03,REJECTED,Liability,12046.73,17993.51,3278.52,26761.72,2023-07-27,2023-08-05
580,580,CLM0000580,2023-08-04,CLOSED,Glass,3723.95,22938.44,1599.68,25062.71,2023-08-02,2023-08-08
581,581,CLM0000581,2023-08-05,OPEN,Windstorm,5592.12,12800.0,4509.71,13882.41,2023-07-31,2023-08-06
582,582,CLM0000582,2023-08-06,UNDER_REVIEW,Collision,12065.07,24544.64,4770.4,31839.31,2023-08-04,2023-08-09
583,583,CLM0000583,2023-08-07,APPROVED,Fire,12990.48,19451.42,1553.49,30888.41,2023-08-05,2023-08-11
584,584,CLM0000584,2023-08-08,REJECTED,Flood,6851.19,9538.52,1457.98,14931.73,2023-07-30,2023-08-13
585,585,CLM0000585,2023-08-09,CLOSED,Theft,9340.76,11866.2,2958.45,18248.51,2023-07-25,2023-08-10
586,586,CLM0000586,2023-08-10,OPEN,Liability,10986.95,13890.7,3979.87,20897.78,2023-08-06,2023-08-10
587,587,CLM0000587,2023-08-11,UNDER_REVIEW,Glass,13985.96,1085.8,2707.73,12364.03,2023-08-11,2023-08-13
588,588,CLM0000588,2023-08-12,APPROVED,Windstorm,21.93,16603.94,4245.03,12380.84,2023-08-03,2023-08-12
589,589,CLM0000589,2023-08-13,REJECTED,Collision,3077.92,24586.34,2099.08,25565.18,2023-08-12,2023-08-14
590,590,CLM0000590,2023-08-14,CLOSED,Fire,10674.79,2779.15,4606.37,8847.57,2023-08-01,2023-08-19
591,591,CLM0000591,2023-08-15,OPEN,Flood,13433.67,11732.22,3739.5,21426.39,2023-08-12,2023-08-19
592,592,CLM0000592,2023-08-16,UNDER_REVIEW,Theft,2002.71,20589.09,374.15,22217.65,2023-08-15,2023-08-19
593,593,CLM0000593,2023-08-17,APPROVED,Liability,9936.66,3702.35,1458.38,12180.63,2023-08-07,2023-08-20
594,594,CLM0000594,2023-08-18,REJECTED,Glass,10510.88,18516.15,1590.29,27436.74,2023-08-10,2023-08-19
595,595,CLM0000595,2023-08-19,CLOSED,Windstorm,1120.31,5466.46,3899.68,2687.09,2023-08-16,2023-08-20
596,596,CLM0000596,2023-08-20,OPEN,Collision,1584.87,11514.39,1570.17,11529.09,2023-08-17,2023-08-24
597,597,CLM0000597,2023-08-21,UNDER_REVIEW,Fire,5374.31,19373.25,2259.59,22487.97,2023-08-07,2023-08-23
598,598,CLM0000598,2023-08-22,APPROVED,Flood,12787.23,2715.31,4037.98,11464.56,2023-08-13,2023-08-27
599,599,CLM0000599,2023-08-23,REJECTED,Theft,10453.17,1488.08,4179.62,7761.63,2023-08-13,2023-08-24
600,600,CLM0000600,2023-08-24,CLOSED,Liability,1368.19,6581.36,1778.71,6170.84,2023-08-23,2023-08-29
601,601,CLM0000601,2023-08-25,OPEN,Glass,4482.61,20592.2,869.34,24205.47,2023-08-13,2023-08-28
602,602,CLM0000602,2023-08-26,UNDER_REVIEW,Windstorm,8339.31,13977.96,473.63,21843.64,2023-08-23,2023-08-27
603,603,CLM0000603,2023-08-27,APPROVED,Collision,1821.8,2010.9,3904.8,-72.1,2023-08-20,2023-08-28
604,604,CLM0000604,2023-08-28,REJECTED,Fire,2972.0,10314.25,3431.43,9854.82,2023-08-26,2023-09-01
605,605,CLM0000605,2023-08-29,CLOSED,Flood,8791.78,22977.0,374.94,31393.84,2023-08-27,2023-08-30
606,606,CLM0000606,2023-08-30,OPEN,Theft,13537.44,11364.07,643.96,24257.55,2023-08-20,2023-08-30
607,607,CLM0000607,2023-08-31,UNDER_REVIEW,Liability,640.44,11794.38,839.95,11594.87,2023-08-18,2023-09-05
608,608,CLM0000608,2023-09-01,APPROVED,Glass,5924.98,1222.32,3416.06,3731.24,2023-08-27,2023-09-03
609,609,CLM0000609,2023-09-02,REJECTED,Windstorm,3220.74,5085.2,1399.27,6906.67,2023-08-29,2023-09-02
610,610,CLM0000610,2023-09-03,CLOSED,Collision,9211.6,15615.94,3236.39,21591.15,2023-08-19,2023-09-06
611,611,CLM0000611,2023-09-04,OPEN,Fire,13241.68,12236.26,438.61,25039.33,2023-08-23,2023-09-05
612,612,CLM0000612,2023-09-05,UNDER_REVIEW,Flood,6288.52,16244.99,3985.99,18547.52,2023-08-29,2023-09-10
613,613,CLM0000613,2023-09-06,APPROVED,Theft,14911.31,13819.59,97.65,28633.25,2023-08-25,2023-09-11
614,614,CLM0000614,2023-09-07,REJECTED,Liability,5386.68,13840.69,2423.4,16803.97,2023-08-28,2023-09-10
615,615,CLM0000615,2023-09-08,CLOSED,Glass,4056.54,1138.54,2985.58,2209.5,2023-09-08,2023-09-10
616,616,CLM0000616,2023-09-09,OPEN,Windstorm,878.87,24792.52,2647.16,23024.23,2023-09-02,2023-09-10
617,617,CLM0000617,2023-09-10,UNDER_REVIEW,Collision,1502.02,16593.18,1332.64,16762.56,2023-09-09,2023-09-11
618,618,CLM0000618,2023-09-11,APPROVED,Fire,8635.38,24575.28,1942.11,31268.55,2023-09-06,2023-09-12
619,619,CLM0000619,2023-09-12,REJECTED,Flood,3548.27,8291.11,3690.53,8148.85,2023-09-01,2023-09-16
620,620,CLM0000620,2023-09-13,CLOSED,Theft,423.1,17663.74,4737.79,13349.05,2023-09-09,2023-09-17
621,621,CLM0000621,2023-09-14,OPEN,Liability,14225.53,20999.07,4052.01,31172.59,2023-08-30,2023-09-18
622,622,CLM0000622,2023-09-15,UNDER_REVIEW,Glass,4635.8,12515.69,451.29,16700.2,2023-09-08,2023-09-19
623,623,CLM0000623,2023-09-16,APPROVED,Windstorm,3282.13,13397.99,3.42,16676.7,2023-09-10,2023-09-17
624,624,CLM0000624,2023-09-17,REJECTED,Collision,5111.39,4847.77,4012.12,5947.04,2023-09-07,2023-09-17
625,625,CLM0000625,2023-09-18,CLOSED,Fire,328.69,14871.92,4586.12,10614.49,2023-09-15,2023-09-22
626,626,CLM0000626,2023-09-19,OPEN,Flood,12910.04,24033.69,1867.95,35075.78,2023-09-07,2023-09-23
627,627,CLM0000627,2023-09-20,UNDER_REVIEW,Theft,1515.48,7893.25,682.26,8726.47,2023-09-15,2023-09-25
628,628,CLM0000628,2023-09-21,APPROVED,Liability,14230.4,19900.14,4803.31,29327.23,2023-09-11,2023-09-22
629,629,CLM0000629,2023-09-22,REJECTED,Glass,10607.74,14268.44,4448.0,20428.18,2023-09-11,2023-09-23
630,630,CLM0000630,2023-09-23,CLOSED,Windstorm,9982.98,20454.13,1891.92,28545.19,2023-09-14,2023-09-24
631,631,CLM0000631,2023-09-24,OPEN,Collision,2665.62,544.05,3510.04,-300.37,2023-09-12,2023-09-28
632,632,CLM0000632,2023-09-25,UNDER_REVIEW,Fire,485.74,15258.52,4605.19,11139.07,2023-09-18,2023-09-30
633,633,CLM0000633,2023-09-26,APPROVED,Flood,8483.25,23448.85,703.22,31228.88,2023-09-24,2023-09-27
634,634,CLM0000634,2023-09-27,REJECTED,Theft,5202.15,8328.21,3180.93,10349.43,2023-09-25,2023-10-02
635,635,CLM0000635,2023-09-28,CLOSED,Liability,10050.37,18367.51,1678.75,26739.13,2023-09-28,2023-09-30
636,636,CLM0000636,2023-09-29,OPEN,Glass,3145.26,17482.81,1752.41,18875.66,2023-09-26,2023-10-04
637,637,CLM0000637,2023-09-30,UNDER_REVIEW,Windstorm,19.22,9955.46,3662.92,6311.76,2023-09-25,2023-10-03
638,638,CLM0000638,2023-10-01,APPROVED,Collision,7396.23,9778.46,2730.12,14444.57,2023-09-28,2023-10-04
639,639,CLM0000639,2023-10-02,REJECTED,Fire,11830.95,14662.36,3791.22,22702.09,2023-09-25,2023-10-03
640,640,CLM0000640,2023-10-03,CLOSED,Flood,6769.31,20080.27,167.06,26682.52,2023-10-03,2023-10-05
641,641,CLM0000641,2023-10-04,OPEN,Theft,3916.92,3065.76,1709.04,5273.64,2023-09-22,2023-10-05
642,642,CLM0000642,2023-10-05,UNDER_REVIEW,Liability,10979.78,13902.63,4490.62,20391.79,2023-10-03,2023-10-07
643,643,CLM0000643,2023-10-06,APPROVED,Glass,8910.46,15534.3,2413.68,22031.08,2023-10-06,2023-10-09
644,644,CLM0000644,2023-10-07,REJECTED,Windstorm,14136.63,4542.43,4448.77,14230.29,2023-10-02,2023-10-07
645,645,CLM0000645,2023-10-08,CLOSED,Collision,1518.87,5535.99,949.92,6104.94,2023-09-30,2023-10-13
646,646,CLM0000646,2023-10-09,OPEN,Fire,4222.85,6319.93,248.18,10294.6,2023-09-24,2023-10-10
647,647,CLM0000647,2023-10-10,UNDER_REVIEW,Flood,817.57,593.48,438.14,972.91,2023-09-25,2023-10-11
648,648,CLM0000648,2023-10-11,APPROVED,Theft,1454.8,5570.35,3190.95,3834.2,2023-10-09,2023-10-14
649,649,CLM0000649,2023-10-12,REJECTED,Liability,12656.54,8054.66,1987.34,18723.86,2023-09-27,2023-10-17
650,650,CLM0000650,2023-10-13,CLOSED,Glass,3975.07,16225.73,1937.64,18263.16,2023-10-02,2023-10-16
651,651,CLM0000651,2023-10-14,OPEN,Windstorm,5541.02,11421.49,1316.48,15646.03,2023-09-30,2023-10-16
652,652,CLM0000652,2023-10-15,UNDER_REVIEW,Collision,3393.63,7079.77,308.2,10165.2,2023-10-12,2023-10-15
653,653,CLM0000653,2023-10-16,APPROVED,Fire,10022.12,20300.41,2069.93,28252.6,2023-10-09,2023-10-20
654,654,CLM0000654,2023-10-17,REJECTED,Flood,914.76,9984.1,2612.91,8285.95,2023-10-02,2023-10-21
655,655,CLM0000655,2023-10-18,CLOSED,Theft,13224.81,12168.43,394.78,24998.46,2023-10-17,2023-10-22
656,656,CLM0000656,2023-10-19,OPEN,Liability,8568.3,13162.03,2857.43,18872.9,2023-10-15,2023-10-19
657,657,CLM0000657,2023-10-20,UNDER_REVIEW,Glass,14238.82,11501.47,4745.31,20994.98,2023-10-15,2023-10-21
658,658,CLM0000658,2023-10-21,APPROVED,Windstorm,12126.91,3591.56,2116.87,13601.6,2023-10-08,2023-10-22
659,659,CLM0000659,2023-10-22,REJECTED,Collision,14959.04,15867.04,4170.54,26655.54,2023-10-14,2023-10-24
660,660,CLM0000660,2023-10-23,CLOSED,Fire,13662.07,22897.26,335.06,36224.27,2023-10-11,2023-10-27
661,661,CLM0000661,2023-10-24,OPEN,Flood,5960.32,8490.11,1381.0,13069.43,2023-10-10,2023-10-24
662,662,CLM0000662,2023-10-25,UNDER_REVIEW,Theft,11798.26,15764.92,2612.81,24950.37,2023-10-12,2023-10-25
663,663,CLM0000663,2023-10-26,APPROVED,Liability,6216.64,4130.89,2939.67,7407.86,2023-10-23,2023-10-26
664,664,CLM0000664,2023-10-27,REJECTED,Glass,8440.26,2974.27,1430.46,9984.07,2023-10-16,2023-10-30
665,665,CLM0000665,2023-10-28,CLOSED,Windstorm,3962.05,16542.3,2860.12,17644.23,2023-10-13,2023-10-28
666,666,CLM0000666,2023-10-29,OPEN,Collision,2583.0,10372.86,3091.22,9864.64,2023-10-17,2023-10-29
667,667,CLM0000667,2023-10-30,UNDER_REVIEW,Fire,5936.89,22034.46,3452.57,24518.78,2023-10-29,2023-11-04
668,668,CLM0000668,2023-10-31,APPROVED,Flood,7128.27,7080.32,1862.2,12346.39,2023-10-21,2023-11-02
669,669,CLM0000669,2023-11-01,REJECTED,Theft,4664.24,21149.74,4291.17,21522.81,2023-10-29,2023-11-02
670,670,CLM0000670,2023-11-02,CLOSED,Liability,2015.78,24368.38,2215.55,24168.61,2023-10-23,2023-11-04
671,671,CLM0000671,2023-11-03,OPEN,Glass,10931.99,15321.99,446.43,25807.55,2023-10-20,2023-11-04
672,672,CLM0000672,2023-11-04,UNDER_REVIEW,Windstorm,13701.49,10475.67,2422.3,21754.86,2023-10-24,2023-11-04
673,673,CLM0000673,2023-11-05,APPROVED,Collision,7729.05,4394.82,1555.62,10568.25,2023-10-24,2023-11-06
674,674,CLM0000674,2023-11-06,REJECTED,Fire,11707.75,13345.01,2843.36,22209.4,2023-11-01,2023-11-07
675,675,CLM0000675,2023-11-07,CLOSED,Flood,13127.71,5417.81,288.14,18257.38,2023-11-06,2023-11-10
676,676,CLM0000676,2023-11-08,OPEN,Theft,758.39,9329.19,995.55,9092.03,2023-10-28,2023-11-11
677,677,CLM0000677,2023-11-09,UNDER_REVIEW,Liability,7576.9,16067.54,619.36,23025.08,2023-11-09,2023-11-10
678,678,CLM0000678,2023-11-10,APPROVED,Glass,5587.0,15054.07,887.92,19753.15,2023-10-26,2023-11-14
679,679,CLM0000679,2023-11-11,REJECTED,Windstorm,8270.01,8934.1,4188.27,13015.84,2023-11-03,2023-11-16
680,680,CLM0000680,2023-11-12,CLOSED,Collision,12463.05,2714.6,137.25,15040.4,2023-11-11,2023-11-13
681,681,CLM0000681,2023-11-13,OPEN,Fire,12807.32,19605.84,1071.59,31341.57,2023-11-06,2023-11-18
682,682,CLM0000682,2023-11-14,UNDER_REVIEW,Flood,3376.68,5564.91,3257.94,5683.65,2023-11-14,2023-11-19
683,683,CLM0000683,2023-11-15,APPROVED,Theft,133.47,22832.13,3236.86,19728.74,2023-11-15,2023-11-16
684,684,CLM0000684,2023-11-16,REJECTED,Liability,3785.86,20224.6,1527.3,22483.16,2023-11-08,2023-11-19
685,685,CLM0000685,2023-11-17,CLOSED,Glass,13432.24,21363.86,2294.99,32501.11,2023-11-11,2023-11-20
686,686,CLM0000686,2023-11-18,OPEN,Windstorm,4532.18,13255.63,3118.03,14669.78,2023-11-15,2023-11-18
687,687,CLM0000687,2023-11-19,UNDER_REVIEW,Collision,7672.71,16727.71,4216.42,20184.0,2023-11-08,2023-11-23
688,688,CLM0000688,2023-11-20,APPROVED,Fire,9710.13,15421.73,1492.38,23639.48,2023-11-17,2023-11-23
689,689,CLM0000689,2023-11-21,REJECTED,Flood,957.56,24714.84,3202.97,22469.43,2023-11-13,2023-11-23
690,690,CLM0000690,2023-11-22,CLOSED,Theft,9841.79,23828.6,3257.33,30413.06,2023-11-16,2023-11-23
691,691,CLM0000691,2023-11-23,OPEN,Liability,7759.4,6387.4,283.87,13862.93,2023-11-11,2023-11-28
692,692,CLM0000692,2023-11-24,UNDER_REVIEW,Glass,4793.79,3928.27,127.28,8594.78,2023-11-09,2023-11-26
693,693,CLM0000693,2023-11-25,APPROVED,Windstorm,3891.39,10754.86,1941.37,12704.88,2023-11-24,2023-11-29
694,694,CLM0000694,2023-11-26,REJECTED,Collision,10621.03,14515.04,949.58,24186.49,2023-11-19,2023-12-01
695,695,CLM0000695,2023-11-27,CLOSED,Fire,8019.53,19729.98,4532.63,23216.88,2023-11-16,2023-12-01
696,696,CLM0000696,2023-11-28,OPEN,Flood,4502.92,4664.67,3288.07,5879.52,2023-11-23,2023-11-30
697,697,CLM0000697,2023-11-29,UNDER_REVIEW,Theft,1464.05,3634.63,1293.26,3805.42,2023-11-24,2023-12-04
698,698,CLM0000698,2023-11-30,APPROVED,Liability,13493.87,16533.65,1111.27,28916.25,2023-11-23,2023-12-05
699,699,CLM0000699,2023-12-01,REJECTED,Glass,13071.48,10801.58,4434.22,19438.84,2023-11-20,2023-12-03
700,700,CLM0000700,2023-12-02,CLOSED,Windstorm,8783.56,11862.14,588.91,20056.79,2023-12-01,2023-12-07
701,701,CLM0000701,2023-12-03,OPEN,Collision,8753.62,23635.37,356.08,32032.91,2023-11-27,2023-12-07
702,702,CLM0000702,2023-12-04,UNDER_REVIEW,Fire,1797.24,17177.1,2649.19,16325.15,2023-11-21,2023-12-04
703,703,CLM0000703,2023-12-05,APPROVED,Flood,13062.74,4194.07,4961.74,12295.07,2023-11-25,2023-12-08
704,704,CLM0000704,2023-12-06,REJECTED,Theft,14807.87,22374.71,4933.25,32249.33,2023-12-02,2023-12-08
705,705,CLM0000705,2023-12-07,CLOSED,Liability,12935.91,4918.74,404.06,17450.59,2023-11-27,2023-12-12
706,706,CLM0000706,2023-12-08,OPEN,Glass,14799.61,8178.64,290.07,22688.18,2023-11-24,2023-12-10
707,707,CLM0000707,2023-12-09,UNDER_REVIEW,Windstorm,3140.74,19451.79,2881.39,19711.14,2023-12-04,2023-12-12
708,708,CLM0000708,2023-12-10,APPROVED,Collision,11778.16,19603.94,647.03,30735.07,2023-11-27,2023-12-15
709,709,CLM0000709,2023-12-11,REJECTED,Fire,6441.15,11011.12,2387.0,15065.27,2023-12-11,2023-12-11
710,710,CLM0000710,2023-12-12,CLOSED,Flood,8006.74,18401.15,4750.34,21657.55,2023-12-02,2023-12-16
711,711,CLM0000711,2023-12-13,OPEN,Theft,2858.65,17080.33,3133.43,16805.55,2023-12-06,2023-12-14
712,712,CLM0000712,2023-12-14,UNDER_REVIEW,Liability,10402.87,8936.57,644.65,18694.79,2023-12-02,2023-12-18
713,713,CLM0000713,2023-12-15,APPROVED,Glass,8830.06,4591.99,4119.22,9302.83,2023-12-06,2023-12-17
714,714,CLM0000714,2023-12-16,REJECTED,Windstorm,6838.89,13247.07,2620.59,17465.37,2023-12-03,2023-12-21
715,715,CLM0000715,2023-12-17,CLOSED,Collision,14932.09,8896.95,4506.92,19322.12,2023-12-06,2023-12-18
716,716,CLM0000716,2023-12-18,OPEN,Fire,2473.25,22718.91,4060.04,21132.12,2023-12-18,2023-12-19
717,717,CLM0000717,2023-12-19,UNDER_REVIEW,Flood,3364.82,24629.55,1055.95,26938.42,2023-12-19,2023-12-23
718,718,CLM0000718,2023-12-20,APPROVED,Theft,7569.5,3517.47,3555.55,7531.42,2023-12-19,2023-12-23
719,719,CLM0000719,2023-12-21,REJECTED,Liability,13148.16,6766.83,2673.67,17241.32,2023-12-20,2023-12-25
720,720,CLM0000720,2023-12-22,CLOSED,Glass,14920.2,16718.26,3267.84,28370.62,2023-12-22,2023-12-22
721,721,CLM0000721,2023-12-23,OPEN,Windstorm,10346.25,10711.0,1901.27,19155.98,2023-12-15,2023-12-26
722,722,CLM0000722,2023-12-24,UNDER_REVIEW,Collision,10528.02,5534.63,3428.7,12633.95,2023-12-24,2023-12-26
723,723,CLM0000723,2023-12-25,APPROVED,Fire,6313.07,2974.01,2601.55,6685.53,2023-12-21,2023-12-28
724,724,CLM0000724,2023-12-26,REJECTED,Flood,12459.79,3070.4,3593.83,11936.36,2023-12-23,2023-12-28
725,725,CLM0000725,2023-12-27,CLOSED,Theft,1710.19,3103.46,993.23,3820.42,2023-12-21,2023-12-29
726,726,CLM0000726,2023-12-28,OPEN,Liability,12472.48,24341.43,1789.61,35024.3,2023-12-15,2023-12-30
727,727,CLM0000727,2023-12-29,UNDER_REVIEW,Glass,2405.6,13929.4,4551.78,11783.22,2023-12-14,2023-12-31
728,728,CLM0000728,2023-12-30,APPROVED,Windstorm,3517.58,812.36,445.01,3884.93,2023-12-27,2024-01-03
729,729,CLM0000729,2023-12-31,REJECTED,Collision,10035.33,4154.04,450.41,13738.96,2023-12-29,2024-01-05
730,730,CLM0000730,2024-01-01,CLOSED,Fire,10853.64,22667.09,3221.68,30299.05,2023-12-18,2024-01-03
731,731,CLM0000731,2024-01-02,OPEN,Flood,3961.88,1726.96,4065.89,1622.95,2024-01-01,2024-01-04
732,732,CLM0000732,2024-01-03,UNDER_REVIEW,Theft,5403.22,17080.78,2129.98,20354.02,2023-12-31,2024-01-03
733,733,CLM0000733,2024-01-04,APPROVED,Liability,12768.69,22312.15,48.36,35032.48,2023-12-31,2024-01-09
734,734,CLM0000734,2024-01-05,REJECTED,Glass,9707.98,8552.19,4472.64,13787.53,2023-12-28,2024-01-10
735,735,CLM0000735,2024-01-06,CLOSED,Windstorm,1394.27,20466.63,914.35,20946.55,2023-12-25,2024-01-09
736,736,CLM0000736,2024-01-07,OPEN,Collision,14434.65,7159.91,1928.58,19665.98,2023-12-23,2024-01-10
737,737,CLM0000737,2024-01-08,UNDER_REVIEW,Fire,9732.7,20024.28,565.28,29191.7,2024-01-07,2024-01-09
738,738,CLM0000738,2024-01-09,APPROVED,Flood,1555.7,22825.06,2413.37,21967.39,2023-12-26,2024-01-10
739,739,CLM0000739,2024-01-10,REJECTED,Theft,9169.85,19589.53,3056.79,25702.59,2024-01-06,2024-01-13
740,740,CLM0000740,2024-01-11,CLOSED,Liability,13805.97,3266.97,2056.42,15016.52,2024-01-10,2024-01-11
741,741,CLM0000741,2024-01-12,OPEN,Glass,3924.19,8198.83,3522.84,8600.18,2024-01-05,2024-01-17
742,742,CLM0000742,2024-01-13,UNDER_REVIEW,Windstorm,13097.15,13217.94,3441.21,22873.88,2024-01-10,2024-01-16
743,743,CLM0000743,2024-01-14,APPROVED,Collision,9925.7,6590.14,1728.75,14787.09,2024-01-02,2024-01-15
744,744,CLM0000744,2024-01-15,REJECTED,Fire,12585.5,14179.43,4938.96,21825.97,2024-01-14,2024-01-15
745,745,CLM0000745,2024-01-16,CLOSED,Flood,9650.98,4344.72,4244.23,9751.47,2024-01-01,2024-01-17
746,746,CLM0000746,2024-01-17,OPEN,Theft,1122.98,12545.38,1204.46,12463.9,2024-01-09,2024-01-17
747,747,CLM0000747,2024-01-18,UNDER_REVIEW,Liability,7603.94,13987.14,1893.19,19697.89,2024-01-11,2024-01-18
748,748,CLM0000748,2024-01-19,APPROVED,Glass,6886.42,20130.9,2240.49,24776.83,2024-01-04,2024-01-22
749,749,CLM0000749,2024-01-20,REJECTED,Windstorm,4740.92,24526.43,3726.19,25541.16,2024-01-20,2024-01-20
750,750,CLM0000750,2024-01-21,CLOSED,Collision,6051.59,1377.88,2745.49,4683.98,2024-01-19,2024-01-25
751,751,CLM0000751,2024-01-22,OPEN,Fire,14447.57,16119.68,4450.55,26116.7,2024-01-16,2024-01-27
752,752,CLM0000752,2024-01-23,UNDER_REVIEW,Flood,10072.12,23783.7,1816.71,32039.11,2024-01-22,2024-01-24
753,753,CLM0000753,2024-01-24,APPROVED,Theft,12664.76,8633.33,3837.08,17461.01,2024-01-09,2024-01-29
754,754,CLM0000754,2024-01-25,REJECTED,Liability,9857.51,18039.88,570.12,27327.27,2024-01-18,2024-01-25
755,755,CLM0000755,2024-01-26,CLOSED,Glass,5120.36,20832.16,4822.17,21130.35,2024-01-17,2024-01-30
756,756,CLM0000756,2024-01-27,OPEN,Windstorm,7829.78,17701.35,228.89,25302.24,2024-01-22,2024-01-30
757,757,CLM0000757,2024-01-28,UNDER_REVIEW,Collision,2106.74,18062.97,3607.8,16561.91,2024-01-25,2024-01-30
758,758,CLM0000758,2024-01-29,APPROVED,Fire,9162.78,5094.81,4651.08,9606.51,2024-01-17,2024-01-30
759,759,CLM0000759,2024-01-30,REJECTED,Flood,6855.69,19644.8,3583.94,22916.55,2024-01-27,2024-02-02
760,760,CLM0000760,2024-01-31,CLOSED,Theft,697.51,16014.39,3360.71,13351.19,2024-01-28,2024-02-03
761,761,CLM0000761,2024-02-01,OPEN,Liability,6860.82,14938.25,2520.99,19278.08,2024-01-17,2024-02-01
762,762,CLM0000762,2024-02-02,UNDER_REVIEW,Glass,7955.47,1690.0,4676.54,4968.93,2024-01-18,2024-02-06
763,763,CLM0000763,2024-02-03,APPROVED,Windstorm,11716.22,22799.45,3459.09,31056.58,2024-01-29,2024-02-08
764,764,CLM0000764,2024-02-04,REJECTED,Collision,12228.66,3037.07,3287.61,11978.12,2024-01-25,2024-02-08
765,765,CLM0000765,2024-02-05,CLOSED,Fire,13220.86,10757.29,3044.97,20933.18,2024-01-29,2024-02-07
766,766,CLM0000766,2024-02-06,OPEN,Flood,5968.05,8900.04,1470.87,13397.22,2024-02-02,2024-02-07
767,767,CLM0000767,2024-02-07,UNDER_REVIEW,Theft,6191.18,17650.35,3742.13,20099.4,2024-01-29,2024-02-12
768,768,CLM0000768,2024-02-08,APPROVED,Liability,8217.09,8190.81,3684.09,12723.81,2024-02-02,2024-02-09
769,769,CLM0000769,2024-02-09,REJECTED,Glass,3145.69,18002.42,3433.06,17715.05,2024-02-05,2024-02-14
770,770,CLM0000770,2024-02-10,CLOSED,Windstorm,9751.3,23979.0,2519.47,31210.83,2024-01-31,2024-02-15
771,771,CLM0000771,2024-02-11,OPEN,Collision,1731.08,9129.83,2401.85,8459.06,2024-01-29,2024-02-16
772,772,CLM0000772,2024-02-12,UNDER_REVIEW,Fire,11218.03,21114.04,1429.64,30902.43,2024-01-30,2024-02-12
773,773,CLM0000773,2024-02-13,APPROVED,Flood,7840.95,1119.17,726.63,8233.49,2024-02-12,2024-02-14
774,774,CLM0000774,2024-02-14,REJECTED,Theft,4004.67,19745.54,4917.66,18832.55,2024-02-06,2024-02-15
775,775,CLM0000775,2024-02-15,CLOSED,Liability,12590.73,17419.57,1475.7,28534.6,2024-02-14,2024-02-17
776,776,CLM0000776,2024-02-16,OPEN,Glass,12210.39,3010.76,4340.18,10880.97,2024-02-09,2024-02-21
777,777,CLM0000777,2024-02-17,UNDER_REVIEW,Windstorm,9706.79,10027.72,2554.61,17179.9,2024-02-08,2024-02-22
778,778,CLM0000778,2024-02-18,APPROVED,Collision,9967.4,23198.88,1937.77,31228.51,2024-02-08,2024-02-22
779,779,CLM0000779,2024-02-19,REJECTED,Fire,807.03,18719.91,1015.44,18511.5,2024-02-05,2024-02-20
780,780,CLM0000780,2024-02-20,CLOSED,Flood,13672.3,17763.41,3238.16,28197.55,2024-02-14,2024-02-25
781,781,CLM0000781,2024-02-21,OPEN,Theft,14464.35,7707.35,887.13,21284.57,2024-02-19,2024-02-22
782,782,CLM0000782,2024-02-22,UNDER_REVIEW,Liability,14437.13,18509.45,596.77,32349.81,2024-02-21,2024-02-25
783,783,CLM0000783,2024-02-23,APPROVED,Glass,4186.68,6973.87,804.64,10355.91,2024-02-15,2024-02-23
784,784,CLM0000784,2024-02-24,REJECTED,Windstorm,4958.44,17887.39,774.03,22071.8,2024-02-20,2024-02-26
785,785,CLM0000785,2024-02-25,CLOSED,Collision,8953.2,19454.69,3126.83,25281.06,2024-02-16,2024-02-28
786,786,CLM0000786,2024-02-26,OPEN,Fire,11848.62,13978.92,364.4,25463.14,2024-02-16,2024-03-01
787,787,CLM0000787,2024-02-27,UNDER_REVIEW,Flood,3299.43,5004.79,340.88,7963.34,2024-02-22,2024-03-01
788,788,CLM0000788,2024-02-28,APPROVED,Theft,8146.2,10383.72,1747.01,16782.91,2024-02-22,2024-03-04
789,789,CLM0000789,2024-02-29,REJECTED,Liability,4978.25,9339.55,1092.23,13225.57,2024-02-14,2024-03-04
790,790,CLM0000790,2024-03-01,CLOSED,Glass,12355.33,24537.76,44.02,36849.07,2024-02-19,2024-03-04
791,791,CLM0000791,2024-03-02,OPEN,Windstorm,3605.22,16235.48,4593.04,15247.66,2024-02-24,2024-03-02
792,792,CLM0000792,2024-03-03,UNDER_REVIEW,Collision,10238.27,8362.96,4579.66,14021.57,2024-02-29,2024-03-06
793,793,CLM0000793,2024-03-04,APPROVED,Fire,3848.86,18237.4,123.53,21962.73,2024-02-22,2024-03-08
794,794,CLM0000794,2024-03-05,REJECTED,Flood,12042.25,11416.14,219.26,23239.13,2024-02-28,2024-03-07
795,795,CLM0000795,2024-03-06,CLOSED,Theft,7708.42,23731.19,836.97,30602.64,2024-03-06,2024-03-11
796,796,CLM0000796,2024-03-07,OPEN,Liability,982.08,16923.21,3867.91,14037.38,2024-02-23,2024-03-07
797,797,CLM0000797,2024-03-08,UNDER_REVIEW,Glass,3083.69,20804.34,4393.19,19494.84,2024-02-24,2024-03-13
798,798,CLM0000798,2024-03-09,APPROVED,Windstorm,12251.32,2266.95,3430.22,11088.05,2024-03-09,2024-03-12
799,799,CLM0000799,2024-03-10,REJECTED,Collision,10753.02,1428.21,366.24,11814.99,2024-03-05,2024-03-12
800,800,CLM0000800,2024-03-11,CLOSED,Fire,8371.26,14586.58,1138.23,21819.61,2024-03-03,2024-03-14
801,801,CLM0000801,2024-03-12,OPEN,Flood,5820.49,15940.32,2165.13,19595.68,2024-03-12,2024-03-15
802,802,CLM0000802,2024-03-13,UNDER_REVIEW,Theft,10099.48,13603.44,3207.11,20495.81,2024-03-11,2024-03-18
803,803,CLM0000803,2024-03-14,APPROVED,Liability,8784.12,17671.61,362.95,26092.78,2024-03-11,2024-03-16
804,804,CLM0000804,2024-03-15,REJECTED,Glass,11803.38,7883.09,432.53,19253.94,2024-03-01,2024-03-18
805,805,CLM0000805,2024-03-16,CLOSED,Windstorm,5926.7,16687.72,2369.94,20244.48,2024-03-09,2024-03-17
806,806,CLM0000806,2024-03-17,OPEN,Collision,11201.31,20020.88,4247.34,26974.85,2024-03-08,2024-03-22
807,807,CLM0000807,2024-03-18,UNDER_REVIEW,Fire,2161.13,17093.58,4570.84,14683.87,2024-03-07,2024-03-18
808,808,CLM0000808,2024-03-19,APPROVED,Flood,8302.86,14099.21,616.18,21785.89,2024-03-19,2024-03-23
809,809,CLM0000809,2024-03-20,REJECTED,Theft,8949.82,13660.23,4734.9,17875.15,2024-03-11,2024-03-21
810,810,CLM0000810,2024-03-21,CLOSED,Liability,11224.45,22636.89,1719.26,32142.08,2024-03-08,2024-03-26
811,811,CLM0000811,2024-03-22,OPEN,Glass,12771.88,3990.15,919.96,15842.07,2024-03-14,2024-03-23
812,812,CLM0000812,2024-03-23,UNDER_REVIEW,Windstorm,1719.34,16938.96,2836.46,15821.84,2024-03-22,2024-03-27
813,813,CLM0000813,2024-03-24,APPROVED,Collision,6918.98,13966.78,1453.26,19432.5,2024-03-22,2024-03-26
814,814,CLM0000814,2024-03-25,REJECTED,Fire,1473.04,18276.94,2435.95,17314.03,2024-03-15,2024-03-27
815,815,CLM0000815,2024-03-26,CLOSED,Flood,1923.23,16559.09,500.23,17982.09,2024-03-24,2024-03-27
816,816,CLM0000816,2024-03-27,OPEN,Theft,4766.79,11540.83,3081.71,13225.91,2024-03-18,2024-04-01
817,817,CLM0000817,2024-03-28,UNDER_REVIEW,Liability,8762.55,14356.02,1822.47,21296.1,2024-03-18,2024-03-31
818,818,CLM0000818,2024-03-29,APPROVED,Glass,2529.59,8173.76,3928.3,6775.05,2024-03-16,2024-03-31
819,819,CLM0000819,2024-03-30,REJECTED,Windstorm,12601.65,3790.49,3664.86,12727.28,2024-03-15,2024-04-02
820,820,CLM0000820,2024-03-31,CLOSED,Collision,6680.37,19481.79,2434.86,23727.3,2024-03-28,2024-04-01
821,821,CLM0000821,2024-04-01,OPEN,Fire,9683.27,2508.36,1403.08,10788.55,2024-03-28,2024-04-05
822,822,CLM0000822,2024-04-02,UNDER_REVIEW,Flood,2946.48,18471.84,3133.09,18285.23,2024-03-31,2024-04-02
823,823,CLM0000823,2024-04-03,APPROVED,Theft,12743.81,15974.85,4063.21,24655.45,2024-03-22,2024-04-07
824,824,CLM0000824,2024-04-04,REJECTED,Liability,3191.41,1398.08,1303.08,3286.41,2024-03-20,2024-04-09
825,825,CLM0000825,2024-04-05,CLOSED,Glass,11627.96,9462.56,1116.53,19973.99,2024-03-27,2024-04-06
826,826,CLM0000826,2024-04-06,OPEN,Windstorm,6970.52,13005.09,1983.93,17991.68,2024-04-06,2024-04-11
827,827,CLM0000827,2024-04-07,UNDER_REVIEW,Collision,3583.21,24118.01,4909.27,22791.95,2024-04-02,2024-04-11
828,828,CLM0000828,2024-04-08,APPROVED,Fire,2105.56,4400.95,2831.79,3674.72,2024-04-04,2024-04-13
829,829,CLM0000829,2024-04-09,REJECTED,Flood,10980.07,23509.79,202.1,34287.76,2024-03-25,2024-04-10
830,830,CLM0000830,2024-04-10,CLOSED,Theft,942.92,9551.16,214.04,10280.04,2024-04-04,2024-04-14
831,831,CLM0000831,2024-04-11,OPEN,Liability,13615.89,9350.66,2348.37,20618.18,2024-03-28,2024-04-11
832,832,CLM0000832,2024-04-12,UNDER_REVIEW,Glass,598.57,16388.86,516.13,16471.3,2024-04-04,2024-04-17
833,833,CLM0000833,2024-04-13,APPROVED,Windstorm,3949.74,13836.58,869.25,16917.07,2024-04-01,2024-04-15
834,834,CLM0000834,2024-04-14,REJECTED,Collision,8815.18,22506.55,389.19,30932.54,2024-04-06,2024-04-17
835,835,CLM0000835,2024-04-15,CLOSED,Fire,14590.11,5961.03,2029.21,18521.93,2024-04-04,2024-04-18
836,836,CLM0000836,2024-04-16,OPEN,Flood,11889.86,22235.71,32.99,34092.58,2024-04-12,2024-04-19
837,837,CLM0000837,2024-04-17,UNDER_REVIEW,Theft,2484.09,2388.66,3217.39,1655.36,2024-04-11,2024-04-18
838,838,CLM0000838,2024-04-18,APPROVED,Liability,2803.59,9374.46,3586.51,8591.54,2024-04-15,2024-04-23
839,839,CLM0000839,2024-04-19,REJECTED,Glass,3455.19,20373.73,3601.28,20227.64,2024-04-04,2024-04-24
840,840,CLM0000840,2024-04-20,CLOSED,Windstorm,7182.22,5662.25,806.23,12038.24,2024-04-07,2024-04-20
841,841,CLM0000841,2024-04-21,OPEN,Collision,3655.05,3633.19,2961.74,4326.5,2024-04-17,2024-04-26
842,842,CLM0000842,2024-04-22,UNDER_REVIEW,Fire,7689.64,22324.54,734.33,29279.85,2024-04-17,2024-04-24
843,843,CLM0000843,2024-04-23,APPROVED,Flood,13836.7,13157.7,2027.28,24967.12,2024-04-23,2024-04-28
844,844,CLM0000844,2024-04-24,REJECTED,Theft,10919.61,20621.93,4736.27,26805.27,2024-04-18,2024-04-27
845,845,CLM0000845,2024-04-25,CLOSED,Liability,9097.89,12049.63,2408.34,18739.18,2024-04-18,2024-04-28
846,846,CLM0000846,2024-04-26,OPEN,Glass,9012.58,19968.09,4102.27,24878.4,2024-04-21,2024-04-30
847,847,CLM0000847,2024-04-27,UNDER_REVIEW,Windstorm,9894.73,6980.76,3620.93,13254.56,2024-04-17,2024-04-30
848,848,CLM0000848,2024-04-28,APPROVED,Collision,8948.0,2186.65,1891.06,9243.59,2024-04-24,2024-04-28
849,849,CLM0000849,2024-04-29,REJECTED,Fire,248.44,13306.43,4546.7,9008.17,2024-04-16,2024-04-30
850,850,CLM0000850,2024-04-30,CLOSED,Flood,9082.67,4846.84,4508.04,9421.47,2024-04-29,2024-05-04
851,851,CLM0000851,2024-05-01,OPEN,Theft,7549.94,3379.15,2411.2,8517.89,2024-04-27,2024-05-05
852,852,CLM0000852,2024-05-02,UNDER_REVIEW,Liability,8089.29,529.41,4688.67,3930.03,2024-04-19,2024-05-06
853,853,CLM0000853,2024-05-03,APPROVED,Glass,6310.26,21933.2,3488.21,24755.25,2024-04-20,2024-05-04
854,854,CLM0000854,2024-05-04,REJECTED,Windstorm,14076.32,12312.02,3843.36,22544.98,2024-04-23,2024-05-08
855,855,CLM0000855,2024-05-05,CLOSED,Collision,12069.32,22742.54,4185.95,30625.91,2024-05-02,2024-05-08
856,856,CLM0000856,2024-05-06,OPEN,Fire,2008.25,12189.96,1162.56,13035.65,2024-05-04,2024-05-08
857,857,CLM0000857,2024-05-07,UNDER_REVIEW,Flood,8974.39,13821.41,1289.02,21506.78,2024-05-07,2024-05-12
858,858,CLM0000858,2024-05-08,APPROVED,Theft,11154.69,674.29,2612.7,9216.28,2024-05-08,2024-05-11
859,859,CLM0000859,2024-05-09,REJECTED,Liability,9818.19,17350.29,1579.51,25588.97,2024-04-28,2024-05-09
860,860,CLM0000860,2024-05-10,CLOSED,Glass,2321.68,16463.61,1268.16,17517.13,2024-04-27,2024-05-14
861,861,CLM0000861,2024-05-11,OPEN,Windstorm,5484.66,7251.23,3403.03,9332.86,2024-05-05,2024-05-14
862,862,CLM0000862,2024-05-12,UNDER_REVIEW,Collision,8281.57,14160.29,893.6,21548.26,2024-04-27,2024-05-14
863,863,CLM0000863,2024-05-13,APPROVED,Fire,14827.62,14652.45,3870.97,25609.1,2024-05-01,2024-05-18
864,864,CLM0000864,2024-05-14,REJECTED,Flood,2071.03,21663.85,595.43,23139.45,2024-05-07,2024-05-17
865,865,CLM0000865,2024-05-15,CLOSED,Theft,11746.64,23756.51,501.39,35001.76,2024-05-03,2024-05-17
866,866,CLM0000866,2024-05-16,OPEN,Liability,12012.81,15543.62,3422.82,24133.61,2024-05-15,2024-05-17
867,867,CLM0000867,2024-05-17,UNDER_REVIEW,Glass,5836.56,16078.98,4021.85,17893.69,2024-05-13,2024-05-20
868,868,CLM0000868,2024-05-18,APPROVED,Windstorm,13887.93,11166.75,320.4,24734.28,2024-05-11,2024-05-20
869,869,CLM0000869,2024-05-19,REJECTED,Collision,1200.6,1425.01,1921.63,703.98,2024-05-07,2024-05-23
870,870,CLM0000870,2024-05-20,CLOSED,Fire,9842.63,7518.5,4817.65,12543.48,2024-05-19,2024-05-21
871,871,CLM0000871,2024-05-21,OPEN,Flood,9604.37,11254.82,1008.54,19850.65,2024-05-12,2024-05-22
872,872,CLM0000872,2024-05-22,UNDER_REVIEW,Theft,504.14,15188.12,2579.07,13113.19,2024-05-15,2024-05-26
873,873,CLM0000873,2024-05-23,APPROVED,Liability,2542.24,1383.5,1196.28,2729.46,2024-05-23,2024-05-24
874,874,CLM0000874,2024-05-24,REJECTED,Glass,1302.64,7260.45,1997.17,6565.92,2024-05-12,2024-05-27
875,875,CLM0000875,2024-05-25,CLOSED,Windstorm,8791.2,13184.7,3684.63,18291.27,2024-05-23,2024-05-25
876,876,CLM0000876,2024-05-26,OPEN,Collision,8243.89,18290.4,2795.57,23738.72,2024-05-15,2024-05-28
877,877,CLM0000877,2024-05-27,UNDER_REVIEW,Fire,14449.31,7274.44,3031.82,18691.93,2024-05-21,2024-05-30
878,878,CLM0000878,2024-05-28,APPROVED,Flood,13945.71,14585.21,1305.54,27225.38,2024-05-15,2024-06-01
879,879,CLM0000879,2024-05-29,REJECTED,Theft,1596.97,2273.46,1471.26,2399.17,2024-05-26,2024-06-02
880,880,CLM0000880,2024-05-30,CLOSED,Liability,14350.64,21964.77,4065.74,32249.67,2024-05-22,2024-06-04
881,881,CLM0000881,2024-05-31,OPEN,Glass,6641.53,9738.47,2418.15,13961.85,2024-05-24,2024-06-02
882,882,CLM0000882,2024-06-01,UNDER_REVIEW,Windstorm,14418.58,11741.79,2303.6,23856.77,2024-06-01,2024-06-04
883,883,CLM0000883,2024-06-02,APPROVED,Collision,1744.02,2155.08,3168.31,730.79,2024-05-26,2024-06-07
884,884,CLM0000884,2024-06-03,REJECTED,Fire,10517.64,20103.95,2062.13,28559.46,2024-05-23,2024-06-07
885,885,CLM0000885,2024-06-04,CLOSED,Flood,8034.78,17670.05,1316.75,24388.08,2024-05-26,2024-06-04
886,886,CLM0000886,2024-06-05,OPEN,Theft,5983.96,18845.31,1709.96,23119.31,2024-05-31,2024-06-08
887,887,CLM0000887,2024-06-06,UNDER_REVIEW,Liability,4708.09,5854.87,2868.56,7694.4,2024-06-01,2024-06-11
888,888,CLM0000888,2024-06-07,APPROVED,Glass,10246.61,22793.22,2495.0,30544.83,2024-06-01,2024-06-08
889,889,CLM0000889,2024-06-08,REJECTED,Windstorm,11031.44,21882.19,1033.89,31879.74,2024-06-02,2024-06-09
890,890,CLM0000890,2024-06-09,CLOSED,Collision,12545.02,9222.67,3894.69,17873.0,2024-06-06,2024-06-09
891,891,CLM0000891,2024-06-10,OPEN,Fire,10137.18,16753.89,3069.13,23821.94,2024-06-09,2024-06-13
892,892,CLM0000892,2024-06-11,UNDER_REVIEW,Flood,5567.95,8227.71,4490.61,9305.05,2024-06-03,2024-06-14
893,893,CLM0000893,2024-06-12,APPROVED,Theft,2743.08,19224.43,2555.67,19411.84,2024-05-31,2024-06-13
894,894,CLM0000894,2024-06-13,REJECTED,Liability,11252.54,3642.03,2628.68,12265.89,2024-05-31,2024-06-16
895,895,CLM0000895,2024-06-14,CLOSED,Glass,14094.82,1297.78,1736.44,13656.16,2024-06-09,2024-06-17
896,896,CLM0000896,2024-06-15,OPEN,Windstorm,14647.61,17606.99,2300.35,29954.25,2024-06-15,2024-06-15
897,897,CLM0000897,2024-06-16,UNDER_REVIEW,Collision,10111.55,9795.99,503.74,19403.8,2024-06-05,2024-06-20
898,898,CLM0000898,2024-06-17,APPROVED,Fire,12927.63,5085.23,1314.25,16698.61,2024-06-09,2024-06-20
899,899,CLM0000899,2024-06-18,REJECTED,Flood,14377.9,8905.86,919.57,22364.19,2024-06-05,2024-06-19
900,900,CLM0000900,2022-01-01,CLOSED,Theft,6286.39,18928.8,1825.39,23389.8,2021-12-20,2022-01-03
901,901,CLM0000901,2022-01-02,OPEN,Liability,6760.93,14499.54,4896.36,16364.11,2021-12-26,2022-01-02
902,902,CLM0000902,2022-01-03,UNDER_REVIEW,Glass,10812.23,20200.15,2776.7,28235.68,2021-12-22,2022-01-04
903,903,CLM0000903,2022-01-04,APPROVED,Windstorm,2187.66,23999.12,747.74,25439.04,2022-01-04,2022-01-05
904,904,CLM0000904,2022-01-05,REJECTED,Collision,6322.81,3794.56,4466.35,5651.02,2021-12-26,2022-01-08
905,905,CLM0000905,2022-01-06,CLOSED,Fire,4500.51,14272.39,2839.17,15933.73,2021-12-25,2022-01-06
906,906,CLM0000906,2022-01-07,OPEN,Flood,10358.15,1970.89,4069.09,8259.95,2021-12-23,2022-01-12
907,907,CLM0000907,2022-01-08,UNDER_REVIEW,Theft,1444.53,18742.53,1298.85,18888.21,2021-12-28,2022-01-12
908,908,CLM0000908,2022-01-09,APPROVED,Liability,8362.37,20345.39,1720.7,26987.06,2021-12-27,2022-01-09
909,909,CLM0000909,2022-01-10,REJECTED,Glass,5266.36,17149.85,3027.88,19388.33,2022-01-05,2022-01-12
910,910,CLM0000910,2022-01-11,CLOSED,Windstorm,5326.64,16993.22,2437.47,19882.39,2021-12-28,2022-01-11
911,911,CLM0000911,2022-01-12,OPEN,Collision,5716.06,7519.83,3158.56,10077.33,2022-01-08,2022-01-13
912,912,CLM0000912,2022-01-13,UNDER_REVIEW,Fire,9608.71,23249.88,2109.08,30749.51,2022-01-01,2022-01-13
913,913,CLM0000913,2022-01-14,APPROVED,Flood,1186.68,8918.82,1567.41,8538.09,2022-01-05,2022-01-19
914,914,CLM0000914,2022-01-15,REJECTED,Theft,4012.09,16293.79,1356.24,18949.64,2022-01-01,2022-01-17
915,915,CLM0000915,2022-01-16,CLOSED,Liability,11218.43,13262.92,2251.44,22229.91,2022-01-11,2022-01-17
916,916,CLM0000916,2022-01-17,OPEN,Glass,12813.18,3563.48,1173.14,15203.52,2022-01-09,2022-01-22
917,917,CLM0000917,2022-01-18,UNDER_REVIEW,Windstorm,10510.45,2461.59,834.55,12137.49,2022-01-15,2022-01-18
918,918,CLM0000918,2022-01-19,APPROVED,Collision,956.89,22027.93,2742.17,20242.65,2022-01-19,2022-01-22
919,919,CLM0000919,2022-01-20,REJECTED,Fire,7859.74,24902.34,519.64,32242.44,2022-01-16,2022-01-20
920,920,CLM0000920,2022-01-21,CLOSED,Flood,9822.49,22194.05,1546.85,30469.69,2022-01-14,2022-01-26
921,921,CLM0000921,2022-01-22,OPEN,Theft,4262.63,15848.78,656.39,19455.02,2022-01-17,2022-01-22
922,922,CLM0000922,2022-01-23,UNDER_REVIEW,Liability,527.32,9242.61,4576.36,5193.57,2022-01-08,2022-01-26
923,923,CLM0000923,2022-01-24,APPROVED,Glass,14624.72,13744.31,1362.07,27006.96,2022-01-10,2022-01-25
924,924,CLM0000924,2022-01-25,REJECTED,Windstorm,14543.13,17591.76,885.18,31249.71,2022-01-11,2022-01-30
925,925,CLM0000925,2022-01-26,CLOSED,Collision,11233.67,21993.7,2174.89,31052.48,2022-01-17,2022-01-28
926,926,CLM0000926,2022-01-27,OPEN,Fire,7224.78,6064.65,447.77,12841.66,2022-01-18,2022-01-29
927,927,CLM0000927,2022-01-28,UNDER_REVIEW,Flood,6183.06,4315.08,52.78,10445.36,2022-01-24,2022-01-30
928,928,CLM0000928,2022-01-29,APPROVED,Theft,4301.43,13609.92,3438.85,14472.5,2022-01-14,2022-02-01
929,929,CLM0000929,2022-01-30,REJECTED,Liability,4494.16,19263.8,3989.82,19768.14,2022-01-23,2022-01-30
930,930,CLM0000930,2022-01-31,CLOSED,Glass,8223.18,5119.99,4410.81,8932.36,2022-01-18,2022-02-03
931,931,CLM0000931,2022-02-01,OPEN,Windstorm,3748.44,18015.98,3229.95,18534.47,2022-01-20,2022-02-02
932,932,CLM0000932,2022-02-02,UNDER_REVIEW,Collision,3944.7,10844.86,1197.81,13591.75,2022-01-25,2022-02-04
933,933,CLM0000933,2022-02-03,APPROVED,Fire,9726.86,13532.63,1344.11,21915.38,2022-01-28,2022-02-03
934,934,CLM0000934,2022-02-04,REJECTED,Flood,2736.11,7595.08,3184.46,7146.73,2022-01-21,2022-02-06
935,935,CLM0000935,2022-02-05,CLOSED,Theft,10507.09,12553.9,1603.22,21457.77,2022-02-01,2022-02-05
936,936,CLM0000936,2022-02-06,OPEN,Liability,14545.74,1042.21,4861.66,10726.29,2022-01-28,2022-02-08
937,937,CLM0000937,2022-02-07,UNDER_REVIEW,Glass,1875.59,11241.21,41.02,13075.78,2022-02-05,2022-02-08
938,938,CLM0000938,2022-02-08,APPROVED,Windstorm,220.87,5821.11,2101.22,3940.76,2022-01-24,2022-02-10
939,939,CLM0000939,2022-02-09,REJECTED,Collision,6955.27,19889.91,1651.24,25193.94,2022-02-05,2022-02-09
940,940,CLM0000940,2022-02-10,CLOSED,Fire,3997.55,10114.33,2715.96,11395.92,2022-02-05,2022-02-11
941,941,CLM0000941,2022-02-11,OPEN,Flood,13435.48,6626.95,1907.89,18154.54,2022-02-11,2022-02-11
942,942,CLM0000942,2022-02-12,UNDER_REVIEW,Theft,14618.98,18009.72,1923.99,30704.71,2022-01-29,2022-02-13
943,943,CLM0000943,2022-02-13,APPROVED,Liability,11064.29,1321.0,2304.17,10081.12,2022-02-10,2022-02-17
944,944,CLM0000944,2022-02-14,REJECTED,Glass,9990.12,5606.95,1945.61,13651.46,2022-02-05,2022-02-16
945,945,CLM0000945,2022-02-15,CLOSED,Windstorm,2379.17,18341.81,3723.62,16997.36,2022-02-12,2022-02-17
946,946,CLM0000946,2022-02-16,OPEN,Collision,7218.44,7820.92,1802.13,13237.23,2022-02-15,2022-02-21
947,947,CLM0000947,2022-02-17,UNDER_REVIEW,Fire,3266.82,3266.75,3164.54,3369.03,2022-02-07,2022-02-17
948,948,CLM0000948,2022-02-18,APPROVED,Flood,2510.41,7264.45,598.25,9176.61,2022-02-11,2022-02-18
949,949,CLM0000949,2022-02-19,REJECTED,Theft,14532.52,14736.39,3453.76,25815.15,2022-02-15,2022-02-21
950,950,CLM0000950,2022-02-20,CLOSED,Liability,11561.96,6593.7,2499.6,15656.06,2022-02-10,2022-02-25
951,951,CLM0000951,2022-02-21,OPEN,Glass,900.79,9210.18,769.59,9341.38,2022-02-18,2022-02-22
952,952,CLM0000952,2022-02-22,UNDER_REVIEW,Windstorm,7317.64,8260.12,2791.75,12786.01,2022-02-11,2022-02-25
953,953,CLM0000953,2022-02-23,APPROVED,Collision,10997.83,1023.14,1888.84,10132.13,2022-02-19,2022-02-25
954,954,CLM0000954,2022-02-24,REJECTED,Fire,13479.95,12389.9,2187.5,23682.35,2022-02-15,2022-02-28
955,955,CLM0000955,2022-02-25,CLOSED,Flood,10455.57,5149.51,933.13,14671.95,2022-02-14,2022-02-27
956,956,CLM0000956,2022-02-26,OPEN,Theft,10986.04,7245.45,4156.75,14074.74,2022-02-21,2022-02-26
957,957,CLM0000957,2022-02-27,UNDER_REVIEW,Liability,7967.06,11509.91,4097.09,15379.88,2022-02-16,2022-03-02
958,958,CLM0000958,2022-02-28,APPROVED,Glass,10.8,16131.64,1895.22,14247.22,2022-02-23,2022-02-28
959,959,CLM0000959,2022-03-01,REJECTED,Windstorm,9296.02,9419.84,3100.99,15614.87,2022-02-19,2022-03-06
960,960,CLM0000960,2022-03-02,CLOSED,Collision,950.13,24195.5,4095.25,21050.38,2022-02-24,2022-03-06
961,961,CLM0000961,2022-03-03,OPEN,Fire,10248.36,19260.49,770.66,28738.19,2022-02-22,2022-03-05
962,962,CLM0000962,2022-03-04,UNDER_REVIEW,Flood,6147.07,8389.59,481.28,14055.38,2022-03-02,2022-03-04
963,963,CLM0000963,2022-03-05,APPROVED,Theft,12527.9,3679.47,4367.46,11839.91,2022-02-27,2022-03-05
964,964,CLM0000964,2022-03-06,REJECTED,Liability,7280.55,2919.46,2855.06,7344.95,2022-02-22,2022-03-11
965,965,CLM0000965,2022-03-07,CLOSED,Glass,7348.64,15787.28,2951.5,20184.42,2022-03-06,2022-03-09
966,966,CLM0000966,2022-03-08,OPEN,Windstorm,3310.84,18087.21,65.43,21332.62,2022-03-02,2022-03-13
967,967,CLM0000967,2022-03-09,UNDER_REVIEW,Collision,7371.08,22299.3,399.78,29270.6,2022-03-08,2022-03-11
968,968,CLM0000968,2022-03-10,APPROVED,Fire,8370.3,23486.97,2079.77,29777.5,2022-02-27,2022-03-15
969,969,CLM0000969,2022-03-11,REJECTED,Flood,874.5,15614.87,2645.1,13844.27,2022-03-09,2022-03-13
970,970,CLM0000970,2022-03-12,CLOSED,Theft,1169.03,5789.55,2597.43,4361.15,2022-03-09,2022-03-17
971,971,CLM0000971,2022-03-13,OPEN,Liability,3465.27,9940.61,965.6,12440.28,2022-03-06,2022-03-17
972,972,CLM0000972,2022-03-14,UNDER_REVIEW,Glass,9379.88,4883.0,3745.97,10516.91,2022-03-01,2022-03-19
973,973,CLM0000973,2022-03-15,APPROVED,Windstorm,1582.71,16146.3,1789.82,15939.19,2022-03-01,2022-03-20
974,974,CLM0000974,2022-03-16,REJECTED,Collision,9978.64,22129.19,834.05,31273.78,2022-03-11,2022-03-20
975,975,CLM0000975,2022-03-17,CLOSED,Fire,6023.36,8769.07,790.88,14001.55,2022-03-03,2022-03-19
976,976,CLM0000976,2022-03-18,OPEN,Flood,13537.27,13976.99,4984.25,22530.01,2022-03-07,2022-03-21
977,977,CLM0000977,2022-03-19,UNDER_REVIEW,Theft,11462.77,11049.41,3629.34,18882.84,2022-03-12,2022-03-23
978,978,CLM0000978,2022-03-20,APPROVED,Liability,8184.39,9689.05,2751.19,15122.25,2022-03-12,2022-03-22
979,979,CLM0000979,2022-03-21,REJECTED,Glass,14424.78,11463.74,1985.45,23903.07,2022-03-20,2022-03-23
980,980,CLM0000980,2022-03-22,CLOSED,Windstorm,8936.44,13181.43,4967.06,17150.81,2022-03-13,2022-03-22
981,981,CLM0000981,2022-03-23,OPEN,Collision,4505.01,5936.22,4278.6,6162.63,2022-03-23,2022-03-28
982,982,CLM0000982,2022-03-24,UNDER_REVIEW,Fire,12335.06,23018.25,2556.36,32796.95,2022-03-20,2022-03-24
983,983,CLM0000983,2022-03-25,APPROVED,Flood,566.04,9213.57,692.04,9087.57,2022-03-14,2022-03-29
984,984,CLM0000984,2022-03-26,REJECTED,Theft,3747.85,6777.97,1501.51,9024.31,2022-03-14,2022-03-30
985,985,CLM0000985,2022-03-27,CLOSED,Liability,13768.23,18489.52,3617.9,28639.85,2022-03-12,2022-03-28
986,986,CLM0000986,2022-03-28,OPEN,Glass,7324.15,22526.09,3514.24,26336.0,2022-03-25,2022-04-01
987,987,CLM0000987,2022-03-29,UNDER_REVIEW,Windstorm,9633.82,1415.6,4041.71,7007.71,2022-03-17,2022-03-29
988,988,CLM0000988,2022-03-30,APPROVED,Collision,11701.83,23085.85,1671.95,33115.73,2022-03-17,2022-04-02
989,989,CLM0000989,2022-03-31,REJECTED,Fire,13953.69,3453.24,3851.95,13554.98,2022-03-31,2022-04-05
990,990,CLM0000990,2022-04-01,CLOSED,Flood,11661.28,9870.93,1523.92,20008.29,2022-03-31,2022-04-03
991,991,CLM0000991,2022-04-02,OPEN,Theft,8098.95,4164.71,2512.01,9751.65,2022-03-26,2022-04-03
992,992,CLM0000992,2022-04-03,UNDER_REVIEW,Liability,757.8,18423.68,1964.41,17217.07,2022-03-20,2022-04-07
993,993,CLM0000993,2022-04-04,APPROVED,Glass,8628.82,2707.03,2159.68,9176.17,2022-03-23,2022-04-05
994,994,CLM0000994,2022-04-05,REJECTED,Windstorm,1982.84,2522.36,2857.2,1648.0,2022-04-04,2022-04-09
995,995,CLM0000995,2022-04-06,CLOSED,Collision,5987.87,2584.44,2509.12,6063.19,2022-04-02,2022-04-07
996,996,CLM0000996,2022-04-07,OPEN,Fire,7213.84,5353.66,1976.59,10590.91,2022-04-01,2022-04-11
997,997,CLM0000997,2022-04-08,UNDER_REVIEW,Flood,9239.95,18523.86,1231.23,26532.58,2022-04-06,2022-04-10
998,998,CLM0000998,2022-04-09,APPROVED,Theft,11651.58,8423.59,4620.69,15454.48,2022-04-07,2022-04-09
999,999,CLM0000999,2022-04-10,REJECTED,Liability,10076.21,10876.74,1741.54,19211.41,2022-03-31,2022-04-12
1000,1000,CLM0001000,2022-04-11,CLOSED,Glass,8908.16,1093.07,1524.09,8477.14,2022-03-31,2022-04-15
1001,1001,CLM0001001,2022-04-12,OPEN,Windstorm,12323.76,20168.5,3115.91,29376.35,2022-03-29,2022-04-12
1002,1002,CLM0001002,2022-04-13,UNDER_REVIEW,Collision,13863.2,6220.5,3426.8,16656.9,2022-04-09,2022-04-18
1003,1003,CLM0001003,2022-04-14,APPROVED,Fire,12791.46,3253.11,272.69,15771.88,2022-04-10,2022-04-16
1004,1004,CLM0001004,2022-04-15,REJECTED,Flood,206.0,17497.98,556.39,17147.59,2022-04-01,2022-04-18
1005,1005,CLM0001005,2022-04-16,CLOSED,Theft,341.22,5620.73,2690.03,3271.92,2022-04-10,2022-04-20
1006,1006,CLM0001006,2022-04-17,OPEN,Liability,7848.99,6837.12,2415.13,12270.98,2022-04-13,2022-04-22
1007,1007,CLM0001007,2022-04-18,UNDER_REVIEW,Glass,10481.33,950.52,2915.02,8516.83,2022-04-17,2022-04-20
1008,1008,CLM0001008,2022-04-19,APPROVED,Windstorm,2554.79,7458.33,3945.94,6067.18,2022-04-11,2022-04-19
1009,1009,CLM0001009,2022-04-20,REJECTED,Collision,6974.41,23656.82,332.99,30298.24,2022-04-12,2022-04-25
1010,1010,CLM0001010,2022-04-21,CLOSED,Fire,12781.24,16672.46,4321.41,25132.29,2022-04-21,2022-04-23
1011,1011,CLM0001011,2022-04-22,OPEN,Flood,13011.16,16410.57,1155.84,28265.89,2022-04-10,2022-04-26
1012,1012,CLM0001012,2022-04-23,UNDER_REVIEW,Theft,14649.18,2940.29,1577.28,16012.19,2022-04-21,2022-04-24
1013,1013,CLM0001013,2022-04-24,APPROVED,Liability,2983.13,24186.39,2803.44,24366.08,2022-04-24,2022-04-24
1014,1014,CLM0001014,2022-04-25,REJECTED,Glass,3710.88,13470.68,1667.85,15513.71,2022-04-13,2022-04-30
1015,1015,CLM0001015,2022-04-26,CLOSED,Windstorm,2355.08,8996.11,1759.57,9591.62,2022-04-17,2022-04-27
1016,1016,CLM0001016,2022-04-27,OPEN,Collision,14939.92,24475.4,1379.39,38035.93,2022-04-26,2022-05-02
1017,1017,CLM0001017,2022-04-28,UNDER_REVIEW,Fire,3865.19,9985.68,4999.76,8851.11,2022-04-28,2022-05-02
1018,1018,CLM0001018,2022-04-29,APPROVED,Flood,14236.75,6026.78,1708.93,18554.6,2022-04-17,2022-05-04
1019,1019,CLM0001019,2022-04-30,REJECTED,Theft,2058.91,18382.3,2603.59,17837.62,2022-04-23,2022-05-03
1020,1020,CLM0001020,2022-05-01,CLOSED,Liability,3605.41,4242.35,4852.69,2995.07,2022-04-21,2022-05-04
1021,1021,CLM0001021,2022-05-02,OPEN,Glass,8133.51,5565.55,692.88,13006.18,2022-04-26,2022-05-03
1022,1022,CLM0001022,2022-05-03,UNDER_REVIEW,Windstorm,4634.98,17775.84,2619.03,19791.79,2022-04-29,2022-05-06
1023,1023,CLM0001023,2022-05-04,APPROVED,Collision,14935.29,24406.53,725.76,38616.06,2022-04-29,2022-05-06
1024,1024,CLM0001024,2022-05-05,REJECTED,Fire,1017.21,13557.56,3597.2,10977.57,2022-04-30,2022-05-07
1025,1025,CLM0001025,2022-05-06,CLOSED,Flood,12592.84,4065.31,147.42,16510.73,2022-04-26,2022-05-09
1026,1026,CLM0001026,2022-05-07,OPEN,Theft,14417.94,7932.03,3728.05,18621.92,2022-04-29,2022-05-08
1027,1027,CLM0001027,2022-05-08,UNDER_REVIEW,Liability,11686.62,3115.9,923.73,13878.79,2022-04-30,2022-05-12
1028,1028,CLM0001028,2022-05-09,APPROVED,Glass,8505.65,6157.33,1160.91,13502.07,2022-05-09,2022-05-11
1029,1029,CLM0001029,2022-05-10,REJECTED,Windstorm,1192.13,19605.74,670.43,20127.44,2022-04-25,2022-05-15
1030,1030,CLM0001030,2022-05-11,CLOSED,Collision,9743.53,5007.42,1937.3,12813.65,2022-04-26,2022-05-12
1031,1031,CLM0001031,2022-05-12,OPEN,Fire,2456.8,6043.69,2042.95,6457.54,2022-05-12,2022-05-14
1032,1032,CLM0001032,2022-05-13,UNDER_REVIEW,Flood,14252.97,5952.58,3356.7,16848.85,2022-05-07,2022-05-14
1033,1033,CLM0001033,2022-05-14,APPROVED,Theft,992.04,23214.03,4928.14,19277.93,2022-04-29,2022-05-19
1034,1034,CLM0001034,2022-05-15,REJECTED,Liability,4873.43,11709.85,1233.92,15349.36,2022-05-03,2022-05-15
1035,1035,CLM0001035,2022-05-16,CLOSED,Glass,9118.95,20696.05,3601.0,26214.0,2022-05-04,2022-05-20
1036,1036,CLM0001036,2022-05-17,OPEN,Windstorm,14087.09,14512.39,2680.8,25918.68,2022-05-16,2022-05-21
1037,1037,CLM0001037,2022-05-18,UNDER_REVIEW,Collision,1639.74,11694.06,4388.83,8944.97,2022-05-11,2022-05-22
1038,1038,CLM0001038,2022-05-19,APPROVED,Fire,8068.04,24603.85,196.26,32475.63,2022-05-07,2022-05-23
1039,1039,CLM0001039,2022-05-20,REJECTED,Flood,11477.4,24083.51,949.25,34611.66,2022-05-06,2022-05-23
1040,1040,CLM0001040,2022-05-21,CLOSED,Theft,13265.96,19455.09,1429.57,31291.48,2022-05-16,2022-05-24
1041,1041,CLM0001041,2022-05-22,OPEN,Liability,4416.3,23016.3,3449.76,23982.84,2022-05-18,2022-05-25
1042,1042,CLM0001042,2022-05-23,UNDER_REVIEW,Glass,12448.4,11566.6,3613.23,20401.77,2022-05-20,2022-05-24
1043,1043,CLM0001043,2022-05-24,APPROVED,Windstorm,11680.97,23477.14,3480.57,31677.54,2022-05-20,2022-05-27
1044,1044,CLM0001044,2022-05-25,REJECTED,Collision,6203.39,11546.7,894.39,16855.7,2022-05-19,2022-05-28
1045,1045,CLM0001045,2022-05-26,CLOSED,Fire,1352.69,8439.83,3242.88,6549.64,2022-05-21,2022-05-31
1046,1046,CLM0001046,2022-05-27,OPEN,Flood,10998.93,2734.19,3531.13,10201.99,2022-05-16,2022-05-27
1047,1047,CLM0001047,2022-05-28,UNDER_REVIEW,Theft,7857.26,9910.14,3955.33,13812.07,2022-05-23,2022-05-31
1048,1048,CLM0001048,2022-05-29,APPROVED,Liability,8255.19,1575.7,854.42,8976.47,2022-05-19,2022-06-02
1049,1049,CLM0001049,2022-05-30,REJECTED,Glass,13069.58,21635.48,810.62,33894.44,2022-05-26,2022-05-31
1050,1050,CLM0001050,2022-05-31,CLOSED,Windstorm,11537.35,1757.11,1540.31,11754.15,2022-05-17,2022-06-02
1051,1051,CLM0001051,2022-06-01,OPEN,Collision,9396.79,3380.07,657.86,12119.0,2022-05-26,2022-06-01
1052,1052,CLM0001052,2022-06-02,UNDER_REVIEW,Fire,9338.4,6701.22,2293.21,13746.41,2022-05-18,2022-06-06
1053,1053,CLM0001053,2022-06-03,APPROVED,Flood,12111.82,15395.61,2467.33,25040.1,2022-05-28,2022-06-07
1054,1054,CLM0001054,2022-06-04,REJECTED,Theft,9892.06,11616.59,2209.38,19299.27,2022-06-04,2022-06-05
1055,1055,CLM0001055,2022-06-05,CLOSED,Liability,13232.52,7313.77,3143.18,17403.11,2022-05-30,2022-06-05
1056,1056,CLM0001056,2022-06-06,OPEN,Glass,2772.6,1849.07,1745.1,2876.57,2022-06-02,2022-06-06
1057,1057,CLM0001057,2022-06-07,UNDER_REVIEW,Windstorm,10004.95,21031.35,1492.21,29544.09,2022-06-05,2022-06-07
1058,1058,CLM0001058,2022-06-08,APPROVED,Collision,1633.31,24846.51,806.68,25673.14,2022-05-30,2022-06-12
1059,1059,CLM0001059,2022-06-09,REJECTED,Fire,9913.87,17646.25,2861.41,24698.71,2022-06-04,2022-06-12
1060,1060,CLM0001060,2022-06-10,CLOSED,Flood,11240.02,9324.62,179.2,20385.44,2022-06-01,2022-06-12
1061,1061,CLM0001061,2022-06-11,OPEN,Theft,5528.54,9784.01,338.33,14974.22,2022-05-29,2022-06-15
1062,1062,CLM0001062,2022-06-12,UNDER_REVIEW,Liability,973.89,12035.01,610.12,12398.78,2022-06-04,2022-06-14
1063,1063,CLM0001063,2022-06-13,APPROVED,Glass,7905.79,13353.83,3479.15,17780.47,2022-06-12,2022-06-13
1064,1064,CLM0001064,2022-06-14,REJECTED,Windstorm,8570.51,24494.07,2644.73,30419.85,2022-06-12,2022-06-17
1065,1065,CLM0001065,2022-06-15,CLOSED,Collision,10861.11,15317.06,3940.92,22237.25,2022-06-06,2022-06-18
1066,1066,CLM0001066,2022-06-16,OPEN,Fire,9132.67,8253.97,2626.96,14759.68,2022-06-05,2022-06-17
1067,1067,CLM0001067,2022-06-17,UNDER_REVIEW,Flood,9214.35,12661.72,3645.92,18230.15,2022-06-02,2022-06-20
1068,1068,CLM0001068,2022-06-18,APPROVED,Theft,12119.71,22149.76,1163.61,33105.86,2022-06-09,2022-06-19
1069,1069,CLM0001069,2022-06-19,REJECTED,Liability,23.71,1087.68,3127.3,-2015.91,2022-06-16,2022-06-24
1070,1070,CLM0001070,2022-06-20,CLOSED,Glass,12721.05,20089.33,4994.94,27815.44,2022-06-07,2022-06-20
1071,1071,CLM0001071,2022-06-21,OPEN,Windstorm,5006.88,14230.18,3187.52,16049.54,2022-06-21,2022-06-26
1072,1072,CLM0001072,2022-06-22,UNDER_REVIEW,Collision,3017.81,7399.85,3950.98,6466.68,2022-06-13,2022-06-24
1073,1073,CLM0001073,2022-06-23,APPROVED,Fire,7600.34,8436.13,30.66,16005.81,2022-06-13,2022-06-25
1074,1074,CLM0001074,2022-06-24,REJECTED,Flood,5940.74,14438.58,4800.56,15578.76,2022-06-19,2022-06-25
1075,1075,CLM0001075,2022-06-25,CLOSED,Theft,4957.72,8779.45,3362.36,10374.81,2022-06-10,2022-06-25
1076,1076,CLM0001076,2022-06-26,OPEN,Liability,9684.78,12296.64,3136.0,18845.42,2022-06-16,2022-06-29
1077,1077,CLM0001077,2022-06-27,UNDER_REVIEW,Glass,11759.84,10641.85,3712.92,18688.77,2022-06-18,2022-07-01
1078,1078,CLM0001078,2022-06-28,APPROVED,Windstorm,10874.46,8229.82,2679.43,16424.85,2022-06-22,2022-07-02
1079,1079,CLM0001079,2022-06-29,REJECTED,Collision,10282.4,20088.62,4440.15,25930.87,2022-06-18,2022-06-29
1080,1080,CLM0001080,2022-06-30,CLOSED,Fire,14544.2,7371.27,155.87,21759.6,2022-06-18,2022-07-05
1081,1081,CLM0001081,2022-07-01,OPEN,Flood,8014.1,4566.25,3028.45,9551.9,2022-06-26,2022-07-05
1082,1082,CLM0001082,2022-07-02,UNDER_REVIEW,Theft,1752.67,19667.43,1541.41,19878.69,2022-06-22,2022-07-07
1083,1083,CLM0001083,2022-07-03,APPROVED,Liability,474.42,10639.8,2485.27,8628.95,2022-06-26,2022-07-05
1084,1084,CLM0001084,2022-07-04,REJECTED,Glass,6778.59,23792.81,1080.7,29490.7,2022-06-25,2022-07-05
1085,1085,CLM0001085,2022-07-05,CLOSED,Windstorm,1683.47,19731.13,3888.95,17525.65,2022-07-03,2022-07-08
1086,1086,CLM0001086,2022-07-06,OPEN,Collision,7589.92,20076.12,4524.78,23141.26,2022-07-02,2022-07-07
1087,1087,CLM0001087,2022-07-07,UNDER_REVIEW,Fire,5101.74,12345.06,4369.4,13077.4,2022-06-28,2022-07-09
1088,1088,CLM0001088,2022-07-08,APPROVED,Flood,2149.43,21859.08,4110.69,19897.82,2022-07-04,2022-07-09
1089,1089,CLM0001089,2022-07-09,REJECTED,Theft,10868.56,11754.53,3568.39,19054.7,2022-07-06,2022-07-09
1090,1090,CLM0001090,2022-07-10,CLOSED,Liability,4664.72,1578.73,4240.62,2002.83,2022-07-08,2022-07-12
1091,1091,CLM0001091,2022-07-11,OPEN,Glass,7003.14,1630.42,2602.89,6030.67,2022-07-02,2022-07-11
1092,1092,CLM0001092,2022-07-12,UNDER_REVIEW,Windstorm,8663.4,8147.5,4460.68,12350.22,2022-07-02,2022-07-13
1093,1093,CLM0001093,2022-07-13,APPROVED,Collision,2888.18,7277.91,1595.75,8570.34,2022-06-29,2022-07-18
1094,1094,CLM0001094,2022-07-14,REJECTED,Fire,1764.76,4158.36,1368.18,4554.94,2022-07-14,2022-07-18
1095,1095,CLM0001095,2022-07-15,CLOSED,Flood,8394.39,3008.19,2712.64,8689.94,2022-07-05,2022-07-17
1096,1096,CLM0001096,2022-07-16,OPEN,Theft,2123.35,17756.67,1416.34,18463.68,2022-07-09,2022-07-17
1097,1097,CLM0001097,2022-07-17,UNDER_REVIEW,Liability,1068.64,15524.94,1693.69,14899.89,2022-07-03,2022-07-17
1098,1098,CLM0001098,2022-07-18,APPROVED,Glass,1951.11,12033.02,3377.48,10606.65,2022-07-15,2022-07-21
1099,1099,CLM0001099,2022-07-19,REJECTED,Windstorm,807.0,10948.41,894.91,10860.5,2022-07-05,2022-07-23
1100,1100,CLM0001100,2022-07-20,CLOSED,Collision,5334.36,8642.14,990.74,12985.76,2022-07-18,2022-07-23
1101,1101,CLM0001101,2022-07-21,OPEN,Fire,8516.84,2776.45,4011.75,7281.54,2022-07-07,2022-07-21
1102,1102,CLM0001102,2022-07-22,UNDER_REVIEW,Flood,6833.76,17269.71,3551.08,20552.39,2022-07-08,2022-07-25
1103,1103,CLM0001103,2022-07-23,APPROVED,Theft,3475.41,5982.96,4305.48,5152.89,2022-07-15,2022-07-25
1104,1104,CLM0001104,2022-07-24,REJECTED,Liability,5881.15,17640.56,3325.9,20195.81,2022-07-14,2022-07-27
1105,1105,CLM0001105,2022-07-25,CLOSED,Glass,7312.6,2101.45,564.44,8849.61,2022-07-10,2022-07-28
1106,1106,CLM0001106,2022-07-26,OPEN,Windstorm,12686.49,7415.31,1743.08,18358.72,2022-07-22,2022-07-30
1107,1107,CLM0001107,2022-07-27,UNDER_REVIEW,Collision,1543.98,20530.05,3983.79,18090.24,2022-07-17,2022-07-31
1108,1108,CLM0001108,2022-07-28,APPROVED,Fire,9741.77,19914.56,2663.73,26992.6,2022-07-16,2022-08-01
1109,1109,CLM0001109,2022-07-29,REJECTED,Flood,6201.63,15711.43,2739.75,19173.31,2022-07-14,2022-08-01
1110,1110,CLM0001110,2022-07-30,CLOSED,Theft,990.9,5601.83,3470.3,3122.43,2022-07-17,2022-08-02
1111,1111,CLM0001111,2022-07-31,OPEN,Liability,8508.17,8883.92,3470.67,13921.42,2022-07-26,2022-08-05
1112,1112,CLM0001112,2022-08-01,UNDER_REVIEW,Glass,10044.08,18614.49,3559.54,25099.03,2022-07-17,2022-08-01
1113,1113,CLM0001113,2022-08-02,APPROVED,Windstorm,8882.45,11841.26,2775.44,17948.27,2022-07-19,2022-08-03
1114,1114,CLM0001114,2022-08-03,REJECTED,Collision,4620.54,10441.95,2991.3,12071.19,2022-07-22,2022-08-05
1115,1115,CLM0001115,2022-08-04,CLOSED,Fire,7414.43,16674.04,452.67,23635.8,2022-07-31,2022-08-08
1116,1116,CLM0001116,2022-08-05,OPEN,Flood,13548.84,16085.25,0.92,29633.17,2022-08-01,2022-08-10
1117,1117,CLM0001117,2022-08-06,UNDER_REVIEW,Theft,2238.25,13515.77,1949.91,13804.11,2022-07-23,2022-08-07
1118,1118,CLM0001118,2022-08-07,APPROVED,Liability,3084.93,21996.92,1498.68,23583.17,2022-07-29,2022-08-10
1119,1119,CLM0001119,2022-08-08,REJECTED,Glass,10766.87,22920.39,4951.45,28735.81,2022-08-08,2022-08-12
1120,1120,CLM0001120,2022-08-09,CLOSED,Windstorm,14796.32,10402.84,637.78,24561.38,2022-07-31,2022-08-09
1121,1121,CLM0001121,2022-08-10,OPEN,Collision,5538.34,13947.69,265.64,19220.39,2022-07-30,2022-08-10
1122,1122,CLM0001122,2022-08-11,UNDER_REVIEW,Fire,12918.72,21709.15,1176.21,33451.66,2022-07-30,2022-08-16
1123,1123,CLM0001123,2022-08-12,APPROVED,Flood,4771.91,9878.35,1907.83,12742.43,2022-08-06,2022-08-17
1124,1124,CLM0001124,2022-08-13,REJECTED,Theft,2601.15,3907.19,2777.11,3731.23,2022-08-02,2022-08-16
1125,1125,CLM0001125,2022-08-14,CLOSED,Liability,2314.01,24937.67,3350.33,23901.35,2022-08-10,2022-08-14
1126,1126,CLM0001126,2022-08-15,OPEN,Glass,1076.19,884.84,3606.7,-1645.67,2022-07-31,2022-08-20
1127,1127,CLM0001127,2022-08-16,UNDER_REVIEW,Windstorm,6551.03,24760.33,423.32,30888.04,2022-08-03,2022-08-19
1128,1128,CLM0001128,2022-08-17,APPROVED,Collision,13403.74,17537.07,4651.56,26289.25,2022-08-12,2022-08-20
1129,1129,CLM0001129,2022-08-18,REJECTED,Fire,7641.22,14025.23,2250.23,19416.22,2022-08-07,2022-08-19
1130,1130,CLM0001130,2022-08-19,CLOSED,Flood,2786.87,15312.04,2889.69,15209.22,2022-08-12,2022-08-24
1131,1131,CLM0001131,2022-08-20,OPEN,Theft,7525.93,10565.53,2730.83,15360.63,2022-08-09,2022-08-20
1132,1132,CLM0001132,2022-08-21,UNDER_REVIEW,Liability,14673.5,14419.66,3524.41,25568.75,2022-08-18,2022-08-25
1133,1133,CLM0001133,2022-08-22,APPROVED,Glass,7222.99,17417.18,710.44,23929.73,2022-08-14,2022-08-25
1134,1134,CLM0001134,2022-08-23,REJECTED,Windstorm,7754.24,13322.24,3050.35,18026.13,2022-08-16,2022-08-26
1135,1135,CLM0001135,2022-08-24,CLOSED,Collision,9459.94,16761.56,3343.59,22877.91,2022-08-15,2022-08-28
1136,1136,CLM0001136,2022-08-25,OPEN,Fire,791.61,8916.88,3892.64,5815.85,2022-08-10,2022-08-28
1137,1137,CLM0001137,2022-08-26,UNDER_REVIEW,Flood,7689.95,11996.19,3669.07,16017.07,2022-08-13,2022-08-28
1138,1138,CLM0001138,2022-08-27,APPROVED,Theft,14408.72,20056.47,1446.04,33019.15,2022-08-26,2022-09-01
1139,1139,CLM0001139,2022-08-28,REJECTED,Liability,13842.97,18860.92,3634.86,29069.03,2022-08-20,2022-08-28
1140,1140,CLM0001140,2022-08-29,CLOSED,Glass,9439.5,14664.46,2864.3,21239.66,2022-08-20,2022-09-03
1141,1141,CLM0001141,2022-08-30,OPEN,Windstorm,9364.76,7526.98,412.55,16479.19,2022-08-28,2022-09-01
1142,1142,CLM0001142,2022-08-31,UNDER_REVIEW,Collision,3780.76,15587.05,1376.09,17991.72,2022-08-23,2022-08-31
1143,1143,CLM0001143,2022-09-01,APPROVED,Fire,11121.44,15293.63,4550.66,21864.41,2022-08-28,2022-09-06
1144,1144,CLM0001144,2022-09-02,REJECTED,Flood,6699.8,20292.1,1306.26,25685.64,2022-08-26,2022-09-05
1145,1145,CLM0001145,2022-09-03,CLOSED,Theft,2712.14,13421.03,165.45,15967.72,2022-09-01,2022-09-04
1146,1146,CLM0001146,2022-09-04,OPEN,Liability,8933.16,20632.23,4188.07,25377.32,2022-08-22,2022-09-07
1147,1147,CLM0001147,2022-09-05,UNDER_REVIEW,Glass,3569.21,11284.53,3187.87,11665.87,2022-08-30,2022-09-09
1148,1148,CLM0001148,2022-09-06,APPROVED,Windstorm,11015.42,8954.36,3211.31,16758.47,2022-09-03,2022-09-06
1149,1149,CLM0001149,2022-09-07,REJECTED,Collision,2514.01,10269.25,1506.84,11276.42,2022-08-31,2022-09-10
1150,1150,CLM0001150,2022-09-08,CLOSED,Fire,10252.65,10056.73,1313.13,18996.25,2022-08-26,2022-09-08
1151,1151,CLM0001151,2022-09-09,OPEN,Flood,4331.88,20034.07,1910.02,22455.93,2022-08-30,2022-09-13
1152,1152,CLM0001152,2022-09-10,UNDER_REVIEW,Theft,10243.14,1504.93,4588.56,7159.51,2022-08-30,2022-09-13
1153,1153,CLM0001153,2022-09-11,APPROVED,Liability,9157.28,16475.62,1362.95,24269.95,2022-09-03,2022-09-13
1154,1154,CLM0001154,2022-09-12,REJECTED,Glass,12034.75,6755.93,2920.88,15869.8,2022-08-29,2022-09-17
1155,1155,CLM0001155,2022-09-13,CLOSED,Windstorm,11236.36,18490.68,2943.62,26783.42,2022-09-07,2022-09-17
1156,1156,CLM0001156,2022-09-14,OPEN,Collision,5061.1,17411.82,899.58,21573.34,2022-09-14,2022-09-19
1157,1157,CLM0001157,2022-09-15,UNDER_REVIEW,Fire,127.14,2164.82,2056.24,235.72,2022-09-12,2022-09-20
1158,1158,CLM0001158,2022-09-16,APPROVED,Flood,6689.13,5875.7,1416.49,11148.34,2022-09-10,2022-09-16
1159,1159,CLM0001159,2022-09-17,REJECTED,Theft,355.51,2752.56,4692.53,-1584.46,2022-09-11,2022-09-21
1160,1160,CLM0001160,2022-09-18,CLOSED,Liability,9571.24,17847.84,599.89,26819.19,2022-09-14,2022-09-21
1161,1161,CLM0001161,2022-09-19,OPEN,Glass,9845.92,22547.48,2830.34,29563.06,2022-09-14,2022-09-19
1162,1162,CLM0001162,2022-09-20,UNDER_REVIEW,Windstorm,10434.8,6706.73,2334.78,14806.75,2022-09-18,2022-09-25
1163,1163,CLM0001163,2022-09-21,APPROVED,Collision,6801.66,24883.56,3846.8,27838.42,2022-09-11,2022-09-23
1164,1164,CLM0001164,2022-09-22,REJECTED,Fire,2429.49,2312.93,3885.53,856.89,2022-09-10,2022-09-25
1165,1165,CLM0001165,2022-09-23,CLOSED,Flood,4989.82,1971.44,4778.03,2183.23,2022-09-15,2022-09-24
1166,1166,CLM0001166,2022-09-24,OPEN,Theft,6608.62,12547.18,4642.93,14512.87,2022-09-12,2022-09-25
1167,1167,CLM0001167,2022-09-25,UNDER_REVIEW,Liability,9682.25,3156.55,2703.16,10135.64,2022-09-12,2022-09-26
1168,1168,CLM0001168,2022-09-26,APPROVED,Glass,9209.49,3103.12,2207.91,10104.7,2022-09-18,2022-09-26
1169,1169,CLM0001169,2022-09-27,REJECTED,Windstorm,522.91,2225.1,3637.73,-889.72,2022-09-13,2022-09-27
1170,1170,CLM0001170,2022-09-28,CLOSED,Collision,13447.69,4146.93,3201.68,14392.94,2022-09-27,2022-10-03
1171,1171,CLM0001171,2022-09-29,OPEN,Fire,5857.26,4214.38,1649.15,8422.49,2022-09-17,2022-10-03
1172,1172,CLM0001172,2022-09-30,UNDER_REVIEW,Flood,55.56,17836.34,3854.95,14036.95,2022-09-15,2022-10-03
1173,1173,CLM0001173,2022-10-01,APPROVED,Theft,6058.69,18330.3,4061.38,20327.61,2022-09-29,2022-10-05
1174,1174,CLM0001174,2022-10-02,REJECTED,Liability,3387.7,9918.38,3446.31,9859.77,2022-09-17,2022-10-02
1175,1175,CLM0001175,2022-10-03,CLOSED,Glass,8508.66,23408.53,1794.59,30122.6,2022-09-24,2022-10-06
1176,1176,CLM0001176,2022-10-04,OPEN,Windstorm,827.92,24926.89,3235.37,22519.44,2022-09-23,2022-10-08
1177,1177,CLM0001177,2022-10-05,UNDER_REVIEW,Collision,12800.13,8831.54,4205.91,17425.76,2022-09-26,2022-10-10
1178,1178,CLM0001178,2022-10-06,APPROVED,Fire,3046.81,14084.65,4837.56,12293.9,2022-09-30,2022-10-08
1179,1179,CLM0001179,2022-10-07,REJECTED,Flood,10438.23,22463.29,3153.09,29748.43,2022-09-26,2022-10-10
1180,1180,CLM0001180,2022-10-08,CLOSED,Theft,1272.94,16003.39,3676.62,13599.71,2022-10-04,2022-10-08
1181,1181,CLM0001181,2022-10-09,OPEN,Liability,2896.39,18133.61,2964.73,18065.27,2022-09-24,2022-10-12
1182,1182,CLM0001182,2022-10-10,UNDER_REVIEW,Glass,944.89,13743.53,1538.65,13149.77,2022-09-26,2022-10-10
1183,1183,CLM0001183,2022-10-11,APPROVED,Windstorm,555.64,1873.33,3938.89,-1509.92,2022-10-10,2022-10-14
1184,1184,CLM0001184,2022-10-12,REJECTED,Collision,1772.81,20274.04,3336.58,18710.27,2022-09-28,2022-10-17
1185,1185,CLM0001185,2022-10-13,CLOSED,Fire,13053.0,13645.75,3705.26,22993.49,2022-10-06,2022-10-13
1186,1186,CLM0001186,2022-10-14,OPEN,Flood,553.17,3968.97,3269.16,1252.98,2022-09-29,2022-10-18
1187,1187,CLM0001187,2022-10-15,UNDER_REVIEW,Theft,687.03,17681.77,652.69,17716.11,2022-10-10,2022-10-20
1188,1188,CLM0001188,2022-10-16,APPROVED,Liability,749.37,8029.76,3968.49,4810.64,2022-10-02,2022-10-20
1189,1189,CLM0001189,2022-10-17,REJECTED,Glass,2560.34,14980.54,4089.0,13451.88,2022-10-14,2022-10-17
1190,1190,CLM0001190,2022-10-18,CLOSED,Windstorm,7457.15,20079.79,1102.86,26434.08,2022-10-12,2022-10-21
1191,1191,CLM0001191,2022-10-19,OPEN,Collision,5060.15,20979.45,3689.64,22349.96,2022-10-07,2022-10-21
1192,1192,CLM0001192,2022-10-20,UNDER_REVIEW,Fire,1812.04,17260.17,2729.42,16342.79,2022-10-10,2022-10-21
1193,1193,CLM0001193,2022-10-21,APPROVED,Flood,11463.42,15030.59,1677.52,24816.49,2022-10-18,2022-10-23
1194,1194,CLM0001194,2022-10-22,REJECTED,Theft,2118.55,10671.28,3481.48,9308.35,2022-10-17,2022-10-25
1195,1195,CLM0001195,2022-10-23,CLOSED,Liability,3654.67,14758.65,666.85,17746.47,2022-10-11,2022-10-24
1196,1196,CLM0001196,2022-10-24,OPEN,Glass,234.45,12430.7,31.75,12633.4,2022-10-19,2022-10-24
1197,1197,CLM0001197,2022-10-25,UNDER_REVIEW,Windstorm,10601.12,15046.4,1418.66,24228.86,2022-10-10,2022-10-30
1198,1198,CLM0001198,2022-10-26,APPROVED,Collision,1903.39,4005.65,1354.75,4554.29,2022-10-12,2022-10-29
1199,1199,CLM0001199,2022-10-27,REJECTED,Fire,3588.81,4776.45,3458.37,4906.89,2022-10-22,2022-11-01
1200,1200,CLM0001200,2022-10-28,CLOSED,Flood,7498.31,23782.3,3135.96,28144.65,2022-10-19,2022-10-30
1201,1201,CLM0001201,2022-10-29,OPEN,Theft,6281.79,14163.9,959.51,19486.18,2022-10-26,2022-11-02
1202,1202,CLM0001202,2022-10-30,UNDER_REVIEW,Liability,5428.52,19147.64,2698.61,21877.55,2022-10-23,2022-11-02
1203,1203,CLM0001203,2022-10-31,APPROVED,Glass,11554.97,16653.52,1382.13,26826.36,2022-10-25,2022-10-31
1204,1204,CLM0001204,2022-11-01,REJECTED,Windstorm,11949.19,17288.47,4842.87,24394.79,2022-10-17,2022-11-04
1205,1205,CLM0001205,2022-11-02,CLOSED,Collision,2644.86,16918.49,215.58,19347.77,2022-10-22,2022-11-04
1206,1206,CLM0001206,2022-11-03,OPEN,Fire,3143.85,6658.85,3084.1,6718.6,2022-10-20,2022-11-03
1207,1207,CLM0001207,2022-11-04,UNDER_REVIEW,Flood,1566.32,1785.19,2686.8,664.71,2022-10-30,2022-11-04
1208,1208,CLM0001208,2022-11-05,APPROVED,Theft,7275.92,3343.59,4475.4,6144.11,2022-10-22,2022-11-09
1209,1209,CLM0001209,2022-11-06,REJECTED,Liability,8696.43,10767.12,3735.43,15728.12,2022-10-27,2022-11-07
1210,1210,CLM0001210,2022-11-07,CLOSED,Glass,11684.63,8490.24,490.32,19684.55,2022-10-25,2022-11-08
1211,1211,CLM0001211,2022-11-08,OPEN,Windstorm,5632.99,5906.24,2354.95,9184.28,2022-10-24,2022-11-08
1212,1212,CLM0001212,2022-11-09,UNDER_REVIEW,Collision,13357.33,4051.06,4639.44,12768.95,2022-10-26,2022-11-10
1213,1213,CLM0001213,2022-11-10,APPROVED,Fire,5809.95,3841.91,3599.11,6052.75,2022-10-30,2022-11-12
1214,1214,CLM0001214,2022-11-11,REJECTED,Flood,3033.16,3616.69,3461.05,3188.8,2022-11-10,2022-11-13
1215,1215,CLM0001215,2022-11-12,CLOSED,Theft,2047.52,21365.46,2292.89,21120.09,2022-11-07,2022-11-14
1216,1216,CLM0001216,2022-11-13,OPEN,Liability,3297.8,7731.46,783.94,10245.32,2022-11-08,2022-11-17
1217,1217,CLM0001217,2022-11-14,UNDER_REVIEW,Glass,14552.04,21447.6,432.37,35567.27,2022-10-30,2022-11-15
1218,1218,CLM0001218,2022-11-15,APPROVED,Windstorm,8873.71,21006.23,1395.85,28484.09,2022-11-02,2022-11-20
1219,1219,CLM0001219,2022-11-16,REJECTED,Collision,13088.98,6571.87,2171.24,17489.61,2022-11-09,2022-11-20
1220,1220,CLM0001220,2022-11-17,CLOSED,Fire,14193.79,22886.99,4491.26,32589.52,2022-11-04,2022-11-17
1221,1221,CLM0001221,2022-11-18,OPEN,Flood,600.88,12030.99,3843.03,8788.84,2022-11-17,2022-11-21
1222,1222,CLM0001222,2022-11-19,UNDER_REVIEW,Theft,7966.83,12242.1,3990.09,16218.84,2022-11-16,2022-11-22
1223,1223,CLM0001223,2022-11-20,APPROVED,Liability,7429.28,2535.74,3765.39,6199.63,2022-11-07,2022-11-21
1224,1224,CLM0001224,2022-11-21,REJECTED,Glass,1990.68,7746.87,3238.2,6499.35,2022-11-19,2022-11-21
1225,1225,CLM0001225,2022-11-22,CLOSED,Windstorm,7196.74,7968.5,3516.52,11648.72,2022-11-22,2022-11-25
1226,1226,CLM0001226,2022-11-23,OPEN,Collision,6956.41,3896.29,3515.67,7337.03,2022-11-18,2022-11-25
1227,1227,CLM0001227,2022-11-24,UNDER_REVIEW,Fire,9402.16,17745.6,6.82,27140.94,2022-11-22,2022-11-27
1228,1228,CLM0001228,2022-11-25,APPROVED,Flood,13401.52,8656.2,163.57,21894.15,2022-11-12,2022-11-27
1229,1229,CLM0001229,2022-11-26,REJECTED,Theft,10470.82,15506.28,2876.15,23100.95,2022-11-20,2022-12-01
1230,1230,CLM0001230,2022-11-27,CLOSED,Liability,1214.39,22080.76,3678.8,19616.35,2022-11-26,2022-12-01
1231,1231,CLM0001231,2022-11-28,OPEN,Glass,14179.83,17029.0,4439.89,26768.94,2022-11-25,2022-12-01
1232,1232,CLM0001232,2022-11-29,UNDER_REVIEW,Windstorm,5483.86,15668.77,1827.86,19324.77,2022-11-24,2022-12-04
1233,1233,CLM0001233,2022-11-30,APPROVED,Collision,8381.86,2141.64,3546.69,6976.81,2022-11-24,2022-12-01
1234,1234,CLM0001234,2022-12-01,REJECTED,Fire,14718.77,6346.5,567.79,20497.48,2022-11-16,2022-12-06
1235,1235,CLM0001235,2022-12-02,CLOSED,Flood,14087.22,14712.92,4795.52,24004.62,2022-11-26,2022-12-07
1236,1236,CLM0001236,2022-12-03,OPEN,Theft,11413.29,8351.36,4489.67,15274.98,2022-11-20,2022-12-05
1237,1237,CLM0001237,2022-12-04,UNDER_REVIEW,Liability,816.9,9633.94,2262.05,8188.79,2022-12-01,2022-12-07
1238,1238,CLM0001238,2022-12-05,APPROVED,Glass,10647.38,17118.55,2664.28,25101.65,2022-11-26,2022-12-08
1239,1239,CLM0001239,2022-12-06,REJECTED,Windstorm,9314.27,20097.64,4726.83,24685.08,2022-12-04,2022-12-07
1240,1240,CLM0001240,2022-12-07,CLOSED,Collision,13378.55,11717.92,400.85,24695.62,2022-12-02,2022-12-09
1241,1241,CLM0001241,2022-12-08,OPEN,Fire,14373.85,2385.21,823.83,15935.23,2022-12-05,2022-12-13
1242,1242,CLM0001242,2022-12-09,UNDER_REVIEW,Flood,2219.31,4187.2,1021.28,5385.23,2022-12-09,2022-12-11
1243,1243,CLM0001243,2022-12-10,APPROVED,Theft,6248.05,17218.88,4658.61,18808.32,2022-11-25,2022-12-12
1244,1244,CLM0001244,2022-12-11,REJECTED,Liability,6301.95,18573.88,107.41,24768.42,2022-12-05,2022-12-11
1245,1245,CLM0001245,2022-12-12,CLOSED,Glass,330.55,20148.73,4174.74,16304.54,2022-12-02,2022-12-15
1246,1246,CLM0001246,2022-12-13,OPEN,Windstorm,8680.57,16566.13,3934.12,21312.58,2022-11-28,2022-12-17
1247,1247,CLM0001247,2022-12-14,UNDER_REVIEW,Collision,9987.83,13489.07,2742.34,20734.56,2022-11-30,2022-12-16
1248,1248,CLM0001248,2022-12-15,APPROVED,Fire,8508.77,22507.91,1532.48,29484.2,2022-12-07,2022-12-16
1249,1249,CLM0001249,2022-12-16,REJECTED,Flood,7263.65,24282.74,3848.75,27697.64,2022-12-15,2022-12-17
1250,1250,CLM0001250,2022-12-17,CLOSED,Theft,5296.81,11670.2,831.82,16135.19,2022-12-12,2022-12-22
1251,1251,CLM0001251,2022-12-18,OPEN,Liability,8029.75,4965.87,876.8,12118.82,2022-12-14,2022-12-19
1252,1252,CLM0001252,2022-12-19,UNDER_REVIEW,Glass,3568.58,1508.21,1583.13,3493.66,2022-12-15,2022-12-22
1253,1253,CLM0001253,2022-12-20,APPROVED,Windstorm,3906.11,5020.17,2812.44,6113.84,2022-12-19,2022-12-25
1254,1254,CLM0001254,2022-12-21,REJECTED,Collision,4754.16,8924.25,1864.57,11813.84,2022-12-16,2022-12-25
1255,1255,CLM0001255,2022-12-22,CLOSED,Fire,4523.4,23050.63,2022.81,25551.22,2022-12-07,2022-12-23
1256,1256,CLM0001256,2022-12-23,OPEN,Flood,14216.84,23231.38,780.27,36667.95,2022-12-13,2022-12-28
1257,1257,CLM0001257,2022-12-24,UNDER_REVIEW,Theft,10581.77,12110.81,1449.14,21243.44,2022-12-20,2022-12-28
1258,1258,CLM0001258,2022-12-25,APPROVED,Liability,10928.16,23096.16,1693.42,32330.9,2022-12-22,2022-12-30
1259,1259,CLM0001259,2022-12-26,REJECTED,Glass,7184.72,1481.98,3390.04,5276.66,2022-12-23,2022-12-28
1260,1260,CLM0001260,2022-12-27,CLOSED,Windstorm,371.93,15629.29,1101.82,14899.4,2022-12-16,2022-12-27
1261,1261,CLM0001261,2022-12-28,OPEN,Collision,4895.5,15399.7,975.75,19319.45,2022-12-21,2022-12-30
1262,1262,CLM0001262,2022-12-29,UNDER_REVIEW,Fire,2935.74,2547.94,4247.26,1236.42,2022-12-27,2023-01-02
1263,1263,CLM0001263,2022-12-30,APPROVED,Flood,5916.35,12516.4,3015.86,15416.89,2022-12-29,2023-01-04
1264,1264,CLM0001264,2022-12-31,REJECTED,Theft,5415.97,4124.68,4269.02,5271.63,2022-12-20,2023-01-03
1265,1265,CLM0001265,2023-01-01,CLOSED,Liability,5592.47,7473.93,1756.78,11309.62,2022-12-18,2023-01-05
1266,1266,CLM0001266,2023-01-02,OPEN,Glass,1313.98,18332.41,2221.1,17425.29,2022-12-20,2023-01-05
1267,1267,CLM0001267,2023-01-03,UNDER_REVIEW,Windstorm,4329.51,20238.98,4851.8,19716.69,2022-12-21,2023-01-08
1268,1268,CLM0001268,2023-01-04,APPROVED,Collision,13446.43,3919.41,2935.9,14429.94,2023-01-02,2023-01-05
1269,1269,CLM0001269,2023-01-05,REJECTED,Fire,3116.76,12128.02,4337.63,10907.15,2022-12-26,2023-01-05
1270,1270,CLM0001270,2023-01-06,CLOSED,Flood,13997.29,14971.63,1878.86,27090.06,2023-01-06,2023-01-09
1271,1271,CLM0001271,2023-01-07,OPEN,Theft,9582.09,7196.56,874.47,15904.18,2022-12-24,2023-01-12
1272,1272,CLM0001272,2023-01-08,UNDER_REVIEW,Liability,8518.74,22914.37,996.29,30436.82,2022-12-27,2023-01-10
1273,1273,CLM0001273,2023-01-09,APPROVED,Glass,8308.0,1534.71,4131.24,5711.47,2022-12-31,2023-01-12
1274,1274,CLM0001274,2023-01-10,REJECTED,Windstorm,8389.22,11854.57,134.2,20109.59,2023-01-10,2023-01-11
1275,1275,CLM0001275,2023-01-11,CLOSED,Collision,3940.16,23922.65,4171.22,23691.59,2022-12-27,2023-01-11
1276,1276,CLM0001276,2023-01-12,OPEN,Fire,9807.19,22370.82,2085.78,30092.23,2022-12-28,2023-01-17
1277,1277,CLM0001277,2023-01-13,UNDER_REVIEW,Flood,9671.79,1196.84,3823.59,7045.04,2022-12-29,2023-01-13
1278,1278,CLM0001278,2023-01-14,APPROVED,Theft,8983.37,9363.11,2402.43,15944.05,2023-01-01,2023-01-16
1279,1279,CLM0001279,2023-01-15,REJECTED,Liability,9419.94,12163.0,3471.23,18111.71,2023-01-12,2023-01-17
1280,1280,CLM0001280,2023-01-16,CLOSED,Glass,7687.89,14593.96,4226.4,18055.45,2023-01-11,2023-01-20
1281,1281,CLM0001281,2023-01-17,OPEN,Windstorm,877.66,8332.19,4391.59,4818.26,2023-01-13,2023-01-19
1282,1282,CLM0001282,2023-01-18,UNDER_REVIEW,Collision,2449.63,7180.42,2097.57,7532.48,2023-01-07,2023-01-18
1283,1283,CLM0001283,2023-01-19,APPROVED,Fire,4347.84,13475.5,4681.59,13141.75,2023-01-13,2023-01-24
1284,1284,CLM0001284,2023-01-20,REJECTED,Flood,2748.71,2815.46,3763.14,1801.03,2023-01-10,2023-01-22
1285,1285,CLM0001285,2023-01-21,CLOSED,Theft,12402.33,17281.7,1505.36,28178.67,2023-01-10,2023-01-21
1286,1286,CLM0001286,2023-01-22,OPEN,Liability,8016.3,9114.92,718.59,16412.63,2023-01-18,2023-01-26
1287,1287,CLM0001287,2023-01-23,UNDER_REVIEW,Glass,4221.27,19580.79,2059.97,21742.09,2023-01-18,2023-01-23
1288,1288,CLM0001288,2023-01-24,APPROVED,Windstorm,3268.14,12832.88,4157.87,11943.15,2023-01-21,2023-01-27
1289,1289,CLM0001289,2023-01-25,REJECTED,Collision,6907.37,2371.81,4094.22,5184.96,2023-01-25,2023-01-28
1290,1290,CLM0001290,2023-01-26,CLOSED,Fire,5223.15,17430.74,695.07,21958.82,2023-01-12,2023-01-30
1291,1291,CLM0001291,2023-01-27,OPEN,Flood,7846.82,24267.73,861.04,31253.51,2023-01-18,2023-01-27
1292,1292,CLM0001292,2023-01-28,UNDER_REVIEW,Theft,11166.9,3405.62,643.57,13928.95,2023-01-24,2023-02-02
1293,1293,CLM0001293,2023-01-29,APPROVED,Liability,3398.62,3570.93,651.09,6318.46,2023-01-27,2023-02-01
1294,1294,CLM0001294,2023-01-30,REJECTED,Glass,10362.27,19708.73,388.68,29682.32,2023-01-15,2023-02-02
1295,1295,CLM0001295,2023-01-31,CLOSED,Windstorm,637.75,3141.53,3965.28,-186.0,2023-01-30,2023-02-03
1296,1296,CLM0001296,2023-02-01,OPEN,Collision,1783.83,6698.81,331.24,8151.4,2023-02-01,2023-02-01
1297,1297,CLM0001297,2023-02-02,UNDER_REVIEW,Fire,11735.56,23042.4,1027.01,33750.95,2023-01-27,2023-02-03
1298,1298,CLM0001298,2023-02-03,APPROVED,Flood,10059.01,1216.85,727.78,10548.08,2023-01-26,2023-02-07
1299,1299,CLM0001299,2023-02-04,REJECTED,Theft,5217.55,4433.65,2503.17,7148.03,2023-01-28,2023-02-08
1300,1300,CLM0001300,2023-02-05,CLOSED,Liability,8553.53,2928.09,2890.67,8590.95,2023-02-05,2023-02-09
1301,1301,CLM0001301,2023-02-06,OPEN,Glass,3254.97,5192.91,1409.28,7038.6,2023-02-06,2023-02-11
1302,1302,CLM0001302,2023-02-07,UNDER_REVIEW,Windstorm,1480.29,5743.38,2520.98,4702.69,2023-01-23,2023-02-09
1303,1303,CLM0001303,2023-02-08,APPROVED,Collision,10471.99,5035.58,3367.63,12139.94,2023-02-05,2023-02-09
1304,1304,CLM0001304,2023-02-09,REJECTED,Fire,12521.13,24541.88,2120.46,34942.55,2023-02-02,2023-02-12
1305,1305,CLM0001305,2023-02-10,CLOSED,Flood,1692.68,24623.01,618.08,25697.61,2023-02-07,2023-02-14
1306,1306,CLM0001306,2023-02-11,OPEN,Theft,2038.69,19175.71,3523.65,17690.75,2023-02-10,2023-02-11
1307,1307,CLM0001307,2023-02-12,UNDER_REVIEW,Liability,4921.73,3335.2,1418.06,6838.87,2023-02-03,2023-02-17
1308,1308,CLM0001308,2023-02-13,APPROVED,Glass,14642.69,11376.92,2769.58,23250.03,2023-02-04,2023-02-16
1309,1309,CLM0001309,2023-02-14,REJECTED,Windstorm,2831.77,2205.42,4205.29,831.9,2023-01-30,2023-02-19
1310,1310,CLM0001310,2023-02-15,CLOSED,Collision,5511.62,813.25,3370.79,2954.08,2023-02-12,2023-02-18
1311,1311,CLM0001311,2023-02-16,OPEN,Fire,6570.88,16634.43,425.03,22780.28,2023-02-12,2023-02-19
1312,1312,CLM0001312,2023-02-17,UNDER_REVIEW,Flood,6009.36,14968.65,508.61,20469.4,2023-02-12,2023-02-17
1313,1313,CLM0001313,2023-02-18,APPROVED,Theft,5455.65,5377.62,1001.32,9831.95,2023-02-06,2023-02-18
1314,1314,CLM0001314,2023-02-19,REJECTED,Liability,3493.04,10905.25,2495.55,11902.74,2023-02-11,2023-02-24
1315,1315,CLM0001315,2023-02-20,CLOSED,Glass,14148.38,9224.38,3333.39,20039.37,2023-02-08,2023-02-23
1316,1316,CLM0001316,2023-02-21,OPEN,Windstorm,7671.22,4110.67,2273.17,9508.72,2023-02-18,2023-02-23
1317,1317,CLM0001317,2023-02-22,UNDER_REVIEW,Collision,7340.12,6155.13,4712.02,8783.23,2023-02-22,2023-02-22
1318,1318,CLM0001318,2023-02-23,APPROVED,Fire,11066.98,20842.66,2490.67,29418.97,2023-02-23,2023-02-24
1319,1319,CLM0001319,2023-02-24,REJECTED,Flood,5739.49,17140.51,763.68,22116.32,2023-02-21,2023-02-24
1320,1320,CLM0001320,2023-02-25,CLOSED,Theft,9916.21,13238.75,2460.94,20694.02,2023-02-11,2023-02-26
1321,1321,CLM0001321,2023-02-26,OPEN,Liability,4403.44,12698.53,2523.97,14578.0,2023-02-16,2023-03-02
1322,1322,CLM0001322,2023-02-27,UNDER_REVIEW,Glass,8199.3,23838.22,157.99,31879.53,2023-02-14,2023-02-27
1323,1323,CLM0001323,2023-02-28,APPROVED,Windstorm,5754.45,8206.7,1881.68,12079.47,2023-02-14,2023-02-28
1324,1324,CLM0001324,2023-03-01,REJECTED,Collision,492.9,14138.33,4301.8,10329.43,2023-02-20,2023-03-06
1325,1325,CLM0001325,2023-03-02,CLOSED,Fire,2462.16,11051.69,1562.3,11951.55,2023-02-18,2023-03-05
1326,1326,CLM0001326,2023-03-03,OPEN,Flood,11460.17,14436.95,2452.77,23444.35,2023-02-16,2023-03-06
1327,1327,CLM0001327,2023-03-04,UNDER_REVIEW,Theft,8433.83,4329.62,278.69,12484.76,2023-02-24,2023-03-07
1328,1328,CLM0001328,2023-03-05,APPROVED,Liability,8865.68,9756.04,3382.44,15239.28,2023-02-24,2023-03-07
1329,1329,CLM0001329,2023-03-06,REJECTED,Glass,921.36,14966.35,640.99,15246.72,2023-02-23,2023-03-08
1330,1330,CLM0001330,2023-03-07,CLOSED,Windstorm,12143.3,14807.19,3825.97,23124.52,2023-02-25,2023-03-10
1331,1331,CLM0001331,2023-03-08,OPEN,Collision,1460.25,8956.0,1786.83,8629.42,2023-02-25,2023-03-08
1332,1332,CLM0001332,2023-03-09,UNDER_REVIEW,Fire,9918.6,6566.54,3240.41,13244.73,2023-03-07,2023-03-14
1333,1333,CLM0001333,2023-03-10,APPROVED,Flood,982.5,7970.36,1687.97,7264.89,2023-03-10,2023-03-14
1334,1334,CLM0001334,2023-03-11,REJECTED,Theft,4891.75,11792.28,4316.84,12367.19,2023-02-26,2023-03-13
1335,1335,CLM0001335,2023-03-12,CLOSED,Liability,306.03,12007.65,111.18,12202.5,2023-03-02,2023-03-15
1336,1336,CLM0001336,2023-03-13,OPEN,Glass,8555.3,8399.32,488.63,16465.99,2023-02-26,2023-03-13
1337,1337,CLM0001337,2023-03-14,UNDER_REVIEW,Windstorm,10362.96,5544.75,2483.66,13424.05,2023-03-04,2023-03-15
1338,1338,CLM0001338,2023-03-15,APPROVED,Collision,9222.42,9401.69,2179.96,16444.15,2023-02-28,2023-03-20
1339,1339,CLM0001339,2023-03-16,REJECTED,Fire,12710.01,19785.17,4201.9,28293.28,2023-03-10,2023-03-18
1340,1340,CLM0001340,2023-03-17,CLOSED,Flood,3977.33,7784.35,2867.6,8894.08,2023-03-10,2023-03-21
1341,1341,CLM0001341,2023-03-18,OPEN,Theft,11143.32,2752.97,4220.93,9675.36,2023-03-15,2023-03-22
1342,1342,CLM0001342,2023-03-19,UNDER_REVIEW,Liability,5052.57,2148.11,4005.93,3194.75,2023-03-04,2023-03-22
1343,1343,CLM0001343,2023-03-20,APPROVED,Glass,3146.09,19993.47,3257.68,19881.88,2023-03-11,2023-03-24
1344,1344,CLM0001344,2023-03-21,REJECTED,Windstorm,12061.9,11106.31,2699.74,20468.47,2023-03-15,2023-03-24
1345,1345,CLM0001345,2023-03-22,CLOSED,Collision,6034.51,15811.61,2266.14,19579.98,2023-03-17,2023-03-22
1346,1346,CLM0001346,2023-03-23,OPEN,Fire,9417.66,13147.49,932.69,21632.46,2023-03-08,2023-03-24
1347,1347,CLM0001347,2023-03-24,UNDER_REVIEW,Flood,9912.09,20685.75,4690.51,25907.33,2023-03-16,2023-03-29
1348,1348,CLM0001348,2023-03-25,APPROVED,Theft,7990.79,15553.35,3845.6,19698.54,2023-03-12,2023-03-29
1349,1349,CLM0001349,2023-03-26,REJECTED,Liability,10899.23,1967.1,1003.24,11863.09,2023-03-12,2023-03-27
1350,1350,CLM0001350,2023-03-27,CLOSED,Glass,3605.61,18787.62,3827.65,18565.58,2023-03-14,2023-03-30
1351,1351,CLM0001351,2023-03-28,OPEN,Windstorm,4779.8,20840.25,322.14,25297.91,2023-03-22,2023-03-31
1352,1352,CLM0001352,2023-03-29,UNDER_REVIEW,Collision,4004.02,7532.59,802.92,10733.69,2023-03-22,2023-04-01
1353,1353,CLM0001353,2023-03-30,APPROVED,Fire,3577.25,4174.08,138.52,7612.81,2023-03-21,2023-04-02
1354,1354,CLM0001354,2023-03-31,REJECTED,Flood,7280.74,24786.68,2110.1,29957.32,2023-03-30,2023-04-01
1355,1355,CLM0001355,2023-04-01,CLOSED,Theft,2390.38,3842.55,1291.98,4940.95,2023-03-24,2023-04-06
1356,1356,CLM0001356,2023-04-02,OPEN,Liability,8260.59,16285.2,211.16,24334.63,2023-03-18,2023-04-02
1357,1357,CLM0001357,2023-04-03,UNDER_REVIEW,Glass,829.91,22464.38,1569.52,21724.77,2023-03-25,2023-04-03
1358,1358,CLM0001358,2023-04-04,APPROVED,Windstorm,13508.62,10471.67,1817.17,22163.12,2023-04-02,2023-04-07
1359,1359,CLM0001359,2023-04-05,REJECTED,Collision,14147.43,18243.74,702.8,31688.37,2023-04-02,2023-04-09
1360,1360,CLM0001360,2023-04-06,CLOSED,Fire,11017.21,23356.92,2609.79,31764.34,2023-03-29,2023-04-09
1361,1361,CLM0001361,2023-04-07,OPEN,Flood,13268.47,6332.88,611.38,18989.97,2023-03-28,2023-04-09
1362,1362,CLM0001362,2023-04-08,UNDER_REVIEW,Theft,12485.01,18562.29,4029.21,27018.09,2023-04-01,2023-04-11
1363,1363,CLM0001363,2023-04-09,APPROVED,Liability,3270.13,3116.94,1070.54,5316.53,2023-04-01,2023-04-12
1364,1364,CLM0001364,2023-04-10,REJECTED,Glass,6125.63,21641.05,279.63,27487.05,2023-03-30,2023-04-15
1365,1365,CLM0001365,2023-04-11,CLOSED,Windstorm,14230.66,8254.0,2118.91,20365.75,2023-04-04,2023-04-13
1366,1366,CLM0001366,2023-04-12,OPEN,Collision,13191.5,23455.82,1814.99,34832.33,2023-04-01,2023-04-14
1367,1367,CLM0001367,2023-04-13,UNDER_REVIEW,Fire,316.11,24186.73,3029.07,21473.77,2023-04-12,2023-04-18
1368,1368,CLM0001368,2023-04-14,APPROVED,Flood,13761.86,16954.17,1264.91,29451.12,2023-04-02,2023-04-16
1369,1369,CLM0001369,2023-04-15,REJECTED,Theft,9584.24,17665.11,4515.79,22733.56,2023-04-12,2023-04-19
1370,1370,CLM0001370,2023-04-16,CLOSED,Liability,13004.29,21512.35,1942.36,32574.28,2023-04-04,2023-04-18
1371,1371,CLM0001371,2023-04-17,OPEN,Glass,4513.32,23439.9,3783.34,24169.88,2023-04-08,2023-04-18
1372,1372,CLM0001372,2023-04-18,UNDER_REVIEW,Windstorm,12891.25,4425.57,2194.23,15122.59,2023-04-08,2023-04-23
1373,1373,CLM0001373,2023-04-19,APPROVED,Collision,6094.33,1330.1,4332.22,3092.21,2023-04-04,2023-04-22
1374,1374,CLM0001374,2023-04-20,REJECTED,Fire,11054.13,23199.18,1663.61,32589.7,2023-04-07,2023-04-20
1375,1375,CLM0001375,2023-04-21,CLOSED,Flood,12366.01,17612.81,2531.67,27447.15,2023-04-10,2023-04-24
1376,1376,CLM0001376,2023-04-22,OPEN,Theft,9031.74,20428.99,3688.93,25771.8,2023-04-08,2023-04-27
1377,1377,CLM0001377,2023-04-23,UNDER_REVIEW,Liability,410.26,1776.42,3207.96,-1021.28,2023-04-09,2023-04-28
1378,1378,CLM0001378,2023-04-24,APPROVED,Glass,2041.38,10316.22,3141.48,9216.12,2023-04-14,2023-04-28
1379,1379,CLM0001379,2023-04-25,REJECTED,Windstorm,1233.48,4366.65,2581.83,3018.3,2023-04-21,2023-04-29
1380,1380,CLM0001380,2023-04-26,CLOSED,Collision,10286.3,19919.74,1597.0,28609.04,2023-04-11,2023-05-01
1381,1381,CLM0001381,2023-04-27,OPEN,Fire,2002.65,4750.24,2965.1,3787.79,2023-04-17,2023-04-29
1382,1382,CLM0001382,2023-04-28,UNDER_REVIEW,Flood,2979.96,10655.16,909.45,12725.67,2023-04-16,2023-05-02
1383,1383,CLM0001383,2023-04-29,APPROVED,Theft,3367.31,23728.68,4615.56,22480.43,2023-04-22,2023-04-29
1384,1384,CLM0001384,2023-04-30,REJECTED,Liability,14611.91,5357.52,3506.31,16463.12,2023-04-25,2023-04-30
1385,1385,CLM0001385,2023-05-01,CLOSED,Glass,6015.52,11008.13,1300.79,15722.86,2023-04-29,2023-05-03
1386,1386,CLM0001386,2023-05-02,OPEN,Windstorm,2551.84,14397.45,70.57,16878.72,2023-04-19,2023-05-05
1387,1387,CLM0001387,2023-05-03,UNDER_REVIEW,Collision,12408.86,12606.65,1122.42,23893.09,2023-04-27,2023-05-04
1388,1388,CLM0001388,2023-05-04,APPROVED,Fire,14190.78,20428.6,1331.01,33288.37,2023-04-19,2023-05-07
1389,1389,CLM0001389,2023-05-05,REJECTED,Flood,1952.99,21480.27,3000.41,20432.85,2023-04-26,2023-05-10
1390,1390,CLM0001390,2023-05-06,CLOSED,Theft,10157.83,10749.11,2042.62,18864.32,2023-05-02,2023-05-06
1391,1391,CLM0001391,2023-05-07,OPEN,Liability,4352.89,6914.09,3088.4,8178.58,2023-04-30,2023-05-09
1392,1392,CLM0001392,2023-05-08,UNDER_REVIEW,Glass,8743.55,16357.27,428.69,24672.13,2023-04-23,2023-05-09
1393,1393,CLM0001393,2023-05-09,APPROVED,Windstorm,13071.65,24372.78,1987.77,35456.66,2023-05-03,2023-05-14
1394,1394,CLM0001394,2023-05-10,REJECTED,Collision,5752.43,10870.63,2985.98,13637.08,2023-05-08,2023-05-10
1395,1395,CLM0001395,2023-05-11,CLOSED,Fire,8355.0,1776.76,4655.32,5476.44,2023-04-26,2023-05-13
1396,1396,CLM0001396,2023-05-12,OPEN,Flood,14951.09,23513.39,4836.05,33628.43,2023-05-11,2023-05-12
1397,1397,CLM0001397,2023-05-13,UNDER_REVIEW,Theft,3804.85,15681.62,1512.54,17973.93,2023-05-01,2023-05-18
1398,1398,CLM0001398,2023-05-14,APPROVED,Liability,5563.52,24217.42,2797.8,26983.14,2023-05-09,2023-05-16
1399,1399,CLM0001399,2023-05-15,REJECTED,Glass,2548.0,12574.58,1695.88,13426.7,2023-05-01,2023-05-16
1400,1400,CLM0001400,2023-05-16,CLOSED,Windstorm,1344.72,17901.26,2164.65,17081.33,2023-05-08,2023-05-16
1401,1401,CLM0001401,2023-05-17,OPEN,Collision,4699.04,24473.66,2496.05,26676.65,2023-05-09,2023-05-22
1402,1402,CLM0001402,2023-05-18,UNDER_REVIEW,Fire,5408.88,11037.11,4513.96,11932.03,2023-05-10,2023-05-22
1403,1403,CLM0001403,2023-05-19,APPROVED,Flood,12443.84,23204.56,2584.86,33063.54,2023-05-06,2023-05-20
1404,1404,CLM0001404,2023-05-20,REJECTED,Theft,4733.14,24866.84,3818.38,25781.6,2023-05-16,2023-05-24
1405,1405,CLM0001405,2023-05-21,CLOSED,Liability,12795.5,16606.78,3991.1,25411.18,2023-05-20,2023-05-22
1406,1406,CLM0001406,2023-05-22,OPEN,Glass,2229.31,6131.58,179.31,8181.58,2023-05-14,2023-05-23
1407,1407,CLM0001407,2023-05-23,UNDER_REVIEW,Windstorm,10589.44,11192.53,4976.01,16805.96,2023-05-08,2023-05-23
1408,1408,CLM0001408,2023-05-24,APPROVED,Collision,6622.8,24726.06,2804.27,28544.59,2023-05-10,2023-05-27
1409,1409,CLM0001409,2023-05-25,REJECTED,Fire,1687.36,18134.22,740.27,19081.31,2023-05-14,2023-05-25
1410,1410,CLM0001410,2023-05-26,CLOSED,Flood,3056.01,7460.85,4174.77,6342.09,2023-05-18,2023-05-30
1411,1411,CLM0001411,2023-05-27,OPEN,Theft,13363.42,14849.1,2917.74,25294.78,2023-05-27,2023-05-31
1412,1412,CLM0001412,2023-05-28,UNDER_REVIEW,Liability,11502.71,4923.94,4602.07,11824.58,2023-05-21,2023-05-31
1413,1413,CLM0001413,2023-05-29,APPROVED,Glass,10153.63,22240.51,129.81,32264.33,2023-05-26,2023-06-01
1414,1414,CLM0001414,2023-05-30,REJECTED,Windstorm,5603.37,23264.14,530.35,28337.16,2023-05-20,2023-05-31
1415,1415,CLM0001415,2023-05-31,CLOSED,Collision,433.12,11775.71,3538.53,8670.3,2023-05-16,2023-06-03
1416,1416,CLM0001416,2023-06-01,OPEN,Fire,9425.35,7098.3,3290.03,13233.62,2023-05-22,2023-06-01
1417,1417,CLM0001417,2023-06-02,UNDER_REVIEW,Flood,9842.59,23796.95,1624.58,32014.96,2023-05-29,2023-06-03
1418,1418,CLM0001418,2023-06-03,APPROVED,Theft,12949.18,20138.17,1414.77,31672.58,2023-06-02,2023-06-08
1419,1419,CLM0001419,2023-06-04,REJECTED,Liability,1060.86,23821.55,1906.95,22975.46,2023-05-23,2023-06-06
1420,1420,CLM0001420,2023-06-05,CLOSED,Glass,2670.16,24143.71,4327.58,22486.29,2023-06-03,2023-06-05
1421,1421,CLM0001421,2023-06-06,OPEN,Windstorm,12785.19,4492.05,3897.46,13379.78,2023-05-28,2023-06-11
1422,1422,CLM0001422,2023-06-07,UNDER_REVIEW,Collision,11288.38,16524.58,603.01,27209.95,2023-05-23,2023-06-10
1423,1423,CLM0001423,2023-06-08,APPROVED,Fire,11038.34,23081.65,4518.67,29601.32,2023-06-04,2023-06-10
1424,1424,CLM0001424,2023-06-09,REJECTED,Flood,9982.8,20885.3,2563.27,28304.83,2023-05-25,2023-06-12
1425,1425,CLM0001425,2023-06-10,CLOSED,Theft,13281.2,12172.77,2815.29,22638.68,2023-05-28,2023-06-10
1426,1426,CLM0001426,2023-06-11,OPEN,Liability,11347.36,20369.36,3069.34,28647.38,2023-05-29,2023-06-16
1427,1427,CLM0001427,2023-06-12,UNDER_REVIEW,Glass,6390.26,1490.73,1708.72,6172.27,2023-05-29,2023-06-17
1428,1428,CLM0001428,2023-06-13,APPROVED,Windstorm,3363.45,17312.8,775.35,19900.9,2023-05-29,2023-06-17
1429,1429,CLM0001429,2023-06-14,REJECTED,Collision,9443.39,13354.61,1453.52,21344.48,2023-06-01,2023-06-14
1430,1430,CLM0001430,2023-06-15,CLOSED,Fire,13608.12,12201.48,743.03,25066.57,2023-06-11,2023-06-20
1431,1431,CLM0001431,2023-06-16,OPEN,Flood,13543.55,21117.68,2615.46,32045.77,2023-06-07,2023-06-20
1432,1432,CLM0001432,2023-06-17,UNDER_REVIEW,Theft,715.92,2375.05,225.47,2865.5,2023-06-14,2023-06-21
1433,1433,CLM0001433,2023-06-18,APPROVED,Liability,6373.7,2814.87,3304.28,5884.29,2023-06-10,2023-06-20
1434,1434,CLM0001434,2023-06-19,REJECTED,Glass,3822.9,2503.35,2517.22,3809.03,2023-06-16,2023-06-24
1435,1435,CLM0001435,2023-06-20,CLOSED,Windstorm,9923.67,4899.03,911.04,13911.66,2023-06-08,2023-06-20
1436,1436,CLM0001436,2023-06-21,OPEN,Collision,1249.36,21980.51,1488.24,21741.63,2023-06-07,2023-06-26
1437,1437,CLM0001437,2023-06-22,UNDER_REVIEW,Fire,6749.22,20291.93,1706.67,25334.48,2023-06-17,2023-06-23
1438,1438,CLM0001438,2023-06-23,APPROVED,Flood,2776.31,18802.22,3020.26,18558.27,2023-06-20,2023-06-26
1439,1439,CLM0001439,2023-06-24,REJECTED,Theft,8015.64,643.25,583.39,8075.5,2023-06-19,2023-06-29
1440,1440,CLM0001440,2023-06-25,CLOSED,Liability,7156.8,17449.25,4343.9,20262.15,2023-06-10,2023-06-27
1441,1441,CLM0001441,2023-06-26,OPEN,Glass,9277.49,24361.09,1803.64,31834.94,2023-06-14,2023-06-28
1442,1442,CLM0001442,2023-06-27,UNDER_REVIEW,Windstorm,1314.53,3810.29,954.01,4170.81,2023-06-27,2023-07-02
1443,1443,CLM0001443,2023-06-28,APPROVED,Collision,14557.81,21545.79,1046.15,35057.45,2023-06-24,2023-07-03
1444,1444,CLM0001444,2023-06-29,REJECTED,Fire,3626.7,21131.2,4290.95,20466.95,2023-06-23,2023-06-29
1445,1445,CLM0001445,2023-06-30,CLOSED,Flood,4513.77,11853.93,2369.95,13997.75,2023-06-30,2023-06-30
1446,1446,CLM0001446,2023-07-01,OPEN,Theft,2491.58,4234.34,3512.99,3212.93,2023-06-16,2023-07-04
1447,1447,CLM0001447,2023-07-02,UNDER_REVIEW,Liability,294.42,11513.15,1213.15,10594.42,2023-06-23,2023-07-06
1448,1448,CLM0001448,2023-07-03,APPROVED,Glass,12441.76,10097.47,1669.25,20869.98,2023-06-30,2023-07-08
1449,1449,CLM0001449,2023-07-04,REJECTED,Windstorm,12714.44,11078.8,2078.43,21714.81,2023-06-19,2023-07-09
1450,1450,CLM0001450,2023-07-05,CLOSED,Collision,8679.92,18411.42,4995.13,22096.21,2023-07-04,2023-07-08
1451,1451,CLM0001451,2023-07-06,OPEN,Fire,5995.21,13077.22,3623.07,15449.36,2023-06-21,2023-07-07
1452,1452,CLM0001452,2023-07-07,UNDER_REVIEW,Flood,10714.35,13443.57,2110.02,22047.9,2023-06-27,2023-07-11
1453,1453,CLM0001453,2023-07-08,APPROVED,Theft,952.66,22375.49,2085.69,21242.46,2023-06-23,2023-07-08
1454,1454,CLM0001454,2023-07-09,REJECTED,Liability,7421.83,23504.63,1733.82,29192.64,2023-06-26,2023-07-09
1455,1455,CLM0001455,2023-07-10,CLOSED,Glass,2420.0,18292.12,2346.2,18365.92,2023-06-26,2023-07-11
1456,1456,CLM0001456,2023-07-11,OPEN,Windstorm,7614.54,14897.64,3424.87,19087.31,2023-06-27,2023-07-12
1457,1457,CLM0001457,2023-07-12,UNDER_REVIEW,Collision,13247.6,18213.38,1951.86,29509.12,2023-06-29,2023-07-17
1458,1458,CLM0001458,2023-07-13,APPROVED,Fire,9787.5,9326.26,2361.62,16752.14,2023-07-08,2023-07-17
1459,1459,CLM0001459,2023-07-14,REJECTED,Flood,3108.13,17422.09,430.96,20099.26,2023-06-29,2023-07-15
1460,1460,CLM0001460,2023-07-15,CLOSED,Theft,2599.37,4329.7,2460.93,4468.14,2023-07-02,2023-07-18
1461,1461,CLM0001461,2023-07-16,OPEN,Liability,4554.78,5631.11,235.25,9950.64,2023-07-16,2023-07-18
1462,1462,CLM0001462,2023-07-17,UNDER_REVIEW,Glass,13213.59,9247.57,793.03,21668.13,2023-07-16,2023-07-17
1463,1463,CLM0001463,2023-07-18,APPROVED,Windstorm,5066.02,3292.25,1133.45,7224.82,2023-07-11,2023-07-21
1464,1464,CLM0001464,2023-07-19,REJECTED,Collision,3867.33,8837.94,1776.2,10929.07,2023-07-18,2023-07-23
1465,1465,CLM0001465,2023-07-20,CLOSED,Fire,4012.37,4203.87,3450.68,4765.56,2023-07-17,2023-07-25
1466,1466,CLM0001466,2023-07-21,OPEN,Flood,756.33,23683.56,3994.93,20444.96,2023-07-18,2023-07-21
1467,1467,CLM0001467,2023-07-22,UNDER_REVIEW,Theft,11724.79,15436.57,4291.94,22869.42,2023-07-19,2023-07-26
1468,1468,CLM0001468,2023-07-23,APPROVED,Liability,629.54,3082.57,3149.63,562.48,2023-07-17,2023-07-25
1469,1469,CLM0001469,2023-07-24,REJECTED,Glass,2355.49,7657.01,2207.59,7804.91,2023-07-09,2023-07-29
1470,1470,CLM0001470,2023-07-25,CLOSED,Windstorm,13057.39,4280.25,1818.68,15518.96,2023-07-21,2023-07-25
1471,1471,CLM0001471,2023-07-26,OPEN,Collision,12728.93,11258.16,2078.75,21908.34,2023-07-26,2023-07-27
1472,1472,CLM0001472,2023-07-27,UNDER_REVIEW,Fire,12522.2,12104.75,1433.79,23193.16,2023-07-22,2023-07-27
1473,1473,CLM0001473,2023-07-28,APPROVED,Flood,3990.23,18022.39,2075.04,19937.58,2023-07-21,2023-07-29
1474,1474,CLM0001474,2023-07-29,REJECTED,Theft,11298.09,13476.43,3936.08,20838.44,2023-07-25,2023-08-01
1475,1475,CLM0001475,2023-07-30,CLOSED,Liability,6201.14,10528.08,2293.77,14435.45,2023-07-19,2023-07-30
1476,1476,CLM0001476,2023-07-31,OPEN,Glass,6638.68,19368.72,3588.13,22419.27,2023-07-29,2023-07-31
1477,1477,CLM0001477,2023-08-01,UNDER_REVIEW,Windstorm,5074.55,10340.45,3861.86,11553.14,2023-07-19,2023-08-01
1478,1478,CLM0001478,2023-08-02,APPROVED,Collision,5898.99,1408.8,4612.59,2695.2,2023-07-29,2023-08-06
1479,1479,CLM0001479,2023-08-03,REJECTED,Fire,867.15,15974.39,3566.85,13274.69,2023-07-25,2023-08-06
1480,1480,CLM0001480,2023-08-04,CLOSED,Flood,6030.04,17181.33,2768.05,20443.32,2023-07-26,2023-08-09
1481,1481,CLM0001481,2023-08-05,OPEN,Theft,11140.46,22776.16,39.51,33877.11,2023-07-28,2023-08-09
1482,1482,CLM0001482,2023-08-06,UNDER_REVIEW,Liability,9156.02,4098.11,2019.69,11234.44,2023-07-31,2023-08-10
1483,1483,CLM0001483,2023-08-07,APPROVED,Glass,9365.4,15645.59,2210.72,22800.27,2023-07-27,2023-08-12
1484,1484,CLM0001484,2023-08-08,REJECTED,Windstorm,6067.59,5333.75,1507.66,9893.68,2023-08-07,2023-08-12
1485,1485,CLM0001485,2023-08-09,CLOSED,Collision,5017.39,18264.92,3700.26,19582.05,2023-08-05,2023-08-13
1486,1486,CLM0001486,2023-08-10,OPEN,Fire,14878.86,7456.23,464.1,21870.99,2023-08-01,2023-08-14
1487,1487,CLM0001487,2023-08-11,UNDER_REVIEW,Flood,5110.63,16074.29,117.11,21067.81,2023-08-03,2023-08-12
1488,1488,CLM0001488,2023-08-12,APPROVED,Theft,12483.43,7946.58,2113.73,18316.28,2023-08-09,2023-08-17
1489,1489,CLM0001489,2023-08-13,REJECTED,Liability,899.19,9637.98,3134.95,7402.22,2023-08-02,2023-08-13
1490,1490,CLM0001490,2023-08-14,CLOSED,Glass,715.99,16448.58,623.75,16540.82,2023-08-05,2023-08-18
1491,1491,CLM0001491,2023-08-15,OPEN,Windstorm,11052.88,11602.11,4914.75,17740.24,2023-08-08,2023-08-17
1492,1492,CLM0001492,2023-08-16,UNDER_REVIEW,Collision,4488.02,16839.6,4075.4,17252.22,2023-08-12,2023-08-21
1493,1493,CLM0001493,2023-08-17,APPROVED,Fire,5664.99,18569.05,526.13,23707.91,2023-08-11,2023-08-19
1494,1494,CLM0001494,2023-08-18,REJECTED,Flood,6814.64,4090.55,2128.46,8776.73,2023-08-05,2023-08-18
1495,1495,CLM0001495,2023-08-19,CLOSED,Theft,1383.73,10909.72,650.32,11643.13,2023-08-13,2023-08-22
1496,1496,CLM0001496,2023-08-20,OPEN,Liability,1171.09,17082.15,2013.77,16239.47,2023-08-08,2023-08-22
1497,1497,CLM0001497,2023-08-21,UNDER_REVIEW,Glass,8764.56,16093.3,4982.56,19875.3,2023-08-06,2023-08-26
1498,1498,CLM0001498,2023-08-22,APPROVED,Windstorm,14599.09,20683.39,721.73,34560.75,2023-08-18,2023-08-25
1499,1499,CLM0001499,2023-08-23,REJECTED,Collision,10667.26,3669.94,3522.62,10814.58,2023-08-20,2023-08-28
1500,1500,CLM0001500,2023-08-24,CLOSED,Fire,3189.64,12097.21,3732.48,11554.37,2023-08-13,2023-08-24
1501,1501,CLM0001501,2023-08-25,OPEN,Flood,9024.0,10511.19,604.33,18930.86,2023-08-16,2023-08-25
1502,1502,CLM0001502,2023-08-26,UNDER_REVIEW,Theft,7841.66,3384.68,1524.62,9701.72,2023-08-15,2023-08-28
1503,1503,CLM0001503,2023-08-27,APPROVED,Liability,4409.72,1185.46,714.35,4880.83,2023-08-14,2023-08-27
1504,1504,CLM0001504,2023-08-28,REJECTED,Glass,14052.31,7976.52,1417.41,20611.42,2023-08-23,2023-09-02
1505,1505,CLM0001505,2023-08-29,CLOSED,Windstorm,7331.9,3497.03,1743.24,9085.69,2023-08-28,2023-09-01
1506,1506,CLM0001506,2023-08-30,OPEN,Collision,7217.65,8087.7,2261.87,13043.48,2023-08-20,2023-09-02
1507,1507,CLM0001507,2023-08-31,UNDER_REVIEW,Fire,7128.41,18140.82,3028.55,22240.68,2023-08-27,2023-09-04
1508,1508,CLM0001508,2023-09-01,APPROVED,Flood,9546.9,19161.13,3336.1,25371.93,2023-08-28,2023-09-06
1509,1509,CLM0001509,2023-09-02,REJECTED,Theft,4878.24,20095.38,3322.51,21651.11,2023-08-20,2023-09-05
1510,1510,CLM0001510,2023-09-03,CLOSED,Liability,3492.33,10187.23,2704.97,10974.59,2023-08-20,2023-09-08
1511,1511,CLM0001511,2023-09-04,OPEN,Glass,4160.63,2668.98,828.07,6001.54,2023-09-04,2023-09-08
1512,1512,CLM0001512,2023-09-05,UNDER_REVIEW,Windstorm,9451.64,19404.08,1544.24,27311.48,2023-09-02,2023-09-10
1513,1513,CLM0001513,2023-09-06,APPROVED,Collision,8390.29,5214.45,3093.52,10511.22,2023-09-05,2023-09-10
1514,1514,CLM0001514,2023-09-07,REJECTED,Fire,7826.31,18888.69,2513.19,24201.81,2023-09-07,2023-09-07
1515,1515,CLM0001515,2023-09-08,CLOSED,Flood,9873.82,13530.56,4811.88,18592.5,2023-08-31,2023-09-09
1516,1516,CLM0001516,2023-09-09,OPEN,Theft,3679.3,17787.63,4438.28,17028.65,2023-08-26,2023-09-09
1517,1517,CLM0001517,2023-09-10,UNDER_REVIEW,Liability,12103.82,15367.94,2008.99,25462.77,2023-09-09,2023-09-13
1518,1518,CLM0001518,2023-09-11,APPROVED,Glass,12929.62,1069.95,2185.09,11814.48,2023-08-29,2023-09-11
1519,1519,CLM0001519,2023-09-12,REJECTED,Windstorm,12894.73,8275.87,1285.89,19884.71,2023-09-09,2023-09-12
1520,1520,CLM0001520,2023-09-13,CLOSED,Collision,8126.69,7491.12,913.34,14704.47,2023-09-11,2023-09-14
1521,1521,CLM0001521,2023-09-14,OPEN,Fire,4601.91,10478.27,845.96,14234.22,2023-09-04,2023-09-15
1522,1522,CLM0001522,2023-09-15,UNDER_REVIEW,Flood,407.57,1933.29,1949.7,391.16,2023-09-05,2023-09-16
1523,1523,CLM0001523,2023-09-16,APPROVED,Theft,6192.34,8443.34,1877.57,12758.11,2023-09-13,2023-09-16
1524,1524,CLM0001524,2023-09-17,REJECTED,Liability,3038.39,18927.28,2930.15,19035.52,2023-09-02,2023-09-21
1525,1525,CLM0001525,2023-09-18,CLOSED,Glass,11285.85,9933.69,575.41,20644.13,2023-09-17,2023-09-20
1526,1526,CLM0001526,2023-09-19,OPEN,Windstorm,6972.35,10473.37,2420.86,15024.86,2023-09-06,2023-09-24
1527,1527,CLM0001527,2023-09-20,UNDER_REVIEW,Collision,3506.11,22210.82,1345.8,24371.13,2023-09-17,2023-09-21
1528,1528,CLM0001528,2023-09-21,APPROVED,Fire,11444.67,16463.0,627.86,27279.81,2023-09-08,2023-09-24
1529,1529,CLM0001529,2023-09-22,REJECTED,Flood,1258.63,16077.08,1017.28,16318.43,2023-09-18,2023-09-24
1530,1530,CLM0001530,2023-09-23,CLOSED,Theft,8106.6,4620.61,1225.81,11501.4,2023-09-10,2023-09-27
1531,1531,CLM0001531,2023-09-24,OPEN,Liability,6776.13,524.53,2323.26,4977.4,2023-09-15,2023-09-29
1532,1532,CLM0001532,2023-09-25,UNDER_REVIEW,Glass,14581.23,513.3,4667.53,10427.0,2023-09-10,2023-09-27
1533,1533,CLM0001533,2023-09-26,APPROVED,Windstorm,8968.02,21067.45,1900.77,28134.7,2023-09-15,2023-10-01
1534,1534,CLM0001534,2023-09-27,REJECTED,Collision,3191.31,21096.76,1406.56,22881.51,2023-09-22,2023-10-02
1535,1535,CLM0001535,2023-09-28,CLOSED,Fire,8011.34,2213.41,448.58,9776.17,2023-09-25,2023-09-29
1536,1536,CLM0001536,2023-09-29,OPEN,Flood,10876.11,24971.12,4391.4,31455.83,2023-09-23,2023-10-03
1537,1537,CLM0001537,2023-09-30,UNDER_REVIEW,Theft,7572.3,20150.39,4419.66,23303.03,2023-09-20,2023-10-05
1538,1538,CLM0001538,2023-10-01,APPROVED,Liability,3920.41,18941.0,2263.59,20597.82,2023-09-24,2023-10-06
1539,1539,CLM0001539,2023-10-02,REJECTED,Glass,14745.33,8869.93,2299.0,21316.26,2023-09-22,2023-10-02
1540,1540,CLM0001540,2023-10-03,CLOSED,Windstorm,13710.27,3776.28,4611.29,12875.26,2023-09-18,2023-10-03
1541,1541,CLM0001541,2023-10-04,OPEN,Collision,13521.67,16981.31,2065.82,28437.16,2023-09-19,2023-10-07
1542,1542,CLM0001542,2023-10-05,UNDER_REVIEW,Fire,8071.97,19788.98,3245.49,24615.46,2023-10-03,2023-10-09
1543,1543,CLM0001543,2023-10-06,APPROVED,Flood,464.21,20886.05,3358.07,17992.19,2023-10-03,2023-10-08
1544,1544,CLM0001544,2023-10-07,REJECTED,Theft,14580.59,9721.22,3006.55,21295.26,2023-09-25,2023-10-08
1545,1545,CLM0001545,2023-10-08,CLOSED,Liability,12587.19,20390.81,4918.98,28059.02,2023-10-05,2023-10-11
1546,1546,CLM0001546,2023-10-09,OPEN,Glass,5557.21,5228.28,46.82,10738.67,2023-10-09,2023-10-11
1547,1547,CLM0001547,2023-10-10,UNDER_REVIEW,Windstorm,10208.32,17875.35,957.56,27126.11,2023-10-01,2023-10-15
1548,1548,CLM0001548,2023-10-11,APPROVED,Collision,3317.22,24512.92,4836.48,22993.66,2023-10-10,2023-10-13
1549,1549,CLM0001549,2023-10-12,REJECTED,Fire,7392.57,17749.17,3030.13,22111.61,2023-10-12,2023-10-13
1550,1550,CLM0001550,2023-10-13,CLOSED,Flood,14763.95,16141.68,554.73,30350.9,2023-10-05,2023-10-17
1551,1551,CLM0001551,2023-10-14,OPEN,Theft,7504.88,4676.69,968.85,11212.72,2023-10-09,2023-10-14
1552,1552,CLM0001552,2023-10-15,UNDER_REVIEW,Liability,8822.47,18776.35,637.15,26961.67,2023-10-08,2023-10-19
1553,1553,CLM0001553,2023-10-16,APPROVED,Glass,10933.48,7221.04,4238.34,13916.18,2023-10-16,2023-10-21
1554,1554,CLM0001554,2023-10-17,REJECTED,Windstorm,10166.02,15554.19,3403.4,22316.81,2023-10-03,2023-10-17
1555,1555,CLM0001555,2023-10-18,CLOSED,Collision,14068.36,16203.67,4715.37,25556.66,2023-10-17,2023-10-20
1556,1556,CLM0001556,2023-10-19,OPEN,Fire,6488.22,24880.11,1370.18,29998.15,2023-10-05,2023-10-22
1557,1557,CLM0001557,2023-10-20,UNDER_REVIEW,Flood,5422.08,19096.03,4419.01,20099.1,2023-10-13,2023-10-20
1558,1558,CLM0001558,2023-10-21,APPROVED,Theft,4169.0,10791.52,2244.31,12716.21,2023-10-21,2023-10-24
1559,1559,CLM0001559,2023-10-22,REJECTED,Liability,2919.12,2504.32,2859.1,2564.34,2023-10-22,2023-10-27
1560,1560,CLM0001560,2023-10-23,CLOSED,Glass,3384.42,17393.95,4788.88,15989.49,2023-10-16,2023-10-24
1561,1561,CLM0001561,2023-10-24,OPEN,Windstorm,2467.22,8114.74,3129.97,7451.99,2023-10-21,2023-10-24
1562,1562,CLM0001562,2023-10-25,UNDER_REVIEW,Collision,7199.5,20297.45,2962.65,24534.3,2023-10-15,2023-10-27
1563,1563,CLM0001563,2023-10-26,APPROVED,Fire,3707.3,12102.62,4794.01,11015.91,2023-10-25,2023-10-28
1564,1564,CLM0001564,2023-10-27,REJECTED,Flood,7795.13,6300.22,364.55,13730.8,2023-10-13,2023-10-27
1565,1565,CLM0001565,2023-10-28,CLOSED,Theft,9380.23,14683.89,427.67,23636.45,2023-10-27,2023-10-28
1566,1566,CLM0001566,2023-10-29,OPEN,Liability,5660.93,22307.05,3466.82,24501.16,2023-10-25,2023-10-29
1567,1567,CLM0001567,2023-10-30,UNDER_REVIEW,Glass,13786.74,11327.0,1507.36,23606.38,2023-10-17,2023-10-30
1568,1568,CLM0001568,2023-10-31,APPROVED,Windstorm,1527.41,1866.85,261.02,3133.24,2023-10-19,2023-11-03
1569,1569,CLM0001569,2023-11-01,REJECTED,Collision,1437.45,18923.1,1165.56,19194.99,2023-11-01,2023-11-04
1570,1570,CLM0001570,2023-11-02,CLOSED,Fire,5758.8,19981.53,4399.69,21340.64,2023-10-30,2023-11-04
1571,1571,CLM0001571,2023-11-03,OPEN,Flood,9763.82,17056.51,129.86,26690.47,2023-10-24,2023-11-07
1572,1572,CLM0001572,2023-11-04,UNDER_REVIEW,Theft,2887.22,3015.9,2975.88,2927.24,2023-11-02,2023-11-08
1573,1573,CLM0001573,2023-11-05,APPROVED,Liability,11841.25,5243.56,2866.06,14218.75,2023-10-28,2023-11-07
1574,1574,CLM0001574,2023-11-06,REJECTED,Glass,6315.11,18253.26,2223.12,22345.25,2023-10-30,2023-11-07
1575,1575,CLM0001575,2023-11-07,CLOSED,Windstorm,11955.38,1982.03,1558.33,12379.08,2023-10-25,2023-11-11
1576,1576,CLM0001576,2023-11-08,OPEN,Collision,14396.12,18982.15,1555.94,31822.33,2023-11-04,2023-11-09
1577,1577,CLM0001577,2023-11-09,UNDER_REVIEW,Fire,7042.86,15281.57,1455.32,20869.11,2023-11-09,2023-11-13
1578,1578,CLM0001578,2023-11-10,APPROVED,Flood,8796.6,17118.36,286.59,25628.37,2023-11-09,2023-11-13
1579,1579,CLM0001579,2023-11-11,REJECTED,Theft,5157.24,24424.51,3202.77,26378.98,2023-11-05,2023-11-11
1580,1580,CLM0001580,2023-11-12,CLOSED,Liability,5123.28,16862.57,3473.91,18511.94,2023-10-29,2023-11-16
1581,1581,CLM0001581,2023-11-13,OPEN,Glass,10386.21,21374.21,2830.48,28929.94,2023-11-03,2023-11-17
1582,1582,CLM0001582,2023-11-14,UNDER_REVIEW,Windstorm,4494.47,8551.17,524.24,12521.4,2023-11-13,2023-11-17
1583,1583,CLM0001583,2023-11-15,APPROVED,Collision,3291.09,590.58,1115.13,2766.54,2023-11-08,2023-11-18
1584,1584,CLM0001584,2023-11-16,REJECTED,Fire,9358.8,6355.97,3672.93,12041.84,2023-11-06,2023-11-21
1585,1585,CLM0001585,2023-11-17,CLOSED,Flood,5638.68,10307.66,4130.42,11815.92,2023-11-17,2023-11-19
1586,1586,CLM0001586,2023-11-18,OPEN,Theft,148.38,9268.22,2773.46,6643.14,2023-11-14,2023-11-20
1587,1587,CLM0001587,2023-11-19,UNDER_REVIEW,Liability,6606.12,15967.7,4563.54,18010.28,2023-11-08,2023-11-19
1588,1588,CLM0001588,2023-11-20,APPROVED,Glass,14629.64,5378.51,1420.5,18587.65,2023-11-13,2023-11-22
1589,1589,CLM0001589,2023-11-21,REJECTED,Windstorm,10782.55,8825.53,2772.52,16835.56,2023-11-16,2023-11-22
1590,1590,CLM0001590,2023-11-22,CLOSED,Collision,322.38,21150.59,4553.24,16919.73,2023-11-22,2023-11-27
1591,1591,CLM0001591,2023-11-23,OPEN,Fire,2058.65,16544.3,4425.06,14177.89,2023-11-13,2023-11-24
1592,1592,CLM0001592,2023-11-24,UNDER_REVIEW,Flood,4576.09,6383.67,4047.44,6912.32,2023-11-19,2023-11-28
1593,1593,CLM0001593,2023-11-25,APPROVED,Theft,14656.53,24943.53,4408.32,35191.74,2023-11-23,2023-11-25
1594,1594,CLM0001594,2023-11-26,REJECTED,Liability,2166.48,23141.81,3974.49,21333.8,2023-11-20,2023-11-30
1595,1595,CLM0001595,2023-11-27,CLOSED,Glass,5672.93,9669.25,2997.75,12344.43,2023-11-20,2023-11-27
1596,1596,CLM0001596,2023-11-28,OPEN,Windstorm,11446.24,14889.48,4272.18,22063.54,2023-11-19,2023-11-29
1597,1597,CLM0001597,2023-11-29,UNDER_REVIEW,Collision,4915.21,1804.84,3978.06,2741.99,2023-11-25,2023-12-03
1598,1598,CLM0001598,2023-11-30,APPROVED,Fire,14525.76,22202.94,1046.19,35682.51,2023-11-28,2023-12-03
1599,1599,CLM0001599,2023-12-01,REJECTED,Flood,11864.96,15564.72,837.17,26592.51,2023-11-19,2023-12-06
1600,1600,CLM0001600,2023-12-02,CLOSED,Theft,11267.04,9669.52,2594.46,18342.1,2023-11-27,2023-12-04
1601,1601,CLM0001601,2023-12-03,OPEN,Liability,10687.3,13374.15,2416.49,21644.96,2023-11-18,2023-12-06
1602,1602,CLM0001602,2023-12-04,UNDER_REVIEW,Glass,4025.03,10323.18,4605.93,9742.28,2023-12-03,2023-12-05
1603,1603,CLM0001603,2023-12-05,APPROVED,Windstorm,3292.89,5473.51,4315.84,4450.56,2023-11-23,2023-12-06
1604,1604,CLM0001604,2023-12-06,REJECTED,Collision,4589.99,22273.37,2856.85,24006.51,2023-11-25,2023-12-08
1605,1605,CLM0001605,2023-12-07,CLOSED,Fire,8258.28,3791.09,420.14,11629.23,2023-11-23,2023-12-11
1606,1606,CLM0001606,2023-12-08,OPEN,Flood,5273.62,14807.07,2326.27,17754.42,2023-11-28,2023-12-11
1607,1607,CLM0001607,2023-12-09,UNDER_REVIEW,Theft,6767.27,11096.39,1837.56,16026.1,2023-11-24,2023-12-11
1608,1608,CLM0001608,2023-12-10,APPROVED,Liability,4095.29,1105.6,2208.44,2992.45,2023-12-02,2023-12-15
1609,1609,CLM0001609,2023-12-11,REJECTED,Glass,1138.33,22586.16,1472.59,22251.9,2023-12-09,2023-12-13
1610,1610,CLM0001610,2023-12-12,CLOSED,Windstorm,13899.09,2911.02,356.74,16453.37,2023-12-11,2023-12-16
1611,1611,CLM0001611,2023-12-13,OPEN,Collision,3004.6,5317.83,1646.21,6676.22,2023-12-04,2023-12-18
1612,1612,CLM0001612,2023-12-14,UNDER_REVIEW,Fire,12233.47,17246.71,1372.32,28107.86,2023-12-10,2023-12-19
1613,1613,CLM0001613,2023-12-15,APPROVED,Flood,11097.32,22853.37,42.67,33908.02,2023-12-06,2023-12-17
1614,1614,CLM0001614,2023-12-16,REJECTED,Theft,12334.63,19686.64,2019.06,30002.21,2023-12-04,2023-12-20
1615,1615,CLM0001615,2023-12-17,CLOSED,Liability,11367.09,791.32,3270.46,8887.95,2023-12-13,2023-12-20
1616,1616,CLM0001616,2023-12-18,OPEN,Glass,3413.68,18221.73,1049.38,20586.03,2023-12-11,2023-12-22
1617,1617,CLM0001617,2023-12-19,UNDER_REVIEW,Windstorm,8805.05,14039.07,2343.69,20500.43,2023-12-05,2023-12-21
1618,1618,CLM0001618,2023-12-20,APPROVED,Collision,11878.72,8170.33,939.23,19109.82,2023-12-07,2023-12-21
1619,1619,CLM0001619,2023-12-21,REJECTED,Fire,6580.21,21397.13,150.52,27826.82,2023-12-17,2023-12-25
1620,1620,CLM0001620,2023-12-22,CLOSED,Flood,13106.25,7986.51,3689.03,17403.73,2023-12-07,2023-12-27
1621,1621,CLM0001621,2023-12-23,OPEN,Theft,12514.48,8825.64,2095.74,19244.38,2023-12-11,2023-12-28
1622,1622,CLM0001622,2023-12-24,UNDER_REVIEW,Liability,8064.06,8488.95,116.2,16436.81,2023-12-23,2023-12-25
1623,1623,CLM0001623,2023-12-25,APPROVED,Glass,2305.37,23839.62,1651.25,24493.74,2023-12-13,2023-12-28
1624,1624,CLM0001624,2023-12-26,REJECTED,Windstorm,3063.07,10070.59,2672.45,10461.21,2023-12-20,2023-12-29
1625,1625,CLM0001625,2023-12-27,CLOSED,Collision,1629.58,14453.12,2257.68,13825.02,2023-12-18,2023-12-27
1626,1626,CLM0001626,2023-12-28,OPEN,Fire,2571.35,17034.7,888.18,18717.87,2023-12-13,2023-12-28
1627,1627,CLM0001627,2023-12-29,UNDER_REVIEW,Flood,2800.38,2202.53,4814.97,187.94,2023-12-20,2023-12-30
1628,1628,CLM0001628,2023-12-30,APPROVED,Theft,3495.59,16659.46,349.9,19805.15,2023-12-29,2024-01-01
1629,1629,CLM0001629,2023-12-31,REJECTED,Liability,7777.98,4709.73,4298.54,8189.17,2023-12-18,2024-01-03
1630,1630,CLM0001630,2024-01-01,CLOSED,Glass,2355.53,3213.23,2682.27,2886.49,2023-12-17,2024-01-06
1631,1631,CLM0001631,2024-01-02,OPEN,Windstorm,1031.44,23899.87,4328.5,20602.81,2023-12-29,2024-01-03
1632,1632,CLM0001632,2024-01-03,UNDER_REVIEW,Collision,4646.36,20538.45,3323.96,21860.85,2023-12-29,2024-01-07
1633,1633,CLM0001633,2024-01-04,APPROVED,Fire,8626.37,8102.69,1014.86,15714.2,2023-12-21,2024-01-06
1634,1634,CLM0001634,2024-01-05,REJECTED,Flood,3025.54,24781.59,2228.66,25578.47,2023-12-24,2024-01-09
1635,1635,CLM0001635,2024-01-06,CLOSED,Theft,12113.49,13383.48,4551.51,20945.46,2023-12-22,2024-01-09
1636,1636,CLM0001636,2024-01-07,OPEN,Liability,6940.43,1457.58,455.51,7942.5,2023-12-24,2024-01-09
1637,1637,CLM0001637,2024-01-08,UNDER_REVIEW,Glass,10504.75,17935.37,1487.24,26952.88,2024-01-03,2024-01-11
1638,1638,CLM0001638,2024-01-09,APPROVED,Windstorm,3737.02,22549.13,3666.22,22619.93,2023-12-26,2024-01-12
1639,1639,CLM0001639,2024-01-10,REJECTED,Collision,13662.5,4994.39,2843.08,15813.81,2023-12-29,2024-01-15
1640,1640,CLM0001640,2024-01-11,CLOSED,Fire,14185.31,6372.53,4352.7,16205.14,2024-01-03,2024-01-16
1641,1641,CLM0001641,2024-01-12,OPEN,Flood,8066.06,16833.1,333.72,24565.44,2024-01-06,2024-01-15
1642,1642,CLM0001642,2024-01-13,UNDER_REVIEW,Theft,6169.17,19165.59,606.15,24728.61,2024-01-02,2024-01-13
1643,1643,CLM0001643,2024-01-14,APPROVED,Liability,11330.95,12857.67,3897.55,20291.07,2024-01-01,2024-01-17
1644,1644,CLM0001644,2024-01-15,REJECTED,Glass,2472.59,5580.62,223.18,7830.03,2024-01-15,2024-01-15
1645,1645,CLM0001645,2024-01-16,CLOSED,Windstorm,9583.0,17052.74,2309.52,24326.22,2024-01-06,2024-01-21
1646,1646,CLM0001646,2024-01-17,OPEN,Collision,5990.13,5262.89,188.87,11064.15,2024-01-09,2024-01-17
1647,1647,CLM0001647,2024-01-18,UNDER_REVIEW,Fire,10636.49,3843.77,3351.48,11128.78,2024-01-04,2024-01-21
1648,1648,CLM0001648,2024-01-19,APPROVED,Flood,6920.35,2522.44,3285.11,6157.68,2024-01-05,2024-01-20
1649,1649,CLM0001649,2024-01-20,REJECTED,Theft,7061.82,7338.98,806.83,13593.97,2024-01-20,2024-01-24
1650,1650,CLM0001650,2024-01-21,CLOSED,Liability,1507.73,7706.54,2673.27,6541.0,2024-01-09,2024-01-22
1651,1651,CLM0001651,2024-01-22,OPEN,Glass,1163.78,19207.93,3386.92,16984.79,2024-01-18,2024-01-25
1652,1652,CLM0001652,2024-01-23,UNDER_REVIEW,Windstorm,5371.3,5808.47,172.22,11007.55,2024-01-17,2024-01-26
1653,1653,CLM0001653,2024-01-24,APPROVED,Collision,10451.14,20994.28,4057.56,27387.86,2024-01-21,2024-01-27
1654,1654,CLM0001654,2024-01-25,REJECTED,Fire,10355.2,11377.67,2991.03,18741.84,2024-01-24,2024-01-28
1655,1655,CLM0001655,2024-01-26,CLOSED,Flood,11506.71,23256.1,1873.22,32889.59,2024-01-19,2024-01-27
1656,1656,CLM0001656,2024-01-27,OPEN,Theft,1370.8,10831.23,4946.45,7255.58,2024-01-17,2024-01-28
1657,1657,CLM0001657,2024-01-28,UNDER_REVIEW,Liability,10199.39,2047.7,4793.73,7453.36,2024-01-25,2024-02-02
1658,1658,CLM0001658,2024-01-29,APPROVED,Glass,2518.24,4592.66,2078.4,5032.5,2024-01-26,2024-01-31
1659,1659,CLM0001659,2024-01-30,REJECTED,Windstorm,4840.19,15856.27,3123.37,17573.09,2024-01-18,2024-02-02
1660,1660,CLM0001660,2024-01-31,CLOSED,Collision,1812.06,5737.61,1782.88,5766.79,2024-01-26,2024-01-31
1661,1661,CLM0001661,2024-02-01,OPEN,Fire,6032.09,8247.89,1945.93,12334.05,2024-01-18,2024-02-02
1662,1662,CLM0001662,2024-02-02,UNDER_REVIEW,Flood,990.24,20469.58,3249.72,18210.1,2024-01-22,2024-02-02
1663,1663,CLM0001663,2024-02-03,APPROVED,Theft,1009.97,5854.74,1507.67,5357.04,2024-01-19,2024-02-03
1664,1664,CLM0001664,2024-02-04,REJECTED,Liability,10687.97,19885.86,4611.12,25962.71,2024-01-30,2024-02-06
1665,1665,CLM0001665,2024-02-05,CLOSED,Glass,14385.52,15196.75,4907.08,24675.19,2024-01-24,2024-02-10
1666,1666,CLM0001666,2024-02-06,OPEN,Windstorm,13868.3,19399.46,664.66,32603.1,2024-02-01,2024-02-11
1667,1667,CLM0001667,2024-02-07,UNDER_REVIEW,Collision,11425.74,17346.81,4890.11,23882.44,2024-01-23,2024-02-07
1668,1668,CLM0001668,2024-02-08,APPROVED,Fire,5026.58,15409.07,2925.18,17510.47,2024-01-27,2024-02-12
1669,1669,CLM0001669,2024-02-09,REJECTED,Flood,9608.88,6194.42,2937.34,12865.96,2024-02-09,2024-02-10
1670,1670,CLM0001670,2024-02-10,CLOSED,Theft,318.2,19094.06,620.28,18791.98,2024-02-03,2024-02-15
1671,1671,CLM0001671,2024-02-11,OPEN,Liability,6427.47,6466.87,396.95,12497.39,2024-02-07,2024-02-13
1672,1672,CLM0001672,2024-02-12,UNDER_REVIEW,Glass,7480.9,5449.29,1878.74,11051.45,2024-02-11,2024-02-13
1673,1673,CLM0001673,2024-02-13,APPROVED,Windstorm,13851.14,15152.84,4729.38,24274.6,2024-02-03,2024-02-14
1674,1674,CLM0001674,2024-02-14,REJECTED,Collision,4171.9,16268.25,3802.47,16637.68,2024-02-01,2024-02-19
1675,1675,CLM0001675,2024-02-15,CLOSED,Fire,12190.66,18888.5,1145.05,29934.11,2024-02-05,2024-02-17
1676,1676,CLM0001676,2024-02-16,OPEN,Flood,3633.73,13713.14,4533.16,12813.71,2024-02-09,2024-02-21
1677,1677,CLM0001677,2024-02-17,UNDER_REVIEW,Theft,10444.17,5949.88,4363.53,12030.52,2024-02-07,2024-02-18
1678,1678,CLM0001678,2024-02-18,APPROVED,Liability,6635.41,648.05,4349.33,2934.13,2024-02-16,2024-02-19
1679,1679,CLM0001679,2024-02-19,REJECTED,Glass,781.6,24804.31,4691.37,20894.54,2024-02-15,2024-02-19
1680,1680,CLM0001680,2024-02-20,CLOSED,Windstorm,2605.14,13946.75,3976.17,12575.72,2024-02-14,2024-02-21
1681,1681,CLM0001681,2024-02-21,OPEN,Collision,7611.37,10942.88,2335.37,16218.88,2024-02-16,2024-02-26
1682,1682,CLM0001682,2024-02-22,UNDER_REVIEW,Fire,2963.04,10888.41,3029.26,10822.19,2024-02-13,2024-02-24
1683,1683,CLM0001683,2024-02-23,APPROVED,Flood,8646.33,24209.28,1007.01,31848.6,2024-02-08,2024-02-23
1684,1684,CLM0001684,2024-02-24,REJECTED,Theft,14265.2,9309.76,1888.59,21686.37,2024-02-09,2024-02-27
1685,1685,CLM0001685,2024-02-25,CLOSED,Liability,6340.46,15430.16,2167.15,19603.47,2024-02-21,2024-02-28
1686,1686,CLM0001686,2024-02-26,OPEN,Glass,297.17,9844.77,4270.21,5871.73,2024-02-17,2024-03-01
1687,1687,CLM0001687,2024-02-27,UNDER_REVIEW,Windstorm,8057.97,14044.88,878.5,21224.35,2024-02-15,2024-03-01
1688,1688,CLM0001688,2024-02-28,APPROVED,Collision,4587.71,7439.03,2810.71,9216.03,2024-02-13,2024-02-28
1689,1689,CLM0001689,2024-02-29,REJECTED,Fire,4998.51,18014.15,978.58,22034.08,2024-02-23,2024-02-29
1690,1690,CLM0001690,2024-03-01,CLOSED,Flood,192.51,12767.15,3626.73,9332.93,2024-02-15,2024-03-04
1691,1691,CLM0001691,2024-03-02,OPEN,Theft,13885.37,23536.98,4852.46,32569.89,2024-02-20,2024-03-05
1692,1692,CLM0001692,2024-03-03,UNDER_REVIEW,Liability,7343.27,16205.69,2941.55,20607.41,2024-02-19,2024-03-03
1693,1693,CLM0001693,2024-03-04,APPROVED,Glass,14887.09,3549.7,4660.65,13776.14,2024-02-28,2024-03-05
1694,1694,CLM0001694,2024-03-05,REJECTED,Windstorm,11444.26,23948.87,3856.35,31536.78,2024-02-23,2024-03-09
1695,1695,CLM0001695,2024-03-06,CLOSED,Collision,10636.93,16057.0,1840.9,24853.03,2024-03-05,2024-03-11
1696,1696,CLM0001696,2024-03-07,OPEN,Fire,5780.0,10888.99,1233.96,15435.03,2024-02-21,2024-03-07
1697,1697,CLM0001697,2024-03-08,UNDER_REVIEW,Flood,13822.03,9354.65,3532.79,19643.89,2024-03-08,2024-03-13
1698,1698,CLM0001698,2024-03-09,APPROVED,Theft,9985.13,4123.16,3027.18,11081.11,2024-03-05,2024-03-11
1699,1699,CLM0001699,2024-03-10,REJECTED,Liability,3711.22,14669.37,3313.02,15067.57,2024-03-05,2024-03-10
1700,1700,CLM0001700,2024-03-11,CLOSED,Glass,1750.96,2761.49,3558.05,954.4,2024-02-28,2024-03-14
1701,1701,CLM0001701,2024-03-12,OPEN,Windstorm,10591.05,24366.57,401.74,34555.88,2024-03-06,2024-03-15
1702,1702,CLM0001702,2024-03-13,UNDER_REVIEW,Collision,2487.35,10958.35,3459.18,9986.52,2024-03-01,2024-03-17
1703,1703,CLM0001703,2024-03-14,APPROVED,Fire,4619.68,10584.42,4382.0,10822.1,2024-03-12,2024-03-14
1704,1704,CLM0001704,2024-03-15,REJECTED,Flood,9542.7,19528.93,1721.96,27349.67,2024-03-11,2024-03-17
1705,1705,CLM0001705,2024-03-16,CLOSED,Theft,11230.95,23285.41,1989.85,32526.51,2024-03-07,2024-03-16
1706,1706,CLM0001706,2024-03-17,OPEN,Liability,14805.38,20501.54,7.89,35299.03,2024-03-15,2024-03-22
1707,1707,CLM0001707,2024-03-18,UNDER_REVIEW,Glass,6267.59,10712.64,1441.7,15538.53,2024-03-05,2024-03-19
1708,1708,CLM0001708,2024-03-19,APPROVED,Windstorm,2646.02,5066.8,671.66,7041.16,2024-03-04,2024-03-20
1709,1709,CLM0001709,2024-03-20,REJECTED,Collision,7539.21,3200.84,2835.46,7904.59,2024-03-14,2024-03-21
1710,1710,CLM0001710,2024-03-21,CLOSED,Fire,3014.11,18872.94,4045.89,17841.16,2024-03-15,2024-03-23
1711,1711,CLM0001711,2024-03-22,OPEN,Flood,14744.21,21854.58,2203.65,34395.14,2024-03-19,2024-03-27
1712,1712,CLM0001712,2024-03-23,UNDER_REVIEW,Theft,2491.89,7681.58,1888.64,8284.83,2024-03-15,2024-03-23
1713,1713,CLM0001713,2024-03-24,APPROVED,Liability,5132.28,14848.34,2389.49,17591.13,2024-03-21,2024-03-24
1714,1714,CLM0001714,2024-03-25,REJECTED,Glass,915.85,18919.07,36.13,19798.79,2024-03-24,2024-03-25
1715,1715,CLM0001715,2024-03-26,CLOSED,Windstorm,3166.03,19898.77,1878.33,21186.47,2024-03-18,2024-03-29
1716,1716,CLM0001716,2024-03-27,OPEN,Collision,7098.48,8757.23,2147.27,13708.44,2024-03-16,2024-04-01
1717,1717,CLM0001717,2024-03-28,UNDER_REVIEW,Fire,13352.28,24986.41,4084.24,34254.45,2024-03-17,2024-04-02
1718,1718,CLM0001718,2024-03-29,APPROVED,Flood,5977.07,15464.82,4876.53,16565.36,2024-03-19,2024-03-29
1719,1719,CLM0001719,2024-03-30,REJECTED,Theft,46.27,21828.27,2009.04,19865.5,2024-03-26,2024-03-30
1720,1720,CLM0001720,2024-03-31,CLOSED,Liability,9028.64,21790.63,1397.34,29421.93,2024-03-24,2024-04-02
1721,1721,CLM0001721,2024-04-01,OPEN,Glass,6778.77,17311.53,4349.27,19741.03,2024-03-19,2024-04-06
1722,1722,CLM0001722,2024-04-02,UNDER_REVIEW,Windstorm,2819.02,24661.44,4787.74,22692.72,2024-03-23,2024-04-02
1723,1723,CLM0001723,2024-04-03,APPROVED,Collision,9506.66,21899.15,4847.99,26557.82,2024-03-24,2024-04-08
1724,1724,CLM0001724,2024-04-04,REJECTED,Fire,6664.59,15365.69,2000.83,20029.45,2024-04-02,2024-04-06
1725,1725,CLM0001725,2024-04-05,CLOSED,Flood,6418.74,23321.35,4654.22,25085.87,2024-04-02,2024-04-10
1726,1726,CLM0001726,2024-04-06,OPEN,Theft,5772.88,15375.76,3559.71,17588.93,2024-04-05,2024-04-07
1727,1727,CLM0001727,2024-04-07,UNDER_REVIEW,Liability,7468.88,2633.7,4161.77,5940.81,2024-03-24,2024-04-08
1728,1728,CLM0001728,2024-04-08,APPROVED,Glass,13446.13,23898.75,2410.84,34934.04,2024-04-01,2024-04-09
1729,1729,CLM0001729,2024-04-09,REJECTED,Windstorm,3174.61,18954.69,3298.73,18830.57,2024-04-07,2024-04-09
1730,1730,CLM0001730,2024-04-10,CLOSED,Collision,6523.4,18036.25,801.18,23758.47,2024-03-31,2024-04-13
1731,1731,CLM0001731,2024-04-11,OPEN,Fire,11494.63,5899.21,1288.14,16105.7,2024-03-27,2024-04-16
1732,1732,CLM0001732,2024-04-12,UNDER_REVIEW,Flood,1846.47,3826.03,2672.72,2999.78,2024-03-28,2024-04-12
1733,1733,CLM0001733,2024-04-13,APPROVED,Theft,11933.11,8653.63,1119.03,19467.71,2024-04-11,2024-04-18
1734,1734,CLM0001734,2024-04-14,REJECTED,Liability,5148.39,22799.09,3714.84,24232.64,2024-04-02,2024-04-19
1735,1735,CLM0001735,2024-04-15,CLOSED,Glass,9631.53,14266.55,4280.71,19617.37,2024-04-08,2024-04-16
1736,1736,CLM0001736,2024-04-16,OPEN,Windstorm,3886.41,7628.92,556.91,10958.42,2024-04-06,2024-04-21
1737,1737,CLM0001737,2024-04-17,UNDER_REVIEW,Collision,8883.01,5109.83,4710.04,9282.8,2024-04-06,2024-04-18
1738,1738,CLM0001738,2024-04-18,APPROVED,Fire,12799.95,23874.68,2884.58,33790.05,2024-04-18,2024-04-20
1739,1739,CLM0001739,2024-04-19,REJECTED,Flood,928.27,13622.27,4235.59,10314.95,2024-04-06,2024-04-21
1740,1740,CLM0001740,2024-04-20,CLOSED,Theft,11569.21,20039.19,4669.63,26938.77,2024-04-16,2024-04-24
1741,1741,CLM0001741,2024-04-21,OPEN,Liability,9956.14,14974.01,532.93,24397.22,2024-04-21,2024-04-25
1742,1742,CLM0001742,2024-04-22,UNDER_REVIEW,Glass,12785.43,8240.19,4080.74,16944.88,2024-04-13,2024-04-23
1743,1743,CLM0001743,2024-04-23,APPROVED,Windstorm,7497.49,11666.72,3007.33,16156.88,2024-04-19,2024-04-28
1744,1744,CLM0001744,2024-04-24,REJECTED,Collision,9980.26,20131.65,3514.83,26597.08,2024-04-14,2024-04-26
1745,1745,CLM0001745,2024-04-25,CLOSED,Fire,7535.67,17370.7,1367.26,23539.11,2024-04-10,2024-04-30
1746,1746,CLM0001746,2024-04-26,OPEN,Flood,12430.31,12628.13,3520.7,21537.74,2024-04-14,2024-04-26
1747,1747,CLM0001747,2024-04-27,UNDER_REVIEW,Theft,14717.14,8662.04,4139.42,19239.76,2024-04-21,2024-05-02
1748,1748,CLM0001748,2024-04-28,APPROVED,Liability,14016.49,6014.26,3678.63,16352.12,2024-04-23,2024-05-01
1749,1749,CLM0001749,2024-04-29,REJECTED,Glass,10910.93,7827.99,4075.06,14663.86,2024-04-24,2024-04-29
1750,1750,CLM0001750,2024-04-30,CLOSED,Windstorm,8219.14,8766.55,3389.49,13596.2,2024-04-19,2024-05-03
1751,1751,CLM0001751,2024-05-01,OPEN,Collision,5865.95,13432.19,1415.2,17882.94,2024-04-25,2024-05-06
1752,1752,CLM0001752,2024-05-02,UNDER_REVIEW,Fire,12843.78,10147.43,654.5,22336.71,2024-05-01,2024-05-07
1753,1753,CLM0001753,2024-05-03,APPROVED,Flood,4561.11,16538.53,2885.79,18213.85,2024-04-19,2024-05-08
1754,1754,CLM0001754,2024-05-04,REJECTED,Theft,7236.63,22481.84,1048.83,28669.64,2024-04-28,2024-05-09
1755,1755,CLM0001755,2024-05-05,CLOSED,Liability,9768.57,9374.53,4280.71,14862.39,2024-05-02,2024-05-10
1756,1756,CLM0001756,2024-05-06,OPEN,Glass,11782.49,21531.55,1882.78,31431.26,2024-04-23,2024-05-11
1757,1757,CLM0001757,2024-05-07,UNDER_REVIEW,Windstorm,12624.9,23186.64,480.24,35331.3,2024-04-22,2024-05-08
1758,1758,CLM0001758,2024-05-08,APPROVED,Collision,14175.95,3375.0,2577.18,14973.77,2024-04-28,2024-05-12
1759,1759,CLM0001759,2024-05-09,REJECTED,Fire,6507.32,4139.92,3612.75,7034.49,2024-05-02,2024-05-09
1760,1760,CLM0001760,2024-05-10,CLOSED,Flood,1782.04,10217.8,1513.45,10486.39,2024-05-05,2024-05-15
1761,1761,CLM0001761,2024-05-11,OPEN,Theft,11178.0,19508.32,4955.82,25730.5,2024-05-09,2024-05-14
1762,1762,CLM0001762,2024-05-12,UNDER_REVIEW,Liability,12973.44,16432.62,1376.08,28029.98,2024-04-28,2024-05-14
1763,1763,CLM0001763,2024-05-13,APPROVED,Glass,174.04,3357.38,610.26,2921.16,2024-05-06,2024-05-13
1764,1764,CLM0001764,2024-05-14,REJECTED,Windstorm,8802.76,24690.06,2397.49,31095.33,2024-05-11,2024-05-18
1765,1765,CLM0001765,2024-05-15,CLOSED,Collision,2716.45,12362.69,3222.98,11856.16,2024-05-02,2024-05-17
1766,1766,CLM0001766,2024-05-16,OPEN,Fire,8571.35,2936.31,317.49,11190.17,2024-05-11,2024-05-19
1767,1767,CLM0001767,2024-05-17,UNDER_REVIEW,Flood,12193.02,983.79,2780.3,10396.51,2024-05-02,2024-05-17
1768,1768,CLM0001768,2024-05-18,APPROVED,Theft,7783.52,14825.68,3568.75,19040.45,2024-05-15,2024-05-19
1769,1769,CLM0001769,2024-05-19,REJECTED,Liability,14485.22,22491.26,903.32,36073.16,2024-05-14,2024-05-19
1770,1770,CLM0001770,2024-05-20,CLOSED,Glass,8320.83,20112.57,615.23,27818.17,2024-05-16,2024-05-24
1771,1771,CLM0001771,2024-05-21,OPEN,Windstorm,3093.45,4449.65,2812.48,4730.62,2024-05-20,2024-05-21
1772,1772,CLM0001772,2024-05-22,UNDER_REVIEW,Collision,14698.93,12900.63,1817.8,25781.76,2024-05-17,2024-05-25
1773,1773,CLM0001773,2024-05-23,APPROVED,Fire,14656.55,16624.9,1241.69,30039.76,2024-05-22,2024-05-27
1774,1774,CLM0001774,2024-05-24,REJECTED,Flood,13569.29,7688.22,2670.51,18587.0,2024-05-20,2024-05-28
1775,1775,CLM0001775,2024-05-25,CLOSED,Theft,7356.64,8166.93,4553.92,10969.65,2024-05-14,2024-05-29
1776,1776,CLM0001776,2024-05-26,OPEN,Liability,8073.14,5641.07,495.05,13219.16,2024-05-25,2024-05-27
1777,1777,CLM0001777,2024-05-27,UNDER_REVIEW,Glass,551.01,3970.85,4280.43,241.43,2024-05-21,2024-05-28
1778,1778,CLM0001778,2024-05-28,APPROVED,Windstorm,9032.17,5792.98,1795.33,13029.82,2024-05-24,2024-06-02
1779,1779,CLM0001779,2024-05-29,REJECTED,Collision,9334.69,2321.81,1274.84,10381.66,2024-05-17,2024-06-03
1780,1780,CLM0001780,2024-05-30,CLOSED,Fire,13554.9,10301.45,416.27,23440.08,2024-05-22,2024-06-04
1781,1781,CLM0001781,2024-05-31,OPEN,Flood,6380.15,17515.63,2679.52,21216.26,2024-05-29,2024-06-05
1782,1782,CLM0001782,2024-06-01,UNDER_REVIEW,Theft,10990.12,24886.3,3484.01,32392.41,2024-05-26,2024-06-06
1783,1783,CLM0001783,2024-06-02,APPROVED,Liability,5582.13,16604.29,4102.54,18083.88,2024-05-28,2024-06-05
1784,1784,CLM0001784,2024-06-03,REJECTED,Glass,12323.52,8250.83,3938.92,16635.43,2024-05-22,2024-06-03
1785,1785,CLM0001785,2024-06-04,CLOSED,Windstorm,14460.27,6563.69,1350.63,19673.33,2024-06-01,2024-06-09
1786,1786,CLM0001786,2024-06-05,OPEN,Collision,8225.53,2116.0,3200.89,7140.64,2024-05-25,2024-06-07
1787,1787,CLM0001787,2024-06-06,UNDER_REVIEW,Fire,11671.06,4085.08,3990.49,11765.65,2024-05-29,2024-06-06
1788,1788,CLM0001788,2024-06-07,APPROVED,Flood,1469.2,24497.39,1111.13,24855.46,2024-06-04,2024-06-07
1789,1789,CLM0001789,2024-06-08,REJECTED,Theft,2635.97,18344.02,1532.75,19447.24,2024-05-24,2024-06-08
1790,1790,CLM0001790,2024-06-09,CLOSED,Liability,7934.4,17661.16,4326.99,21268.57,2024-06-01,2024-06-13
1791,1791,CLM0001791,2024-06-10,OPEN,Glass,1485.99,1675.1,1589.98,1571.11,2024-05-29,2024-06-11
1792,1792,CLM0001792,2024-06-11,UNDER_REVIEW,Windstorm,5177.59,18661.78,4840.0,18999.37,2024-05-30,2024-06-14
1793,1793,CLM0001793,2024-06-12,APPROVED,Collision,8884.65,6847.0,3433.29,12298.36,2024-06-08,2024-06-17
1794,1794,CLM0001794,2024-06-13,REJECTED,Fire,1895.53,9780.62,3677.11,7999.04,2024-06-12,2024-06-18
1795,1795,CLM0001795,2024-06-14,CLOSED,Flood,9587.9,9568.69,3887.64,15268.95,2024-06-01,2024-06-19
1796,1796,CLM0001796,2024-06-15,OPEN,Theft,6866.8,11254.52,1770.01,16351.31,2024-06-01,2024-06-19
1797,1797,CLM0001797,2024-06-16,UNDER_REVIEW,Liability,4302.29,23839.1,2602.97,25538.42,2024-06-09,2024-06-18
1798,1798,CLM0001798,2024-06-17,APPROVED,Glass,9534.53,2630.09,1528.31,10636.31,2024-06-07,2024-06-17
1799,1799,CLM0001799,2024-06-18,REJECTED,Windstorm,9520.15,2378.98,1200.18,10698.95,2024-06-16,2024-06-19
1800,1800,CLM0001800,2022-01-01,CLOSED,Collision,8629.75,2572.34,1429.25,9772.84,2021-12-17,2022-01-01
1801,1801,CLM0001801,2022-01-02,OPEN,Fire,14432.49,10887.6,2543.41,22776.68,2021-12-29,2022-01-05
1802,1802,CLM0001802,2022-01-03,UNDER_REVIEW,Flood,7467.08,17285.49,3383.87,21368.7,2021-12-31,2022-01-06
1803,1803,CLM0001803,2022-01-04,APPROVED,Theft,208.5,5159.51,4156.99,1211.02,2022-01-04,2022-01-09
1804,1804,CLM0001804,2022-01-05,REJECTED,Liability,6374.68,13590.96,1725.3,18240.34,2022-01-04,2022-01-09
1805,1805,CLM0001805,2022-01-06,CLOSED,Glass,6729.78,4629.04,4650.93,6707.89,2021-12-30,2022-01-07
1806,1806,CLM0001806,2022-01-07,OPEN,Windstorm,1126.84,21065.52,2568.42,19623.94,2022-01-06,2022-01-10
1807,1807,CLM0001807,2022-01-08,UNDER_REVIEW,Collision,7432.62,4676.86,4848.64,7260.84,2021-12-29,2022-01-13
1808,1808,CLM0001808,2022-01-09,APPROVED,Fire,3746.48,13708.43,3832.07,13622.84,2022-01-06,2022-01-11
1809,1809,CLM0001809,2022-01-10,REJECTED,Flood,4487.67,7691.85,1065.33,11114.19,2021-12-29,2022-01-11
1810,1810,CLM0001810,2022-01-11,CLOSED,Theft,13845.85,23263.17,4795.67,32313.35,2022-01-10,2022-01-14
1811,1811,CLM0001811,2022-01-12,OPEN,Liability,13387.41,21284.62,287.48,34384.55,2022-01-12,2022-01-16
1812,1812,CLM0001812,2022-01-13,UNDER_REVIEW,Glass,6905.31,7809.59,535.82,14179.08,2022-01-02,2022-01-18
1813,1813,CLM0001813,2022-01-14,APPROVED,Windstorm,2792.37,9186.04,506.69,11471.72,2021-12-30,2022-01-15
1814,1814,CLM0001814,2022-01-15,REJECTED,Collision,1271.16,13100.81,768.55,13603.42,2022-01-12,2022-01-18
1815,1815,CLM0001815,2022-01-16,CLOSED,Fire,103.66,19351.47,1250.67,18204.46,2022-01-01,2022-01-19
1816,1816,CLM0001816,2022-01-17,OPEN,Flood,5614.64,9430.14,4460.97,10583.81,2022-01-09,2022-01-17
1817,1817,CLM0001817,2022-01-18,UNDER_REVIEW,Theft,14840.54,16578.85,2196.78,29222.61,2022-01-14,2022-01-20
1818,1818,CLM0001818,2022-01-19,APPROVED,Liability,11206.37,642.35,4417.88,7430.84,2022-01-13,2022-01-19
1819,1819,CLM0001819,2022-01-20,REJECTED,Glass,2843.51,1486.28,1972.73,2357.06,2022-01-10,2022-01-20
1820,1820,CLM0001820,2022-01-21,CLOSED,Windstorm,2404.69,5375.3,2396.47,5383.52,2022-01-13,2022-01-21
1821,1821,CLM0001821,2022-01-22,OPEN,Collision,6316.43,13978.03,3999.1,16295.36,2022-01-18,2022-01-24
1822,1822,CLM0001822,2022-01-23,UNDER_REVIEW,Fire,11266.35,19618.27,1999.38,28885.24,2022-01-11,2022-01-24
1823,1823,CLM0001823,2022-01-24,APPROVED,Flood,1645.99,3143.05,105.76,4683.28,2022-01-20,2022-01-26
1824,1824,CLM0001824,2022-01-25,REJECTED,Theft,7500.01,19300.93,1182.52,25618.42,2022-01-15,2022-01-28
1825,1825,CLM0001825,2022-01-26,CLOSED,Liability,14646.58,18567.07,2171.64,31042.01,2022-01-17,2022-01-28
1826,1826,CLM0001826,2022-01-27,OPEN,Glass,7288.94,19142.05,1238.74,25192.25,2022-01-23,2022-02-01
1827,1827,CLM0001827,2022-01-28,UNDER_REVIEW,Windstorm,7668.6,6611.94,3833.64,10446.9,2022-01-20,2022-02-02
1828,1828,CLM0001828,2022-01-29,APPROVED,Collision,3710.32,20604.93,992.06,23323.19,2022-01-26,2022-02-03
1829,1829,CLM0001829,2022-01-30,REJECTED,Fire,10956.85,15471.96,943.34,25485.47,2022-01-26,2022-01-31
1830,1830,CLM0001830,2022-01-31,CLOSED,Flood,1806.92,10331.44,1369.31,10769.05,2022-01-25,2022-02-01
1831,1831,CLM0001831,2022-02-01,OPEN,Theft,6394.54,15603.45,454.68,21543.31,2022-01-31,2022-02-04
1832,1832,CLM0001832,2022-02-02,UNDER_REVIEW,Liability,6109.46,8007.93,3166.55,10950.84,2022-01-26,2022-02-03
1833,1833,CLM0001833,2022-02-03,APPROVED,Glass,5042.67,12240.28,2549.32,14733.63,2022-02-02,2022-02-05
1834,1834,CLM0001834,2022-02-04,REJECTED,Windstorm,1650.82,9407.62,4714.99,6343.45,2022-01-22,2022-02-05
1835,1835,CLM0001835,2022-02-05,CLOSED,Collision,4797.61,1665.13,204.45,6258.29,2022-02-04,2022-02-10
1836,1836,CLM0001836,2022-02-06,OPEN,Fire,11171.32,5693.45,2360.29,14504.48,2022-02-03,2022-02-09
1837,1837,CLM0001837,2022-02-07,UNDER_REVIEW,Flood,2772.6,23734.04,1817.91,24688.73,2022-01-29,2022-02-07
1838,1838,CLM0001838,2022-02-08,APPROVED,Theft,1453.31,834.71,2758.84,-470.82,2022-02-04,2022-02-10
1839,1839,CLM0001839,2022-02-09,REJECTED,Liability,5408.53,20345.86,3714.66,22039.73,2022-01-29,2022-02-10
1840,1840,CLM0001840,2022-02-10,CLOSED,Glass,9753.73,5645.82,1920.25,13479.3,2022-02-07,2022-02-11
1841,1841,CLM0001841,2022-02-11,OPEN,Windstorm,9443.38,15244.96,205.19,24483.15,2022-02-05,2022-02-12
1842,1842,CLM0001842,2022-02-12,UNDER_REVIEW,Collision,10569.9,23174.77,374.4,33370.27,2022-02-02,2022-02-14
1843,1843,CLM0001843,2022-02-13,APPROVED,Fire,10880.26,24746.29,1010.0,34616.55,2022-02-09,2022-02-13
1844,1844,CLM0001844,2022-02-14,REJECTED,Flood,1917.48,10746.21,3558.02,9105.67,2022-02-03,2022-02-16
1845,1845,CLM0001845,2022-02-15,CLOSED,Theft,6727.23,18074.48,4554.25,20247.46,2022-02-13,2022-02-18
1846,1846,CLM0001846,2022-02-16,OPEN,Liability,6285.06,23317.64,2519.35,27083.35,2022-02-16,2022-02-17
1847,1847,CLM0001847,2022-02-17,UNDER_REVIEW,Glass,8987.3,17569.3,644.67,25911.93,2022-02-16,2022-02-21
1848,1848,CLM0001848,2022-02-18,APPROVED,Windstorm,911.9,24325.61,950.95,24286.56,2022-02-06,2022-02-21
1849,1849,CLM0001849,2022-02-19,REJECTED,Collision,10270.41,21821.27,4857.69,27233.99,2022-02-14,2022-02-22
1850,1850,CLM0001850,2022-02-20,CLOSED,Fire,11260.92,9911.69,3896.86,17275.75,2022-02-08,2022-02-24
1851,1851,CLM0001851,2022-02-21,OPEN,Flood,4072.41,5009.63,800.02,8282.02,2022-02-15,2022-02-25
1852,1852,CLM0001852,2022-02-22,UNDER_REVIEW,Theft,10450.83,22039.3,3953.23,28536.9,2022-02-08,2022-02-26
1853,1853,CLM0001853,2022-02-23,APPROVED,Liability,10616.31,13364.29,1517.05,22463.55,2022-02-16,2022-02-25
1854,1854,CLM0001854,2022-02-24,REJECTED,Glass,10623.82,14027.7,855.55,23795.97,2022-02-23,2022-02-28
1855,1855,CLM0001855,2022-02-25,CLOSED,Windstorm,3573.25,1457.72,740.7,4290.27,2022-02-17,2022-02-26
1856,1856,CLM0001856,2022-02-26,OPEN,Collision,4056.52,19870.22,3212.07,20714.67,2022-02-19,2022-02-27
1857,1857,CLM0001857,2022-02-27,UNDER_REVIEW,Fire,8018.92,534.3,1737.31,6815.91,2022-02-16,2022-03-01
1858,1858,CLM0001858,2022-02-28,APPROVED,Flood,1248.69,17783.81,2746.38,16286.12,2022-02-24,2022-03-03
1859,1859,CLM0001859,2022-03-01,REJECTED,Theft,13475.04,7724.94,4926.31,16273.67,2022-03-01,2022-03-03
1860,1860,CLM0001860,2022-03-02,CLOSED,Liability,3289.19,24148.07,883.68,26553.58,2022-03-02,2022-03-06
1861,1861,CLM0001861,2022-03-03,OPEN,Glass,9859.76,21765.56,4695.08,26930.24,2022-02-28,2022-03-08
1862,1862,CLM0001862,2022-03-04,UNDER_REVIEW,Windstorm,11186.55,9858.53,3269.12,17775.96,2022-02-26,2022-03-07
1863,1863,CLM0001863,2022-03-05,APPROVED,Collision,3309.59,7085.44,2908.32,7486.71,2022-02-21,2022-03-06
1864,1864,CLM0001864,2022-03-06,REJECTED,Fire,6690.84,18380.39,2169.52,22901.71,2022-03-02,2022-03-09
1865,1865,CLM0001865,2022-03-07,CLOSED,Flood,1405.37,4947.08,925.14,5427.31,2022-03-02,2022-03-08
1866,1866,CLM0001866,2022-03-08,OPEN,Theft,8544.87,23612.2,902.03,31255.04,2022-02-27,2022-03-08
1867,1867,CLM0001867,2022-03-09,UNDER_REVIEW,Liability,4652.4,22188.7,4087.5,22753.6,2022-03-03,2022-03-09
1868,1868,CLM0001868,2022-03-10,APPROVED,Glass,2152.84,10946.68,2275.12,10824.4,2022-02-26,2022-03-10
1869,1869,CLM0001869,2022-03-11,REJECTED,Windstorm,10864.6,3863.64,3752.22,10976.02,2022-03-11,2022-03-15
1870,1870,CLM0001870,2022-03-12,CLOSED,Collision,1495.95,9907.77,550.18,10853.54,2022-03-12,2022-03-17
1871,1871,CLM0001871,2022-03-13,OPEN,Fire,14020.17,3738.39,3850.59,13907.97,2022-03-05,2022-03-14
1872,1872,CLM0001872,2022-03-14,UNDER_REVIEW,Flood,14078.98,15191.11,3962.0,25308.09,2022-03-14,2022-03-14
1873,1873,CLM0001873,2022-03-15,APPROVED,Theft,8135.55,20547.26,4263.6,24419.21,2022-03-13,2022-03-16
1874,1874,CLM0001874,2022-03-16,REJECTED,Liability,2088.45,19111.96,4461.95,16738.46,2022-03-11,2022-03-18
1875,1875,CLM0001875,2022-03-17,CLOSED,Glass,4976.34,4285.58,279.38,8982.54,2022-03-09,2022-03-22
1876,1876,CLM0001876,2022-03-18,OPEN,Windstorm,8154.19,1019.59,222.63,8951.15,2022-03-09,2022-03-18
1877,1877,CLM0001877,2022-03-19,UNDER_REVIEW,Collision,7673.14,20993.84,709.18,27957.8,2022-03-12,2022-03-19
1878,1878,CLM0001878,2022-03-20,APPROVED,Fire,3400.13,9941.88,1766.55,11575.46,2022-03-11,2022-03-21
1879,1879,CLM0001879,2022-03-21,REJECTED,Flood,13825.36,17268.23,3433.83,27659.76,2022-03-18,2022-03-24
1880,1880,CLM0001880,2022-03-22,CLOSED,Theft,2543.39,3198.32,508.68,5233.03,2022-03-13,2022-03-24
1881,1881,CLM0001881,2022-03-23,OPEN,Liability,1144.35,8676.26,1802.47,8018.14,2022-03-21,2022-03-23
1882,1882,CLM0001882,2022-03-24,UNDER_REVIEW,Glass,9067.6,4862.66,2652.4,11277.86,2022-03-19,2022-03-29
1883,1883,CLM0001883,2022-03-25,APPROVED,Windstorm,6378.67,22381.38,3435.8,25324.25,2022-03-16,2022-03-27
1884,1884,CLM0001884,2022-03-26,REJECTED,Collision,13131.03,7141.79,2496.25,17776.57,2022-03-15,2022-03-28
1885,1885,CLM0001885,2022-03-27,CLOSED,Fire,12160.79,17927.01,381.85,29705.95,2022-03-27,2022-03-28
1886,1886,CLM0001886,2022-03-28,OPEN,Flood,11666.76,4091.43,738.9,15019.29,2022-03-14,2022-04-02
1887,1887,CLM0001887,2022-03-29,UNDER_REVIEW,Theft,11952.76,24420.31,4073.25,32299.82,2022-03-26,2022-04-02
1888,1888,CLM0001888,2022-03-30,APPROVED,Liability,6411.8,18304.34,723.34,23992.8,2022-03-20,2022-03-31
1889,1889,CLM0001889,2022-03-31,REJECTED,Glass,2728.09,9932.93,1596.58,11064.44,2022-03-18,2022-04-03
1890,1890,CLM0001890,2022-04-01,CLOSED,Windstorm,10401.31,10641.64,3967.51,17075.44,2022-03-22,2022-04-02
1891,1891,CLM0001891,2022-04-02,OPEN,Collision,12032.11,16521.88,1229.54,27324.45,2022-03-20,2022-04-06
1892,1892,CLM0001892,2022-04-03,UNDER_REVIEW,Fire,7456.53,13577.38,2662.37,18371.54,2022-03-27,2022-04-06
1893,1893,CLM0001893,2022-04-04,APPROVED,Flood,1254.27,18015.57,2634.73,16635.11,2022-03-28,2022-04-09
1894,1894,CLM0001894,2022-04-05,REJECTED,Theft,1308.75,9361.88,1016.4,9654.23,2022-04-05,2022-04-07
1895,1895,CLM0001895,2022-04-06,CLOSED,Liability,8375.62,23961.59,4604.52,27732.69,2022-04-05,2022-04-08
1896,1896,CLM0001896,2022-04-07,OPEN,Glass,5412.88,21308.56,3893.23,22828.21,2022-04-03,2022-04-09
1897,1897,CLM0001897,2022-04-08,UNDER_REVIEW,Windstorm,6905.83,20963.68,2757.5,25112.01,2022-03-26,2022-04-09
1898,1898,CLM0001898,2022-04-09,APPROVED,Collision,3161.06,6002.39,3734.98,5428.47,2022-04-06,2022-04-14
1899,1899,CLM0001899,2022-04-10,REJECTED,Fire,10559.44,9747.79,131.73,20175.5,2022-03-28,2022-04-12
1900,1900,CLM0001900,2022-04-11,CLOSED,Flood,811.25,3097.24,2908.04,1000.45,2022-03-27,2022-04-15
1901,1901,CLM0001901,2022-04-12,OPEN,Theft,13057.15,1239.55,1826.22,12470.48,2022-04-10,2022-04-13
1902,1902,CLM0001902,2022-04-13,UNDER_REVIEW,Liability,1155.98,14444.99,4068.56,11532.41,2022-04-09,2022-04-14
1903,1903,CLM0001903,2022-04-14,APPROVED,Glass,7046.47,3932.75,2637.25,8341.97,2022-04-05,2022-04-17
1904,1904,CLM0001904,2022-04-15,REJECTED,Windstorm,6172.84,8764.76,3906.98,11030.62,2022-04-15,2022-04-17
1905,1905,CLM0001905,2022-04-16,CLOSED,Collision,1669.0,1970.02,3212.27,426.75,2022-04-11,2022-04-20
1906,1906,CLM0001906,2022-04-17,OPEN,Fire,2405.23,10211.57,2118.1,10498.7,2022-04-03,2022-04-21
1907,1907,CLM0001907,2022-04-18,UNDER_REVIEW,Flood,10671.1,6822.33,2860.33,14633.1,2022-04-09,2022-04-23
1908,1908,CLM0001908,2022-04-19,APPROVED,Theft,3409.72,23320.53,1359.14,25371.11,2022-04-17,2022-04-23
1909,1909,CLM0001909,2022-04-20,REJECTED,Liability,5663.4,23801.29,3715.67,25749.02,2022-04-08,2022-04-24
1910,1910,CLM0001910,2022-04-21,CLOSED,Glass,839.95,10111.13,4112.52,6838.56,2022-04-19,2022-04-26
1911,1911,CLM0001911,2022-04-22,OPEN,Windstorm,7026.54,8173.15,3209.45,11990.24,2022-04-10,2022-04-23
1912,1912,CLM0001912,2022-04-23,UNDER_REVIEW,Collision,820.07,9601.21,2121.11,8300.17,2022-04-15,2022-04-23
1913,1913,CLM0001913,2022-04-24,APPROVED,Fire,1566.0,9386.19,3893.99,7058.2,2022-04-14,2022-04-24
1914,1914,CLM0001914,2022-04-25,REJECTED,Flood,3592.95,4487.63,532.32,7548.26,2022-04-19,2022-04-29
1915,1915,CLM0001915,2022-04-26,CLOSED,Theft,164.66,22787.33,938.72,22013.27,2022-04-20,2022-05-01
1916,1916,CLM0001916,2022-04-27,OPEN,Liability,13938.03,6388.21,425.2,19901.04,2022-04-26,2022-05-01
1917,1917,CLM0001917,2022-04-28,UNDER_REVIEW,Glass,14797.41,12353.27,240.24,26910.44,2022-04-26,2022-04-30
1918,1918,CLM0001918,2022-04-29,APPROVED,Windstorm,127.18,9237.9,1412.01,7953.07,2022-04-17,2022-05-03
1919,1919,CLM0001919,2022-04-30,REJECTED,Collision,2923.26,18920.14,3628.44,18214.96,2022-04-26,2022-05-05
1920,1920,CLM0001920,2022-05-01,CLOSED,Fire,10120.3,8617.3,4482.56,14255.04,2022-04-28,2022-05-05
1921,1921,CLM0001921,2022-05-02,OPEN,Flood,12112.41,4179.57,2935.88,13356.1,2022-04-20,2022-05-05
1922,1922,CLM0001922,2022-05-03,UNDER_REVIEW,Theft,8795.37,21374.66,1450.6,28719.43,2022-04-29,2022-05-08
1923,1923,CLM0001923,2022-05-04,APPROVED,Liability,6946.59,22187.49,466.45,28667.63,2022-04-27,2022-05-05
1924,1924,CLM0001924,2022-05-05,REJECTED,Glass,12112.14,16528.39,3844.13,24796.4,2022-04-30,2022-05-09
1925,1925,CLM0001925,2022-05-06,CLOSED,Windstorm,7744.51,18353.66,3256.97,22841.2,2022-04-26,2022-05-09
1926,1926,CLM0001926,2022-05-07,OPEN,Collision,11780.28,8806.01,1801.58,18784.71,2022-04-24,2022-05-07
1927,1927,CLM0001927,2022-05-08,UNDER_REVIEW,Fire,13360.2,19467.29,1938.17,30889.32,2022-05-02,2022-05-12
1928,1928,CLM0001928,2022-05-09,APPROVED,Flood,9103.16,23971.38,2834.5,30240.04,2022-04-24,2022-05-09
1929,1929,CLM0001929,2022-05-10,REJECTED,Theft,12070.9,3994.25,4352.29,11712.86,2022-05-08,2022-05-13
1930,1930,CLM0001930,2022-05-11,CLOSED,Liability,1411.71,8186.11,4670.28,4927.54,2022-05-06,2022-05-11
1931,1931,CLM0001931,2022-05-12,OPEN,Glass,4201.76,9401.54,446.15,13157.15,2022-05-07,2022-05-17
1932,1932,CLM0001932,2022-05-13,UNDER_REVIEW,Windstorm,11579.11,6819.63,2366.3,16032.44,2022-05-05,2022-05-16
1933,1933,CLM0001933,2022-05-14,APPROVED,Collision,9754.38,3940.96,619.83,13075.51,2022-04-29,2022-05-14
1934,1934,CLM0001934,2022-05-15,REJECTED,Fire,5452.08,7522.31,2045.17,10929.22,2022-05-11,2022-05-18
1935,1935,CLM0001935,2022-05-16,CLOSED,Flood,5500.98,21198.47,4760.22,21939.23,2022-05-05,2022-05-16
1936,1936,CLM0001936,2022-05-17,OPEN,Theft,10233.01,12895.59,1314.14,21814.46,2022-05-16,2022-05-21
1937,1937,CLM0001937,2022-05-18,UNDER_REVIEW,Liability,14661.47,1897.94,3952.95,12606.46,2022-05-18,2022-05-19
1938,1938,CLM0001938,2022-05-19,APPROVED,Glass,12795.9,7621.18,791.03,19626.05,2022-05-07,2022-05-19
1939,1939,CLM0001939,2022-05-20,REJECTED,Windstorm,3345.77,21916.89,3345.75,21916.91,2022-05-09,2022-05-23
1940,1940,CLM0001940,2022-05-21,CLOSED,Collision,7027.33,13610.34,4091.45,16546.22,2022-05-18,2022-05-21
1941,1941,CLM0001941,2022-05-22,OPEN,Fire,2704.1,3154.53,4797.74,1060.89,2022-05-10,2022-05-25
1942,1942,CLM0001942,2022-05-23,UNDER_REVIEW,Flood,2992.06,8553.66,1586.42,9959.3,2022-05-08,2022-05-24
1943,1943,CLM0001943,2022-05-24,APPROVED,Theft,10534.36,12167.38,1391.88,21309.86,2022-05-23,2022-05-28
1944,1944,CLM0001944,2022-05-25,REJECTED,Liability,2336.12,12014.2,3201.08,11149.24,2022-05-15,2022-05-29
1945,1945,CLM0001945,2022-05-26,CLOSED,Glass,469.85,15226.4,1901.42,13794.83,2022-05-15,2022-05-29
1946,1946,CLM0001946,2022-05-27,OPEN,Windstorm,14678.41,5728.81,1057.46,19349.76,2022-05-27,2022-06-01
1947,1947,CLM0001947,2022-05-28,UNDER_REVIEW,Collision,6343.81,6675.75,880.53,12139.03,2022-05-24,2022-05-28
1948,1948,CLM0001948,2022-05-29,APPROVED,Fire,4108.58,2501.87,4368.88,2241.57,2022-05-15,2022-06-01
1949,1949,CLM0001949,2022-05-30,REJECTED,Flood,7871.67,16906.29,1297.24,23480.72,2022-05-29,2022-05-30
1950,1950,CLM0001950,2022-05-31,CLOSED,Theft,13424.35,10999.09,4816.83,19606.61,2022-05-22,2022-06-01
1951,1951,CLM0001951,2022-06-01,OPEN,Liability,2979.08,23577.57,2408.13,24148.52,2022-05-27,2022-06-06
1952,1952,CLM0001952,2022-06-02,UNDER_REVIEW,Glass,6551.76,22858.65,2851.58,26558.83,2022-06-02,2022-06-06
1953,1953,CLM0001953,2022-06-03,APPROVED,Windstorm,11746.09,15129.65,389.04,26486.7,2022-05-30,2022-06-05
1954,1954,CLM0001954,2022-06-04,REJECTED,Collision,9960.94,20675.84,3671.78,26965.0,2022-05-25,2022-06-04
1955,1955,CLM0001955,2022-06-05,CLOSED,Fire,2257.59,11737.15,737.43,13257.31,2022-05-26,2022-06-05
1956,1956,CLM0001956,2022-06-06,OPEN,Flood,11880.25,17011.66,1314.01,27577.9,2022-06-06,2022-06-09
1957,1957,CLM0001957,2022-06-07,UNDER_REVIEW,Theft,14149.86,21503.04,3171.47,32481.43,2022-06-04,2022-06-07
1958,1958,CLM0001958,2022-06-08,APPROVED,Liability,3279.34,24486.28,2100.88,25664.74,2022-06-03,2022-06-12
1959,1959,CLM0001959,2022-06-09,REJECTED,Glass,5663.35,9028.1,4761.88,9929.57,2022-06-09,2022-06-11
1960,1960,CLM0001960,2022-06-10,CLOSED,Windstorm,12206.69,896.69,4483.27,8620.11,2022-06-07,2022-06-15
1961,1961,CLM0001961,2022-06-11,OPEN,Collision,7486.96,24976.68,2070.27,30393.37,2022-05-31,2022-06-13
1962,1962,CLM0001962,2022-06-12,UNDER_REVIEW,Fire,12422.79,10933.31,4870.35,18485.75,2022-06-02,2022-06-12
1963,1963,CLM0001963,2022-06-13,APPROVED,Flood,13895.23,11741.18,1865.61,23770.8,2022-06-08,2022-06-17
1964,1964,CLM0001964,2022-06-14,REJECTED,Theft,6538.14,7483.18,3298.03,10723.29,2022-06-01,2022-06-19
1965,1965,CLM0001965,2022-06-15,CLOSED,Liability,4248.73,15699.22,4625.68,15322.27,2022-06-12,2022-06-15
1966,1966,CLM0001966,2022-06-16,OPEN,Glass,12089.1,3043.39,3248.12,11884.37,2022-06-03,2022-06-16
1967,1967,CLM0001967,2022-06-17,UNDER_REVIEW,Windstorm,7446.07,18917.31,4636.14,21727.24,2022-06-14,2022-06-22
1968,1968,CLM0001968,2022-06-18,APPROVED,Collision,6661.55,14740.22,163.18,21238.59,2022-06-09,2022-06-21
1969,1969,CLM0001969,2022-06-19,REJECTED,Fire,3178.07,19533.57,2757.94,19953.7,2022-06-16,2022-06-20
1970,1970,CLM0001970,2022-06-20,CLOSED,Flood,12845.14,23788.51,1753.07,34880.58,2022-06-06,2022-06-23
1971,1971,CLM0001971,2022-06-21,OPEN,Theft,13619.9,16299.06,3923.18,25995.78,2022-06-09,2022-06-21
1972,1972,CLM0001972,2022-06-22,UNDER_REVIEW,Liability,14094.25,19663.8,2537.8,31220.25,2022-06-14,2022-06-27
1973,1973,CLM0001973,2022-06-23,APPROVED,Glass,3967.49,21042.86,3975.69,21034.66,2022-06-10,2022-06-28
1974,1974,CLM0001974,2022-06-24,REJECTED,Windstorm,3623.32,22554.59,2072.78,24105.13,2022-06-24,2022-06-24
1975,1975,CLM0001975,2022-06-25,CLOSED,Collision,2300.63,9672.94,4083.54,7890.03,2022-06-15,2022-06-27
1976,1976,CLM0001976,2022-06-26,OPEN,Fire,2556.16,14518.59,2150.1,14924.65,2022-06-14,2022-06-27
1977,1977,CLM0001977,2022-06-27,UNDER_REVIEW,Flood,9244.02,10136.28,257.9,19122.4,2022-06-14,2022-06-28
1978,1978,CLM0001978,2022-06-28,APPROVED,Theft,14090.88,10065.09,3640.56,20515.41,2022-06-16,2022-06-30
1979,1979,CLM0001979,2022-06-29,REJECTED,Liability,7759.16,11216.34,497.89,18477.61,2022-06-25,2022-07-03
1980,1980,CLM0001980,2022-06-30,CLOSED,Glass,1775.59,14634.88,1960.06,14450.41,2022-06-22,2022-07-04
1981,1981,CLM0001981,2022-07-01,OPEN,Windstorm,2385.8,8398.91,466.27,10318.44,2022-07-01,2022-07-04
1982,1982,CLM0001982,2022-07-02,UNDER_REVIEW,Collision,173.07,19365.79,765.24,18773.62,2022-06-30,2022-07-06
1983,1983,CLM0001983,2022-07-03,APPROVED,Fire,5736.07,18687.32,652.74,23770.65,2022-06-19,2022-07-08
1984,1984,CLM0001984,2022-07-04,REJECTED,Flood,9472.53,9273.97,1198.61,17547.89,2022-06-27,2022-07-06
1985,1985,CLM0001985,2022-07-05,CLOSED,Theft,2907.43,21091.19,3631.56,20367.06,2022-06-23,2022-07-07
1986,1986,CLM0001986,2022-07-06,OPEN,Liability,9888.87,7236.64,4674.88,12450.63,2022-07-06,2022-07-11
1987,1987,CLM0001987,2022-07-07,UNDER_REVIEW,Glass,14771.97,21740.01,554.66,35957.32,2022-07-04,2022-07-07
1988,1988,CLM0001988,2022-07-08,APPROVED,Windstorm,2127.53,6918.87,903.14,8143.26,2022-07-06,2022-07-11
1989,1989,CLM0001989,2022-07-09,REJECTED,Collision,12669.35,22861.62,1039.86,34491.11,2022-07-06,2022-07-12
1990,1990,CLM0001990,2022-07-10,CLOSED,Fire,11931.62,10636.76,2432.59,20135.79,2022-07-08,2022-07-11
1991,1991,CLM0001991,2022-07-11,OPEN,Flood,10310.05,9693.73,1567.92,18435.86,2022-06-27,2022-07-12
1992,1992,CLM0001992,2022-07-12,UNDER_REVIEW,Theft,2697.1,748.44,893.39,2552.15,2022-07-11,2022-07-12
1993,1993,CLM0001993,2022-07-13,APPROVED,Liability,14638.74,24846.62,2419.55,37065.81,2022-07-13,2022-07-14
1994,1994,CLM0001994,2022-07-14,REJECTED,Glass,7826.23,6735.28,607.97,13953.54,2022-07-14,2022-07-18
1995,1995,CLM0001995,2022-07-15,CLOSED,Windstorm,345.57,13037.75,761.73,12621.59,2022-07-04,2022-07-15
1996,1996,CLM0001996,2022-07-16,OPEN,Collision,13478.59,1222.69,692.83,14008.45,2022-07-14,2022-07-21
1997,1997,CLM0001997,2022-07-17,UNDER_REVIEW,Fire,10374.03,3601.22,1368.33,12606.92,2022-07-11,2022-07-17
1998,1998,CLM0001998,2022-07-18,APPROVED,Flood,5228.3,14011.68,1471.6,17768.38,2022-07-03,2022-07-21
1999,1999,CLM0001999,2022-07-19,REJECTED,Theft,7689.85,10298.58,965.27,17023.16,2022-07-14,2022-07-20
2000,2000,CLM0002000,2022-07-20,CLOSED,Liability,10305.86,22239.21,1405.41,31139.66,2022-07-08,2022-07-20
