coverage_id,policy_period_id,coverage_code,coverage_name,limit_amount,deductible_amount,coverage_start_date,coverage_end_date,coverage_status
1,1,CVG001,Comprehensive,6430325.3,39388.85,2022-01-02,2023-01-02,ACTIVE
2,2,CVG002,Collision,2822790.25,42467.42,2022-01-03,2023-01-03,EXPIRED
3,3,CVG003,Third Party Liability,7391065.02,262024.17,2022-01-04,2023-01-04,CANCELLED
4,4,CVG004,Fire,8932577.72,79609.34,2022-01-05,2023-01-05,SUSPENDED
5,5,CVG005,Flood,4277026.01,27120.09,2022-01-06,2023-01-06,ACTIVE
6,6,CVG006,Theft,2264515.95,62819.91,2022-01-07,2023-01-07,EXPIRED
7,7,CVG007,Personal Accident,362706.1,5058.91,2022-01-08,2023-01-08,CANCELLED
8,8,CVG008,Glass Protection,6533855.93,192894.89,2022-01-09,2023-01-09,SUSPENDED
9,9,CVG009,Natural Disaster,2282362.16,71933.11,2022-01-10,2023-01-10,ACTIVE
10,10,CVG010,Business Interruption,8113361.52,42939.51,2022-01-11,2023-01-11,EXPIRED
11,11,CVG011,Comprehensive,8077610.59,294156.47,2022-01-12,2023-01-12,CANCELLED
12,12,CVG012,Collision,3468480.11,41609.89,2022-01-13,2023-01-13,SUSPENDED
13,13,CVG013,Third Party Liability,9576409.41,192933.57,2022-01-14,2023-01-14,ACTIVE
14,14,CVG014,Fire,1018183.85,9522.3,2022-01-15,2023-01-15,EXPIRED
15,15,CVG015,Flood,8490194.23,273109.78,2022-01-16,2023-01-16,CANCELLED
16,16,CVG016,Theft,8090569.91,306130.42,2022-01-17,2023-01-17,SUSPENDED
17,17,CVG017,Personal Accident,5408658.11,263889.56,2022-01-18,2023-01-18,ACTIVE
18,18,CVG018,Glass Protection,3847490.33,114816.15,2022-01-19,2023-01-19,EXPIRED
19,19,CVG019,Natural Disaster,8311106.18,272881.78,2022-01-20,2023-01-20,CANCELLED
20,20,CVG020,Business Interruption,8630898.31,267392.54,2022-01-21,2023-01-21,SUSPENDED
21,21,CVG021,Comprehensive,7075261.18,49966.18,2022-01-22,2023-01-22,ACTIVE
22,22,CVG022,Collision,2356192.93,42464.39,2022-01-23,2023-01-23,EXPIRED
23,23,CVG023,Third Party Liability,889940.57,13772.36,2022-01-24,2023-01-24,CANCELLED
24,24,CVG024,Fire,1099914.15,19258.19,2022-01-25,2023-01-25,SUSPENDED
25,25,CVG025,Flood,6393276.0,136927.66,2022-01-26,2023-01-26,ACTIVE
26,26,CVG026,Theft,3764791.57,54317.72,2022-01-27,2023-01-27,EXPIRED
27,27,CVG027,Personal Accident,2743080.44,129334.75,2022-01-28,2023-01-28,CANCELLED
28,28,CVG028,Glass Protection,6515550.31,211174.82,2022-01-29,2023-01-29,SUSPENDED
29,29,CVG029,Natural Disaster,1794272.62,67842.71,2022-01-30,2023-01-30,ACTIVE
30,30,CVG030,Business Interruption,1717684.69,37918.74,2022-01-31,2023-01-31,EXPIRED
31,31,CVG031,Comprehensive,9896281.17,334494.2,2022-02-01,2023-02-01,CANCELLED
32,32,CVG032,Collision,5613802.46,201017.02,2022-02-02,2023-02-02,SUSPENDED
33,33,CVG033,Third Party Liability,8444234.01,337093.79,2022-02-03,2023-02-03,ACTIVE
34,34,CVG034,Fire,2367575.91,15257.87,2022-02-04,2023-02-04,EXPIRED
35,35,CVG035,Flood,3222985.18,54946.55,2022-02-05,2023-02-05,CANCELLED
36,36,CVG036,Theft,2188730.15,103813.52,2022-02-06,2023-02-06,SUSPENDED
37,37,CVG037,Personal Accident,8776039.5,168153.35,2022-02-07,2023-02-07,ACTIVE
38,38,CVG038,Glass Protection,6588842.79,150248.25,2022-02-08,2023-02-08,EXPIRED
39,39,CVG039,Natural Disaster,9154021.14,234785.39,2022-02-09,2023-02-09,CANCELLED
40,40,CVG040,Business Interruption,2722313.65,43824.45,2022-02-10,2023-02-10,SUSPENDED
41,41,CVG041,Comprehensive,5657544.53,95178.98,2022-02-11,2023-02-11,ACTIVE
42,42,CVG042,Collision,5887401.3,267299.97,2022-02-12,2023-02-12,EXPIRED
43,43,CVG043,Third Party Liability,4054065.0,60281.65,2022-02-13,2023-02-13,CANCELLED
44,44,CVG044,Fire,9975622.3,278606.0,2022-02-14,2023-02-14,SUSPENDED
45,45,CVG045,Flood,1000003.18,7120.26,2022-02-15,2023-02-15,ACTIVE
46,46,CVG046,Theft,1185526.39,39401.05,2022-02-16,2023-02-16,EXPIRED
47,47,CVG047,Personal Accident,7941585.71,190575.81,2022-02-17,2023-02-17,CANCELLED
48,48,CVG048,Glass Protection,728924.29,16162.34,2022-02-18,2023-02-18,SUSPENDED
49,49,CVG049,Natural Disaster,9961601.66,286995.19,2022-02-19,2023-02-19,ACTIVE
50,50,CVG050,Business Interruption,9713675.94,424828.46,2022-02-20,2023-02-20,EXPIRED
51,51,CVG051,Comprehensive,213662.12,7997.9,2022-02-21,2023-02-21,CANCELLED
52,52,CVG052,Collision,6848932.65,199739.98,2022-02-22,2023-02-22,SUSPENDED
53,53,CVG053,Third Party Liability,2741569.38,92783.7,2022-02-23,2023-02-23,ACTIVE
54,54,CVG054,Fire,1204366.52,29584.58,2022-02-24,2023-02-24,EXPIRED
55,55,CVG055,Flood,4591864.69,220050.04,2022-02-25,2023-02-25,CANCELLED
56,56,CVG056,Theft,8770944.11,147812.4,2022-02-26,2023-02-26,SUSPENDED
57,57,CVG057,Personal Accident,5055802.52,65924.3,2022-02-27,2023-02-27,ACTIVE
58,58,CVG058,Glass Protection,9135015.61,403524.11,2022-02-28,2023-02-28,EXPIRED
59,59,CVG059,Natural Disaster,3054603.44,103101.2,2022-03-01,2023-03-01,CANCELLED
60,60,CVG060,Business Interruption,6128805.09,72796.52,2022-03-02,2023-03-02,SUSPENDED
61,61,CVG061,Comprehensive,7648856.92,223897.77,2022-03-03,2023-03-03,ACTIVE
62,62,CVG062,Collision,7808402.14,225396.67,2022-03-04,2023-03-04,EXPIRED
63,63,CVG063,Third Party Liability,105661.77,2069.6,2022-03-05,2023-03-05,CANCELLED
64,64,CVG064,Fire,292819.75,13706.73,2022-03-06,2023-03-06,SUSPENDED
65,65,CVG065,Flood,8799346.59,373311.83,2022-03-07,2023-03-07,ACTIVE
66,66,CVG066,Theft,3144389.84,23918.22,2022-03-08,2023-03-08,EXPIRED
67,67,CVG067,Personal Accident,8792295.03,418625.13,2022-03-09,2023-03-09,CANCELLED
68,68,CVG068,Glass Protection,947969.18,25471.53,2022-03-10,2023-03-10,SUSPENDED
69,69,CVG069,Natural Disaster,785203.93,30801.27,2022-03-11,2023-03-11,ACTIVE
70,70,CVG070,Business Interruption,7681760.85,82791.07,2022-03-12,2023-03-12,EXPIRED
71,71,CVG071,Comprehensive,4805295.54,142915.07,2022-03-13,2023-03-13,CANCELLED
72,72,CVG072,Collision,2724060.63,120565.53,2022-03-14,2023-03-14,SUSPENDED
73,73,CVG073,Third Party Liability,4289065.61,62324.07,2022-03-15,2023-03-15,ACTIVE
74,74,CVG074,Fire,5439031.28,205850.46,2022-03-16,2023-03-16,EXPIRED
75,75,CVG075,Flood,2091395.53,39793.47,2022-03-17,2023-03-17,CANCELLED
76,76,CVG076,Theft,9951978.63,340800.66,2022-03-18,2023-03-18,SUSPENDED
77,77,CVG077,Personal Accident,4437190.83,125532.18,2022-03-19,2023-03-19,ACTIVE
78,78,CVG078,Glass Protection,1297941.54,19613.69,2022-03-20,2023-03-20,EXPIRED
79,79,CVG079,Natural Disaster,3447047.07,108491.99,2022-03-21,2023-03-21,CANCELLED
80,80,CVG080,Business Interruption,2378135.85,35457.49,2022-03-22,2023-03-22,SUSPENDED
81,81,CVG081,Comprehensive,802831.55,26814.28,2022-03-23,2023-03-23,ACTIVE
82,82,CVG082,Collision,2366523.66,108254.02,2022-03-24,2023-03-24,EXPIRED
83,83,CVG083,Third Party Liability,8610390.46,70506.88,2022-03-25,2023-03-25,CANCELLED
84,84,CVG084,Fire,2456245.88,86224.06,2022-03-26,2023-03-26,SUSPENDED
85,85,CVG085,Flood,2220944.39,24328.3,2022-03-27,2023-03-27,ACTIVE
86,86,CVG086,Theft,9361590.98,287372.19,2022-03-28,2023-03-28,EXPIRED
87,87,CVG087,Personal Accident,4779443.16,192649.19,2022-03-29,2023-03-29,CANCELLED
88,88,CVG088,Glass Protection,8094220.28,109825.99,2022-03-30,2023-03-30,SUSPENDED
89,89,CVG089,Natural Disaster,1059615.06,25851.75,2022-03-31,2023-03-31,ACTIVE
90,90,CVG090,Business Interruption,4293428.37,111698.31,2022-04-01,2023-04-01,EXPIRED
91,91,CVG091,Comprehensive,7317850.91,258330.42,2022-04-02,2023-04-02,CANCELLED
92,92,CVG092,Collision,9843235.59,92809.94,2022-04-03,2023-04-03,SUSPENDED
93,93,CVG093,Third Party Liability,4085950.69,82816.57,2022-04-04,2023-04-04,ACTIVE
94,94,CVG094,Fire,8630558.11,139724.72,2022-04-05,2023-04-05,EXPIRED
95,95,CVG095,Flood,1983068.19,49948.75,2022-04-06,2023-04-06,CANCELLED
96,96,CVG096,Theft,4276628.23,74988.67,2022-04-07,2023-04-07,SUSPENDED
97,97,CVG097,Personal Accident,2573083.83,119769.21,2022-04-08,2023-04-08,ACTIVE
98,98,CVG098,Glass Protection,4486994.38,196354.06,2022-04-09,2023-04-09,EXPIRED
99,99,CVG099,Natural Disaster,5548220.59,40371.49,2022-04-10,2023-04-10,CANCELLED
100,100,CVG100,Business Interruption,9992896.44,425909.65,2022-04-11,2023-04-11,SUSPENDED
101,101,CVG101,Comprehensive,9693062.95,452535.32,2022-04-12,2023-04-12,ACTIVE
102,102,CVG102,Collision,8502087.77,106140.06,2022-04-13,2023-04-13,EXPIRED
103,103,CVG103,Third Party Liability,4907847.14,71745.99,2022-04-14,2023-04-14,CANCELLED
104,104,CVG104,Fire,4070298.9,31091.36,2022-04-15,2023-04-15,SUSPENDED
105,105,CVG105,Flood,3851833.88,190045.24,2022-04-16,2023-04-16,ACTIVE
106,106,CVG106,Theft,2725510.28,109792.21,2022-04-17,2023-04-17,EXPIRED
107,107,CVG107,Personal Accident,4604582.84,110672.7,2022-04-18,2023-04-18,CANCELLED
108,108,CVG108,Glass Protection,9577444.64,476899.48,2022-04-19,2023-04-19,SUSPENDED
109,109,CVG109,Natural Disaster,5602106.4,209117.51,2022-04-20,2023-04-20,ACTIVE
110,110,CVG110,Business Interruption,1632488.57,29959.19,2022-04-21,2023-04-21,EXPIRED
111,111,CVG111,Comprehensive,9690222.71,301008.48,2022-04-22,2023-04-22,CANCELLED
112,112,CVG112,Collision,5467732.49,211376.52,2022-04-23,2023-04-23,SUSPENDED
113,113,CVG113,Third Party Liability,665936.2,20835.81,2022-04-24,2023-04-24,ACTIVE
114,114,CVG114,Fire,5078218.79,220254.51,2022-04-25,2023-04-25,EXPIRED
115,115,CVG115,Flood,1658584.01,80001.88,2022-04-26,2023-04-26,CANCELLED
116,116,CVG116,Theft,893103.51,11933.76,2022-04-27,2023-04-27,SUSPENDED
117,117,CVG117,Personal Accident,5990847.55,211983.53,2022-04-28,2023-04-28,ACTIVE
118,118,CVG118,Glass Protection,2428518.56,25244.2,2022-04-29,2023-04-29,EXPIRED
119,119,CVG119,Natural Disaster,8913844.41,143331.86,2022-04-30,2023-04-30,CANCELLED
120,120,CVG120,Business Interruption,5985739.62,196764.24,2022-05-01,2023-05-01,SUSPENDED
121,121,CVG121,Comprehensive,4250326.66,132887.54,2022-05-02,2023-05-02,ACTIVE
122,122,CVG122,Collision,5275548.88,248276.73,2022-05-03,2023-05-03,EXPIRED
123,123,CVG123,Third Party Liability,2122166.07,79005.34,2022-05-04,2023-05-04,CANCELLED
124,124,CVG124,Fire,2462990.93,56181.72,2022-05-05,2023-05-05,SUSPENDED
125,125,CVG125,Flood,6749733.21,124869.18,2022-05-06,2023-05-06,ACTIVE
126,126,CVG126,Theft,3230154.24,125439.49,2022-05-07,2023-05-07,EXPIRED
127,127,CVG127,Personal Accident,818176.83,20964.02,2022-05-08,2023-05-08,CANCELLED
128,128,CVG128,Glass Protection,9984698.96,497481.04,2022-05-09,2023-05-09,SUSPENDED
129,129,CVG129,Natural Disaster,825281.14,12042.46,2022-05-10,2023-05-10,ACTIVE
130,130,CVG130,Business Interruption,2725484.11,128088.68,2022-05-11,2023-05-11,EXPIRED
131,131,CVG131,Comprehensive,8820555.32,393107.11,2022-05-12,2023-05-12,CANCELLED
132,132,CVG132,Collision,3758318.18,45470.42,2022-05-13,2023-05-13,SUSPENDED
133,133,CVG133,Third Party Liability,8354075.05,306254.52,2022-05-14,2023-05-14,ACTIVE
134,134,CVG134,Fire,6155609.88,304244.02,2022-05-15,2023-05-15,EXPIRED
135,135,CVG135,Flood,6574365.55,35186.27,2022-05-16,2023-05-16,CANCELLED
136,136,CVG136,Theft,8189330.94,151273.68,2022-05-17,2023-05-17,SUSPENDED
137,137,CVG137,Personal Accident,6667548.28,315053.99,2022-05-18,2023-05-18,ACTIVE
138,138,CVG138,Glass Protection,1429482.03,14572.55,2022-05-19,2023-05-19,EXPIRED
139,139,CVG139,Natural Disaster,1159656.18,34668.0,2022-05-20,2023-05-20,CANCELLED
140,140,CVG140,Business Interruption,2796247.3,90087.66,2022-05-21,2023-05-21,SUSPENDED
141,141,CVG141,Comprehensive,7204360.65,102027.28,2022-05-22,2023-05-22,ACTIVE
142,142,CVG142,Collision,6378955.79,107672.15,2022-05-23,2023-05-23,EXPIRED
143,143,CVG143,Third Party Liability,4936465.34,225794.63,2022-05-24,2023-05-24,CANCELLED
144,144,CVG144,Fire,8476426.76,77588.39,2022-05-25,2023-05-25,SUSPENDED
145,145,CVG145,Flood,4293400.15,74922.45,2022-05-26,2023-05-26,ACTIVE
146,146,CVG146,Theft,135102.32,5363.61,2022-05-27,2023-05-27,EXPIRED
147,147,CVG147,Personal Accident,6407422.44,107567.72,2022-05-28,2023-05-28,CANCELLED
148,148,CVG148,Glass Protection,7438185.99,221848.5,2022-05-29,2023-05-29,SUSPENDED
149,149,CVG149,Natural Disaster,4334100.5,23556.43,2022-05-30,2023-05-30,ACTIVE
150,150,CVG150,Business Interruption,844914.21,37801.28,2022-05-31,2023-05-31,EXPIRED
151,151,CVG151,Comprehensive,9048892.86,267408.93,2022-06-01,2023-06-01,CANCELLED
152,152,CVG152,Collision,8362490.7,261017.84,2022-06-02,2023-06-02,SUSPENDED
153,153,CVG153,Third Party Liability,1566128.48,16812.46,2022-06-03,2023-06-03,ACTIVE
154,154,CVG154,Fire,3151757.66,143260.52,2022-06-04,2023-06-04,EXPIRED
155,155,CVG155,Flood,7981610.82,349048.74,2022-06-05,2023-06-05,CANCELLED
156,156,CVG156,Theft,8999353.9,130071.66,2022-06-06,2023-06-06,SUSPENDED
157,157,CVG157,Personal Accident,2570344.42,24741.4,2022-06-07,2023-06-07,ACTIVE
158,158,CVG158,Glass Protection,7823150.79,350368.11,2022-06-08,2023-06-08,EXPIRED
159,159,CVG159,Natural Disaster,4123136.16,135773.92,2022-06-09,2023-06-09,CANCELLED
160,160,CVG160,Business Interruption,1630078.05,76360.43,2022-06-10,2023-06-10,SUSPENDED
161,161,CVG161,Comprehensive,8659596.39,423707.74,2022-06-11,2023-06-11,ACTIVE
162,162,CVG162,Collision,8126640.03,362966.05,2022-06-12,2023-06-12,EXPIRED
163,163,CVG163,Third Party Liability,345384.98,13174.85,2022-06-13,2023-06-13,CANCELLED
164,164,CVG164,Fire,3388636.13,158882.02,2022-06-14,2023-06-14,SUSPENDED
165,165,CVG165,Flood,8042127.88,352911.74,2022-06-15,2023-06-15,ACTIVE
166,166,CVG166,Theft,8126418.23,138199.96,2022-06-16,2023-06-16,EXPIRED
167,167,CVG167,Personal Accident,7895007.64,77878.75,2022-06-17,2023-06-17,CANCELLED
168,168,CVG168,Glass Protection,8734451.15,381142.59,2022-06-18,2023-06-18,SUSPENDED
169,169,CVG169,Natural Disaster,2302093.8,96104.12,2022-06-19,2023-06-19,ACTIVE
170,170,CVG170,Business Interruption,4657002.02,87242.36,2022-06-20,2023-06-20,EXPIRED
171,171,CVG171,Comprehensive,7973920.44,121536.88,2022-06-21,2023-06-21,CANCELLED
172,172,CVG172,Collision,334277.9,4576.55,2022-06-22,2023-06-22,SUSPENDED
173,173,CVG173,Third Party Liability,3349793.32,147042.13,2022-06-23,2023-06-23,ACTIVE
174,174,CVG174,Fire,9672202.13,169849.91,2022-06-24,2023-06-24,EXPIRED
175,175,CVG175,Flood,6450669.21,148272.03,2022-06-25,2023-06-25,CANCELLED
176,176,CVG176,Theft,9813381.9,285860.95,2022-06-26,2023-06-26,SUSPENDED
177,177,CVG177,Personal Accident,9398447.69,95773.74,2022-06-27,2023-06-27,ACTIVE
178,178,CVG178,Glass Protection,9706966.05,126535.66,2022-06-28,2023-06-28,EXPIRED
179,179,CVG179,Natural Disaster,9629089.73,163174.42,2022-06-29,2023-06-29,CANCELLED
180,180,CVG180,Business Interruption,1173185.22,28808.0,2022-06-30,2023-06-30,SUSPENDED
181,181,CVG181,Comprehensive,7312596.1,139783.78,2022-07-01,2023-07-01,ACTIVE
182,182,CVG182,Collision,6101467.65,170926.74,2022-07-02,2023-07-02,EXPIRED
183,183,CVG183,Third Party Liability,3913434.79,121106.96,2022-07-03,2023-07-03,CANCELLED
184,184,CVG184,Fire,2621752.81,96730.46,2022-07-04,2023-07-04,SUSPENDED
185,185,CVG185,Flood,116743.65,5446.19,2022-07-05,2023-07-05,ACTIVE
186,186,CVG186,Theft,5430674.77,202967.94,2022-07-06,2023-07-06,EXPIRED
187,187,CVG187,Personal Accident,7445305.77,261913.07,2022-07-07,2023-07-07,CANCELLED
188,188,CVG188,Glass Protection,3705792.57,30197.84,2022-07-08,2023-07-08,SUSPENDED
189,189,CVG189,Natural Disaster,6675953.08,132577.76,2022-07-09,2023-07-09,ACTIVE
190,190,CVG190,Business Interruption,3207764.89,138449.34,2022-07-10,2023-07-10,EXPIRED
191,191,CVG191,Comprehensive,7225567.2,133777.78,2022-07-11,2023-07-11,CANCELLED
192,192,CVG192,Collision,3161918.16,73918.31,2022-07-12,2023-07-12,SUSPENDED
193,193,CVG193,Third Party Liability,4083763.83,74751.19,2022-07-13,2023-07-13,ACTIVE
194,194,CVG194,Fire,1360149.21,32534.88,2022-07-14,2023-07-14,EXPIRED
195,195,CVG195,Flood,9409600.34,333846.1,2022-07-15,2023-07-15,CANCELLED
196,196,CVG196,Theft,9037774.9,295518.71,2022-07-16,2023-07-16,SUSPENDED
197,197,CVG197,Personal Accident,3079403.76,91326.41,2022-07-17,2023-07-17,ACTIVE
198,198,CVG198,Glass Protection,104018.8,1863.09,2022-07-18,2023-07-18,EXPIRED
199,199,CVG199,Natural Disaster,4355892.68,135465.28,2022-07-19,2023-07-19,CANCELLED
200,200,CVG200,Business Interruption,6581585.67,170624.11,2022-07-20,2023-07-20,SUSPENDED
201,201,CVG201,Comprehensive,4477382.01,65443.94,2022-07-21,2023-07-21,ACTIVE
202,202,CVG202,Collision,4784543.24,217950.95,2022-07-22,2023-07-22,EXPIRED
203,203,CVG203,Third Party Liability,7980645.13,100844.33,2022-07-23,2023-07-23,CANCELLED
204,204,CVG204,Fire,939475.81,26488.84,2022-07-24,2023-07-24,SUSPENDED
205,205,CVG205,Flood,6366114.47,127853.68,2022-07-25,2023-07-25,ACTIVE
206,206,CVG206,Theft,8202392.3,318262.8,2022-07-26,2023-07-26,EXPIRED
207,207,CVG207,Personal Accident,6760677.14,102145.92,2022-07-27,2023-07-27,CANCELLED
208,208,CVG208,Glass Protection,2071386.33,12633.68,2022-07-28,2023-07-28,SUSPENDED
209,209,CVG209,Natural Disaster,2523941.19,66584.43,2022-07-29,2023-07-29,ACTIVE
210,210,CVG210,Business Interruption,8512403.18,70459.46,2022-07-30,2023-07-30,EXPIRED
211,211,CVG211,Comprehensive,4202966.01,140124.54,2022-07-31,2023-07-31,CANCELLED
212,212,CVG212,Collision,2024908.84,73576.97,2022-08-01,2023-08-01,SUSPENDED
213,213,CVG213,Third Party Liability,4994333.97,79805.96,2022-08-02,2023-08-02,ACTIVE
214,214,CVG214,Fire,6594974.31,34620.43,2022-08-03,2023-08-03,EXPIRED
215,215,CVG215,Flood,7534548.32,298760.5,2022-08-04,2023-08-04,CANCELLED
216,216,CVG216,Theft,1155214.24,27877.14,2022-08-05,2023-08-05,SUSPENDED
217,217,CVG217,Personal Accident,1841278.15,88581.08,2022-08-06,2023-08-06,ACTIVE
218,218,CVG218,Glass Protection,5227781.73,37952.79,2022-08-07,2023-08-07,EXPIRED
219,219,CVG219,Natural Disaster,2567062.97,110833.29,2022-08-08,2023-08-08,CANCELLED
220,220,CVG220,Business Interruption,4618972.07,189672.3,2022-08-09,2023-08-09,SUSPENDED
221,221,CVG221,Comprehensive,6709019.55,331795.64,2022-08-10,2023-08-10,ACTIVE
222,222,CVG222,Collision,5994977.95,286270.88,2022-08-11,2023-08-11,EXPIRED
223,223,CVG223,Third Party Liability,8925116.67,290685.29,2022-08-12,2023-08-12,CANCELLED
224,224,CVG224,Fire,7220812.22,200124.94,2022-08-13,2023-08-13,SUSPENDED
225,225,CVG225,Flood,8322634.78,246801.39,2022-08-14,2023-08-14,ACTIVE
226,226,CVG226,Theft,8982360.22,345501.95,2022-08-15,2023-08-15,EXPIRED
227,227,CVG227,Personal Accident,4799276.92,79973.33,2022-08-16,2023-08-16,CANCELLED
228,228,CVG228,Glass Protection,2547673.4,85843.26,2022-08-17,2023-08-17,SUSPENDED
229,229,CVG229,Natural Disaster,7681555.47,218605.48,2022-08-18,2023-08-18,ACTIVE
230,230,CVG230,Business Interruption,6304809.53,109431.85,2022-08-19,2023-08-19,EXPIRED
231,231,CVG231,Comprehensive,867085.2,15484.21,2022-08-20,2023-08-20,CANCELLED
232,232,CVG232,Collision,2789979.56,54089.14,2022-08-21,2023-08-21,SUSPENDED
233,233,CVG233,Third Party Liability,5447507.0,61158.25,2022-08-22,2023-08-22,ACTIVE
234,234,CVG234,Fire,2389488.65,86565.78,2022-08-23,2023-08-23,EXPIRED
235,235,CVG235,Flood,7093549.5,55970.22,2022-08-24,2023-08-24,CANCELLED
236,236,CVG236,Theft,4135233.76,121648.24,2022-08-25,2023-08-25,SUSPENDED
237,237,CVG237,Personal Accident,4216164.92,60322.98,2022-08-26,2023-08-26,ACTIVE
238,238,CVG238,Glass Protection,4259420.83,194731.06,2022-08-27,2023-08-27,EXPIRED
239,239,CVG239,Natural Disaster,5882386.2,213522.0,2022-08-28,2023-08-28,CANCELLED
240,240,CVG240,Business Interruption,8581647.12,338561.05,2022-08-29,2023-08-29,SUSPENDED
241,241,CVG241,Comprehensive,3865772.19,20354.54,2022-08-30,2023-08-30,ACTIVE
242,242,CVG242,Collision,3582412.15,139378.69,2022-08-31,2023-08-31,EXPIRED
243,243,CVG243,Third Party Liability,8549134.71,409540.87,2022-09-01,2023-09-01,CANCELLED
244,244,CVG244,Fire,4248310.7,164147.1,2022-09-02,2023-09-02,SUSPENDED
245,245,CVG245,Flood,5506709.87,177020.71,2022-09-03,2023-09-03,ACTIVE
246,246,CVG246,Theft,2283333.07,33962.24,2022-09-04,2023-09-04,EXPIRED
247,247,CVG247,Personal Accident,4414776.16,27840.09,2022-09-05,2023-09-05,CANCELLED
248,248,CVG248,Glass Protection,3427682.48,121893.14,2022-09-06,2023-09-06,SUSPENDED
249,249,CVG249,Natural Disaster,4102735.02,50984.74,2022-09-07,2023-09-07,ACTIVE
250,250,CVG250,Business Interruption,4727162.48,50785.09,2022-09-08,2023-09-08,EXPIRED
251,251,CVG251,Comprehensive,6260343.91,38898.59,2022-09-09,2023-09-09,CANCELLED
252,252,CVG252,Collision,4000800.54,121614.89,2022-09-10,2023-09-10,SUSPENDED
253,253,CVG253,Third Party Liability,368310.26,12494.46,2022-09-11,2023-09-11,ACTIVE
254,254,CVG254,Fire,1443424.92,37206.34,2022-09-12,2023-09-12,EXPIRED
255,255,CVG255,Flood,597817.87,13187.67,2022-09-13,2023-09-13,CANCELLED
256,256,CVG256,Theft,2195436.81,43267.8,2022-09-14,2023-09-14,SUSPENDED
257,257,CVG257,Personal Accident,7636174.11,168459.19,2022-09-15,2023-09-15,ACTIVE
258,258,CVG258,Glass Protection,7544897.25,320179.73,2022-09-16,2023-09-16,EXPIRED
259,259,CVG259,Natural Disaster,2597488.16,22561.21,2022-09-17,2023-09-17,CANCELLED
260,260,CVG260,Business Interruption,291894.54,8544.88,2022-09-18,2023-09-18,SUSPENDED
261,261,CVG261,Comprehensive,9999087.5,207463.22,2022-09-19,2023-09-19,ACTIVE
262,262,CVG262,Collision,6536426.52,262473.39,2022-09-20,2023-09-20,EXPIRED
263,263,CVG263,Third Party Liability,6552371.09,255152.57,2022-09-21,2023-09-21,CANCELLED
264,264,CVG264,Fire,9501156.15,132742.84,2022-09-22,2023-09-22,SUSPENDED
265,265,CVG265,Flood,301762.17,3578.06,2022-09-23,2023-09-23,ACTIVE
266,266,CVG266,Theft,1349587.65,47405.14,2022-09-24,2023-09-24,EXPIRED
267,267,CVG267,Personal Accident,5683298.86,84160.59,2022-09-25,2023-09-25,CANCELLED
268,268,CVG268,Glass Protection,7024703.22,277548.94,2022-09-26,2023-09-26,SUSPENDED
269,269,CVG269,Natural Disaster,1761112.52,56929.96,2022-09-27,2023-09-27,ACTIVE
270,270,CVG270,Business Interruption,7504463.95,76200.17,2022-09-28,2023-09-28,EXPIRED
271,271,CVG271,Comprehensive,8211081.63,397518.45,2022-09-29,2023-09-29,CANCELLED
272,272,CVG272,Collision,1170177.62,7203.06,2022-09-30,2023-09-30,SUSPENDED
273,273,CVG273,Third Party Liability,3188376.72,113125.61,2022-10-01,2023-10-01,ACTIVE
274,274,CVG274,Fire,9585911.1,219032.8,2022-10-02,2023-10-02,EXPIRED
275,275,CVG275,Flood,7178645.58,60443.06,2022-10-03,2023-10-03,CANCELLED
276,276,CVG276,Theft,6937082.72,230490.87,2022-10-04,2023-10-04,SUSPENDED
277,277,CVG277,Personal Accident,1108822.92,44088.62,2022-10-05,2023-10-05,ACTIVE
278,278,CVG278,Glass Protection,8517903.07,272730.67,2022-10-06,2023-10-06,EXPIRED
279,279,CVG279,Natural Disaster,1298445.14,63978.28,2022-10-07,2023-10-07,CANCELLED
280,280,CVG280,Business Interruption,7848089.93,161860.34,2022-10-08,2023-10-08,SUSPENDED
281,281,CVG281,Comprehensive,4340942.33,94092.92,2022-10-09,2023-10-09,ACTIVE
282,282,CVG282,Collision,5109011.82,103995.99,2022-10-10,2023-10-10,EXPIRED
283,283,CVG283,Third Party Liability,8510798.71,357495.17,2022-10-11,2023-10-11,CANCELLED
284,284,CVG284,Fire,1144834.82,55221.61,2022-10-12,2023-10-12,SUSPENDED
285,285,CVG285,Flood,6392292.55,270341.74,2022-10-13,2023-10-13,ACTIVE
286,286,CVG286,Theft,7102355.57,174696.08,2022-10-14,2023-10-14,EXPIRED
287,287,CVG287,Personal Accident,7364573.51,356786.47,2022-10-15,2023-10-15,CANCELLED
288,288,CVG288,Glass Protection,2773815.72,114749.89,2022-10-16,2023-10-16,SUSPENDED
289,289,CVG289,Natural Disaster,5427911.77,145236.74,2022-10-17,2023-10-17,ACTIVE
290,290,CVG290,Business Interruption,4412187.48,167205.05,2022-10-18,2023-10-18,EXPIRED
291,291,CVG291,Comprehensive,2757115.83,119457.81,2022-10-19,2023-10-19,CANCELLED
292,292,CVG292,Collision,8324237.09,74084.3,2022-10-20,2023-10-20,SUSPENDED
293,293,CVG293,Third Party Liability,8828148.72,141019.57,2022-10-21,2023-10-21,ACTIVE
294,294,CVG294,Fire,4700613.82,152605.08,2022-10-22,2023-10-22,EXPIRED
295,295,CVG295,Flood,3851994.11,24234.82,2022-10-23,2023-10-23,CANCELLED
296,296,CVG296,Theft,8524433.08,112375.84,2022-10-24,2023-10-24,SUSPENDED
297,297,CVG297,Personal Accident,2199986.52,89984.85,2022-10-25,2023-10-25,ACTIVE
298,298,CVG298,Glass Protection,3469354.55,154783.17,2022-10-26,2023-10-26,EXPIRED
299,299,CVG299,Natural Disaster,7041719.13,122751.85,2022-10-27,2023-10-27,CANCELLED
300,300,CVG300,Business Interruption,200496.03,9556.21,2022-10-28,2023-10-28,SUSPENDED
301,301,CVG301,Comprehensive,947568.32,35442.24,2022-10-29,2023-10-29,ACTIVE
302,302,CVG302,Collision,4936920.68,193119.55,2022-10-30,2023-10-30,EXPIRED
303,303,CVG303,Third Party Liability,6937032.46,236314.38,2022-10-31,2023-10-31,CANCELLED
304,304,CVG304,Fire,4959131.22,201747.27,2022-11-01,2023-11-01,SUSPENDED
305,305,CVG305,Flood,1021228.17,15289.66,2022-11-02,2023-11-02,ACTIVE
306,306,CVG306,Theft,6948692.84,130491.39,2022-11-03,2023-11-03,EXPIRED
307,307,CVG307,Personal Accident,5857400.29,154030.43,2022-11-04,2023-11-04,CANCELLED
308,308,CVG308,Glass Protection,5356127.12,129338.0,2022-11-05,2023-11-05,SUSPENDED
309,309,CVG309,Natural Disaster,7484760.82,148839.02,2022-11-06,2023-11-06,ACTIVE
310,310,CVG310,Business Interruption,7058263.93,121340.3,2022-11-07,2023-11-07,EXPIRED
311,311,CVG311,Comprehensive,2588896.39,27000.93,2022-11-08,2023-11-08,CANCELLED
312,312,CVG312,Collision,2006584.51,20828.27,2022-11-09,2023-11-09,SUSPENDED
313,313,CVG313,Third Party Liability,5405053.26,212410.66,2022-11-10,2023-11-10,ACTIVE
314,314,CVG314,Fire,1932983.44,28486.97,2022-11-11,2023-11-11,EXPIRED
315,315,CVG315,Flood,4893566.01,184029.03,2022-11-12,2023-11-12,CANCELLED
316,316,CVG316,Theft,9768409.53,279461.1,2022-11-13,2023-11-13,SUSPENDED
317,317,CVG317,Personal Accident,2901687.16,27634.73,2022-11-14,2023-11-14,ACTIVE
318,318,CVG318,Glass Protection,2021764.02,30805.1,2022-11-15,2023-11-15,EXPIRED
319,319,CVG319,Natural Disaster,1876471.28,10577.06,2022-11-16,2023-11-16,CANCELLED
320,320,CVG320,Business Interruption,5387937.38,93448.44,2022-11-17,2023-11-17,SUSPENDED
321,321,CVG321,Comprehensive,9745519.82,291402.28,2022-11-18,2023-11-18,ACTIVE
322,322,CVG322,Collision,7004432.19,74825.39,2022-11-19,2023-11-19,EXPIRED
323,323,CVG323,Third Party Liability,8697765.85,235618.49,2022-11-20,2023-11-20,CANCELLED
324,324,CVG324,Fire,8739925.38,269477.16,2022-11-21,2023-11-21,SUSPENDED
325,325,CVG325,Flood,4747029.75,117826.48,2022-11-22,2023-11-22,ACTIVE
326,326,CVG326,Theft,1925200.34,14076.97,2022-11-23,2023-11-23,EXPIRED
327,327,CVG327,Personal Accident,9416529.61,249517.44,2022-11-24,2023-11-24,CANCELLED
328,328,CVG328,Glass Protection,8238944.89,189758.02,2022-11-25,2023-11-25,SUSPENDED
329,329,CVG329,Natural Disaster,833413.49,27773.55,2022-11-26,2023-11-26,ACTIVE
330,330,CVG330,Business Interruption,630729.84,7388.3,2022-11-27,2023-11-27,EXPIRED
331,331,CVG331,Comprehensive,5672112.01,105913.07,2022-11-28,2023-11-28,CANCELLED
332,332,CVG332,Collision,9939789.41,102681.21,2022-11-29,2023-11-29,SUSPENDED
333,333,CVG333,Third Party Liability,7667990.11,247555.65,2022-11-30,2023-11-30,ACTIVE
334,334,CVG334,Fire,7928334.22,120161.21,2022-12-01,2023-12-01,EXPIRED
335,335,CVG335,Flood,5273468.1,133277.16,2022-12-02,2023-12-02,CANCELLED
336,336,CVG336,Theft,4482937.94,195938.01,2022-12-03,2023-12-03,SUSPENDED
337,337,CVG337,Personal Accident,9901309.48,185571.44,2022-12-04,2023-12-04,ACTIVE
338,338,CVG338,Glass Protection,6248170.48,202649.36,2022-12-05,2023-12-05,EXPIRED
339,339,CVG339,Natural Disaster,7426884.12,353828.34,2022-12-06,2023-12-06,CANCELLED
340,340,CVG340,Business Interruption,2157100.27,31269.61,2022-12-07,2023-12-07,SUSPENDED
341,341,CVG341,Comprehensive,6638238.56,80107.4,2022-12-08,2023-12-08,ACTIVE
342,342,CVG342,Collision,1820754.13,15254.13,2022-12-09,2023-12-09,EXPIRED
343,343,CVG343,Third Party Liability,126489.65,3196.73,2022-12-10,2023-12-10,CANCELLED
344,344,CVG344,Fire,5978730.83,108254.89,2022-12-11,2023-12-11,SUSPENDED
345,345,CVG345,Flood,2391614.72,88042.54,2022-12-12,2023-12-12,ACTIVE
346,346,CVG346,Theft,7059576.83,179534.99,2022-12-13,2023-12-13,EXPIRED
347,347,CVG347,Personal Accident,6905110.71,321612.42,2022-12-14,2023-12-14,CANCELLED
348,348,CVG348,Glass Protection,7899497.46,261691.47,2022-12-15,2023-12-15,SUSPENDED
349,349,CVG349,Natural Disaster,6645712.12,312448.69,2022-12-16,2023-12-16,ACTIVE
350,350,CVG350,Business Interruption,4308875.76,127134.7,2022-12-17,2023-12-17,EXPIRED
351,351,CVG351,Comprehensive,6511583.76,298741.79,2022-12-18,2023-12-18,CANCELLED
352,352,CVG352,Collision,8283648.48,68037.27,2022-12-19,2023-12-19,SUSPENDED
353,353,CVG353,Third Party Liability,1742635.61,32835.67,2022-12-20,2023-12-20,ACTIVE
354,354,CVG354,Fire,7514681.45,230056.84,2022-12-21,2023-12-21,EXPIRED
355,355,CVG355,Flood,2957244.82,31334.71,2022-12-22,2023-12-22,CANCELLED
356,356,CVG356,Theft,6917912.11,252420.89,2022-12-23,2023-12-23,SUSPENDED
357,357,CVG357,Personal Accident,9432494.78,259594.03,2022-12-24,2023-12-24,ACTIVE
358,358,CVG358,Glass Protection,4988572.67,43000.91,2022-12-25,2023-12-25,EXPIRED
359,359,CVG359,Natural Disaster,494621.76,12089.19,2022-12-26,2023-12-26,CANCELLED
360,360,CVG360,Business Interruption,3290983.68,53532.97,2022-12-27,2023-12-27,SUSPENDED
361,361,CVG361,Comprehensive,1004136.18,48485.72,2022-12-28,2023-12-28,ACTIVE
362,362,CVG362,Collision,8375990.28,258683.75,2022-12-29,2023-12-29,EXPIRED
363,363,CVG363,Third Party Liability,9512784.15,475456.17,2022-12-30,2023-12-30,CANCELLED
364,364,CVG364,Fire,6755587.68,115709.68,2022-12-31,2023-12-31,SUSPENDED
365,365,CVG365,Flood,498293.56,19449.44,2023-01-01,2024-01-01,ACTIVE
366,366,CVG366,Theft,4757958.15,163283.26,2023-01-02,2024-01-02,EXPIRED
367,367,CVG367,Personal Accident,9169120.6,120729.92,2023-01-03,2024-01-03,CANCELLED
368,368,CVG368,Glass Protection,5894763.29,197859.57,2023-01-04,2024-01-04,SUSPENDED
369,369,CVG369,Natural Disaster,4968085.44,45238.93,2023-01-05,2024-01-05,ACTIVE
370,370,CVG370,Business Interruption,3544814.46,70892.31,2023-01-06,2024-01-06,EXPIRED
371,371,CVG371,Comprehensive,6734321.74,293602.89,2023-01-07,2024-01-07,CANCELLED
372,372,CVG372,Collision,3365056.27,121866.57,2023-01-08,2024-01-08,SUSPENDED
373,373,CVG373,Third Party Liability,2953356.17,140383.97,2023-01-09,2024-01-09,ACTIVE
374,374,CVG374,Fire,8154303.74,242625.99,2023-01-10,2024-01-10,EXPIRED
375,375,CVG375,Flood,4602776.5,88158.23,2023-01-11,2024-01-11,CANCELLED
376,376,CVG376,Theft,3300410.48,160592.41,2023-01-12,2024-01-12,SUSPENDED
377,377,CVG377,Personal Accident,4101333.06,115480.54,2023-01-13,2024-01-13,ACTIVE
378,378,CVG378,Glass Protection,9882380.23,341878.15,2023-01-14,2024-01-14,EXPIRED
379,379,CVG379,Natural Disaster,5471676.58,129110.45,2023-01-15,2024-01-15,CANCELLED
380,380,CVG380,Business Interruption,1957067.16,41646.53,2023-01-16,2024-01-16,SUSPENDED
381,381,CVG381,Comprehensive,7588787.23,251518.16,2023-01-17,2024-01-17,ACTIVE
382,382,CVG382,Collision,7623906.31,107955.43,2023-01-18,2024-01-18,EXPIRED
383,383,CVG383,Third Party Liability,5537274.43,258841.41,2023-01-19,2024-01-19,CANCELLED
384,384,CVG384,Fire,4437349.34,161613.82,2023-01-20,2024-01-20,SUSPENDED
385,385,CVG385,Flood,1302118.23,63532.44,2023-01-21,2024-01-21,ACTIVE
386,386,CVG386,Theft,6127829.5,96625.98,2023-01-22,2024-01-22,EXPIRED
387,387,CVG387,Personal Accident,1667943.82,49684.3,2023-01-23,2024-01-23,CANCELLED
388,388,CVG388,Glass Protection,5567288.95,51187.96,2023-01-24,2024-01-24,SUSPENDED
389,389,CVG389,Natural Disaster,9923345.68,457286.07,2023-01-25,2024-01-25,ACTIVE
390,390,CVG390,Business Interruption,4668334.15,48018.38,2023-01-26,2024-01-26,EXPIRED
391,391,CVG391,Comprehensive,8338217.42,228691.44,2023-01-27,2024-01-27,CANCELLED
392,392,CVG392,Collision,7194372.93,200717.54,2023-01-28,2024-01-28,SUSPENDED
393,393,CVG393,Third Party Liability,2806906.48,119469.17,2023-01-29,2024-01-29,ACTIVE
394,394,CVG394,Fire,9804421.86,156555.94,2023-01-30,2024-01-30,EXPIRED
395,395,CVG395,Flood,5557524.26,123718.11,2023-01-31,2024-01-31,CANCELLED
396,396,CVG396,Theft,9226494.68,257150.16,2023-02-01,2024-02-01,SUSPENDED
397,397,CVG397,Personal Accident,8805329.93,386388.55,2023-02-02,2024-02-02,ACTIVE
398,398,CVG398,Glass Protection,2834849.29,114953.93,2023-02-03,2024-02-03,EXPIRED
399,399,CVG399,Natural Disaster,4207929.99,197945.98,2023-02-04,2024-02-04,CANCELLED
400,400,CVG400,Business Interruption,5126602.99,214931.43,2023-02-05,2024-02-05,SUSPENDED
401,401,CVG401,Comprehensive,2900105.93,53463.49,2023-02-06,2024-02-06,ACTIVE
402,402,CVG402,Collision,5910683.45,295242.21,2023-02-07,2024-02-07,EXPIRED
403,403,CVG403,Third Party Liability,4947439.43,57819.7,2023-02-08,2024-02-08,CANCELLED
404,404,CVG404,Fire,5431947.72,111521.02,2023-02-09,2024-02-09,SUSPENDED
405,405,CVG405,Flood,5563982.43,163883.5,2023-02-10,2024-02-10,ACTIVE
406,406,CVG406,Theft,4607911.71,89762.03,2023-02-11,2024-02-11,EXPIRED
407,407,CVG407,Personal Accident,1967658.5,71598.03,2023-02-12,2024-02-12,CANCELLED
408,408,CVG408,Glass Protection,5760796.66,89351.74,2023-02-13,2024-02-13,SUSPENDED
409,409,CVG409,Natural Disaster,7777890.3,54166.23,2023-02-14,2024-02-14,ACTIVE
410,410,CVG410,Business Interruption,7472581.0,274507.17,2023-02-15,2024-02-15,EXPIRED
411,411,CVG411,Comprehensive,8132948.14,181962.87,2023-02-16,2024-02-16,CANCELLED
412,412,CVG412,Collision,6670519.41,279719.16,2023-02-17,2024-02-17,SUSPENDED
413,413,CVG413,Third Party Liability,9810099.57,267715.55,2023-02-18,2024-02-18,ACTIVE
414,414,CVG414,Fire,466494.15,12876.69,2023-02-19,2024-02-19,EXPIRED
415,415,CVG415,Flood,5942786.25,262293.87,2023-02-20,2024-02-20,CANCELLED
416,416,CVG416,Theft,8754484.7,217231.85,2023-02-21,2024-02-21,SUSPENDED
417,417,CVG417,Personal Accident,5306915.76,135654.12,2023-02-22,2024-02-22,ACTIVE
418,418,CVG418,Glass Protection,7252193.89,170056.97,2023-02-23,2024-02-23,EXPIRED
419,419,CVG419,Natural Disaster,6582335.13,78634.25,2023-02-24,2024-02-24,CANCELLED
420,420,CVG420,Business Interruption,4747956.95,230817.95,2023-02-25,2024-02-25,SUSPENDED
421,421,CVG421,Comprehensive,3451756.22,124855.91,2023-02-26,2024-02-26,ACTIVE
422,422,CVG422,Collision,6533382.86,283087.81,2023-02-27,2024-02-27,EXPIRED
423,423,CVG423,Third Party Liability,8538179.23,372865.69,2023-02-28,2024-02-28,CANCELLED
424,424,CVG424,Fire,3862093.04,74344.33,2023-03-01,2024-02-29,SUSPENDED
425,425,CVG425,Flood,7215302.51,282645.63,2023-03-02,2024-03-01,ACTIVE
426,426,CVG426,Theft,8736591.87,57796.57,2023-03-03,2024-03-02,EXPIRED
427,427,CVG427,Personal Accident,777365.4,25965.75,2023-03-04,2024-03-03,CANCELLED
428,428,CVG428,Glass Protection,9217198.08,459792.24,2023-03-05,2024-03-04,SUSPENDED
429,429,CVG429,Natural Disaster,7492987.03,183793.35,2023-03-06,2024-03-05,ACTIVE
430,430,CVG430,Business Interruption,1074586.95,36018.71,2023-03-07,2024-03-06,EXPIRED
431,431,CVG431,Comprehensive,8738534.4,218162.18,2023-03-08,2024-03-07,CANCELLED
432,432,CVG432,Collision,6970611.51,318236.87,2023-03-09,2024-03-08,SUSPENDED
433,433,CVG433,Third Party Liability,555310.59,22671.36,2023-03-10,2024-03-09,ACTIVE
434,434,CVG434,Fire,3004340.98,65698.48,2023-03-11,2024-03-10,EXPIRED
435,435,CVG435,Flood,1541140.98,44542.8,2023-03-12,2024-03-11,CANCELLED
436,436,CVG436,Theft,5702687.81,231890.54,2023-03-13,2024-03-12,SUSPENDED
437,437,CVG437,Personal Accident,1782838.13,15249.64,2023-03-14,2024-03-13,ACTIVE
438,438,CVG438,Glass Protection,8721312.03,286817.5,2023-03-15,2024-03-14,EXPIRED
439,439,CVG439,Natural Disaster,2484214.94,114465.93,2023-03-16,2024-03-15,CANCELLED
440,440,CVG440,Business Interruption,1516865.43,39061.93,2023-03-17,2024-03-16,SUSPENDED
441,441,CVG441,Comprehensive,2614375.66,43110.28,2023-03-18,2024-03-17,ACTIVE
442,442,CVG442,Collision,193034.57,7954.66,2023-03-19,2024-03-18,EXPIRED
443,443,CVG443,Third Party Liability,9021973.29,320212.3,2023-03-20,2024-03-19,CANCELLED
444,444,CVG444,Fire,1663958.66,41395.7,2023-03-21,2024-03-20,SUSPENDED
445,445,CVG445,Flood,3521099.68,110705.93,2023-03-22,2024-03-21,ACTIVE
446,446,CVG446,Theft,6425493.15,154815.2,2023-03-23,2024-03-22,EXPIRED
447,447,CVG447,Personal Accident,2575972.42,110866.44,2023-03-24,2024-03-23,CANCELLED
448,448,CVG448,Glass Protection,2072248.29,46234.34,2023-03-25,2024-03-24,SUSPENDED
449,449,CVG449,Natural Disaster,4883759.8,76549.3,2023-03-26,2024-03-25,ACTIVE
450,450,CVG450,Business Interruption,5762034.65,177854.05,2023-03-27,2024-03-26,EXPIRED
451,451,CVG451,Comprehensive,9927651.23,181530.91,2023-03-28,2024-03-27,CANCELLED
452,452,CVG452,Collision,9781650.4,338644.08,2023-03-29,2024-03-28,SUSPENDED
453,453,CVG453,Third Party Liability,2817355.76,85835.83,2023-03-30,2024-03-29,ACTIVE
454,454,CVG454,Fire,6889414.98,265312.05,2023-03-31,2024-03-30,EXPIRED
455,455,CVG455,Flood,585538.08,18906.02,2023-04-01,2024-03-31,CANCELLED
456,456,CVG456,Theft,5017600.14,229239.04,2023-04-02,2024-04-01,SUSPENDED
457,457,CVG457,Personal Accident,2933322.1,120115.74,2023-04-03,2024-04-02,ACTIVE
458,458,CVG458,Glass Protection,6109943.48,127419.47,2023-04-04,2024-04-03,EXPIRED
459,459,CVG459,Natural Disaster,6402516.99,210899.56,2023-04-05,2024-04-04,CANCELLED
460,460,CVG460,Business Interruption,6809868.14,254973.56,2023-04-06,2024-04-05,SUSPENDED
461,461,CVG461,Comprehensive,6625897.25,283092.59,2023-04-07,2024-04-06,ACTIVE
462,462,CVG462,Collision,6319656.23,288512.32,2023-04-08,2024-04-07,EXPIRED
463,463,CVG463,Third Party Liability,6498772.03,122839.66,2023-04-09,2024-04-08,CANCELLED
464,464,CVG464,Fire,4464149.58,138749.44,2023-04-10,2024-04-09,SUSPENDED
465,465,CVG465,Flood,7350361.7,66564.89,2023-04-11,2024-04-10,ACTIVE
466,466,CVG466,Theft,3021593.47,116744.22,2023-04-12,2024-04-11,EXPIRED
467,467,CVG467,Personal Accident,1838836.7,20130.1,2023-04-13,2024-04-12,CANCELLED
468,468,CVG468,Glass Protection,5440136.81,265027.31,2023-04-14,2024-04-13,SUSPENDED
469,469,CVG469,Natural Disaster,5355438.5,246922.74,2023-04-15,2024-04-14,ACTIVE
470,470,CVG470,Business Interruption,8321678.93,137837.41,2023-04-16,2024-04-15,EXPIRED
471,471,CVG471,Comprehensive,8264429.14,220521.02,2023-04-17,2024-04-16,CANCELLED
472,472,CVG472,Collision,8084236.09,312012.47,2023-04-18,2024-04-17,SUSPENDED
473,473,CVG473,Third Party Liability,3453281.01,35163.51,2023-04-19,2024-04-18,ACTIVE
474,474,CVG474,Fire,9632643.6,109177.02,2023-04-20,2024-04-19,EXPIRED
475,475,CVG475,Flood,9668352.07,422568.16,2023-04-21,2024-04-20,CANCELLED
476,476,CVG476,Theft,7269745.45,356925.61,2023-04-22,2024-04-21,SUSPENDED
477,477,CVG477,Personal Accident,9675970.5,398712.34,2023-04-23,2024-04-22,ACTIVE
478,478,CVG478,Glass Protection,3721172.99,151007.76,2023-04-24,2024-04-23,EXPIRED
479,479,CVG479,Natural Disaster,237794.69,6930.71,2023-04-25,2024-04-24,CANCELLED
480,480,CVG480,Business Interruption,4602381.67,162359.49,2023-04-26,2024-04-25,SUSPENDED
481,481,CVG481,Comprehensive,6756173.89,211503.4,2023-04-27,2024-04-26,ACTIVE
482,482,CVG482,Collision,8241931.28,389951.61,2023-04-28,2024-04-27,EXPIRED
483,483,CVG483,Third Party Liability,1172626.41,18201.49,2023-04-29,2024-04-28,CANCELLED
484,484,CVG484,Fire,347744.03,15575.65,2023-04-30,2024-04-29,SUSPENDED
485,485,CVG485,Flood,5657933.08,261320.22,2023-05-01,2024-04-30,ACTIVE
486,486,CVG486,Theft,2291535.28,17976.56,2023-05-02,2024-05-01,EXPIRED
487,487,CVG487,Personal Accident,8256167.98,379143.41,2023-05-03,2024-05-02,CANCELLED
488,488,CVG488,Glass Protection,3091682.73,72262.87,2023-05-04,2024-05-03,SUSPENDED
489,489,CVG489,Natural Disaster,1483792.42,70601.47,2023-05-05,2024-05-04,ACTIVE
490,490,CVG490,Business Interruption,3113209.39,84580.01,2023-05-06,2024-05-05,EXPIRED
491,491,CVG491,Comprehensive,1062200.79,47721.14,2023-05-07,2024-05-06,CANCELLED
492,492,CVG492,Collision,1443074.08,36674.24,2023-05-08,2024-05-07,SUSPENDED
493,493,CVG493,Third Party Liability,6737813.57,259010.35,2023-05-09,2024-05-08,ACTIVE
494,494,CVG494,Fire,9465143.45,225844.99,2023-05-10,2024-05-09,EXPIRED
495,495,CVG495,Flood,7448463.25,89035.43,2023-05-11,2024-05-10,CANCELLED
496,496,CVG496,Theft,4207356.82,39784.65,2023-05-12,2024-05-11,SUSPENDED
497,497,CVG497,Personal Accident,4944535.67,115530.14,2023-05-13,2024-05-12,ACTIVE
498,498,CVG498,Glass Protection,9520063.1,61616.07,2023-05-14,2024-05-13,EXPIRED
499,499,CVG499,Natural Disaster,3768246.59,94026.19,2023-05-15,2024-05-14,CANCELLED
500,500,CVG500,Business Interruption,9510496.18,413661.49,2023-05-16,2024-05-15,SUSPENDED
501,501,CVG501,Comprehensive,1083610.78,38853.53,2023-05-17,2024-05-16,ACTIVE
502,502,CVG502,Collision,5490212.03,269036.39,2023-05-18,2024-05-17,EXPIRED
503,503,CVG503,Third Party Liability,3650871.03,83664.4,2023-05-19,2024-05-18,CANCELLED
504,504,CVG504,Fire,1979104.77,20775.03,2023-05-20,2024-05-19,SUSPENDED
505,505,CVG505,Flood,8495528.57,216315.54,2023-05-21,2024-05-20,ACTIVE
506,506,CVG506,Theft,6661410.51,225666.61,2023-05-22,2024-05-21,EXPIRED
507,507,CVG507,Personal Accident,6011745.0,35836.53,2023-05-23,2024-05-22,CANCELLED
508,508,CVG508,Glass Protection,7889266.45,125917.43,2023-05-24,2024-05-23,SUSPENDED
509,509,CVG509,Natural Disaster,1346646.46,40946.14,2023-05-25,2024-05-24,ACTIVE
510,510,CVG510,Business Interruption,779240.51,30727.08,2023-05-26,2024-05-25,EXPIRED
511,511,CVG511,Comprehensive,2150857.97,31655.92,2023-05-27,2024-05-26,CANCELLED
512,512,CVG512,Collision,8709984.73,172328.61,2023-05-28,2024-05-27,SUSPENDED
513,513,CVG513,Third Party Liability,1560786.38,71053.08,2023-05-29,2024-05-28,ACTIVE
514,514,CVG514,Fire,128071.96,5587.56,2023-05-30,2024-05-29,EXPIRED
515,515,CVG515,Flood,1532411.01,16626.12,2023-05-31,2024-05-30,CANCELLED
516,516,CVG516,Theft,2581476.55,33178.09,2023-06-01,2024-05-31,SUSPENDED
517,517,CVG517,Personal Accident,6644470.66,40930.65,2023-06-02,2024-06-01,ACTIVE
518,518,CVG518,Glass Protection,247117.24,10020.43,2023-06-03,2024-06-02,EXPIRED
519,519,CVG519,Natural Disaster,2455522.9,48053.89,2023-06-04,2024-06-03,CANCELLED
520,520,CVG520,Business Interruption,1825037.39,13428.54,2023-06-05,2024-06-04,SUSPENDED
521,521,CVG521,Comprehensive,7443008.76,213419.71,2023-06-06,2024-06-05,ACTIVE
522,522,CVG522,Collision,7482086.22,197759.53,2023-06-07,2024-06-06,EXPIRED
523,523,CVG523,Third Party Liability,7802368.69,219213.07,2023-06-08,2024-06-07,CANCELLED
524,524,CVG524,Fire,1179634.7,32643.73,2023-06-09,2024-06-08,SUSPENDED
525,525,CVG525,Flood,9459614.87,65757.82,2023-06-10,2024-06-09,ACTIVE
526,526,CVG526,Theft,7853947.26,345684.74,2023-06-11,2024-06-10,EXPIRED
527,527,CVG527,Personal Accident,5262367.03,134779.29,2023-06-12,2024-06-11,CANCELLED
528,528,CVG528,Glass Protection,9643859.21,74615.92,2023-06-13,2024-06-12,SUSPENDED
529,529,CVG529,Natural Disaster,4841920.92,111716.56,2023-06-14,2024-06-13,ACTIVE
530,530,CVG530,Business Interruption,6892365.21,186521.87,2023-06-15,2024-06-14,EXPIRED
531,531,CVG531,Comprehensive,9106038.21,75644.61,2023-06-16,2024-06-15,CANCELLED
532,532,CVG532,Collision,899825.73,29130.4,2023-06-17,2024-06-16,SUSPENDED
533,533,CVG533,Third Party Liability,750254.11,13036.21,2023-06-18,2024-06-17,ACTIVE
534,534,CVG534,Fire,6367459.57,188960.98,2023-06-19,2024-06-18,EXPIRED
535,535,CVG535,Flood,3319335.89,165164.34,2023-06-20,2024-06-19,CANCELLED
536,536,CVG536,Theft,5352512.69,136045.85,2023-06-21,2024-06-20,SUSPENDED
537,537,CVG537,Personal Accident,6093725.24,57665.11,2023-06-22,2024-06-21,ACTIVE
538,538,CVG538,Glass Protection,7047616.24,305695.1,2023-06-23,2024-06-22,EXPIRED
539,539,CVG539,Natural Disaster,6544074.98,259167.11,2023-06-24,2024-06-23,CANCELLED
540,540,CVG540,Business Interruption,7236315.17,106200.44,2023-06-25,2024-06-24,SUSPENDED
541,541,CVG541,Comprehensive,4570393.67,69845.72,2023-06-26,2024-06-25,ACTIVE
542,542,CVG542,Collision,3455423.03,87793.49,2023-06-27,2024-06-26,EXPIRED
543,543,CVG543,Third Party Liability,4218297.54,39141.0,2023-06-28,2024-06-27,CANCELLED
544,544,CVG544,Fire,4324963.66,151070.35,2023-06-29,2024-06-28,SUSPENDED
545,545,CVG545,Flood,3805580.13,45167.49,2023-06-30,2024-06-29,ACTIVE
546,546,CVG546,Theft,9237551.85,74094.39,2023-07-01,2024-06-30,EXPIRED
547,547,CVG547,Personal Accident,8334541.7,76639.07,2023-07-02,2024-07-01,CANCELLED
548,548,CVG548,Glass Protection,1055987.88,40387.12,2023-07-03,2024-07-02,SUSPENDED
549,549,CVG549,Natural Disaster,8136515.92,244393.95,2023-07-04,2024-07-03,ACTIVE
550,550,CVG550,Business Interruption,5906004.32,178782.95,2023-07-05,2024-07-04,EXPIRED
551,551,CVG551,Comprehensive,3363495.22,35318.07,2023-07-06,2024-07-05,CANCELLED
552,552,CVG552,Collision,3600620.99,125806.86,2023-07-07,2024-07-06,SUSPENDED
553,553,CVG553,Third Party Liability,7527814.08,331706.7,2023-07-08,2024-07-07,ACTIVE
554,554,CVG554,Fire,7238500.72,351631.44,2023-07-09,2024-07-08,EXPIRED
555,555,CVG555,Flood,6044059.9,125861.98,2023-07-10,2024-07-09,CANCELLED
556,556,CVG556,Theft,5821393.33,84836.6,2023-07-11,2024-07-10,SUSPENDED
557,557,CVG557,Personal Accident,6601689.4,99626.22,2023-07-12,2024-07-11,ACTIVE
558,558,CVG558,Glass Protection,1171361.98,50417.53,2023-07-13,2024-07-12,EXPIRED
559,559,CVG559,Natural Disaster,3738854.4,147001.49,2023-07-14,2024-07-13,CANCELLED
560,560,CVG560,Business Interruption,5783590.04,239006.64,2023-07-15,2024-07-14,SUSPENDED
561,561,CVG561,Comprehensive,8467036.1,413653.64,2023-07-16,2024-07-15,ACTIVE
562,562,CVG562,Collision,8202425.91,267487.65,2023-07-17,2024-07-16,EXPIRED
563,563,CVG563,Third Party Liability,6462721.72,39948.81,2023-07-18,2024-07-17,CANCELLED
564,564,CVG564,Fire,9297934.48,393541.92,2023-07-19,2024-07-18,SUSPENDED
565,565,CVG565,Flood,2747732.48,36046.74,2023-07-20,2024-07-19,ACTIVE
566,566,CVG566,Theft,7056717.85,133402.39,2023-07-21,2024-07-20,EXPIRED
567,567,CVG567,Personal Accident,3464264.1,18273.16,2023-07-22,2024-07-21,CANCELLED
568,568,CVG568,Glass Protection,8711640.79,265569.57,2023-07-23,2024-07-22,SUSPENDED
569,569,CVG569,Natural Disaster,4067765.01,46308.9,2023-07-24,2024-07-23,ACTIVE
570,570,CVG570,Business Interruption,6368402.93,40627.67,2023-07-25,2024-07-24,EXPIRED
571,571,CVG571,Comprehensive,7486506.44,109909.25,2023-07-26,2024-07-25,CANCELLED
572,572,CVG572,Collision,4256341.69,86575.35,2023-07-27,2024-07-26,SUSPENDED
573,573,CVG573,Third Party Liability,3763525.62,141026.15,2023-07-28,2024-07-27,ACTIVE
574,574,CVG574,Fire,7790672.64,237940.46,2023-07-29,2024-07-28,EXPIRED
575,575,CVG575,Flood,941074.7,6933.27,2023-07-30,2024-07-29,CANCELLED
576,576,CVG576,Theft,1658357.98,54398.65,2023-07-31,2024-07-30,SUSPENDED
577,577,CVG577,Personal Accident,6772290.24,116785.63,2023-08-01,2024-07-31,ACTIVE
578,578,CVG578,Glass Protection,6653193.06,178670.01,2023-08-02,2024-08-01,EXPIRED
579,579,CVG579,Natural Disaster,4476237.45,77405.37,2023-08-03,2024-08-02,CANCELLED
580,580,CVG580,Business Interruption,7573937.12,76661.78,2023-08-04,2024-08-03,SUSPENDED
581,581,CVG581,Comprehensive,4356144.97,77304.55,2023-08-05,2024-08-04,ACTIVE
582,582,CVG582,Collision,6817013.92,183367.27,2023-08-06,2024-08-05,EXPIRED
583,583,CVG583,Third Party Liability,6704612.33,47225.82,2023-08-07,2024-08-06,CANCELLED
584,584,CVG584,Fire,4013107.62,128297.54,2023-08-08,2024-08-07,SUSPENDED
585,585,CVG585,Flood,176102.15,3269.14,2023-08-09,2024-08-08,ACTIVE
586,586,CVG586,Theft,2191216.39,24488.08,2023-08-10,2024-08-09,EXPIRED
587,587,CVG587,Personal Accident,2629643.09,51976.23,2023-08-11,2024-08-10,CANCELLED
588,588,CVG588,Glass Protection,176526.08,6816.67,2023-08-12,2024-08-11,SUSPENDED
589,589,CVG589,Natural Disaster,1839378.54,40667.44,2023-08-13,2024-08-12,ACTIVE
590,590,CVG590,Business Interruption,7066345.51,194407.92,2023-08-14,2024-08-13,EXPIRED
591,591,CVG591,Comprehensive,8350206.6,344688.25,2023-08-15,2024-08-14,CANCELLED
592,592,CVG592,Collision,813547.42,35616.61,2023-08-16,2024-08-15,SUSPENDED
593,593,CVG593,Third Party Liability,518792.39,3031.5,2023-08-17,2024-08-16,ACTIVE
594,594,CVG594,Fire,9219508.1,403767.9,2023-08-18,2024-08-17,EXPIRED
595,595,CVG595,Flood,5800015.69,178657.8,2023-08-19,2024-08-18,CANCELLED
596,596,CVG596,Theft,7124039.72,169525.27,2023-08-20,2024-08-19,SUSPENDED
597,597,CVG597,Personal Accident,1240216.39,7365.08,2023-08-21,2024-08-20,ACTIVE
598,598,CVG598,Glass Protection,3315204.98,136120.65,2023-08-22,2024-08-21,EXPIRED
599,599,CVG599,Natural Disaster,6219440.11,263960.29,2023-08-23,2024-08-22,CANCELLED
600,600,CVG600,Business Interruption,9205720.54,82537.06,2023-08-24,2024-08-23,SUSPENDED
601,601,CVG601,Comprehensive,8460395.16,134936.88,2023-08-25,2024-08-24,ACTIVE
602,602,CVG602,Collision,5929825.75,169464.42,2023-08-26,2024-08-25,EXPIRED
603,603,CVG603,Third Party Liability,4018090.3,76192.46,2023-08-27,2024-08-26,CANCELLED
604,604,CVG604,Fire,3461181.48,69182.4,2023-08-28,2024-08-27,SUSPENDED
605,605,CVG605,Flood,1764513.81,49356.54,2023-08-29,2024-08-28,ACTIVE
606,606,CVG606,Theft,1228863.73,34344.09,2023-08-30,2024-08-29,EXPIRED
607,607,CVG607,Personal Accident,9068635.04,187919.23,2023-08-31,2024-08-30,CANCELLED
608,608,CVG608,Glass Protection,7301053.15,305568.69,2023-09-01,2024-08-31,SUSPENDED
609,609,CVG609,Natural Disaster,8168866.36,127696.52,2023-09-02,2024-09-01,ACTIVE
610,610,CVG610,Business Interruption,1549797.76,21506.9,2023-09-03,2024-09-02,EXPIRED
611,611,CVG611,Comprehensive,6063749.95,237757.75,2023-09-04,2024-09-03,CANCELLED
612,612,CVG612,Collision,6589539.2,85476.71,2023-09-05,2024-09-04,SUSPENDED
613,613,CVG613,Third Party Liability,7751196.08,211105.89,2023-09-06,2024-09-05,ACTIVE
614,614,CVG614,Fire,7569013.67,296663.49,2023-09-07,2024-09-06,EXPIRED
615,615,CVG615,Flood,4544162.04,211698.61,2023-09-08,2024-09-07,CANCELLED
616,616,CVG616,Theft,5688468.66,191066.7,2023-09-09,2024-09-08,SUSPENDED
617,617,CVG617,Personal Accident,6282765.62,275757.55,2023-09-10,2024-09-09,ACTIVE
618,618,CVG618,Glass Protection,6309452.33,74407.9,2023-09-11,2024-09-10,EXPIRED
619,619,CVG619,Natural Disaster,776033.96,19322.75,2023-09-12,2024-09-11,CANCELLED
620,620,CVG620,Business Interruption,3097922.31,53780.91,2023-09-13,2024-09-12,SUSPENDED
621,621,CVG621,Comprehensive,656103.99,18259.48,2023-09-14,2024-09-13,ACTIVE
622,622,CVG622,Collision,3173037.72,80392.48,2023-09-15,2024-09-14,EXPIRED
623,623,CVG623,Third Party Liability,663211.5,28137.64,2023-09-16,2024-09-15,CANCELLED
624,624,CVG624,Fire,859636.91,37730.54,2023-09-17,2024-09-16,SUSPENDED
625,625,CVG625,Flood,8567404.38,279943.17,2023-09-18,2024-09-17,ACTIVE
626,626,CVG626,Theft,5119971.39,132208.03,2023-09-19,2024-09-18,EXPIRED
627,627,CVG627,Personal Accident,5587732.08,227039.62,2023-09-20,2024-09-19,CANCELLED
628,628,CVG628,Glass Protection,8969179.98,226364.31,2023-09-21,2024-09-20,SUSPENDED
629,629,CVG629,Natural Disaster,8117177.59,278684.51,2023-09-22,2024-09-21,ACTIVE
630,630,CVG630,Business Interruption,3283114.95,86685.09,2023-09-23,2024-09-22,EXPIRED
631,631,CVG631,Comprehensive,1593524.66,12404.5,2023-09-24,2024-09-23,CANCELLED
632,632,CVG632,Collision,1124668.58,51128.23,2023-09-25,2024-09-24,SUSPENDED
633,633,CVG633,Third Party Liability,3500033.98,130005.96,2023-09-26,2024-09-25,ACTIVE
634,634,CVG634,Fire,5095035.11,65038.89,2023-09-27,2024-09-26,EXPIRED
635,635,CVG635,Flood,2552662.86,63048.53,2023-09-28,2024-09-27,CANCELLED
636,636,CVG636,Theft,4450275.74,126938.16,2023-09-29,2024-09-28,SUSPENDED
637,637,CVG637,Personal Accident,1671587.46,36404.4,2023-09-30,2024-09-29,ACTIVE
638,638,CVG638,Glass Protection,2900646.43,67859.53,2023-10-01,2024-09-30,EXPIRED
639,639,CVG639,Natural Disaster,3449834.75,110066.51,2023-10-02,2024-10-01,CANCELLED
640,640,CVG640,Business Interruption,7913346.62,270072.56,2023-10-03,2024-10-02,SUSPENDED
641,641,CVG641,Comprehensive,752527.36,6962.96,2023-10-04,2024-10-03,ACTIVE
642,642,CVG642,Collision,6815955.51,121232.77,2023-10-05,2024-10-04,EXPIRED
643,643,CVG643,Third Party Liability,7264963.18,250970.94,2023-10-06,2024-10-05,CANCELLED
644,644,CVG644,Fire,9072792.7,401902.8,2023-10-07,2024-10-06,SUSPENDED
645,645,CVG645,Flood,3400284.16,106168.02,2023-10-08,2024-10-07,ACTIVE
646,646,CVG646,Theft,1500140.97,31115.83,2023-10-09,2024-10-08,EXPIRED
647,647,CVG647,Personal Accident,9680195.43,352664.99,2023-10-10,2024-10-09,CANCELLED
648,648,CVG648,Glass Protection,3980384.04,126484.09,2023-10-11,2024-10-10,SUSPENDED
649,649,CVG649,Natural Disaster,9386221.78,177692.3,2023-10-12,2024-10-11,ACTIVE
650,650,CVG650,Business Interruption,3829125.13,155557.4,2023-10-13,2024-10-12,EXPIRED
651,651,CVG651,Comprehensive,8150529.36,286533.8,2023-10-14,2024-10-13,CANCELLED
652,652,CVG652,Collision,8306693.83,317688.34,2023-10-15,2024-10-14,SUSPENDED
653,653,CVG653,Third Party Liability,6885602.96,197532.11,2023-10-16,2024-10-15,ACTIVE
654,654,CVG654,Fire,6495645.73,156241.63,2023-10-17,2024-10-16,EXPIRED
655,655,CVG655,Flood,3682098.15,78490.9,2023-10-18,2024-10-17,CANCELLED
656,656,CVG656,Theft,1884602.94,27588.08,2023-10-19,2024-10-18,SUSPENDED
657,657,CVG657,Personal Accident,9481915.85,254894.68,2023-10-20,2024-10-19,ACTIVE
658,658,CVG658,Glass Protection,2342776.16,26216.7,2023-10-21,2024-10-20,EXPIRED
659,659,CVG659,Natural Disaster,863934.33,37148.55,2023-10-22,2024-10-21,CANCELLED
660,660,CVG660,Business Interruption,1101293.56,43709.64,2023-10-23,2024-10-22,SUSPENDED
661,661,CVG661,Comprehensive,8367686.28,374585.31,2023-10-24,2024-10-23,ACTIVE
662,662,CVG662,Collision,473700.17,9547.14,2023-10-25,2024-10-24,EXPIRED
663,663,CVG663,Third Party Liability,7686445.28,83760.78,2023-10-26,2024-10-25,CANCELLED
664,664,CVG664,Fire,3829526.72,47107.49,2023-10-27,2024-10-26,SUSPENDED
665,665,CVG665,Flood,8330316.06,330708.56,2023-10-28,2024-10-27,ACTIVE
666,666,CVG666,Theft,8109532.82,100957.7,2023-10-29,2024-10-28,EXPIRED
667,667,CVG667,Personal Accident,4432966.71,104124.35,2023-10-30,2024-10-29,CANCELLED
668,668,CVG668,Glass Protection,6795992.93,106621.38,2023-10-31,2024-10-30,SUSPENDED
669,669,CVG669,Natural Disaster,4497567.23,80154.55,2023-11-01,2024-10-31,ACTIVE
670,670,CVG670,Business Interruption,7510511.53,189278.1,2023-11-02,2024-11-01,EXPIRED
671,671,CVG671,Comprehensive,5386710.38,101949.18,2023-11-03,2024-11-02,CANCELLED
672,672,CVG672,Collision,8105376.32,211596.54,2023-11-04,2024-11-03,SUSPENDED
673,673,CVG673,Third Party Liability,8367622.59,180346.06,2023-11-05,2024-11-04,ACTIVE
674,674,CVG674,Fire,9476588.69,467193.84,2023-11-06,2024-11-05,EXPIRED
675,675,CVG675,Flood,4670631.79,82575.5,2023-11-07,2024-11-06,CANCELLED
676,676,CVG676,Theft,3880537.1,111509.91,2023-11-08,2024-11-07,SUSPENDED
677,677,CVG677,Personal Accident,9666054.72,403655.47,2023-11-09,2024-11-08,ACTIVE
678,678,CVG678,Glass Protection,8032466.32,90188.0,2023-11-10,2024-11-09,EXPIRED
679,679,CVG679,Natural Disaster,2575031.79,87172.7,2023-11-11,2024-11-10,CANCELLED
680,680,CVG680,Business Interruption,8753757.76,262212.98,2023-11-12,2024-11-11,SUSPENDED
681,681,CVG681,Comprehensive,1115638.34,48045.14,2023-11-13,2024-11-12,ACTIVE
682,682,CVG682,Collision,8526543.88,152009.82,2023-11-14,2024-11-13,EXPIRED
683,683,CVG683,Third Party Liability,7654856.62,132242.31,2023-11-15,2024-11-14,CANCELLED
684,684,CVG684,Fire,9062531.47,105403.49,2023-11-16,2024-11-15,SUSPENDED
685,685,CVG685,Flood,4430978.35,210864.04,2023-11-17,2024-11-16,ACTIVE
686,686,CVG686,Theft,2298176.27,58145.61,2023-11-18,2024-11-17,EXPIRED
687,687,CVG687,Personal Accident,3560892.27,22078.1,2023-11-19,2024-11-18,CANCELLED
688,688,CVG688,Glass Protection,627243.18,17305.84,2023-11-20,2024-11-19,SUSPENDED
689,689,CVG689,Natural Disaster,2434202.93,121110.46,2023-11-21,2024-11-20,ACTIVE
690,690,CVG690,Business Interruption,3811635.47,23893.01,2023-11-22,2024-11-21,EXPIRED
691,691,CVG691,Comprehensive,9315176.46,398344.27,2023-11-23,2024-11-22,CANCELLED
692,692,CVG692,Collision,6534610.77,265384.45,2023-11-24,2024-11-23,SUSPENDED
693,693,CVG693,Third Party Liability,1462235.92,26188.02,2023-11-25,2024-11-24,ACTIVE
694,694,CVG694,Fire,8314639.67,302014.65,2023-11-26,2024-11-25,EXPIRED
695,695,CVG695,Flood,1474047.65,54169.97,2023-11-27,2024-11-26,CANCELLED
696,696,CVG696,Theft,4541154.59,23778.87,2023-11-28,2024-11-27,SUSPENDED
697,697,CVG697,Personal Accident,884335.14,14606.19,2023-11-29,2024-11-28,ACTIVE
698,698,CVG698,Glass Protection,8366134.68,248442.33,2023-11-30,2024-11-29,EXPIRED
699,699,CVG699,Natural Disaster,7299624.37,209862.14,2023-12-01,2024-11-30,CANCELLED
700,700,CVG700,Business Interruption,1200749.92,21570.96,2023-12-02,2024-12-01,SUSPENDED
701,701,CVG701,Comprehensive,3081396.83,22028.06,2023-12-03,2024-12-02,ACTIVE
702,702,CVG702,Collision,4256272.88,173338.67,2023-12-04,2024-12-03,EXPIRED
703,703,CVG703,Third Party Liability,4625424.8,46201.54,2023-12-05,2024-12-04,CANCELLED
704,704,CVG704,Fire,9060954.17,288620.9,2023-12-06,2024-12-05,SUSPENDED
705,705,CVG705,Flood,262709.99,7406.3,2023-12-07,2024-12-06,ACTIVE
706,706,CVG706,Theft,2495187.53,28597.24,2023-12-08,2024-12-07,EXPIRED
707,707,CVG707,Personal Accident,4349465.04,142081.5,2023-12-09,2024-12-08,CANCELLED
708,708,CVG708,Glass Protection,2481585.96,58926.6,2023-12-10,2024-12-09,SUSPENDED
709,709,CVG709,Natural Disaster,6677275.89,59111.44,2023-12-11,2024-12-10,ACTIVE
710,710,CVG710,Business Interruption,9749079.46,78436.9,2023-12-12,2024-12-11,EXPIRED
711,711,CVG711,Comprehensive,5307988.51,147719.97,2023-12-13,2024-12-12,CANCELLED
712,712,CVG712,Collision,9884481.71,295910.13,2023-12-14,2024-12-13,SUSPENDED
713,713,CVG713,Third Party Liability,3965491.95,103721.72,2023-12-15,2024-12-14,ACTIVE
714,714,CVG714,Fire,6393140.84,314202.25,2023-12-16,2024-12-15,EXPIRED
715,715,CVG715,Flood,2611137.58,14964.17,2023-12-17,2024-12-16,CANCELLED
716,716,CVG716,Theft,7906348.16,162207.53,2023-12-18,2024-12-17,SUSPENDED
717,717,CVG717,Personal Accident,7356116.11,244749.48,2023-12-19,2024-12-18,ACTIVE
718,718,CVG718,Glass Protection,7737863.6,294684.27,2023-12-20,2024-12-19,EXPIRED
719,719,CVG719,Natural Disaster,3391934.22,23726.94,2023-12-21,2024-12-20,CANCELLED
720,720,CVG720,Business Interruption,5505536.08,229073.79,2023-12-22,2024-12-21,SUSPENDED
721,721,CVG721,Comprehensive,1833382.36,73447.89,2023-12-23,2024-12-22,ACTIVE
722,722,CVG722,Collision,4699766.71,170566.36,2023-12-24,2024-12-23,EXPIRED
723,723,CVG723,Third Party Liability,6354184.89,263809.21,2023-12-25,2024-12-24,CANCELLED
724,724,CVG724,Fire,724695.32,28936.05,2023-12-26,2024-12-25,SUSPENDED
725,725,CVG725,Flood,4631027.82,84307.47,2023-12-27,2024-12-26,ACTIVE
726,726,CVG726,Theft,533682.13,7458.82,2023-12-28,2024-12-27,EXPIRED
727,727,CVG727,Personal Accident,514868.83,24199.71,2023-12-29,2024-12-28,CANCELLED
728,728,CVG728,Glass Protection,5202297.53,257568.46,2023-12-30,2024-12-29,SUSPENDED
729,729,CVG729,Natural Disaster,5476003.91,89801.64,2023-12-31,2024-12-30,ACTIVE
730,730,CVG730,Business Interruption,7557580.1,102780.48,2024-01-01,2024-12-31,EXPIRED
731,731,CVG731,Comprehensive,3634044.34,145862.8,2024-01-02,2025-01-01,CANCELLED
732,732,CVG732,Collision,8671402.94,172878.39,2024-01-03,2025-01-02,SUSPENDED
733,733,CVG733,Third Party Liability,1332302.58,28725.59,2024-01-04,2025-01-03,ACTIVE
734,734,CVG734,Fire,8905916.52,342422.22,2024-01-05,2025-01-04,EXPIRED
735,735,CVG735,Flood,8956911.2,200625.98,2024-01-06,2025-01-05,CANCELLED
736,736,CVG736,Theft,9739863.48,266182.14,2024-01-07,2025-01-06,SUSPENDED
737,737,CVG737,Personal Accident,5025481.59,234157.14,2024-01-08,2025-01-07,ACTIVE
738,738,CVG738,Glass Protection,5240830.95,215144.83,2024-01-09,2025-01-08,EXPIRED
739,739,CVG739,Natural Disaster,7298105.11,62411.32,2024-01-10,2025-01-09,CANCELLED
740,740,CVG740,Business Interruption,6064287.66,254732.57,2024-01-11,2025-01-10,SUSPENDED
741,741,CVG741,Comprehensive,5500196.53,107003.65,2024-01-12,2025-01-11,ACTIVE
742,742,CVG742,Collision,892682.22,31013.0,2024-01-13,2025-01-12,EXPIRED
743,743,CVG743,Third Party Liability,3134308.98,100667.65,2024-01-14,2025-01-13,CANCELLED
744,744,CVG744,Fire,4318549.12,155637.99,2024-01-15,2025-01-14,SUSPENDED
745,745,CVG745,Flood,3580315.14,24725.59,2024-01-16,2025-01-15,ACTIVE
746,746,CVG746,Theft,8713368.03,181805.9,2024-01-17,2025-01-16,EXPIRED
747,747,CVG747,Personal Accident,9981690.92,173232.16,2024-01-18,2025-01-17,CANCELLED
748,748,CVG748,Glass Protection,9802270.06,467134.01,2024-01-19,2025-01-18,SUSPENDED
749,749,CVG749,Natural Disaster,842907.53,28395.92,2024-01-20,2025-01-19,ACTIVE
750,750,CVG750,Business Interruption,3696780.19,151750.31,2024-01-21,2025-01-20,EXPIRED
751,751,CVG751,Comprehensive,6826165.02,326806.22,2024-01-22,2025-01-21,CANCELLED
752,752,CVG752,Collision,1513516.74,48948.31,2024-01-23,2025-01-22,SUSPENDED
753,753,CVG753,Third Party Liability,7834988.5,51444.17,2024-01-24,2025-01-23,ACTIVE
754,754,CVG754,Fire,765610.29,30649.82,2024-01-25,2025-01-24,EXPIRED
755,755,CVG755,Flood,3726651.88,82837.69,2024-01-26,2025-01-25,CANCELLED
756,756,CVG756,Theft,5715721.95,184213.53,2024-01-27,2025-01-26,SUSPENDED
757,757,CVG757,Personal Accident,6822714.36,325423.41,2024-01-28,2025-01-27,ACTIVE
758,758,CVG758,Glass Protection,3782932.45,148816.03,2024-01-29,2025-01-28,EXPIRED
759,759,CVG759,Natural Disaster,5781825.61,166665.14,2024-01-30,2025-01-29,CANCELLED
760,760,CVG760,Business Interruption,4040537.05,138308.53,2024-01-31,2025-01-30,SUSPENDED
761,761,CVG761,Comprehensive,2571155.37,25982.01,2024-02-01,2025-01-31,ACTIVE
762,762,CVG762,Collision,7383181.11,202719.84,2024-02-02,2025-02-01,EXPIRED
763,763,CVG763,Third Party Liability,3931175.06,119017.39,2024-02-03,2025-02-02,CANCELLED
764,764,CVG764,Fire,2691589.1,44984.64,2024-02-04,2025-02-03,SUSPENDED
765,765,CVG765,Flood,4518103.81,225166.16,2024-02-05,2025-02-04,ACTIVE
766,766,CVG766,Theft,2927211.09,135358.78,2024-02-06,2025-02-05,EXPIRED
767,767,CVG767,Personal Accident,4962881.93,52202.99,2024-02-07,2025-02-06,CANCELLED
768,768,CVG768,Glass Protection,8542980.27,216495.53,2024-02-08,2025-02-07,SUSPENDED
769,769,CVG769,Natural Disaster,8996922.4,225193.0,2024-02-09,2025-02-08,ACTIVE
770,770,CVG770,Business Interruption,969128.34,34585.11,2024-02-10,2025-02-09,EXPIRED
771,771,CVG771,Comprehensive,8470660.07,164173.67,2024-02-11,2025-02-10,CANCELLED
772,772,CVG772,Collision,3539510.42,28040.92,2024-02-12,2025-02-11,SUSPENDED
773,773,CVG773,Third Party Liability,5467496.48,246638.36,2024-02-13,2025-02-12,ACTIVE
774,774,CVG774,Fire,8528484.3,315821.8,2024-02-14,2025-02-13,EXPIRED
775,775,CVG775,Flood,9280512.12,312720.79,2024-02-15,2025-02-14,CANCELLED
776,776,CVG776,Theft,7957594.2,221969.2,2024-02-16,2025-02-15,SUSPENDED
777,777,CVG777,Personal Accident,1301488.31,18278.25,2024-02-17,2025-02-16,ACTIVE
778,778,CVG778,Glass Protection,1474881.03,59831.19,2024-02-18,2025-02-17,EXPIRED
779,779,CVG779,Natural Disaster,360211.87,10781.49,2024-02-19,2025-02-18,CANCELLED
780,780,CVG780,Business Interruption,3752220.54,154459.32,2024-02-20,2025-02-19,SUSPENDED
781,781,CVG781,Comprehensive,5561304.65,180951.93,2024-02-21,2025-02-20,ACTIVE
782,782,CVG782,Collision,953533.27,18039.02,2024-02-22,2025-02-21,EXPIRED
783,783,CVG783,Third Party Liability,9995990.93,373341.61,2024-02-23,2025-02-22,CANCELLED
784,784,CVG784,Fire,5304386.98,210119.52,2024-02-24,2025-02-23,SUSPENDED
785,785,CVG785,Flood,8251060.06,68638.77,2024-02-25,2025-02-24,ACTIVE
786,786,CVG786,Theft,9726559.34,329781.29,2024-02-26,2025-02-25,EXPIRED
787,787,CVG787,Personal Accident,4554747.51,162171.35,2024-02-27,2025-02-26,CANCELLED
788,788,CVG788,Glass Protection,3510696.33,156254.8,2024-02-28,2025-02-27,SUSPENDED
789,789,CVG789,Natural Disaster,7824603.0,264399.02,2024-02-29,2025-02-28,ACTIVE
790,790,CVG790,Business Interruption,1901435.05,92185.2,2024-03-01,2025-03-01,EXPIRED
791,791,CVG791,Comprehensive,4382921.04,201535.7,2024-03-02,2025-03-02,CANCELLED
792,792,CVG792,Collision,648587.22,6866.76,2024-03-03,2025-03-03,SUSPENDED
793,793,CVG793,Third Party Liability,1614853.12,20039.63,2024-03-04,2025-03-04,ACTIVE
794,794,CVG794,Fire,3294341.44,121626.91,2024-03-05,2025-03-05,EXPIRED
795,795,CVG795,Flood,3525628.52,166905.66,2024-03-06,2025-03-06,CANCELLED
796,796,CVG796,Theft,8959766.58,385870.42,2024-03-07,2025-03-07,SUSPENDED
797,797,CVG797,Personal Accident,2580992.56,86663.46,2024-03-08,2025-03-08,ACTIVE
798,798,CVG798,Glass Protection,5553330.01,59046.69,2024-03-09,2025-03-09,EXPIRED
799,799,CVG799,Natural Disaster,3097963.6,89861.12,2024-03-10,2025-03-10,CANCELLED
800,800,CVG800,Business Interruption,5075474.13,63893.19,2024-03-11,2025-03-11,SUSPENDED
801,801,CVG801,Comprehensive,9421909.18,112485.74,2024-03-12,2025-03-12,ACTIVE
802,802,CVG802,Collision,6621455.45,247830.98,2024-03-13,2025-03-13,EXPIRED
803,803,CVG803,Third Party Liability,6090875.19,261382.91,2024-03-14,2025-03-14,CANCELLED
804,804,CVG804,Fire,5679818.54,239322.74,2024-03-15,2025-03-15,SUSPENDED
805,805,CVG805,Flood,380897.53,2683.72,2024-03-16,2025-03-16,ACTIVE
806,806,CVG806,Theft,6450391.96,199669.98,2024-03-17,2025-03-17,EXPIRED
807,807,CVG807,Personal Accident,6546186.78,258660.49,2024-03-18,2025-03-18,CANCELLED
808,808,CVG808,Glass Protection,4224209.16,142586.51,2024-03-19,2025-03-19,SUSPENDED
809,809,CVG809,Natural Disaster,5030576.8,167127.74,2024-03-20,2025-03-20,ACTIVE
810,810,CVG810,Business Interruption,2967749.4,142598.16,2024-03-21,2025-03-21,EXPIRED
811,811,CVG811,Comprehensive,4881153.7,201157.06,2024-03-22,2025-03-22,CANCELLED
812,812,CVG812,Collision,6881409.33,126511.44,2024-03-23,2025-03-23,SUSPENDED
813,813,CVG813,Third Party Liability,822432.95,6329.52,2024-03-24,2025-03-24,ACTIVE
814,814,CVG814,Fire,4452094.45,119277.4,2024-03-25,2025-03-25,EXPIRED
815,815,CVG815,Flood,2119827.83,68469.83,2024-03-26,2025-03-26,CANCELLED
816,816,CVG816,Theft,3194566.74,119241.45,2024-03-27,2025-03-27,SUSPENDED
817,817,CVG817,Personal Accident,7368577.57,322264.6,2024-03-28,2025-03-28,ACTIVE
818,818,CVG818,Glass Protection,9756203.87,106191.17,2024-03-29,2025-03-29,EXPIRED
819,819,CVG819,Natural Disaster,3768347.96,114084.11,2024-03-30,2025-03-30,CANCELLED
820,820,CVG820,Business Interruption,3259247.28,84711.96,2024-03-31,2025-03-31,SUSPENDED
821,821,CVG821,Comprehensive,2747969.58,44397.16,2024-04-01,2025-04-01,ACTIVE
822,822,CVG822,Collision,1058435.36,19114.86,2024-04-02,2025-04-02,EXPIRED
823,823,CVG823,Third Party Liability,3903083.35,127599.54,2024-04-03,2025-04-03,CANCELLED
824,824,CVG824,Fire,2557875.78,112390.09,2024-04-04,2025-04-04,SUSPENDED
825,825,CVG825,Flood,1681026.66,33174.41,2024-04-05,2025-04-05,ACTIVE
826,826,CVG826,Theft,5819101.68,110982.9,2024-04-06,2025-04-06,EXPIRED
827,827,CVG827,Personal Accident,7654901.61,209912.32,2024-04-07,2025-04-07,CANCELLED
828,828,CVG828,Glass Protection,5195775.91,142593.85,2024-04-08,2025-04-08,SUSPENDED
829,829,CVG829,Natural Disaster,3154550.77,19062.74,2024-04-09,2025-04-09,ACTIVE
830,830,CVG830,Business Interruption,9457804.76,262406.8,2024-04-10,2025-04-10,EXPIRED
831,831,CVG831,Comprehensive,9670197.64,141973.0,2024-04-11,2025-04-11,CANCELLED
832,832,CVG832,Collision,3593661.38,26141.44,2024-04-12,2025-04-12,SUSPENDED
833,833,CVG833,Third Party Liability,4999452.61,223501.91,2024-04-13,2025-04-13,ACTIVE
834,834,CVG834,Fire,6577174.37,172166.8,2024-04-14,2025-04-14,EXPIRED
835,835,CVG835,Flood,5413238.42,233433.76,2024-04-15,2025-04-15,CANCELLED
836,836,CVG836,Theft,4366184.92,195214.35,2024-04-16,2025-04-16,SUSPENDED
837,837,CVG837,Personal Accident,7302329.83,287518.68,2024-04-17,2025-04-17,ACTIVE
838,838,CVG838,Glass Protection,3722779.79,85721.37,2024-04-18,2025-04-18,EXPIRED
839,839,CVG839,Natural Disaster,5745788.27,79059.11,2024-04-19,2025-04-19,CANCELLED
840,840,CVG840,Business Interruption,5576906.97,46338.12,2024-04-20,2025-04-20,SUSPENDED
841,841,CVG841,Comprehensive,5092129.74,200620.67,2024-04-21,2025-04-21,ACTIVE
842,842,CVG842,Collision,2869234.71,142053.18,2024-04-22,2025-04-22,EXPIRED
843,843,CVG843,Third Party Liability,6835946.54,70728.09,2024-04-23,2025-04-23,CANCELLED
844,844,CVG844,Fire,9753319.87,221650.7,2024-04-24,2025-04-24,SUSPENDED
845,845,CVG845,Flood,7969482.56,161452.46,2024-04-25,2025-04-25,ACTIVE
846,846,CVG846,Theft,9395590.81,366178.43,2024-04-26,2025-04-26,EXPIRED
847,847,CVG847,Personal Accident,2070673.03,57793.55,2024-04-27,2025-04-27,CANCELLED
848,848,CVG848,Glass Protection,5050771.25,35550.62,2024-04-28,2025-04-28,SUSPENDED
849,849,CVG849,Natural Disaster,1456660.1,29114.02,2024-04-29,2025-04-29,ACTIVE
850,850,CVG850,Business Interruption,4790067.09,122455.6,2024-04-30,2025-04-30,EXPIRED
851,851,CVG851,Comprehensive,6101979.17,172062.13,2024-05-01,2025-05-01,CANCELLED
852,852,CVG852,Collision,3346861.89,109067.75,2024-05-02,2025-05-02,SUSPENDED
853,853,CVG853,Third Party Liability,1708770.25,84716.91,2024-05-03,2025-05-03,ACTIVE
854,854,CVG854,Fire,7419261.67,137000.71,2024-05-04,2025-05-04,EXPIRED
855,855,CVG855,Flood,3430097.18,145000.57,2024-05-05,2025-05-05,CANCELLED
856,856,CVG856,Theft,5370164.32,198123.04,2024-05-06,2025-05-06,SUSPENDED
857,857,CVG857,Personal Accident,3067926.59,127959.22,2024-05-07,2025-05-07,ACTIVE
858,858,CVG858,Glass Protection,3746742.32,132339.76,2024-05-08,2025-05-08,EXPIRED
859,859,CVG859,Natural Disaster,9800990.51,306443.61,2024-05-09,2025-05-09,CANCELLED
860,860,CVG860,Business Interruption,7987872.66,300660.25,2024-05-10,2025-05-10,SUSPENDED
861,861,CVG861,Comprehensive,6911632.15,42846.05,2024-05-11,2025-05-11,ACTIVE
862,862,CVG862,Collision,4798443.12,232811.73,2024-05-12,2025-05-12,EXPIRED
863,863,CVG863,Third Party Liability,7850749.52,313459.16,2024-05-13,2025-05-13,CANCELLED
864,864,CVG864,Fire,5818580.52,217981.51,2024-05-14,2025-05-14,SUSPENDED
865,865,CVG865,Flood,5876880.44,74477.96,2024-05-15,2025-05-15,ACTIVE
866,866,CVG866,Theft,6327349.89,208094.59,2024-05-16,2025-05-16,EXPIRED
867,867,CVG867,Personal Accident,8427554.54,98180.23,2024-05-17,2025-05-17,CANCELLED
868,868,CVG868,Glass Protection,6839196.26,43912.24,2024-05-18,2025-05-18,SUSPENDED
869,869,CVG869,Natural Disaster,9487231.19,94353.35,2024-05-19,2025-05-19,ACTIVE
870,870,CVG870,Business Interruption,287479.94,5495.51,2024-05-20,2025-05-20,EXPIRED
871,871,CVG871,Comprehensive,1599169.46,57686.06,2024-05-21,2025-05-21,CANCELLED
872,872,CVG872,Collision,4162736.35,165983.92,2024-05-22,2025-05-22,SUSPENDED
873,873,CVG873,Third Party Liability,9213157.4,407929.1,2024-05-23,2025-05-23,ACTIVE
874,874,CVG874,Fire,7384788.99,57620.98,2024-05-24,2025-05-24,EXPIRED
875,875,CVG875,Flood,1467016.61,21022.9,2024-05-25,2025-05-25,CANCELLED
876,876,CVG876,Theft,3317990.39,115466.75,2024-05-26,2025-05-26,SUSPENDED
877,877,CVG877,Personal Accident,5302223.8,101372.51,2024-05-27,2025-05-27,ACTIVE
878,878,CVG878,Glass Protection,1814506.0,83549.99,2024-05-28,2025-05-28,EXPIRED
879,879,CVG879,Natural Disaster,3489037.48,73070.61,2024-05-29,2025-05-29,CANCELLED
880,880,CVG880,Business Interruption,7742698.86,289899.07,2024-05-30,2025-05-30,SUSPENDED
881,881,CVG881,Comprehensive,6468760.09,234163.29,2024-05-31,2025-05-31,ACTIVE
882,882,CVG882,Collision,6139758.14,83819.29,2024-06-01,2025-06-01,EXPIRED
883,883,CVG883,Third Party Liability,2540539.44,76505.55,2024-06-02,2025-06-02,CANCELLED
884,884,CVG884,Fire,2326183.68,113473.52,2024-06-03,2025-06-03,SUSPENDED
885,885,CVG885,Flood,3046384.2,54850.71,2024-06-04,2025-06-04,ACTIVE
886,886,CVG886,Theft,2152050.17,79032.91,2024-06-05,2025-06-05,EXPIRED
887,887,CVG887,Personal Accident,3238703.38,67028.67,2024-06-06,2025-06-06,CANCELLED
888,888,CVG888,Glass Protection,9343633.71,381157.1,2024-06-07,2025-06-07,SUSPENDED
889,889,CVG889,Natural Disaster,2807229.61,29431.93,2024-06-08,2025-06-08,ACTIVE
890,890,CVG890,Business Interruption,6798560.23,150154.62,2024-06-09,2025-06-09,EXPIRED
891,891,CVG891,Comprehensive,9803589.32,410054.59,2024-06-10,2025-06-10,CANCELLED
892,892,CVG892,Collision,9550627.75,393559.52,2024-06-11,2025-06-11,SUSPENDED
893,893,CVG893,Third Party Liability,2975481.25,53390.15,2024-06-12,2025-06-12,ACTIVE
894,894,CVG894,Fire,7169998.75,147604.16,2024-06-13,2025-06-13,EXPIRED
895,895,CVG895,Flood,4479523.51,74091.22,2024-06-14,2025-06-14,CANCELLED
896,896,CVG896,Theft,4842884.7,68251.07,2024-06-15,2025-06-15,SUSPENDED
897,897,CVG897,Personal Accident,5431921.44,255224.68,2024-06-16,2025-06-16,ACTIVE
898,898,CVG898,Glass Protection,6992095.88,78152.63,2024-06-17,2025-06-17,EXPIRED
899,899,CVG899,Natural Disaster,6195202.64,194575.04,2024-06-18,2025-06-18,CANCELLED
900,900,CVG900,Business Interruption,2500334.58,87868.08,2022-01-01,2023-01-01,SUSPENDED
901,901,CVG901,Comprehensive,5357310.75,180581.58,2022-01-02,2023-01-02,ACTIVE
902,902,CVG902,Collision,619661.96,14623.13,2022-01-03,2023-01-03,EXPIRED
903,903,CVG903,Third Party Liability,7201844.76,68594.12,2022-01-04,2023-01-04,CANCELLED
904,904,CVG904,Fire,7730583.98,40455.42,2022-01-05,2023-01-05,SUSPENDED
905,905,CVG905,Flood,5548490.4,259721.98,2022-01-06,2023-01-06,ACTIVE
906,906,CVG906,Theft,4128383.77,194349.63,2022-01-07,2023-01-07,EXPIRED
907,907,CVG907,Personal Accident,8796156.25,232967.81,2022-01-08,2023-01-08,CANCELLED
908,908,CVG908,Glass Protection,2074614.15,100361.81,2022-01-09,2023-01-09,SUSPENDED
909,909,CVG909,Natural Disaster,3279560.25,111719.55,2022-01-10,2023-01-10,ACTIVE
910,910,CVG910,Business Interruption,9088575.89,82031.05,2022-01-11,2023-01-11,EXPIRED
911,911,CVG911,Comprehensive,5783920.2,168207.11,2022-01-12,2023-01-12,CANCELLED
912,912,CVG912,Collision,7258865.01,342256.37,2022-01-13,2023-01-13,SUSPENDED
913,913,CVG913,Third Party Liability,9140974.28,117716.69,2022-01-14,2023-01-14,ACTIVE
914,914,CVG914,Fire,8834225.23,114054.19,2022-01-15,2023-01-15,EXPIRED
915,915,CVG915,Flood,9204384.64,459047.8,2022-01-16,2023-01-16,CANCELLED
916,916,CVG916,Theft,4030246.29,109994.59,2022-01-17,2023-01-17,SUSPENDED
917,917,CVG917,Personal Accident,9372426.57,452649.89,2022-01-18,2023-01-18,ACTIVE
918,918,CVG918,Glass Protection,9267793.01,411985.3,2022-01-19,2023-01-19,EXPIRED
919,919,CVG919,Natural Disaster,191744.97,5859.4,2022-01-20,2023-01-20,CANCELLED
920,920,CVG920,Business Interruption,1162276.84,57224.38,2022-01-21,2023-01-21,SUSPENDED
921,921,CVG921,Comprehensive,2917160.36,144427.08,2022-01-22,2023-01-22,ACTIVE
922,922,CVG922,Collision,5478674.79,149162.72,2022-01-23,2023-01-23,EXPIRED
923,923,CVG923,Third Party Liability,9391748.97,406641.02,2022-01-24,2023-01-24,CANCELLED
924,924,CVG924,Fire,4733405.61,64736.48,2022-01-25,2023-01-25,SUSPENDED
925,925,CVG925,Flood,1215202.93,14961.87,2022-01-26,2023-01-26,ACTIVE
926,926,CVG926,Theft,4643253.26,76970.84,2022-01-27,2023-01-27,EXPIRED
927,927,CVG927,Personal Accident,1943370.78,74135.33,2022-01-28,2023-01-28,CANCELLED
928,928,CVG928,Glass Protection,7928599.88,242219.96,2022-01-29,2023-01-29,SUSPENDED
929,929,CVG929,Natural Disaster,7597099.23,97981.85,2022-01-30,2023-01-30,ACTIVE
930,930,CVG930,Business Interruption,8575850.39,389059.96,2022-01-31,2023-01-31,EXPIRED
931,931,CVG931,Comprehensive,8287199.27,233596.5,2022-02-01,2023-02-01,CANCELLED
932,932,CVG932,Collision,958703.92,33666.34,2022-02-02,2023-02-02,SUSPENDED
933,933,CVG933,Third Party Liability,1929333.89,21854.6,2022-02-03,2023-02-03,ACTIVE
934,934,CVG934,Fire,3303656.53,53394.09,2022-02-04,2023-02-04,EXPIRED
935,935,CVG935,Flood,2681774.24,41831.54,2022-02-05,2023-02-05,CANCELLED
936,936,CVG936,Theft,7562190.85,362467.66,2022-02-06,2023-02-06,SUSPENDED
937,937,CVG937,Personal Accident,3089263.81,115939.19,2022-02-07,2023-02-07,ACTIVE
938,938,CVG938,Glass Protection,213213.77,7337.91,2022-02-08,2023-02-08,EXPIRED
939,939,CVG939,Natural Disaster,6958409.05,54244.94,2022-02-09,2023-02-09,CANCELLED
940,940,CVG940,Business Interruption,1270425.99,23891.99,2022-02-10,2023-02-10,SUSPENDED
941,941,CVG941,Comprehensive,4113624.47,113591.25,2022-02-11,2023-02-11,ACTIVE
942,942,CVG942,Collision,8961671.86,328535.49,2022-02-12,2023-02-12,EXPIRED
943,943,CVG943,Third Party Liability,3178681.69,32688.64,2022-02-13,2023-02-13,CANCELLED
944,944,CVG944,Fire,9169690.82,167591.61,2022-02-14,2023-02-14,SUSPENDED
945,945,CVG945,Flood,6184791.94,91910.88,2022-02-15,2023-02-15,ACTIVE
946,946,CVG946,Theft,1422330.94,16916.28,2022-02-16,2023-02-16,EXPIRED
947,947,CVG947,Personal Accident,7502574.89,242019.96,2022-02-17,2023-02-17,CANCELLED
948,948,CVG948,Glass Protection,4216871.59,125306.67,2022-02-18,2023-02-18,SUSPENDED
949,949,CVG949,Natural Disaster,4761197.96,138971.26,2022-02-19,2023-02-19,ACTIVE
950,950,CVG950,Business Interruption,6674534.95,98973.5,2022-02-20,2023-02-20,EXPIRED
951,951,CVG951,Comprehensive,2549907.75,99352.77,2022-02-21,2023-02-21,CANCELLED
952,952,CVG952,Collision,8744037.08,75934.65,2022-02-22,2023-02-22,SUSPENDED
953,953,CVG953,Third Party Liability,4522804.98,165848.89,2022-02-23,2023-02-23,ACTIVE
954,954,CVG954,Fire,873216.95,26534.96,2022-02-24,2023-02-24,EXPIRED
955,955,CVG955,Flood,711404.67,21089.03,2022-02-25,2023-02-25,CANCELLED
956,956,CVG956,Theft,5104321.86,157068.02,2022-02-26,2023-02-26,SUSPENDED
957,957,CVG957,Personal Accident,1583538.58,31299.11,2022-02-27,2023-02-27,ACTIVE
958,958,CVG958,Glass Protection,5251381.26,53725.84,2022-02-28,2023-02-28,EXPIRED
959,959,CVG959,Natural Disaster,2133474.71,66653.26,2022-03-01,2023-03-01,CANCELLED
960,960,CVG960,Business Interruption,1000322.28,27975.9,2022-03-02,2023-03-02,SUSPENDED
961,961,CVG961,Comprehensive,8106051.62,205929.81,2022-03-03,2023-03-03,ACTIVE
962,962,CVG962,Collision,5181153.65,132409.21,2022-03-04,2023-03-04,EXPIRED
963,963,CVG963,Third Party Liability,671594.13,17331.85,2022-03-05,2023-03-05,CANCELLED
964,964,CVG964,Fire,8088461.99,303702.36,2022-03-06,2023-03-06,SUSPENDED
965,965,CVG965,Flood,4019892.23,167791.89,2022-03-07,2023-03-07,ACTIVE
966,966,CVG966,Theft,7483464.38,232167.05,2022-03-08,2023-03-08,EXPIRED
967,967,CVG967,Personal Accident,548369.05,11243.65,2022-03-09,2023-03-09,CANCELLED
968,968,CVG968,Glass Protection,731223.13,36367.8,2022-03-10,2023-03-10,SUSPENDED
969,969,CVG969,Natural Disaster,9352369.71,75809.01,2022-03-11,2023-03-11,ACTIVE
970,970,CVG970,Business Interruption,9344378.07,60066.31,2022-03-12,2023-03-12,EXPIRED
971,971,CVG971,Comprehensive,4147782.66,164267.72,2022-03-13,2023-03-13,CANCELLED
972,972,CVG972,Collision,7681694.06,376595.03,2022-03-14,2023-03-14,SUSPENDED
973,973,CVG973,Third Party Liability,6494220.1,155317.63,2022-03-15,2023-03-15,ACTIVE
974,974,CVG974,Fire,9929280.33,220545.03,2022-03-16,2023-03-16,EXPIRED
975,975,CVG975,Flood,8709240.82,398922.67,2022-03-17,2023-03-17,CANCELLED
976,976,CVG976,Theft,3818890.78,136421.72,2022-03-18,2023-03-18,SUSPENDED
977,977,CVG977,Personal Accident,6651746.13,194686.71,2022-03-19,2023-03-19,ACTIVE
978,978,CVG978,Glass Protection,6569987.57,135667.91,2022-03-20,2023-03-20,EXPIRED
979,979,CVG979,Natural Disaster,1866888.93,54469.53,2022-03-21,2023-03-21,CANCELLED
980,980,CVG980,Business Interruption,5335541.14,201435.97,2022-03-22,2023-03-22,SUSPENDED
981,981,CVG981,Comprehensive,2304633.14,11883.38,2022-03-23,2023-03-23,ACTIVE
982,982,CVG982,Collision,325079.74,5990.03,2022-03-24,2023-03-24,EXPIRED
983,983,CVG983,Third Party Liability,6767648.59,199645.91,2022-03-25,2023-03-25,CANCELLED
984,984,CVG984,Fire,5366142.72,225652.85,2022-03-26,2023-03-26,SUSPENDED
985,985,CVG985,Flood,2550369.18,52479.43,2022-03-27,2023-03-27,ACTIVE
986,986,CVG986,Theft,2828932.31,133478.83,2022-03-28,2023-03-28,EXPIRED
987,987,CVG987,Personal Accident,7277737.06,73345.1,2022-03-29,2023-03-29,CANCELLED
988,988,CVG988,Glass Protection,8113834.02,193643.36,2022-03-30,2023-03-30,SUSPENDED
989,989,CVG989,Natural Disaster,7683929.33,344002.2,2022-03-31,2023-03-31,ACTIVE
990,990,CVG990,Business Interruption,254893.38,3638.26,2022-04-01,2023-04-01,EXPIRED
991,991,CVG991,Comprehensive,1098877.46,7154.72,2022-04-02,2023-04-02,CANCELLED
992,992,CVG992,Collision,6018070.48,220549.54,2022-04-03,2023-04-03,SUSPENDED
993,993,CVG993,Third Party Liability,581895.58,22300.77,2022-04-04,2023-04-04,ACTIVE
994,994,CVG994,Fire,4082426.97,63462.42,2022-04-05,2023-04-05,EXPIRED
995,995,CVG995,Flood,2250965.18,98745.03,2022-04-06,2023-04-06,CANCELLED
996,996,CVG996,Theft,658795.95,18232.38,2022-04-07,2023-04-07,SUSPENDED
997,997,CVG997,Personal Accident,2963708.17,123617.4,2022-04-08,2023-04-08,ACTIVE
998,998,CVG998,Glass Protection,7342023.08,142073.04,2022-04-09,2023-04-09,EXPIRED
999,999,CVG999,Natural Disaster,6019384.98,212267.2,2022-04-10,2023-04-10,CANCELLED
1000,1000,CVG1000,Business Interruption,3274584.64,60839.82,2022-04-11,2023-04-11,SUSPENDED
1001,1001,CVG1001,Comprehensive,1518278.3,52698.77,2022-04-12,2023-04-12,ACTIVE
1002,1002,CVG1002,Collision,2288323.13,42385.56,2022-04-13,2023-04-13,EXPIRED
1003,1003,CVG1003,Third Party Liability,703480.61,33544.36,2022-04-14,2023-04-14,CANCELLED
1004,1004,CVG1004,Fire,8809167.52,405406.65,2022-04-15,2023-04-15,SUSPENDED
1005,1005,CVG1005,Flood,6297332.06,152546.74,2022-04-16,2023-04-16,ACTIVE
1006,1006,CVG1006,Theft,5006645.8,244089.31,2022-04-17,2023-04-17,EXPIRED
1007,1007,CVG1007,Personal Accident,9421705.46,331742.15,2022-04-18,2023-04-18,CANCELLED
1008,1008,CVG1008,Glass Protection,7879465.5,152412.9,2022-04-19,2023-04-19,SUSPENDED
1009,1009,CVG1009,Natural Disaster,4221613.87,49455.33,2022-04-20,2023-04-20,ACTIVE
1010,1010,CVG1010,Business Interruption,3826955.87,149055.05,2022-04-21,2023-04-21,EXPIRED
1011,1011,CVG1011,Comprehensive,4787836.32,206931.92,2022-04-22,2023-04-22,CANCELLED
1012,1012,CVG1012,Collision,3077290.55,113370.33,2022-04-23,2023-04-23,SUSPENDED
1013,1013,CVG1013,Third Party Liability,8077183.98,372869.89,2022-04-24,2023-04-24,ACTIVE
1014,1014,CVG1014,Fire,5667620.9,275165.14,2022-04-25,2023-04-25,EXPIRED
1015,1015,CVG1015,Flood,5617138.91,61980.49,2022-04-26,2023-04-26,CANCELLED
1016,1016,CVG1016,Theft,2504299.31,35436.22,2022-04-27,2023-04-27,SUSPENDED
1017,1017,CVG1017,Personal Accident,6502387.93,302362.17,2022-04-28,2023-04-28,ACTIVE
1018,1018,CVG1018,Glass Protection,8486620.52,77744.91,2022-04-29,2023-04-29,EXPIRED
1019,1019,CVG1019,Natural Disaster,7273388.65,98712.05,2022-04-30,2023-04-30,CANCELLED
1020,1020,CVG1020,Business Interruption,2757769.72,97391.29,2022-05-01,2023-05-01,SUSPENDED
1021,1021,CVG1021,Comprehensive,6068928.25,268931.94,2022-05-02,2023-05-02,ACTIVE
1022,1022,CVG1022,Collision,1962816.61,77092.25,2022-05-03,2023-05-03,EXPIRED
1023,1023,CVG1023,Third Party Liability,7270621.87,219196.68,2022-05-04,2023-05-04,CANCELLED
1024,1024,CVG1024,Fire,4846002.64,213836.28,2022-05-05,2023-05-05,SUSPENDED
1025,1025,CVG1025,Flood,3396346.68,163248.42,2022-05-06,2023-05-06,ACTIVE
1026,1026,CVG1026,Theft,251803.69,11878.13,2022-05-07,2023-05-07,EXPIRED
1027,1027,CVG1027,Personal Accident,9624567.81,98933.14,2022-05-08,2023-05-08,CANCELLED
1028,1028,CVG1028,Glass Protection,9995762.87,265401.89,2022-05-09,2023-05-09,SUSPENDED
1029,1029,CVG1029,Natural Disaster,2501672.5,80549.02,2022-05-10,2023-05-10,ACTIVE
1030,1030,CVG1030,Business Interruption,2124680.12,98119.2,2022-05-11,2023-05-11,EXPIRED
1031,1031,CVG1031,Comprehensive,5565585.0,222056.4,2022-05-12,2023-05-12,CANCELLED
1032,1032,CVG1032,Collision,3868551.27,112243.14,2022-05-13,2023-05-13,SUSPENDED
1033,1033,CVG1033,Third Party Liability,3656669.6,61323.35,2022-05-14,2023-05-14,ACTIVE
1034,1034,CVG1034,Fire,5176883.75,141730.02,2022-05-15,2023-05-15,EXPIRED
1035,1035,CVG1035,Flood,1076221.49,52906.33,2022-05-16,2023-05-16,CANCELLED
1036,1036,CVG1036,Theft,4747955.18,203155.05,2022-05-17,2023-05-17,SUSPENDED
1037,1037,CVG1037,Personal Accident,9151871.94,198428.34,2022-05-18,2023-05-18,ACTIVE
1038,1038,CVG1038,Glass Protection,4197908.69,127253.78,2022-05-19,2023-05-19,EXPIRED
1039,1039,CVG1039,Natural Disaster,2290613.57,26494.43,2022-05-20,2023-05-20,CANCELLED
1040,1040,CVG1040,Business Interruption,2681663.69,126210.15,2022-05-21,2023-05-21,SUSPENDED
1041,1041,CVG1041,Comprehensive,5833514.97,138785.23,2022-05-22,2023-05-22,ACTIVE
1042,1042,CVG1042,Collision,1608872.96,31926.38,2022-05-23,2023-05-23,EXPIRED
1043,1043,CVG1043,Third Party Liability,3860413.77,164072.69,2022-05-24,2023-05-24,CANCELLED
1044,1044,CVG1044,Fire,5043084.68,173771.38,2022-05-25,2023-05-25,SUSPENDED
1045,1045,CVG1045,Flood,6879981.46,114068.06,2022-05-26,2023-05-26,ACTIVE
1046,1046,CVG1046,Theft,8233760.2,399278.68,2022-05-27,2023-05-27,EXPIRED
1047,1047,CVG1047,Personal Accident,6452775.1,174720.51,2022-05-28,2023-05-28,CANCELLED
1048,1048,CVG1048,Glass Protection,1765513.09,71986.85,2022-05-29,2023-05-29,SUSPENDED
1049,1049,CVG1049,Natural Disaster,1775730.54,66437.38,2022-05-30,2023-05-30,ACTIVE
1050,1050,CVG1050,Business Interruption,4934331.58,228264.51,2022-05-31,2023-05-31,EXPIRED
1051,1051,CVG1051,Comprehensive,5467154.87,185235.0,2022-06-01,2023-06-01,CANCELLED
1052,1052,CVG1052,Collision,681447.31,4444.45,2022-06-02,2023-06-02,SUSPENDED
1053,1053,CVG1053,Third Party Liability,8482304.09,403193.3,2022-06-03,2023-06-03,ACTIVE
1054,1054,CVG1054,Fire,6715333.88,264552.24,2022-06-04,2023-06-04,EXPIRED
1055,1055,CVG1055,Flood,4182683.0,179497.8,2022-06-05,2023-06-05,CANCELLED
1056,1056,CVG1056,Theft,2391190.58,88049.93,2022-06-06,2023-06-06,SUSPENDED
1057,1057,CVG1057,Personal Accident,190500.47,5287.91,2022-06-07,2023-06-07,ACTIVE
1058,1058,CVG1058,Glass Protection,3794686.86,124475.54,2022-06-08,2023-06-08,EXPIRED
1059,1059,CVG1059,Natural Disaster,6700871.82,219409.13,2022-06-09,2023-06-09,CANCELLED
1060,1060,CVG1060,Business Interruption,4883721.12,131633.12,2022-06-10,2023-06-10,SUSPENDED
1061,1061,CVG1061,Comprehensive,165462.33,4934.74,2022-06-11,2023-06-11,ACTIVE
1062,1062,CVG1062,Collision,217324.58,6264.12,2022-06-12,2023-06-12,EXPIRED
1063,1063,CVG1063,Third Party Liability,2819933.3,138138.86,2022-06-13,2023-06-13,CANCELLED
1064,1064,CVG1064,Fire,269711.72,11217.87,2022-06-14,2023-06-14,SUSPENDED
1065,1065,CVG1065,Flood,6772926.23,279569.78,2022-06-15,2023-06-15,ACTIVE
1066,1066,CVG1066,Theft,9106756.32,89389.55,2022-06-16,2023-06-16,EXPIRED
1067,1067,CVG1067,Personal Accident,1053507.51,12326.45,2022-06-17,2023-06-17,CANCELLED
1068,1068,CVG1068,Glass Protection,2000127.36,57384.69,2022-06-18,2023-06-18,SUSPENDED
1069,1069,CVG1069,Natural Disaster,8170622.47,139142.54,2022-06-19,2023-06-19,ACTIVE
1070,1070,CVG1070,Business Interruption,4029274.58,87787.1,2022-06-20,2023-06-20,EXPIRED
1071,1071,CVG1071,Comprehensive,4119671.36,125341.41,2022-06-21,2023-06-21,CANCELLED
1072,1072,CVG1072,Collision,9903307.01,150169.55,2022-06-22,2023-06-22,SUSPENDED
1073,1073,CVG1073,Third Party Liability,6872012.09,296554.94,2022-06-23,2023-06-23,ACTIVE
1074,1074,CVG1074,Fire,6571983.62,286669.02,2022-06-24,2023-06-24,EXPIRED
1075,1075,CVG1075,Flood,7619899.92,70160.4,2022-06-25,2023-06-25,CANCELLED
1076,1076,CVG1076,Theft,3854713.82,115146.33,2022-06-26,2023-06-26,SUSPENDED
1077,1077,CVG1077,Personal Accident,655537.9,3556.46,2022-06-27,2023-06-27,ACTIVE
1078,1078,CVG1078,Glass Protection,1796697.39,49397.73,2022-06-28,2023-06-28,EXPIRED
1079,1079,CVG1079,Natural Disaster,4395705.55,177133.46,2022-06-29,2023-06-29,CANCELLED
1080,1080,CVG1080,Business Interruption,5701980.62,248653.19,2022-06-30,2023-06-30,SUSPENDED
1081,1081,CVG1081,Comprehensive,1044082.17,30035.28,2022-07-01,2023-07-01,ACTIVE
1082,1082,CVG1082,Collision,521262.4,7565.48,2022-07-02,2023-07-02,EXPIRED
1083,1083,CVG1083,Third Party Liability,8694357.22,390723.92,2022-07-03,2023-07-03,CANCELLED
1084,1084,CVG1084,Fire,4807452.85,34110.27,2022-07-04,2023-07-04,SUSPENDED
1085,1085,CVG1085,Flood,836045.79,39002.64,2022-07-05,2023-07-05,ACTIVE
1086,1086,CVG1086,Theft,9003185.34,273318.2,2022-07-06,2023-07-06,EXPIRED
1087,1087,CVG1087,Personal Accident,425727.62,19921.71,2022-07-07,2023-07-07,CANCELLED
1088,1088,CVG1088,Glass Protection,3213398.46,155098.25,2022-07-08,2023-07-08,SUSPENDED
1089,1089,CVG1089,Natural Disaster,5911657.43,229676.47,2022-07-09,2023-07-09,ACTIVE
1090,1090,CVG1090,Business Interruption,7155842.86,164035.68,2022-07-10,2023-07-10,EXPIRED
1091,1091,CVG1091,Comprehensive,861681.17,10607.52,2022-07-11,2023-07-11,CANCELLED
1092,1092,CVG1092,Collision,2480674.72,105575.72,2022-07-12,2023-07-12,SUSPENDED
1093,1093,CVG1093,Third Party Liability,3952650.41,179227.63,2022-07-13,2023-07-13,ACTIVE
1094,1094,CVG1094,Fire,3384125.41,131989.07,2022-07-14,2023-07-14,EXPIRED
1095,1095,CVG1095,Flood,1485510.88,73505.32,2022-07-15,2023-07-15,CANCELLED
1096,1096,CVG1096,Theft,7269219.34,200162.89,2022-07-16,2023-07-16,SUSPENDED
1097,1097,CVG1097,Personal Accident,9745800.94,72278.17,2022-07-17,2023-07-17,ACTIVE
1098,1098,CVG1098,Glass Protection,4427173.7,189219.0,2022-07-18,2023-07-18,EXPIRED
1099,1099,CVG1099,Natural Disaster,3471868.19,137504.22,2022-07-19,2023-07-19,CANCELLED
1100,1100,CVG1100,Business Interruption,9553098.13,218303.93,2022-07-20,2023-07-20,SUSPENDED
1101,1101,CVG1101,Comprehensive,7758193.67,49133.84,2022-07-21,2023-07-21,ACTIVE
1102,1102,CVG1102,Collision,2805937.58,139360.72,2022-07-22,2023-07-22,EXPIRED
1103,1103,CVG1103,Third Party Liability,4956974.22,104153.48,2022-07-23,2023-07-23,CANCELLED
1104,1104,CVG1104,Fire,9417314.17,230094.72,2022-07-24,2023-07-24,SUSPENDED
1105,1105,CVG1105,Flood,6828979.1,237172.05,2022-07-25,2023-07-25,ACTIVE
1106,1106,CVG1106,Theft,948371.76,31142.36,2022-07-26,2023-07-26,EXPIRED
1107,1107,CVG1107,Personal Accident,8000746.22,296746.75,2022-07-27,2023-07-27,CANCELLED
1108,1108,CVG1108,Glass Protection,912176.3,10891.33,2022-07-28,2023-07-28,SUSPENDED
1109,1109,CVG1109,Natural Disaster,7145603.83,239560.22,2022-07-29,2023-07-29,ACTIVE
1110,1110,CVG1110,Business Interruption,7422587.36,142888.67,2022-07-30,2023-07-30,EXPIRED
1111,1111,CVG1111,Comprehensive,1154854.09,6044.26,2022-07-31,2023-07-31,CANCELLED
1112,1112,CVG1112,Collision,3151847.81,66807.47,2022-08-01,2023-08-01,SUSPENDED
1113,1113,CVG1113,Third Party Liability,2770687.79,30374.54,2022-08-02,2023-08-02,ACTIVE
1114,1114,CVG1114,Fire,1955178.66,49266.52,2022-08-03,2023-08-03,EXPIRED
1115,1115,CVG1115,Flood,5591926.01,130638.51,2022-08-04,2023-08-04,CANCELLED
1116,1116,CVG1116,Theft,359992.85,7533.26,2022-08-05,2023-08-05,SUSPENDED
1117,1117,CVG1117,Personal Accident,1021336.18,32592.85,2022-08-06,2023-08-06,ACTIVE
1118,1118,CVG1118,Glass Protection,3311860.27,73972.74,2022-08-07,2023-08-07,EXPIRED
1119,1119,CVG1119,Natural Disaster,2989288.78,67112.46,2022-08-08,2023-08-08,CANCELLED
1120,1120,CVG1120,Business Interruption,938525.22,42750.88,2022-08-09,2023-08-09,SUSPENDED
1121,1121,CVG1121,Comprehensive,9061554.99,444177.38,2022-08-10,2023-08-10,ACTIVE
1122,1122,CVG1122,Collision,5762408.26,72786.31,2022-08-11,2023-08-11,EXPIRED
1123,1123,CVG1123,Third Party Liability,3869247.03,43520.53,2022-08-12,2023-08-12,CANCELLED
1124,1124,CVG1124,Fire,3081199.53,83779.59,2022-08-13,2023-08-13,SUSPENDED
1125,1125,CVG1125,Flood,726344.79,17839.34,2022-08-14,2023-08-14,ACTIVE
1126,1126,CVG1126,Theft,4268913.16,114365.93,2022-08-15,2023-08-15,EXPIRED
1127,1127,CVG1127,Personal Accident,861521.48,14065.62,2022-08-16,2023-08-16,CANCELLED
1128,1128,CVG1128,Glass Protection,2541241.68,84182.48,2022-08-17,2023-08-17,SUSPENDED
1129,1129,CVG1129,Natural Disaster,5978683.34,82503.86,2022-08-18,2023-08-18,ACTIVE
1130,1130,CVG1130,Business Interruption,1159026.44,21684.93,2022-08-19,2023-08-19,EXPIRED
1131,1131,CVG1131,Comprehensive,9493352.28,189390.24,2022-08-20,2023-08-20,CANCELLED
1132,1132,CVG1132,Collision,6239902.66,256980.66,2022-08-21,2023-08-21,SUSPENDED
1133,1133,CVG1133,Third Party Liability,3362462.99,67461.53,2022-08-22,2023-08-22,ACTIVE
1134,1134,CVG1134,Fire,8173207.15,356988.37,2022-08-23,2023-08-23,EXPIRED
1135,1135,CVG1135,Flood,9744831.23,108417.11,2022-08-24,2023-08-24,CANCELLED
1136,1136,CVG1136,Theft,3274585.04,155960.47,2022-08-25,2023-08-25,SUSPENDED
1137,1137,CVG1137,Personal Accident,2088429.74,39968.89,2022-08-26,2023-08-26,ACTIVE
1138,1138,CVG1138,Glass Protection,9649288.77,468884.37,2022-08-27,2023-08-27,EXPIRED
1139,1139,CVG1139,Natural Disaster,2985336.7,108287.42,2022-08-28,2023-08-28,CANCELLED
1140,1140,CVG1140,Business Interruption,4960972.4,153366.32,2022-08-29,2023-08-29,SUSPENDED
1141,1141,CVG1141,Comprehensive,2500000.54,54806.23,2022-08-30,2023-08-30,ACTIVE
1142,1142,CVG1142,Collision,8183295.7,185614.17,2022-08-31,2023-08-31,EXPIRED
1143,1143,CVG1143,Third Party Liability,1227489.45,37282.87,2022-09-01,2023-09-01,CANCELLED
1144,1144,CVG1144,Fire,5963047.64,176227.79,2022-09-02,2023-09-02,SUSPENDED
1145,1145,CVG1145,Flood,6848955.07,203786.97,2022-09-03,2023-09-03,ACTIVE
1146,1146,CVG1146,Theft,9534745.65,245739.0,2022-09-04,2023-09-04,EXPIRED
1147,1147,CVG1147,Personal Accident,7112833.81,175903.74,2022-09-05,2023-09-05,CANCELLED
1148,1148,CVG1148,Glass Protection,2984178.96,107960.4,2022-09-06,2023-09-06,SUSPENDED
1149,1149,CVG1149,Natural Disaster,8207759.12,334913.98,2022-09-07,2023-09-07,ACTIVE
1150,1150,CVG1150,Business Interruption,4150501.74,114008.66,2022-09-08,2023-09-08,EXPIRED
1151,1151,CVG1151,Comprehensive,6370026.79,101225.79,2022-09-09,2023-09-09,CANCELLED
1152,1152,CVG1152,Collision,6620763.39,246197.31,2022-09-10,2023-09-10,SUSPENDED
1153,1153,CVG1153,Third Party Liability,7911859.96,65893.38,2022-09-11,2023-09-11,ACTIVE
1154,1154,CVG1154,Fire,9907936.08,263209.89,2022-09-12,2023-09-12,EXPIRED
1155,1155,CVG1155,Flood,4067970.46,113079.69,2022-09-13,2023-09-13,CANCELLED
1156,1156,CVG1156,Theft,9211882.63,332796.75,2022-09-14,2023-09-14,SUSPENDED
1157,1157,CVG1157,Personal Accident,5482087.51,222476.49,2022-09-15,2023-09-15,ACTIVE
1158,1158,CVG1158,Glass Protection,3659341.98,165759.29,2022-09-16,2023-09-16,EXPIRED
1159,1159,CVG1159,Natural Disaster,5415369.26,182596.05,2022-09-17,2023-09-17,CANCELLED
1160,1160,CVG1160,Business Interruption,941321.15,37279.08,2022-09-18,2023-09-18,SUSPENDED
1161,1161,CVG1161,Comprehensive,6610256.28,138652.75,2022-09-19,2023-09-19,ACTIVE
1162,1162,CVG1162,Collision,6505298.5,45493.84,2022-09-20,2023-09-20,EXPIRED
1163,1163,CVG1163,Third Party Liability,9837721.24,349103.69,2022-09-21,2023-09-21,CANCELLED
1164,1164,CVG1164,Fire,4056215.69,157668.04,2022-09-22,2023-09-22,SUSPENDED
1165,1165,CVG1165,Flood,9660596.1,235433.55,2022-09-23,2023-09-23,ACTIVE
1166,1166,CVG1166,Theft,204422.95,3402.26,2022-09-24,2023-09-24,EXPIRED
1167,1167,CVG1167,Personal Accident,5155694.78,146142.81,2022-09-25,2023-09-25,CANCELLED
1168,1168,CVG1168,Glass Protection,5847131.13,180592.11,2022-09-26,2023-09-26,SUSPENDED
1169,1169,CVG1169,Natural Disaster,4513207.66,102003.18,2022-09-27,2023-09-27,ACTIVE
1170,1170,CVG1170,Business Interruption,7746188.1,243900.72,2022-09-28,2023-09-28,EXPIRED
1171,1171,CVG1171,Comprehensive,5054611.24,103738.48,2022-09-29,2023-09-29,CANCELLED
1172,1172,CVG1172,Collision,343170.26,3330.37,2022-09-30,2023-09-30,SUSPENDED
1173,1173,CVG1173,Third Party Liability,4218156.74,203643.13,2022-10-01,2023-10-01,ACTIVE
1174,1174,CVG1174,Fire,1249086.45,59119.8,2022-10-02,2023-10-02,EXPIRED
1175,1175,CVG1175,Flood,1502584.25,28601.79,2022-10-03,2023-10-03,CANCELLED
1176,1176,CVG1176,Theft,4607793.09,65933.05,2022-10-04,2023-10-04,SUSPENDED
1177,1177,CVG1177,Personal Accident,4880967.39,128990.86,2022-10-05,2023-10-05,ACTIVE
1178,1178,CVG1178,Glass Protection,4437842.79,161334.88,2022-10-06,2023-10-06,EXPIRED
1179,1179,CVG1179,Natural Disaster,3257203.79,60296.98,2022-10-07,2023-10-07,CANCELLED
1180,1180,CVG1180,Business Interruption,8120840.78,82660.71,2022-10-08,2023-10-08,SUSPENDED
1181,1181,CVG1181,Comprehensive,8506882.08,290583.58,2022-10-09,2023-10-09,ACTIVE
1182,1182,CVG1182,Collision,6803679.4,84337.96,2022-10-10,2023-10-10,EXPIRED
1183,1183,CVG1183,Third Party Liability,9840614.66,157214.47,2022-10-11,2023-10-11,CANCELLED
1184,1184,CVG1184,Fire,1827087.0,22301.62,2022-10-12,2023-10-12,SUSPENDED
1185,1185,CVG1185,Flood,5642504.63,271578.36,2022-10-13,2023-10-13,ACTIVE
1186,1186,CVG1186,Theft,2395369.92,55637.58,2022-10-14,2023-10-14,EXPIRED
1187,1187,CVG1187,Personal Accident,1926072.57,65142.76,2022-10-15,2023-10-15,CANCELLED
1188,1188,CVG1188,Glass Protection,4378131.08,27642.0,2022-10-16,2023-10-16,SUSPENDED
1189,1189,CVG1189,Natural Disaster,6179658.68,85771.19,2022-10-17,2023-10-17,ACTIVE
1190,1190,CVG1190,Business Interruption,5962811.27,134149.0,2022-10-18,2023-10-18,EXPIRED
1191,1191,CVG1191,Comprehensive,7076882.6,100918.48,2022-10-19,2023-10-19,CANCELLED
1192,1192,CVG1192,Collision,7548022.4,312434.09,2022-10-20,2023-10-20,SUSPENDED
1193,1193,CVG1193,Third Party Liability,719381.14,6890.84,2022-10-21,2023-10-21,ACTIVE
1194,1194,CVG1194,Fire,8732595.37,117131.98,2022-10-22,2023-10-22,EXPIRED
1195,1195,CVG1195,Flood,3327250.62,85143.57,2022-10-23,2023-10-23,CANCELLED
1196,1196,CVG1196,Theft,2697298.61,118191.97,2022-10-24,2023-10-24,SUSPENDED
1197,1197,CVG1197,Personal Accident,5324378.69,179750.42,2022-10-25,2023-10-25,ACTIVE
1198,1198,CVG1198,Glass Protection,6010011.21,195378.73,2022-10-26,2023-10-26,EXPIRED
1199,1199,CVG1199,Natural Disaster,5911346.67,122108.37,2022-10-27,2023-10-27,CANCELLED
1200,1200,CVG1200,Business Interruption,8470626.25,277678.31,2022-10-28,2023-10-28,SUSPENDED
1201,1201,CVG1201,Comprehensive,8156008.72,299892.17,2022-10-29,2023-10-29,ACTIVE
1202,1202,CVG1202,Collision,3044703.86,99415.07,2022-10-30,2023-10-30,EXPIRED
1203,1203,CVG1203,Third Party Liability,939044.49,10355.45,2022-10-31,2023-10-31,CANCELLED
1204,1204,CVG1204,Fire,1266830.36,23743.06,2022-11-01,2023-11-01,SUSPENDED
1205,1205,CVG1205,Flood,1912140.73,69228.38,2022-11-02,2023-11-02,ACTIVE
1206,1206,CVG1206,Theft,5157166.21,122847.62,2022-11-03,2023-11-03,EXPIRED
1207,1207,CVG1207,Personal Accident,1464886.26,32618.55,2022-11-04,2023-11-04,CANCELLED
1208,1208,CVG1208,Glass Protection,1938961.62,65144.41,2022-11-05,2023-11-05,SUSPENDED
1209,1209,CVG1209,Natural Disaster,6964985.97,237065.17,2022-11-06,2023-11-06,ACTIVE
1210,1210,CVG1210,Business Interruption,9999005.57,299680.85,2022-11-07,2023-11-07,EXPIRED
1211,1211,CVG1211,Comprehensive,4947456.06,55972.27,2022-11-08,2023-11-08,CANCELLED
1212,1212,CVG1212,Collision,3214342.15,81306.93,2022-11-09,2023-11-09,SUSPENDED
1213,1213,CVG1213,Third Party Liability,630751.5,13344.66,2022-11-10,2023-11-10,ACTIVE
1214,1214,CVG1214,Fire,194876.05,2171.71,2022-11-11,2023-11-11,EXPIRED
1215,1215,CVG1215,Flood,8170637.81,395232.62,2022-11-12,2023-11-12,CANCELLED
1216,1216,CVG1216,Theft,5103836.4,139200.21,2022-11-13,2023-11-13,SUSPENDED
1217,1217,CVG1217,Personal Accident,6878497.04,163043.56,2022-11-14,2023-11-14,ACTIVE
1218,1218,CVG1218,Glass Protection,8414928.84,227131.37,2022-11-15,2023-11-15,EXPIRED
1219,1219,CVG1219,Natural Disaster,918439.2,5867.66,2022-11-16,2023-11-16,CANCELLED
1220,1220,CVG1220,Business Interruption,7634460.52,138520.0,2022-11-17,2023-11-17,SUSPENDED
1221,1221,CVG1221,Comprehensive,2821043.89,82353.01,2022-11-18,2023-11-18,ACTIVE
1222,1222,CVG1222,Collision,1765268.88,45154.63,2022-11-19,2023-11-19,EXPIRED
1223,1223,CVG1223,Third Party Liability,7450930.69,294061.26,2022-11-20,2023-11-20,CANCELLED
1224,1224,CVG1224,Fire,5542289.23,55946.61,2022-11-21,2023-11-21,SUSPENDED
1225,1225,CVG1225,Flood,1230645.85,49078.26,2022-11-22,2023-11-22,ACTIVE
1226,1226,CVG1226,Theft,8250499.8,177458.18,2022-11-23,2023-11-23,EXPIRED
1227,1227,CVG1227,Personal Accident,8243848.19,56655.63,2022-11-24,2023-11-24,CANCELLED
1228,1228,CVG1228,Glass Protection,7217904.39,213548.18,2022-11-25,2023-11-25,SUSPENDED
1229,1229,CVG1229,Natural Disaster,9898779.71,95114.8,2022-11-26,2023-11-26,ACTIVE
1230,1230,CVG1230,Business Interruption,8317700.09,322814.49,2022-11-27,2023-11-27,EXPIRED
1231,1231,CVG1231,Comprehensive,3047318.46,152271.67,2022-11-28,2023-11-28,CANCELLED
1232,1232,CVG1232,Collision,4552350.19,94169.75,2022-11-29,2023-11-29,SUSPENDED
1233,1233,CVG1233,Third Party Liability,8185612.99,202660.6,2022-11-30,2023-11-30,ACTIVE
1234,1234,CVG1234,Fire,9940181.07,396647.26,2022-12-01,2023-12-01,EXPIRED
1235,1235,CVG1235,Flood,2445765.95,101454.34,2022-12-02,2023-12-02,CANCELLED
1236,1236,CVG1236,Theft,5920446.58,123017.34,2022-12-03,2023-12-03,SUSPENDED
1237,1237,CVG1237,Personal Accident,7136464.2,238890.84,2022-12-04,2023-12-04,ACTIVE
1238,1238,CVG1238,Glass Protection,1743218.02,19638.35,2022-12-05,2023-12-05,EXPIRED
1239,1239,CVG1239,Natural Disaster,2145534.6,30707.8,2022-12-06,2023-12-06,CANCELLED
1240,1240,CVG1240,Business Interruption,687642.55,14293.82,2022-12-07,2023-12-07,SUSPENDED
1241,1241,CVG1241,Comprehensive,2882741.69,84304.58,2022-12-08,2023-12-08,ACTIVE
1242,1242,CVG1242,Collision,3304170.8,121204.98,2022-12-09,2023-12-09,EXPIRED
1243,1243,CVG1243,Third Party Liability,2964399.11,50485.02,2022-12-10,2023-12-10,CANCELLED
1244,1244,CVG1244,Fire,8594366.76,424105.99,2022-12-11,2023-12-11,SUSPENDED
1245,1245,CVG1245,Flood,6825063.23,63371.62,2022-12-12,2023-12-12,ACTIVE
1246,1246,CVG1246,Theft,9631442.75,388687.44,2022-12-13,2023-12-13,EXPIRED
1247,1247,CVG1247,Personal Accident,9195810.25,456681.23,2022-12-14,2023-12-14,CANCELLED
1248,1248,CVG1248,Glass Protection,8683771.15,93002.91,2022-12-15,2023-12-15,SUSPENDED
1249,1249,CVG1249,Natural Disaster,8674180.07,140829.44,2022-12-16,2023-12-16,ACTIVE
1250,1250,CVG1250,Business Interruption,7142809.0,302009.97,2022-12-17,2023-12-17,EXPIRED
1251,1251,CVG1251,Comprehensive,7638588.52,270639.43,2022-12-18,2023-12-18,CANCELLED
1252,1252,CVG1252,Collision,4945641.39,153236.49,2022-12-19,2023-12-19,SUSPENDED
1253,1253,CVG1253,Third Party Liability,2760299.81,65253.84,2022-12-20,2023-12-20,ACTIVE
1254,1254,CVG1254,Fire,4574718.05,153313.67,2022-12-21,2023-12-21,EXPIRED
1255,1255,CVG1255,Flood,8813238.3,80987.18,2022-12-22,2023-12-22,CANCELLED
1256,1256,CVG1256,Theft,5204573.37,91184.94,2022-12-23,2023-12-23,SUSPENDED
1257,1257,CVG1257,Personal Accident,9369727.53,202462.97,2022-12-24,2023-12-24,ACTIVE
1258,1258,CVG1258,Glass Protection,9507515.38,187564.43,2022-12-25,2023-12-25,EXPIRED
1259,1259,CVG1259,Natural Disaster,124483.54,4958.94,2022-12-26,2023-12-26,CANCELLED
1260,1260,CVG1260,Business Interruption,7353967.86,278656.09,2022-12-27,2023-12-27,SUSPENDED
1261,1261,CVG1261,Comprehensive,4638647.64,161826.05,2022-12-28,2023-12-28,ACTIVE
1262,1262,CVG1262,Collision,3646405.02,28623.85,2022-12-29,2023-12-29,EXPIRED
1263,1263,CVG1263,Third Party Liability,5390802.2,79796.53,2022-12-30,2023-12-30,CANCELLED
1264,1264,CVG1264,Fire,4353466.7,63270.31,2022-12-31,2023-12-31,SUSPENDED
1265,1265,CVG1265,Flood,2758514.7,116617.49,2023-01-01,2024-01-01,ACTIVE
1266,1266,CVG1266,Theft,3443776.04,106781.21,2023-01-02,2024-01-02,EXPIRED
1267,1267,CVG1267,Personal Accident,5704806.9,153118.19,2023-01-03,2024-01-03,CANCELLED
1268,1268,CVG1268,Glass Protection,3503022.24,125109.87,2023-01-04,2024-01-04,SUSPENDED
1269,1269,CVG1269,Natural Disaster,579251.69,5491.81,2023-01-05,2024-01-05,ACTIVE
1270,1270,CVG1270,Business Interruption,7860508.64,201867.13,2023-01-06,2024-01-06,EXPIRED
1271,1271,CVG1271,Comprehensive,1329948.07,57978.18,2023-01-07,2024-01-07,CANCELLED
1272,1272,CVG1272,Collision,4468730.89,22479.58,2023-01-08,2024-01-08,SUSPENDED
1273,1273,CVG1273,Third Party Liability,9584514.52,135183.05,2023-01-09,2024-01-09,ACTIVE
1274,1274,CVG1274,Fire,6917059.63,75645.58,2023-01-10,2024-01-10,EXPIRED
1275,1275,CVG1275,Flood,6534972.27,79425.96,2023-01-11,2024-01-11,CANCELLED
1276,1276,CVG1276,Theft,9333983.07,161766.1,2023-01-12,2024-01-12,SUSPENDED
1277,1277,CVG1277,Personal Accident,6580420.85,107047.11,2023-01-13,2024-01-13,ACTIVE
1278,1278,CVG1278,Glass Protection,3781253.3,172693.67,2023-01-14,2024-01-14,EXPIRED
1279,1279,CVG1279,Natural Disaster,1738698.28,39703.82,2023-01-15,2024-01-15,CANCELLED
1280,1280,CVG1280,Business Interruption,3124541.52,113967.22,2023-01-16,2024-01-16,SUSPENDED
1281,1281,CVG1281,Comprehensive,2418024.03,83414.18,2023-01-17,2024-01-17,ACTIVE
1282,1282,CVG1282,Collision,7066610.59,35678.49,2023-01-18,2024-01-18,EXPIRED
1283,1283,CVG1283,Third Party Liability,4820386.41,52886.82,2023-01-19,2024-01-19,CANCELLED
1284,1284,CVG1284,Fire,2339289.53,83276.89,2023-01-20,2024-01-20,SUSPENDED
1285,1285,CVG1285,Flood,191940.78,6967.81,2023-01-21,2024-01-21,ACTIVE
1286,1286,CVG1286,Theft,8189379.37,405103.79,2023-01-22,2024-01-22,EXPIRED
1287,1287,CVG1287,Personal Accident,4280907.94,46866.87,2023-01-23,2024-01-23,CANCELLED
1288,1288,CVG1288,Glass Protection,801200.22,17817.21,2023-01-24,2024-01-24,SUSPENDED
1289,1289,CVG1289,Natural Disaster,7334557.48,70479.4,2023-01-25,2024-01-25,ACTIVE
1290,1290,CVG1290,Business Interruption,3202179.63,142959.72,2023-01-26,2024-01-26,EXPIRED
1291,1291,CVG1291,Comprehensive,1457580.02,58020.02,2023-01-27,2024-01-27,CANCELLED
1292,1292,CVG1292,Collision,7556262.23,83055.26,2023-01-28,2024-01-28,SUSPENDED
1293,1293,CVG1293,Third Party Liability,9930107.54,113485.12,2023-01-29,2024-01-29,ACTIVE
1294,1294,CVG1294,Fire,5352031.94,28801.23,2023-01-30,2024-01-30,EXPIRED
1295,1295,CVG1295,Flood,6535200.11,162102.2,2023-01-31,2024-01-31,CANCELLED
1296,1296,CVG1296,Theft,7252077.06,241230.2,2023-02-01,2024-02-01,SUSPENDED
1297,1297,CVG1297,Personal Accident,1598603.9,37610.27,2023-02-02,2024-02-02,ACTIVE
1298,1298,CVG1298,Glass Protection,6897005.08,301387.49,2023-02-03,2024-02-03,EXPIRED
1299,1299,CVG1299,Natural Disaster,958211.53,9123.06,2023-02-04,2024-02-04,CANCELLED
1300,1300,CVG1300,Business Interruption,7549211.9,238032.89,2023-02-05,2024-02-05,SUSPENDED
1301,1301,CVG1301,Comprehensive,3901915.9,188642.78,2023-02-06,2024-02-06,ACTIVE
1302,1302,CVG1302,Collision,3213586.32,36288.97,2023-02-07,2024-02-07,EXPIRED
1303,1303,CVG1303,Third Party Liability,2841979.8,24984.39,2023-02-08,2024-02-08,CANCELLED
1304,1304,CVG1304,Fire,5578626.65,178518.03,2023-02-09,2024-02-09,SUSPENDED
1305,1305,CVG1305,Flood,6115171.68,244934.85,2023-02-10,2024-02-10,ACTIVE
1306,1306,CVG1306,Theft,6935713.14,299311.7,2023-02-11,2024-02-11,EXPIRED
1307,1307,CVG1307,Personal Accident,6618213.16,122928.15,2023-02-12,2024-02-12,CANCELLED
1308,1308,CVG1308,Glass Protection,5225716.37,145946.5,2023-02-13,2024-02-13,SUSPENDED
1309,1309,CVG1309,Natural Disaster,7503652.05,137312.27,2023-02-14,2024-02-14,ACTIVE
1310,1310,CVG1310,Business Interruption,640234.4,29070.52,2023-02-15,2024-02-15,EXPIRED
1311,1311,CVG1311,Comprehensive,9551247.96,260462.03,2023-02-16,2024-02-16,CANCELLED
1312,1312,CVG1312,Collision,1216162.26,33421.62,2023-02-17,2024-02-17,SUSPENDED
1313,1313,CVG1313,Third Party Liability,5979904.7,172059.16,2023-02-18,2024-02-18,ACTIVE
1314,1314,CVG1314,Fire,9779199.78,483187.46,2023-02-19,2024-02-19,EXPIRED
1315,1315,CVG1315,Flood,9345851.58,102236.42,2023-02-20,2024-02-20,CANCELLED
1316,1316,CVG1316,Theft,8622058.64,263637.7,2023-02-21,2024-02-21,SUSPENDED
1317,1317,CVG1317,Personal Accident,3717583.38,132838.15,2023-02-22,2024-02-22,ACTIVE
1318,1318,CVG1318,Glass Protection,7650986.79,366867.76,2023-02-23,2024-02-23,EXPIRED
1319,1319,CVG1319,Natural Disaster,7726633.79,44436.05,2023-02-24,2024-02-24,CANCELLED
1320,1320,CVG1320,Business Interruption,768572.44,12910.74,2023-02-25,2024-02-25,SUSPENDED
1321,1321,CVG1321,Comprehensive,494285.93,3816.43,2023-02-26,2024-02-26,ACTIVE
1322,1322,CVG1322,Collision,7913970.99,219988.43,2023-02-27,2024-02-27,EXPIRED
1323,1323,CVG1323,Third Party Liability,6322849.89,174176.83,2023-02-28,2024-02-28,CANCELLED
1324,1324,CVG1324,Fire,4212776.74,154109.6,2023-03-01,2024-02-29,SUSPENDED
1325,1325,CVG1325,Flood,916035.34,26698.23,2023-03-02,2024-03-01,ACTIVE
1326,1326,CVG1326,Theft,6198865.85,108393.67,2023-03-03,2024-03-02,EXPIRED
1327,1327,CVG1327,Personal Accident,3168078.17,88733.79,2023-03-04,2024-03-03,CANCELLED
1328,1328,CVG1328,Glass Protection,2111655.19,87343.77,2023-03-05,2024-03-04,SUSPENDED
1329,1329,CVG1329,Natural Disaster,5410262.71,122179.52,2023-03-06,2024-03-05,ACTIVE
1330,1330,CVG1330,Business Interruption,6379513.05,271471.83,2023-03-07,2024-03-06,EXPIRED
1331,1331,CVG1331,Comprehensive,6842451.28,54569.77,2023-03-08,2024-03-07,CANCELLED
1332,1332,CVG1332,Collision,7016891.23,265576.19,2023-03-09,2024-03-08,SUSPENDED
1333,1333,CVG1333,Third Party Liability,8480034.34,64497.17,2023-03-10,2024-03-09,ACTIVE
1334,1334,CVG1334,Fire,953506.7,23410.27,2023-03-11,2024-03-10,EXPIRED
1335,1335,CVG1335,Flood,4588381.24,148651.89,2023-03-12,2024-03-11,CANCELLED
1336,1336,CVG1336,Theft,3161971.63,121344.48,2023-03-13,2024-03-12,SUSPENDED
1337,1337,CVG1337,Personal Accident,7432515.98,77111.87,2023-03-14,2024-03-13,ACTIVE
1338,1338,CVG1338,Glass Protection,7108216.01,259929.56,2023-03-15,2024-03-14,EXPIRED
1339,1339,CVG1339,Natural Disaster,1721943.05,82456.5,2023-03-16,2024-03-15,CANCELLED
1340,1340,CVG1340,Business Interruption,5277753.09,212347.33,2023-03-17,2024-03-16,SUSPENDED
1341,1341,CVG1341,Comprehensive,7235578.63,90541.2,2023-03-18,2024-03-17,ACTIVE
1342,1342,CVG1342,Collision,1356613.01,54468.8,2023-03-19,2024-03-18,EXPIRED
1343,1343,CVG1343,Third Party Liability,2760768.42,123927.21,2023-03-20,2024-03-19,CANCELLED
1344,1344,CVG1344,Fire,7737159.88,48906.83,2023-03-21,2024-03-20,SUSPENDED
1345,1345,CVG1345,Flood,8090367.68,139470.87,2023-03-22,2024-03-21,ACTIVE
1346,1346,CVG1346,Theft,732332.69,27136.26,2023-03-23,2024-03-22,EXPIRED
1347,1347,CVG1347,Personal Accident,5808851.58,49190.23,2023-03-24,2024-03-23,CANCELLED
1348,1348,CVG1348,Glass Protection,4606458.0,97682.59,2023-03-25,2024-03-24,SUSPENDED
1349,1349,CVG1349,Natural Disaster,5046139.06,153957.08,2023-03-26,2024-03-25,ACTIVE
1350,1350,CVG1350,Business Interruption,3740109.0,61637.83,2023-03-27,2024-03-26,EXPIRED
1351,1351,CVG1351,Comprehensive,1118758.66,34486.91,2023-03-28,2024-03-27,CANCELLED
1352,1352,CVG1352,Collision,7255505.9,110851.06,2023-03-29,2024-03-28,SUSPENDED
1353,1353,CVG1353,Third Party Liability,5137366.36,35867.58,2023-03-30,2024-03-29,ACTIVE
1354,1354,CVG1354,Fire,8642992.1,138329.49,2023-03-31,2024-03-30,EXPIRED
1355,1355,CVG1355,Flood,4770469.44,106066.98,2023-04-01,2024-03-31,CANCELLED
1356,1356,CVG1356,Theft,1585838.22,74379.31,2023-04-02,2024-04-01,SUSPENDED
1357,1357,CVG1357,Personal Accident,8589103.46,256633.1,2023-04-03,2024-04-02,ACTIVE
1358,1358,CVG1358,Glass Protection,9148081.93,350645.64,2023-04-04,2024-04-03,EXPIRED
1359,1359,CVG1359,Natural Disaster,4251756.11,82828.85,2023-04-05,2024-04-04,CANCELLED
1360,1360,CVG1360,Business Interruption,4220940.33,157917.86,2023-04-06,2024-04-05,SUSPENDED
1361,1361,CVG1361,Comprehensive,2785453.78,23690.06,2023-04-07,2024-04-06,ACTIVE
1362,1362,CVG1362,Collision,3790800.85,104595.18,2023-04-08,2024-04-07,EXPIRED
1363,1363,CVG1363,Third Party Liability,9029215.99,118016.33,2023-04-09,2024-04-08,CANCELLED
1364,1364,CVG1364,Fire,8062946.39,396403.66,2023-04-10,2024-04-09,SUSPENDED
1365,1365,CVG1365,Flood,9545386.13,77333.76,2023-04-11,2024-04-10,ACTIVE
1366,1366,CVG1366,Theft,4704432.36,83286.37,2023-04-12,2024-04-11,EXPIRED
1367,1367,CVG1367,Personal Accident,8463980.39,166981.99,2023-04-13,2024-04-12,CANCELLED
1368,1368,CVG1368,Glass Protection,5575604.81,29877.51,2023-04-14,2024-04-13,SUSPENDED
1369,1369,CVG1369,Natural Disaster,2086644.42,63374.11,2023-04-15,2024-04-14,ACTIVE
1370,1370,CVG1370,Business Interruption,3108702.14,102656.46,2023-04-16,2024-04-15,EXPIRED
1371,1371,CVG1371,Comprehensive,4692874.24,148417.27,2023-04-17,2024-04-16,CANCELLED
1372,1372,CVG1372,Collision,4984270.69,198212.47,2023-04-18,2024-04-17,SUSPENDED
1373,1373,CVG1373,Third Party Liability,2034682.0,92618.62,2023-04-19,2024-04-18,ACTIVE
1374,1374,CVG1374,Fire,7628773.98,122294.66,2023-04-20,2024-04-19,EXPIRED
1375,1375,CVG1375,Flood,163141.04,3825.92,2023-04-21,2024-04-20,CANCELLED
1376,1376,CVG1376,Theft,2406677.64,49551.25,2023-04-22,2024-04-21,SUSPENDED
1377,1377,CVG1377,Personal Accident,8411782.67,374105.1,2023-04-23,2024-04-22,ACTIVE
1378,1378,CVG1378,Glass Protection,9514803.6,48200.01,2023-04-24,2024-04-23,EXPIRED
1379,1379,CVG1379,Natural Disaster,6607308.12,285470.53,2023-04-25,2024-04-24,CANCELLED
1380,1380,CVG1380,Business Interruption,7299428.89,70641.73,2023-04-26,2024-04-25,SUSPENDED
1381,1381,CVG1381,Comprehensive,5345163.44,84012.83,2023-04-27,2024-04-26,ACTIVE
1382,1382,CVG1382,Collision,4971085.88,38253.89,2023-04-28,2024-04-27,EXPIRED
1383,1383,CVG1383,Third Party Liability,9969896.77,369129.06,2023-04-29,2024-04-28,CANCELLED
1384,1384,CVG1384,Fire,1020963.72,47431.27,2023-04-30,2024-04-29,SUSPENDED
1385,1385,CVG1385,Flood,8983145.97,255024.01,2023-05-01,2024-04-30,ACTIVE
1386,1386,CVG1386,Theft,7038384.41,153170.3,2023-05-02,2024-05-01,EXPIRED
1387,1387,CVG1387,Personal Accident,9748092.42,85984.11,2023-05-03,2024-05-02,CANCELLED
1388,1388,CVG1388,Glass Protection,1046212.35,11516.83,2023-05-04,2024-05-03,SUSPENDED
1389,1389,CVG1389,Natural Disaster,8217632.63,68759.99,2023-05-05,2024-05-04,ACTIVE
1390,1390,CVG1390,Business Interruption,5721425.21,140599.62,2023-05-06,2024-05-05,EXPIRED
1391,1391,CVG1391,Comprehensive,9645760.92,151001.76,2023-05-07,2024-05-06,CANCELLED
1392,1392,CVG1392,Collision,2683810.3,51463.14,2023-05-08,2024-05-07,SUSPENDED
1393,1393,CVG1393,Third Party Liability,8028086.54,293287.29,2023-05-09,2024-05-08,ACTIVE
1394,1394,CVG1394,Fire,7379993.4,142526.84,2023-05-10,2024-05-09,EXPIRED
1395,1395,CVG1395,Flood,2792363.13,23346.77,2023-05-11,2024-05-10,CANCELLED
1396,1396,CVG1396,Theft,2106855.0,84478.91,2023-05-12,2024-05-11,SUSPENDED
1397,1397,CVG1397,Personal Accident,5888609.55,70624.89,2023-05-13,2024-05-12,ACTIVE
1398,1398,CVG1398,Glass Protection,1727312.31,44862.58,2023-05-14,2024-05-13,EXPIRED
1399,1399,CVG1399,Natural Disaster,4124474.26,120090.69,2023-05-15,2024-05-14,CANCELLED
1400,1400,CVG1400,Business Interruption,9649883.75,138414.36,2023-05-16,2024-05-15,SUSPENDED
1401,1401,CVG1401,Comprehensive,3152246.41,53352.89,2023-05-17,2024-05-16,ACTIVE
1402,1402,CVG1402,Collision,1287144.21,15565.04,2023-05-18,2024-05-17,EXPIRED
1403,1403,CVG1403,Third Party Liability,6891942.95,290753.16,2023-05-19,2024-05-18,CANCELLED
1404,1404,CVG1404,Fire,6999092.03,47697.7,2023-05-20,2024-05-19,SUSPENDED
1405,1405,CVG1405,Flood,8375655.03,165425.17,2023-05-21,2024-05-20,ACTIVE
1406,1406,CVG1406,Theft,1003007.75,16218.48,2023-05-22,2024-05-21,EXPIRED
1407,1407,CVG1407,Personal Accident,3621853.28,101794.67,2023-05-23,2024-05-22,CANCELLED
1408,1408,CVG1408,Glass Protection,6804115.43,113679.8,2023-05-24,2024-05-23,SUSPENDED
1409,1409,CVG1409,Natural Disaster,9907698.54,63396.33,2023-05-25,2024-05-24,ACTIVE
1410,1410,CVG1410,Business Interruption,4103483.04,104019.41,2023-05-26,2024-05-25,EXPIRED
1411,1411,CVG1411,Comprehensive,7505976.63,121922.34,2023-05-27,2024-05-26,CANCELLED
1412,1412,CVG1412,Collision,4674228.16,192463.0,2023-05-28,2024-05-27,SUSPENDED
1413,1413,CVG1413,Third Party Liability,1483951.09,8218.21,2023-05-29,2024-05-28,ACTIVE
1414,1414,CVG1414,Fire,8320686.09,409506.94,2023-05-30,2024-05-29,EXPIRED
1415,1415,CVG1415,Flood,1394080.85,58642.43,2023-05-31,2024-05-30,CANCELLED
1416,1416,CVG1416,Theft,3785173.46,126286.22,2023-06-01,2024-05-31,SUSPENDED
1417,1417,CVG1417,Personal Accident,6482381.66,202279.94,2023-06-02,2024-06-01,ACTIVE
1418,1418,CVG1418,Glass Protection,2662324.46,110682.46,2023-06-03,2024-06-02,EXPIRED
1419,1419,CVG1419,Natural Disaster,315821.81,2495.38,2023-06-04,2024-06-03,CANCELLED
1420,1420,CVG1420,Business Interruption,9034711.21,225455.88,2023-06-05,2024-06-04,SUSPENDED
1421,1421,CVG1421,Comprehensive,1375036.34,62878.36,2023-06-06,2024-06-05,ACTIVE
1422,1422,CVG1422,Collision,8310626.15,165545.55,2023-06-07,2024-06-06,EXPIRED
1423,1423,CVG1423,Third Party Liability,522693.56,13456.63,2023-06-08,2024-06-07,CANCELLED
1424,1424,CVG1424,Fire,1763093.17,54346.97,2023-06-09,2024-06-08,SUSPENDED
1425,1425,CVG1425,Flood,8234685.48,187544.48,2023-06-10,2024-06-09,ACTIVE
1426,1426,CVG1426,Theft,391874.7,14007.4,2023-06-11,2024-06-10,EXPIRED
1427,1427,CVG1427,Personal Accident,1810791.4,26550.23,2023-06-12,2024-06-11,CANCELLED
1428,1428,CVG1428,Glass Protection,1952796.03,34356.43,2023-06-13,2024-06-12,SUSPENDED
1429,1429,CVG1429,Natural Disaster,8845895.61,58022.22,2023-06-14,2024-06-13,ACTIVE
1430,1430,CVG1430,Business Interruption,6229847.83,100053.32,2023-06-15,2024-06-14,EXPIRED
1431,1431,CVG1431,Comprehensive,3021541.11,71126.02,2023-06-16,2024-06-15,CANCELLED
1432,1432,CVG1432,Collision,5551817.79,42993.6,2023-06-17,2024-06-16,SUSPENDED
1433,1433,CVG1433,Third Party Liability,2869782.28,32071.6,2023-06-18,2024-06-17,ACTIVE
1434,1434,CVG1434,Fire,2074632.29,92962.95,2023-06-19,2024-06-18,EXPIRED
1435,1435,CVG1435,Flood,5305559.18,177120.51,2023-06-20,2024-06-19,CANCELLED
1436,1436,CVG1436,Theft,8041464.02,327835.06,2023-06-21,2024-06-20,SUSPENDED
1437,1437,CVG1437,Personal Accident,9895095.8,397646.39,2023-06-22,2024-06-21,ACTIVE
1438,1438,CVG1438,Glass Protection,3655209.89,107840.76,2023-06-23,2024-06-22,EXPIRED
1439,1439,CVG1439,Natural Disaster,4898326.91,225668.2,2023-06-24,2024-06-23,CANCELLED
1440,1440,CVG1440,Business Interruption,5073693.23,114042.2,2023-06-25,2024-06-24,SUSPENDED
1441,1441,CVG1441,Comprehensive,1880177.15,36380.47,2023-06-26,2024-06-25,ACTIVE
1442,1442,CVG1442,Collision,2268299.86,102775.34,2023-06-27,2024-06-26,EXPIRED
1443,1443,CVG1443,Third Party Liability,7807528.99,59623.02,2023-06-28,2024-06-27,CANCELLED
1444,1444,CVG1444,Fire,9916160.1,285827.89,2023-06-29,2024-06-28,SUSPENDED
1445,1445,CVG1445,Flood,7691737.47,384450.41,2023-06-30,2024-06-29,ACTIVE
1446,1446,CVG1446,Theft,9742400.63,92611.7,2023-07-01,2024-06-30,EXPIRED
1447,1447,CVG1447,Personal Accident,6602957.77,112208.78,2023-07-02,2024-07-01,CANCELLED
1448,1448,CVG1448,Glass Protection,8181223.1,378599.82,2023-07-03,2024-07-02,SUSPENDED
1449,1449,CVG1449,Natural Disaster,653495.69,32568.68,2023-07-04,2024-07-03,ACTIVE
1450,1450,CVG1450,Business Interruption,2272174.7,97914.21,2023-07-05,2024-07-04,EXPIRED
1451,1451,CVG1451,Comprehensive,7994167.81,167607.39,2023-07-06,2024-07-05,CANCELLED
1452,1452,CVG1452,Collision,8408300.3,361850.7,2023-07-07,2024-07-06,SUSPENDED
1453,1453,CVG1453,Third Party Liability,1843393.64,58368.07,2023-07-08,2024-07-07,ACTIVE
1454,1454,CVG1454,Fire,8081481.23,294110.93,2023-07-09,2024-07-08,EXPIRED
1455,1455,CVG1455,Flood,9148402.04,57354.04,2023-07-10,2024-07-09,CANCELLED
1456,1456,CVG1456,Theft,7035551.95,335174.7,2023-07-11,2024-07-10,SUSPENDED
1457,1457,CVG1457,Personal Accident,5679704.22,172321.66,2023-07-12,2024-07-11,ACTIVE
1458,1458,CVG1458,Glass Protection,1963513.28,97115.92,2023-07-13,2024-07-12,EXPIRED
1459,1459,CVG1459,Natural Disaster,8828100.96,239684.73,2023-07-14,2024-07-13,CANCELLED
1460,1460,CVG1460,Business Interruption,3159625.41,85529.92,2023-07-15,2024-07-14,SUSPENDED
1461,1461,CVG1461,Comprehensive,993548.03,15368.25,2023-07-16,2024-07-15,ACTIVE
1462,1462,CVG1462,Collision,2266208.52,65017.94,2023-07-17,2024-07-16,EXPIRED
1463,1463,CVG1463,Third Party Liability,106766.61,4943.86,2023-07-18,2024-07-17,CANCELLED
1464,1464,CVG1464,Fire,2094497.4,22771.44,2023-07-19,2024-07-18,SUSPENDED
1465,1465,CVG1465,Flood,7197682.56,333577.57,2023-07-20,2024-07-19,ACTIVE
1466,1466,CVG1466,Theft,8458412.46,165459.21,2023-07-21,2024-07-20,EXPIRED
1467,1467,CVG1467,Personal Accident,316937.67,9951.02,2023-07-22,2024-07-21,CANCELLED
1468,1468,CVG1468,Glass Protection,9180519.06,365811.48,2023-07-23,2024-07-22,SUSPENDED
1469,1469,CVG1469,Natural Disaster,8480160.79,370838.5,2023-07-24,2024-07-23,ACTIVE
1470,1470,CVG1470,Business Interruption,9609531.63,209599.12,2023-07-25,2024-07-24,EXPIRED
1471,1471,CVG1471,Comprehensive,9425039.81,214907.88,2023-07-26,2024-07-25,CANCELLED
1472,1472,CVG1472,Collision,1100218.48,20441.43,2023-07-27,2024-07-26,SUSPENDED
1473,1473,CVG1473,Third Party Liability,1450871.52,17537.66,2023-07-28,2024-07-27,ACTIVE
1474,1474,CVG1474,Fire,9492065.97,385690.3,2023-07-29,2024-07-28,EXPIRED
1475,1475,CVG1475,Flood,9610554.79,328806.99,2023-07-30,2024-07-29,CANCELLED
1476,1476,CVG1476,Theft,1824606.44,88663.89,2023-07-31,2024-07-30,SUSPENDED
1477,1477,CVG1477,Personal Accident,6966247.94,326006.71,2023-08-01,2024-07-31,ACTIVE
1478,1478,CVG1478,Glass Protection,7891218.75,118728.71,2023-08-02,2024-08-01,EXPIRED
1479,1479,CVG1479,Natural Disaster,5930606.54,76450.4,2023-08-03,2024-08-02,CANCELLED
1480,1480,CVG1480,Business Interruption,3137549.97,112896.67,2023-08-04,2024-08-03,SUSPENDED
1481,1481,CVG1481,Comprehensive,1360748.81,51432.76,2023-08-05,2024-08-04,ACTIVE
1482,1482,CVG1482,Collision,9493002.23,452734.73,2023-08-06,2024-08-05,EXPIRED
1483,1483,CVG1483,Third Party Liability,3976854.13,197819.62,2023-08-07,2024-08-06,CANCELLED
1484,1484,CVG1484,Fire,9655321.01,62346.57,2023-08-08,2024-08-07,SUSPENDED
1485,1485,CVG1485,Flood,6063647.81,281636.55,2023-08-09,2024-08-08,ACTIVE
1486,1486,CVG1486,Theft,9678563.69,144600.51,2023-08-10,2024-08-09,EXPIRED
1487,1487,CVG1487,Personal Accident,5698947.44,268710.79,2023-08-11,2024-08-10,CANCELLED
1488,1488,CVG1488,Glass Protection,1492369.34,57516.59,2023-08-12,2024-08-11,SUSPENDED
1489,1489,CVG1489,Natural Disaster,2456159.66,120860.46,2023-08-13,2024-08-12,ACTIVE
1490,1490,CVG1490,Business Interruption,1762085.43,79010.87,2023-08-14,2024-08-13,EXPIRED
1491,1491,CVG1491,Comprehensive,978387.52,36105.89,2023-08-15,2024-08-14,CANCELLED
1492,1492,CVG1492,Collision,6427116.61,288573.73,2023-08-16,2024-08-15,SUSPENDED
1493,1493,CVG1493,Third Party Liability,4521636.35,76571.92,2023-08-17,2024-08-16,ACTIVE
1494,1494,CVG1494,Fire,2570454.55,20694.13,2023-08-18,2024-08-17,EXPIRED
1495,1495,CVG1495,Flood,2640913.62,26043.52,2023-08-19,2024-08-18,CANCELLED
1496,1496,CVG1496,Theft,112683.46,2520.41,2023-08-20,2024-08-19,SUSPENDED
1497,1497,CVG1497,Personal Accident,7352586.5,357406.16,2023-08-21,2024-08-20,ACTIVE
1498,1498,CVG1498,Glass Protection,8857064.78,240811.99,2023-08-22,2024-08-21,EXPIRED
1499,1499,CVG1499,Natural Disaster,3849254.49,113826.61,2023-08-23,2024-08-22,CANCELLED
1500,1500,CVG1500,Business Interruption,1104142.74,29344.82,2023-08-24,2024-08-23,SUSPENDED
1501,1501,CVG1501,Comprehensive,8654102.13,296780.58,2023-08-25,2024-08-24,ACTIVE
1502,1502,CVG1502,Collision,6902888.0,85040.43,2023-08-26,2024-08-25,EXPIRED
1503,1503,CVG1503,Third Party Liability,829722.96,35727.3,2023-08-27,2024-08-26,CANCELLED
1504,1504,CVG1504,Fire,3019595.27,58405.8,2023-08-28,2024-08-27,SUSPENDED
1505,1505,CVG1505,Flood,9521455.1,79399.59,2023-08-29,2024-08-28,ACTIVE
1506,1506,CVG1506,Theft,1784041.51,39062.67,2023-08-30,2024-08-29,EXPIRED
1507,1507,CVG1507,Personal Accident,7346652.34,217586.4,2023-08-31,2024-08-30,CANCELLED
1508,1508,CVG1508,Glass Protection,8991429.31,82628.64,2023-09-01,2024-08-31,SUSPENDED
1509,1509,CVG1509,Natural Disaster,5980902.39,195061.23,2023-09-02,2024-09-01,ACTIVE
1510,1510,CVG1510,Business Interruption,4879094.19,31200.32,2023-09-03,2024-09-02,EXPIRED
1511,1511,CVG1511,Comprehensive,9430178.36,117168.78,2023-09-04,2024-09-03,CANCELLED
1512,1512,CVG1512,Collision,8908557.38,107523.35,2023-09-05,2024-09-04,SUSPENDED
1513,1513,CVG1513,Third Party Liability,1102452.33,15709.69,2023-09-06,2024-09-05,ACTIVE
1514,1514,CVG1514,Fire,1980844.15,72050.93,2023-09-07,2024-09-06,EXPIRED
1515,1515,CVG1515,Flood,7248177.24,274335.03,2023-09-08,2024-09-07,CANCELLED
1516,1516,CVG1516,Theft,2726121.22,48166.58,2023-09-09,2024-09-08,SUSPENDED
1517,1517,CVG1517,Personal Accident,2451728.02,17734.81,2023-09-10,2024-09-09,ACTIVE
1518,1518,CVG1518,Glass Protection,5760521.1,246512.59,2023-09-11,2024-09-10,EXPIRED
1519,1519,CVG1519,Natural Disaster,1620540.35,34415.9,2023-09-12,2024-09-11,CANCELLED
1520,1520,CVG1520,Business Interruption,4333298.98,79103.18,2023-09-13,2024-09-12,SUSPENDED
1521,1521,CVG1521,Comprehensive,6654000.24,212992.54,2023-09-14,2024-09-13,ACTIVE
1522,1522,CVG1522,Collision,2076780.53,12789.04,2023-09-15,2024-09-14,EXPIRED
1523,1523,CVG1523,Third Party Liability,1791238.7,32477.87,2023-09-16,2024-09-15,CANCELLED
1524,1524,CVG1524,Fire,911167.34,39152.5,2023-09-17,2024-09-16,SUSPENDED
1525,1525,CVG1525,Flood,3152698.66,72152.76,2023-09-18,2024-09-17,ACTIVE
1526,1526,CVG1526,Theft,4942058.44,171720.73,2023-09-19,2024-09-18,EXPIRED
1527,1527,CVG1527,Personal Accident,1002255.09,29552.16,2023-09-20,2024-09-19,CANCELLED
1528,1528,CVG1528,Glass Protection,1930324.08,86569.57,2023-09-21,2024-09-20,SUSPENDED
1529,1529,CVG1529,Natural Disaster,3757076.48,94151.91,2023-09-22,2024-09-21,ACTIVE
1530,1530,CVG1530,Business Interruption,2706630.07,70176.44,2023-09-23,2024-09-22,EXPIRED
1531,1531,CVG1531,Comprehensive,2339798.57,39976.14,2023-09-24,2024-09-23,CANCELLED
1532,1532,CVG1532,Collision,710229.76,27592.84,2023-09-25,2024-09-24,SUSPENDED
1533,1533,CVG1533,Third Party Liability,6707937.75,59411.06,2023-09-26,2024-09-25,ACTIVE
1534,1534,CVG1534,Fire,3503534.73,102882.02,2023-09-27,2024-09-26,EXPIRED
1535,1535,CVG1535,Flood,9709984.82,306230.49,2023-09-28,2024-09-27,CANCELLED
1536,1536,CVG1536,Theft,5580658.87,239052.39,2023-09-29,2024-09-28,SUSPENDED
1537,1537,CVG1537,Personal Accident,8202211.63,195527.96,2023-09-30,2024-09-29,ACTIVE
1538,1538,CVG1538,Glass Protection,5401592.68,237725.34,2023-10-01,2024-09-30,EXPIRED
1539,1539,CVG1539,Natural Disaster,4800761.44,214471.25,2023-10-02,2024-10-01,CANCELLED
1540,1540,CVG1540,Business Interruption,4814996.58,41182.56,2023-10-03,2024-10-02,SUSPENDED
1541,1541,CVG1541,Comprehensive,9037494.29,335686.49,2023-10-04,2024-10-03,ACTIVE
1542,1542,CVG1542,Collision,5070804.56,230825.45,2023-10-05,2024-10-04,EXPIRED
1543,1543,CVG1543,Third Party Liability,8024458.33,284780.56,2023-10-06,2024-10-05,CANCELLED
1544,1544,CVG1544,Fire,6240703.83,64982.48,2023-10-07,2024-10-06,SUSPENDED
1545,1545,CVG1545,Flood,7596168.68,97075.65,2023-10-08,2024-10-07,ACTIVE
1546,1546,CVG1546,Theft,9845243.1,479930.2,2023-10-09,2024-10-08,EXPIRED
1547,1547,CVG1547,Personal Accident,8103761.14,86534.96,2023-10-10,2024-10-09,CANCELLED
1548,1548,CVG1548,Glass Protection,4291411.5,212307.27,2023-10-11,2024-10-10,SUSPENDED
1549,1549,CVG1549,Natural Disaster,4410393.13,219977.69,2023-10-12,2024-10-11,ACTIVE
1550,1550,CVG1550,Business Interruption,6309539.5,268375.41,2023-10-13,2024-10-12,EXPIRED
1551,1551,CVG1551,Comprehensive,2653074.96,122004.84,2023-10-14,2024-10-13,CANCELLED
1552,1552,CVG1552,Collision,9150321.98,73344.75,2023-10-15,2024-10-14,SUSPENDED
1553,1553,CVG1553,Third Party Liability,3942181.61,90200.96,2023-10-16,2024-10-15,ACTIVE
1554,1554,CVG1554,Fire,3328655.37,58015.26,2023-10-17,2024-10-16,EXPIRED
1555,1555,CVG1555,Flood,4635756.09,205391.72,2023-10-18,2024-10-17,CANCELLED
1556,1556,CVG1556,Theft,7886851.32,260562.69,2023-10-19,2024-10-18,SUSPENDED
1557,1557,CVG1557,Personal Accident,5273363.9,125937.01,2023-10-20,2024-10-19,ACTIVE
1558,1558,CVG1558,Glass Protection,4202979.75,49044.52,2023-10-21,2024-10-20,EXPIRED
1559,1559,CVG1559,Natural Disaster,5920547.92,231653.17,2023-10-22,2024-10-21,CANCELLED
1560,1560,CVG1560,Business Interruption,9402534.85,438362.79,2023-10-23,2024-10-22,SUSPENDED
1561,1561,CVG1561,Comprehensive,5670569.22,54123.14,2023-10-24,2024-10-23,ACTIVE
1562,1562,CVG1562,Collision,2932319.26,85340.77,2023-10-25,2024-10-24,EXPIRED
1563,1563,CVG1563,Third Party Liability,3504304.87,82316.3,2023-10-26,2024-10-25,CANCELLED
1564,1564,CVG1564,Fire,3892130.38,104508.82,2023-10-27,2024-10-26,SUSPENDED
1565,1565,CVG1565,Flood,6128725.3,40976.38,2023-10-28,2024-10-27,ACTIVE
1566,1566,CVG1566,Theft,2826600.01,32430.63,2023-10-29,2024-10-28,EXPIRED
1567,1567,CVG1567,Personal Accident,6125687.11,221840.27,2023-10-30,2024-10-29,CANCELLED
1568,1568,CVG1568,Glass Protection,483947.07,21792.54,2023-10-31,2024-10-30,SUSPENDED
1569,1569,CVG1569,Natural Disaster,3381791.35,53063.92,2023-11-01,2024-10-31,ACTIVE
1570,1570,CVG1570,Business Interruption,7482923.22,347488.8,2023-11-02,2024-11-01,EXPIRED
1571,1571,CVG1571,Comprehensive,8980610.49,53079.72,2023-11-03,2024-11-02,CANCELLED
1572,1572,CVG1572,Collision,8192120.66,152680.43,2023-11-04,2024-11-03,SUSPENDED
1573,1573,CVG1573,Third Party Liability,2875431.87,77989.95,2023-11-05,2024-11-04,ACTIVE
1574,1574,CVG1574,Fire,6992210.16,65865.1,2023-11-06,2024-11-05,EXPIRED
1575,1575,CVG1575,Flood,8702110.25,96135.24,2023-11-07,2024-11-06,CANCELLED
1576,1576,CVG1576,Theft,9744772.3,243034.4,2023-11-08,2024-11-07,SUSPENDED
1577,1577,CVG1577,Personal Accident,8275650.98,141711.41,2023-11-09,2024-11-08,ACTIVE
1578,1578,CVG1578,Glass Protection,4226050.0,143896.86,2023-11-10,2024-11-09,EXPIRED
1579,1579,CVG1579,Natural Disaster,1960563.34,28452.82,2023-11-11,2024-11-10,CANCELLED
1580,1580,CVG1580,Business Interruption,8257297.4,316605.56,2023-11-12,2024-11-11,SUSPENDED
1581,1581,CVG1581,Comprehensive,7618983.62,335414.35,2023-11-13,2024-11-12,ACTIVE
1582,1582,CVG1582,Collision,8228072.18,231925.79,2023-11-14,2024-11-13,EXPIRED
1583,1583,CVG1583,Third Party Liability,1673827.18,31803.62,2023-11-15,2024-11-14,CANCELLED
1584,1584,CVG1584,Fire,5117273.22,56823.44,2023-11-16,2024-11-15,SUSPENDED
1585,1585,CVG1585,Flood,8527823.88,380084.83,2023-11-17,2024-11-16,ACTIVE
1586,1586,CVG1586,Theft,386586.78,5286.32,2023-11-18,2024-11-17,EXPIRED
1587,1587,CVG1587,Personal Accident,8346006.34,356073.6,2023-11-19,2024-11-18,CANCELLED
1588,1588,CVG1588,Glass Protection,2569953.59,65637.1,2023-11-20,2024-11-19,SUSPENDED
1589,1589,CVG1589,Natural Disaster,9188507.59,337296.58,2023-11-21,2024-11-20,ACTIVE
1590,1590,CVG1590,Business Interruption,2812377.23,118282.35,2023-11-22,2024-11-21,EXPIRED
1591,1591,CVG1591,Comprehensive,5100751.11,171351.78,2023-11-23,2024-11-22,CANCELLED
1592,1592,CVG1592,Collision,1326341.3,8455.88,2023-11-24,2024-11-23,SUSPENDED
1593,1593,CVG1593,Third Party Liability,3787420.94,120182.3,2023-11-25,2024-11-24,ACTIVE
1594,1594,CVG1594,Fire,1858078.57,82074.37,2023-11-26,2024-11-25,EXPIRED
1595,1595,CVG1595,Flood,5910114.46,122571.02,2023-11-27,2024-11-26,CANCELLED
1596,1596,CVG1596,Theft,1718784.78,77778.68,2023-11-28,2024-11-27,SUSPENDED
1597,1597,CVG1597,Personal Accident,7514715.23,270516.78,2023-11-29,2024-11-28,ACTIVE
1598,1598,CVG1598,Glass Protection,2922186.83,65443.7,2023-11-30,2024-11-29,EXPIRED
1599,1599,CVG1599,Natural Disaster,1712783.32,52670.85,2023-12-01,2024-11-30,CANCELLED
1600,1600,CVG1600,Business Interruption,9652684.33,420567.49,2023-12-02,2024-12-01,SUSPENDED
1601,1601,CVG1601,Comprehensive,6509060.93,231047.49,2023-12-03,2024-12-02,ACTIVE
1602,1602,CVG1602,Collision,2763927.43,64752.8,2023-12-04,2024-12-03,EXPIRED
1603,1603,CVG1603,Third Party Liability,298518.34,11974.66,2023-12-05,2024-12-04,CANCELLED
1604,1604,CVG1604,Fire,7698970.01,41577.59,2023-12-06,2024-12-05,SUSPENDED
1605,1605,CVG1605,Flood,9124002.84,311417.91,2023-12-07,2024-12-06,ACTIVE
1606,1606,CVG1606,Theft,6051305.31,32561.27,2023-12-08,2024-12-07,EXPIRED
1607,1607,CVG1607,Personal Accident,2598665.37,107139.99,2023-12-09,2024-12-08,CANCELLED
1608,1608,CVG1608,Glass Protection,3124051.01,151566.77,2023-12-10,2024-12-09,SUSPENDED
1609,1609,CVG1609,Natural Disaster,6463129.08,155575.96,2023-12-11,2024-12-10,ACTIVE
1610,1610,CVG1610,Business Interruption,3827106.98,79190.17,2023-12-12,2024-12-11,EXPIRED
1611,1611,CVG1611,Comprehensive,2594787.22,67468.13,2023-12-13,2024-12-12,CANCELLED
1612,1612,CVG1612,Collision,6804241.95,286417.67,2023-12-14,2024-12-13,SUSPENDED
1613,1613,CVG1613,Third Party Liability,4031810.15,38721.68,2023-12-15,2024-12-14,ACTIVE
1614,1614,CVG1614,Fire,5163985.8,179737.67,2023-12-16,2024-12-15,EXPIRED
1615,1615,CVG1615,Flood,8448511.11,184518.35,2023-12-17,2024-12-16,CANCELLED
1616,1616,CVG1616,Theft,6508686.99,210928.68,2023-12-18,2024-12-17,SUSPENDED
1617,1617,CVG1617,Personal Accident,3054911.67,30135.8,2023-12-19,2024-12-18,ACTIVE
1618,1618,CVG1618,Glass Protection,731986.83,36215.96,2023-12-20,2024-12-19,EXPIRED
1619,1619,CVG1619,Natural Disaster,6441887.98,281942.9,2023-12-21,2024-12-20,CANCELLED
1620,1620,CVG1620,Business Interruption,2685354.39,99356.02,2023-12-22,2024-12-21,SUSPENDED
1621,1621,CVG1621,Comprehensive,8934500.6,164802.22,2023-12-23,2024-12-22,ACTIVE
1622,1622,CVG1622,Collision,1584300.03,62494.85,2023-12-24,2024-12-23,EXPIRED
1623,1623,CVG1623,Third Party Liability,9006901.74,371483.74,2023-12-25,2024-12-24,CANCELLED
1624,1624,CVG1624,Fire,8043401.07,257400.89,2023-12-26,2024-12-25,SUSPENDED
1625,1625,CVG1625,Flood,6639250.2,236583.1,2023-12-27,2024-12-26,ACTIVE
1626,1626,CVG1626,Theft,7240703.66,249753.78,2023-12-28,2024-12-27,EXPIRED
1627,1627,CVG1627,Personal Accident,9974944.09,166324.04,2023-12-29,2024-12-28,CANCELLED
1628,1628,CVG1628,Glass Protection,4243800.29,95368.26,2023-12-30,2024-12-29,SUSPENDED
1629,1629,CVG1629,Natural Disaster,449658.15,16575.79,2023-12-31,2024-12-30,ACTIVE
1630,1630,CVG1630,Business Interruption,5763220.1,78069.63,2024-01-01,2024-12-31,EXPIRED
1631,1631,CVG1631,Comprehensive,7292843.78,109438.92,2024-01-02,2025-01-01,CANCELLED
1632,1632,CVG1632,Collision,5392887.51,217443.21,2024-01-03,2025-01-02,SUSPENDED
1633,1633,CVG1633,Third Party Liability,9074612.4,319735.63,2024-01-04,2025-01-03,ACTIVE
1634,1634,CVG1634,Fire,5122417.07,220488.63,2024-01-05,2025-01-04,EXPIRED
1635,1635,CVG1635,Flood,8422323.08,374307.12,2024-01-06,2025-01-05,CANCELLED
1636,1636,CVG1636,Theft,1893244.99,17781.62,2024-01-07,2025-01-06,SUSPENDED
1637,1637,CVG1637,Personal Accident,1366646.98,22740.09,2024-01-08,2025-01-07,ACTIVE
1638,1638,CVG1638,Glass Protection,8102604.3,318686.12,2024-01-09,2025-01-08,EXPIRED
1639,1639,CVG1639,Natural Disaster,1912376.73,68055.86,2024-01-10,2025-01-09,CANCELLED
1640,1640,CVG1640,Business Interruption,3422761.39,30868.15,2024-01-11,2025-01-10,SUSPENDED
1641,1641,CVG1641,Comprehensive,3617305.62,139228.09,2024-01-12,2025-01-11,ACTIVE
1642,1642,CVG1642,Collision,3140144.19,127063.01,2024-01-13,2025-01-12,EXPIRED
1643,1643,CVG1643,Third Party Liability,3380039.66,56531.72,2024-01-14,2025-01-13,CANCELLED
1644,1644,CVG1644,Fire,3011106.1,130394.82,2024-01-15,2025-01-14,SUSPENDED
1645,1645,CVG1645,Flood,4758312.02,209307.21,2024-01-16,2025-01-15,ACTIVE
1646,1646,CVG1646,Theft,5877388.74,279138.02,2024-01-17,2025-01-16,EXPIRED
1647,1647,CVG1647,Personal Accident,805035.8,36246.07,2024-01-18,2025-01-17,CANCELLED
1648,1648,CVG1648,Glass Protection,5054726.01,222596.99,2024-01-19,2025-01-18,SUSPENDED
1649,1649,CVG1649,Natural Disaster,3878525.28,71465.74,2024-01-20,2025-01-19,ACTIVE
1650,1650,CVG1650,Business Interruption,635213.51,27594.18,2024-01-21,2025-01-20,EXPIRED
1651,1651,CVG1651,Comprehensive,1459916.07,20458.31,2024-01-22,2025-01-21,CANCELLED
1652,1652,CVG1652,Collision,4150999.28,127116.72,2024-01-23,2025-01-22,SUSPENDED
1653,1653,CVG1653,Third Party Liability,9075547.25,232249.74,2024-01-24,2025-01-23,ACTIVE
1654,1654,CVG1654,Fire,3232196.23,120254.12,2024-01-25,2025-01-24,EXPIRED
1655,1655,CVG1655,Flood,7811517.66,210451.18,2024-01-26,2025-01-25,CANCELLED
1656,1656,CVG1656,Theft,6347224.45,82241.57,2024-01-27,2025-01-26,SUSPENDED
1657,1657,CVG1657,Personal Accident,6381539.79,33261.27,2024-01-28,2025-01-27,ACTIVE
1658,1658,CVG1658,Glass Protection,2807925.84,110221.47,2024-01-29,2025-01-28,EXPIRED
1659,1659,CVG1659,Natural Disaster,1769196.99,69709.49,2024-01-30,2025-01-29,CANCELLED
1660,1660,CVG1660,Business Interruption,4946813.2,194709.6,2024-01-31,2025-01-30,SUSPENDED
1661,1661,CVG1661,Comprehensive,971609.3,31724.59,2024-02-01,2025-01-31,ACTIVE
1662,1662,CVG1662,Collision,6371526.65,147518.09,2024-02-02,2025-02-01,EXPIRED
1663,1663,CVG1663,Third Party Liability,9656745.62,214855.24,2024-02-03,2025-02-02,CANCELLED
1664,1664,CVG1664,Fire,473480.65,6616.25,2024-02-04,2025-02-03,SUSPENDED
1665,1665,CVG1665,Flood,3793703.91,21371.72,2024-02-05,2025-02-04,ACTIVE
1666,1666,CVG1666,Theft,3289910.03,139805.68,2024-02-06,2025-02-05,EXPIRED
1667,1667,CVG1667,Personal Accident,1986709.43,70436.13,2024-02-07,2025-02-06,CANCELLED
1668,1668,CVG1668,Glass Protection,6304200.59,102109.39,2024-02-08,2025-02-07,SUSPENDED
1669,1669,CVG1669,Natural Disaster,6965895.0,142771.17,2024-02-09,2025-02-08,ACTIVE
1670,1670,CVG1670,Business Interruption,1376414.92,30638.68,2024-02-10,2025-02-09,EXPIRED
1671,1671,CVG1671,Comprehensive,5927839.81,74192.3,2024-02-11,2025-02-10,CANCELLED
1672,1672,CVG1672,Collision,8256053.91,152069.09,2024-02-12,2025-02-11,SUSPENDED
1673,1673,CVG1673,Third Party Liability,2979195.14,112471.87,2024-02-13,2025-02-12,ACTIVE
1674,1674,CVG1674,Fire,6004062.19,121297.56,2024-02-14,2025-02-13,EXPIRED
1675,1675,CVG1675,Flood,8890943.03,442735.7,2024-02-15,2025-02-14,CANCELLED
1676,1676,CVG1676,Theft,3493055.11,159151.52,2024-02-16,2025-02-15,SUSPENDED
1677,1677,CVG1677,Personal Accident,3656583.78,49287.72,2024-02-17,2025-02-16,ACTIVE
1678,1678,CVG1678,Glass Protection,9486035.1,439385.97,2024-02-18,2025-02-17,EXPIRED
1679,1679,CVG1679,Natural Disaster,4093577.28,62545.04,2024-02-19,2025-02-18,CANCELLED
1680,1680,CVG1680,Business Interruption,7298971.4,79589.88,2024-02-20,2025-02-19,SUSPENDED
1681,1681,CVG1681,Comprehensive,7367358.53,232338.33,2024-02-21,2025-02-20,ACTIVE
1682,1682,CVG1682,Collision,1772948.94,38112.4,2024-02-22,2025-02-21,EXPIRED
1683,1683,CVG1683,Third Party Liability,6540349.76,43698.39,2024-02-23,2025-02-22,CANCELLED
1684,1684,CVG1684,Fire,8777786.96,144925.76,2024-02-24,2025-02-23,SUSPENDED
1685,1685,CVG1685,Flood,5393861.0,38762.51,2024-02-25,2025-02-24,ACTIVE
1686,1686,CVG1686,Theft,9947334.31,346054.29,2024-02-26,2025-02-25,EXPIRED
1687,1687,CVG1687,Personal Accident,6570319.42,38688.53,2024-02-27,2025-02-26,CANCELLED
1688,1688,CVG1688,Glass Protection,6928522.51,164586.36,2024-02-28,2025-02-27,SUSPENDED
1689,1689,CVG1689,Natural Disaster,3864512.25,114496.64,2024-02-29,2025-02-28,ACTIVE
1690,1690,CVG1690,Business Interruption,4796523.75,57034.12,2024-03-01,2025-03-01,EXPIRED
1691,1691,CVG1691,Comprehensive,6982401.09,232960.9,2024-03-02,2025-03-02,CANCELLED
1692,1692,CVG1692,Collision,3081052.9,107143.32,2024-03-03,2025-03-03,SUSPENDED
1693,1693,CVG1693,Third Party Liability,6658581.36,114187.82,2024-03-04,2025-03-04,ACTIVE
1694,1694,CVG1694,Fire,6095779.94,68104.24,2024-03-05,2025-03-05,EXPIRED
1695,1695,CVG1695,Flood,8323461.93,80913.54,2024-03-06,2025-03-06,CANCELLED
1696,1696,CVG1696,Theft,7215785.62,74308.56,2024-03-07,2025-03-07,SUSPENDED
1697,1697,CVG1697,Personal Accident,1228724.27,12019.22,2024-03-08,2025-03-08,ACTIVE
1698,1698,CVG1698,Glass Protection,2066601.95,28909.12,2024-03-09,2025-03-09,EXPIRED
1699,1699,CVG1699,Natural Disaster,2703639.76,77166.14,2024-03-10,2025-03-10,CANCELLED
1700,1700,CVG1700,Business Interruption,2096564.58,76848.85,2024-03-11,2025-03-11,SUSPENDED
1701,1701,CVG1701,Comprehensive,3023976.89,20482.17,2024-03-12,2025-03-12,ACTIVE
1702,1702,CVG1702,Collision,5013911.66,71930.73,2024-03-13,2025-03-13,EXPIRED
1703,1703,CVG1703,Third Party Liability,9337931.01,185611.57,2024-03-14,2025-03-14,CANCELLED
1704,1704,CVG1704,Fire,127106.19,4477.12,2024-03-15,2025-03-15,SUSPENDED
1705,1705,CVG1705,Flood,9078112.44,386595.48,2024-03-16,2025-03-16,ACTIVE
1706,1706,CVG1706,Theft,6723317.11,78740.14,2024-03-17,2025-03-17,EXPIRED
1707,1707,CVG1707,Personal Accident,991818.47,27797.44,2024-03-18,2025-03-18,CANCELLED
1708,1708,CVG1708,Glass Protection,7263279.81,69422.95,2024-03-19,2025-03-19,SUSPENDED
1709,1709,CVG1709,Natural Disaster,2633331.82,40559.14,2024-03-20,2025-03-20,ACTIVE
1710,1710,CVG1710,Business Interruption,9887792.71,181154.23,2024-03-21,2025-03-21,EXPIRED
1711,1711,CVG1711,Comprehensive,4696345.84,44574.9,2024-03-22,2025-03-22,CANCELLED
1712,1712,CVG1712,Collision,1829547.91,12395.19,2024-03-23,2025-03-23,SUSPENDED
1713,1713,CVG1713,Third Party Liability,2976615.05,122255.01,2024-03-24,2025-03-24,ACTIVE
1714,1714,CVG1714,Fire,3195800.36,122189.22,2024-03-25,2025-03-25,EXPIRED
1715,1715,CVG1715,Flood,1040484.86,40702.91,2024-03-26,2025-03-26,CANCELLED
1716,1716,CVG1716,Theft,554301.96,24023.42,2024-03-27,2025-03-27,SUSPENDED
1717,1717,CVG1717,Personal Accident,6667214.77,84493.96,2024-03-28,2025-03-28,ACTIVE
1718,1718,CVG1718,Glass Protection,3639521.3,89885.82,2024-03-29,2025-03-29,EXPIRED
1719,1719,CVG1719,Natural Disaster,6255889.63,278583.52,2024-03-30,2025-03-30,CANCELLED
1720,1720,CVG1720,Business Interruption,1020218.02,42515.95,2024-03-31,2025-03-31,SUSPENDED
1721,1721,CVG1721,Comprehensive,1910407.26,44006.21,2024-04-01,2025-04-01,ACTIVE
1722,1722,CVG1722,Collision,9626868.31,165894.9,2024-04-02,2025-04-02,EXPIRED
1723,1723,CVG1723,Third Party Liability,3918583.35,169597.15,2024-04-03,2025-04-03,CANCELLED
1724,1724,CVG1724,Fire,8019001.06,274234.53,2024-04-04,2025-04-04,SUSPENDED
1725,1725,CVG1725,Flood,7989404.61,80593.48,2024-04-05,2025-04-05,ACTIVE
1726,1726,CVG1726,Theft,6992081.75,53413.13,2024-04-06,2025-04-06,EXPIRED
1727,1727,CVG1727,Personal Accident,9430423.18,114794.59,2024-04-07,2025-04-07,CANCELLED
1728,1728,CVG1728,Glass Protection,4218674.39,133241.61,2024-04-08,2025-04-08,SUSPENDED
1729,1729,CVG1729,Natural Disaster,8042421.36,285728.66,2024-04-09,2025-04-09,ACTIVE
1730,1730,CVG1730,Business Interruption,1894479.55,41846.75,2024-04-10,2025-04-10,EXPIRED
1731,1731,CVG1731,Comprehensive,3650129.26,22983.88,2024-04-11,2025-04-11,CANCELLED
1732,1732,CVG1732,Collision,6876194.92,293848.29,2024-04-12,2025-04-12,SUSPENDED
1733,1733,CVG1733,Third Party Liability,9737101.34,105934.69,2024-04-13,2025-04-13,ACTIVE
1734,1734,CVG1734,Fire,9211940.06,92876.5,2024-04-14,2025-04-14,EXPIRED
1735,1735,CVG1735,Flood,4171714.21,29488.82,2024-04-15,2025-04-15,CANCELLED
1736,1736,CVG1736,Theft,2689967.39,51487.88,2024-04-16,2025-04-16,SUSPENDED
1737,1737,CVG1737,Personal Accident,7075224.95,251218.61,2024-04-17,2025-04-17,ACTIVE
1738,1738,CVG1738,Glass Protection,7698534.31,238263.52,2024-04-18,2025-04-18,EXPIRED
1739,1739,CVG1739,Natural Disaster,5693621.03,279017.61,2024-04-19,2025-04-19,CANCELLED
1740,1740,CVG1740,Business Interruption,6731459.15,136133.86,2024-04-20,2025-04-20,SUSPENDED
1741,1741,CVG1741,Comprehensive,5278721.43,192811.15,2024-04-21,2025-04-21,ACTIVE
1742,1742,CVG1742,Collision,1042897.17,36268.94,2024-04-22,2025-04-22,EXPIRED
1743,1743,CVG1743,Third Party Liability,2560912.25,52649.1,2024-04-23,2025-04-23,CANCELLED
1744,1744,CVG1744,Fire,6795326.13,151667.93,2024-04-24,2025-04-24,SUSPENDED
1745,1745,CVG1745,Flood,8406426.91,253247.74,2024-04-25,2025-04-25,ACTIVE
1746,1746,CVG1746,Theft,9879137.09,73653.66,2024-04-26,2025-04-26,EXPIRED
1747,1747,CVG1747,Personal Accident,6469647.29,78035.15,2024-04-27,2025-04-27,CANCELLED
1748,1748,CVG1748,Glass Protection,8503571.19,368495.47,2024-04-28,2025-04-28,SUSPENDED
1749,1749,CVG1749,Natural Disaster,8707214.78,72870.12,2024-04-29,2025-04-29,ACTIVE
1750,1750,CVG1750,Business Interruption,4967314.82,78682.92,2024-04-30,2025-04-30,EXPIRED
1751,1751,CVG1751,Comprehensive,9704435.98,70510.32,2024-05-01,2025-05-01,CANCELLED
1752,1752,CVG1752,Collision,2304794.58,78246.11,2024-05-02,2025-05-02,SUSPENDED
1753,1753,CVG1753,Third Party Liability,4092442.24,63739.79,2024-05-03,2025-05-03,ACTIVE
1754,1754,CVG1754,Fire,4645036.49,190710.14,2024-05-04,2025-05-04,EXPIRED
1755,1755,CVG1755,Flood,4536176.0,197534.66,2024-05-05,2025-05-05,CANCELLED
1756,1756,CVG1756,Theft,4525974.39,46806.76,2024-05-06,2025-05-06,SUSPENDED
1757,1757,CVG1757,Personal Accident,5023996.15,172834.44,2024-05-07,2025-05-07,ACTIVE
1758,1758,CVG1758,Glass Protection,1116168.88,26291.62,2024-05-08,2025-05-08,EXPIRED
1759,1759,CVG1759,Natural Disaster,5615597.01,28120.87,2024-05-09,2025-05-09,CANCELLED
1760,1760,CVG1760,Business Interruption,999865.91,32184.83,2024-05-10,2025-05-10,SUSPENDED
1761,1761,CVG1761,Comprehensive,6228754.92,116520.75,2024-05-11,2025-05-11,ACTIVE
1762,1762,CVG1762,Collision,5132543.63,73438.01,2024-05-12,2025-05-12,EXPIRED
1763,1763,CVG1763,Third Party Liability,6747596.27,322305.55,2024-05-13,2025-05-13,CANCELLED
1764,1764,CVG1764,Fire,3697090.53,27515.17,2024-05-14,2025-05-14,SUSPENDED
1765,1765,CVG1765,Flood,2306889.33,58711.95,2024-05-15,2025-05-15,ACTIVE
1766,1766,CVG1766,Theft,5645493.37,185675.24,2024-05-16,2025-05-16,EXPIRED
1767,1767,CVG1767,Personal Accident,4784023.44,165395.77,2024-05-17,2025-05-17,CANCELLED
1768,1768,CVG1768,Glass Protection,7187543.65,72817.37,2024-05-18,2025-05-18,SUSPENDED
1769,1769,CVG1769,Natural Disaster,7617267.52,114096.15,2024-05-19,2025-05-19,ACTIVE
1770,1770,CVG1770,Business Interruption,3479435.43,147335.91,2024-05-20,2025-05-20,EXPIRED
1771,1771,CVG1771,Comprehensive,9647893.47,175005.65,2024-05-21,2025-05-21,CANCELLED
1772,1772,CVG1772,Collision,5267652.36,192766.17,2024-05-22,2025-05-22,SUSPENDED
1773,1773,CVG1773,Third Party Liability,553203.29,6852.52,2024-05-23,2025-05-23,ACTIVE
1774,1774,CVG1774,Fire,1490446.95,55531.86,2024-05-24,2025-05-24,EXPIRED
1775,1775,CVG1775,Flood,7243435.04,71081.77,2024-05-25,2025-05-25,CANCELLED
1776,1776,CVG1776,Theft,6147432.48,82618.13,2024-05-26,2025-05-26,SUSPENDED
1777,1777,CVG1777,Personal Accident,9309140.97,211134.5,2024-05-27,2025-05-27,ACTIVE
1778,1778,CVG1778,Glass Protection,4624755.48,185748.3,2024-05-28,2025-05-28,EXPIRED
1779,1779,CVG1779,Natural Disaster,7196200.35,70878.68,2024-05-29,2025-05-29,CANCELLED
1780,1780,CVG1780,Business Interruption,4203256.42,196284.48,2024-05-30,2025-05-30,SUSPENDED
1781,1781,CVG1781,Comprehensive,8390915.75,264284.48,2024-05-31,2025-05-31,ACTIVE
1782,1782,CVG1782,Collision,7744237.22,195717.84,2024-06-01,2025-06-01,EXPIRED
1783,1783,CVG1783,Third Party Liability,6618721.28,317887.68,2024-06-02,2025-06-02,CANCELLED
1784,1784,CVG1784,Fire,1432896.54,39329.13,2024-06-03,2025-06-03,SUSPENDED
1785,1785,CVG1785,Flood,5350607.04,38447.98,2024-06-04,2025-06-04,ACTIVE
1786,1786,CVG1786,Theft,9359551.98,400090.19,2024-06-05,2025-06-05,EXPIRED
1787,1787,CVG1787,Personal Accident,4881026.44,136058.52,2024-06-06,2025-06-06,CANCELLED
1788,1788,CVG1788,Glass Protection,9219506.91,119614.89,2024-06-07,2025-06-07,SUSPENDED
1789,1789,CVG1789,Natural Disaster,5827688.42,220707.73,2024-06-08,2025-06-08,ACTIVE
1790,1790,CVG1790,Business Interruption,1370979.64,30755.53,2024-06-09,2025-06-09,EXPIRED
1791,1791,CVG1791,Comprehensive,6045405.62,270358.48,2024-06-10,2025-06-10,CANCELLED
1792,1792,CVG1792,Collision,5090690.18,113572.38,2024-06-11,2025-06-11,SUSPENDED
1793,1793,CVG1793,Third Party Liability,9797057.53,452780.43,2024-06-12,2025-06-12,ACTIVE
1794,1794,CVG1794,Fire,7647509.1,132392.26,2024-06-13,2025-06-13,EXPIRED
1795,1795,CVG1795,Flood,9639576.02,469178.64,2024-06-14,2025-06-14,CANCELLED
1796,1796,CVG1796,Theft,4583172.49,50422.84,2024-06-15,2025-06-15,SUSPENDED
1797,1797,CVG1797,Personal Accident,4186180.18,152798.27,2024-06-16,2025-06-16,ACTIVE
1798,1798,CVG1798,Glass Protection,7509425.97,138557.1,2024-06-17,2025-06-17,EXPIRED
1799,1799,CVG1799,Natural Disaster,7044793.67,308081.79,2024-06-18,2025-06-18,CANCELLED
1800,1800,CVG1800,Business Interruption,7147556.13,336635.91,2022-01-01,2023-01-01,SUSPENDED
1801,1801,CVG1801,Comprehensive,6362574.52,89330.6,2022-01-02,2023-01-02,ACTIVE
1802,1802,CVG1802,Collision,6279259.13,113504.37,2022-01-03,2023-01-03,EXPIRED
1803,1803,CVG1803,Third Party Liability,3518406.45,124047.81,2022-01-04,2023-01-04,CANCELLED
1804,1804,CVG1804,Fire,9815221.41,336209.49,2022-01-05,2023-01-05,SUSPENDED
1805,1805,CVG1805,Flood,9587431.88,265334.14,2022-01-06,2023-01-06,ACTIVE
1806,1806,CVG1806,Theft,6973688.54,136036.88,2022-01-07,2023-01-07,EXPIRED
1807,1807,CVG1807,Personal Accident,1242512.0,25907.25,2022-01-08,2023-01-08,CANCELLED
1808,1808,CVG1808,Glass Protection,4855662.23,148965.5,2022-01-09,2023-01-09,SUSPENDED
1809,1809,CVG1809,Natural Disaster,6704856.66,159485.12,2022-01-10,2023-01-10,ACTIVE
1810,1810,CVG1810,Business Interruption,7503900.36,321636.07,2022-01-11,2023-01-11,EXPIRED
1811,1811,CVG1811,Comprehensive,2930687.0,126396.28,2022-01-12,2023-01-12,CANCELLED
1812,1812,CVG1812,Collision,8102217.32,231098.32,2022-01-13,2023-01-13,SUSPENDED
1813,1813,CVG1813,Third Party Liability,350194.2,4041.14,2022-01-14,2023-01-14,ACTIVE
1814,1814,CVG1814,Fire,6735516.37,94267.65,2022-01-15,2023-01-15,EXPIRED
1815,1815,CVG1815,Flood,7526831.68,92144.17,2022-01-16,2023-01-16,CANCELLED
1816,1816,CVG1816,Theft,2937493.93,47808.43,2022-01-17,2023-01-17,SUSPENDED
1817,1817,CVG1817,Personal Accident,8409879.96,303401.29,2022-01-18,2023-01-18,ACTIVE
1818,1818,CVG1818,Glass Protection,3021891.6,117587.02,2022-01-19,2023-01-19,EXPIRED
1819,1819,CVG1819,Natural Disaster,419833.19,17478.15,2022-01-20,2023-01-20,CANCELLED
1820,1820,CVG1820,Business Interruption,1114552.06,49108.94,2022-01-21,2023-01-21,SUSPENDED
1821,1821,CVG1821,Comprehensive,7420975.55,325913.42,2022-01-22,2023-01-22,ACTIVE
1822,1822,CVG1822,Collision,7449886.09,225412.51,2022-01-23,2023-01-23,EXPIRED
1823,1823,CVG1823,Third Party Liability,2452195.18,98808.32,2022-01-24,2023-01-24,CANCELLED
1824,1824,CVG1824,Fire,8008335.35,143699.48,2022-01-25,2023-01-25,SUSPENDED
1825,1825,CVG1825,Flood,6678486.33,311830.66,2022-01-26,2023-01-26,ACTIVE
1826,1826,CVG1826,Theft,3936791.02,189169.06,2022-01-27,2023-01-27,EXPIRED
1827,1827,CVG1827,Personal Accident,9760644.95,186129.93,2022-01-28,2023-01-28,CANCELLED
1828,1828,CVG1828,Glass Protection,5566033.52,31077.59,2022-01-29,2023-01-29,SUSPENDED
1829,1829,CVG1829,Natural Disaster,2588277.17,85219.74,2022-01-30,2023-01-30,ACTIVE
1830,1830,CVG1830,Business Interruption,7831156.44,345787.17,2022-01-31,2023-01-31,EXPIRED
1831,1831,CVG1831,Comprehensive,8316836.47,382714.92,2022-02-01,2023-02-01,CANCELLED
1832,1832,CVG1832,Collision,7075827.78,241593.22,2022-02-02,2023-02-02,SUSPENDED
1833,1833,CVG1833,Third Party Liability,7575566.28,224219.2,2022-02-03,2023-02-03,ACTIVE
1834,1834,CVG1834,Fire,6073531.08,242495.47,2022-02-04,2023-02-04,EXPIRED
1835,1835,CVG1835,Flood,9646469.25,175932.28,2022-02-05,2023-02-05,CANCELLED
1836,1836,CVG1836,Theft,1856516.4,66314.11,2022-02-06,2023-02-06,SUSPENDED
1837,1837,CVG1837,Personal Accident,1951068.16,25014.22,2022-02-07,2023-02-07,ACTIVE
1838,1838,CVG1838,Glass Protection,5187083.84,113980.57,2022-02-08,2023-02-08,EXPIRED
1839,1839,CVG1839,Natural Disaster,4342227.36,130470.64,2022-02-09,2023-02-09,CANCELLED
1840,1840,CVG1840,Business Interruption,1387658.65,43405.09,2022-02-10,2023-02-10,SUSPENDED
1841,1841,CVG1841,Comprehensive,2624659.87,52165.97,2022-02-11,2023-02-11,ACTIVE
1842,1842,CVG1842,Collision,7125924.03,85270.63,2022-02-12,2023-02-12,EXPIRED
1843,1843,CVG1843,Third Party Liability,1621663.5,31652.2,2022-02-13,2023-02-13,CANCELLED
1844,1844,CVG1844,Fire,603468.87,28337.2,2022-02-14,2023-02-14,SUSPENDED
1845,1845,CVG1845,Flood,6194525.89,215476.95,2022-02-15,2023-02-15,ACTIVE
1846,1846,CVG1846,Theft,4956454.32,152512.4,2022-02-16,2023-02-16,EXPIRED
1847,1847,CVG1847,Personal Accident,3645047.32,146827.66,2022-02-17,2023-02-17,CANCELLED
1848,1848,CVG1848,Glass Protection,3246804.15,48371.83,2022-02-18,2023-02-18,SUSPENDED
1849,1849,CVG1849,Natural Disaster,1920304.07,15492.9,2022-02-19,2023-02-19,ACTIVE
1850,1850,CVG1850,Business Interruption,5100889.47,120977.32,2022-02-20,2023-02-20,EXPIRED
1851,1851,CVG1851,Comprehensive,5416655.93,49494.96,2022-02-21,2023-02-21,CANCELLED
1852,1852,CVG1852,Collision,2289861.0,33434.08,2022-02-22,2023-02-22,SUSPENDED
1853,1853,CVG1853,Third Party Liability,3385646.8,71897.26,2022-02-23,2023-02-23,ACTIVE
1854,1854,CVG1854,Fire,2262608.33,87946.47,2022-02-24,2023-02-24,EXPIRED
1855,1855,CVG1855,Flood,5351939.07,266785.59,2022-02-25,2023-02-25,CANCELLED
1856,1856,CVG1856,Theft,8254515.17,405717.62,2022-02-26,2023-02-26,SUSPENDED
1857,1857,CVG1857,Personal Accident,187156.59,6569.61,2022-02-27,2023-02-27,ACTIVE
1858,1858,CVG1858,Glass Protection,4512105.74,206213.79,2022-02-28,2023-02-28,EXPIRED
1859,1859,CVG1859,Natural Disaster,6175640.86,203493.09,2022-03-01,2023-03-01,CANCELLED
1860,1860,CVG1860,Business Interruption,9593078.48,342614.99,2022-03-02,2023-03-02,SUSPENDED
1861,1861,CVG1861,Comprehensive,3277276.4,151465.75,2022-03-03,2023-03-03,ACTIVE
1862,1862,CVG1862,Collision,9455377.94,211464.02,2022-03-04,2023-03-04,EXPIRED
1863,1863,CVG1863,Third Party Liability,5448349.4,96584.55,2022-03-05,2023-03-05,CANCELLED
1864,1864,CVG1864,Fire,9122225.67,383087.03,2022-03-06,2023-03-06,SUSPENDED
1865,1865,CVG1865,Flood,3812084.62,156778.66,2022-03-07,2023-03-07,ACTIVE
1866,1866,CVG1866,Theft,4511013.29,31456.76,2022-03-08,2023-03-08,EXPIRED
1867,1867,CVG1867,Personal Accident,8992987.93,122871.71,2022-03-09,2023-03-09,CANCELLED
1868,1868,CVG1868,Glass Protection,5187557.53,247288.44,2022-03-10,2023-03-10,SUSPENDED
1869,1869,CVG1869,Natural Disaster,1757208.61,84403.0,2022-03-11,2023-03-11,ACTIVE
1870,1870,CVG1870,Business Interruption,5425950.83,28919.65,2022-03-12,2023-03-12,EXPIRED
1871,1871,CVG1871,Comprehensive,748171.04,26309.49,2022-03-13,2023-03-13,CANCELLED
1872,1872,CVG1872,Collision,7758464.44,340773.39,2022-03-14,2023-03-14,SUSPENDED
1873,1873,CVG1873,Third Party Liability,4299673.57,41606.68,2022-03-15,2023-03-15,ACTIVE
1874,1874,CVG1874,Fire,5423766.72,198636.94,2022-03-16,2023-03-16,EXPIRED
1875,1875,CVG1875,Flood,9764616.82,389454.94,2022-03-17,2023-03-17,CANCELLED
1876,1876,CVG1876,Theft,6500955.48,307422.38,2022-03-18,2023-03-18,SUSPENDED
1877,1877,CVG1877,Personal Accident,7494219.17,89323.27,2022-03-19,2023-03-19,ACTIVE
1878,1878,CVG1878,Glass Protection,4646329.83,92588.31,2022-03-20,2023-03-20,EXPIRED
1879,1879,CVG1879,Natural Disaster,966456.89,7192.43,2022-03-21,2023-03-21,CANCELLED
1880,1880,CVG1880,Business Interruption,7962726.39,239787.86,2022-03-22,2023-03-22,SUSPENDED
1881,1881,CVG1881,Comprehensive,5792126.71,88295.49,2022-03-23,2023-03-23,ACTIVE
1882,1882,CVG1882,Collision,2660614.79,59761.31,2022-03-24,2023-03-24,EXPIRED
1883,1883,CVG1883,Third Party Liability,6339150.92,155221.25,2022-03-25,2023-03-25,CANCELLED
1884,1884,CVG1884,Fire,267220.59,9432.47,2022-03-26,2023-03-26,SUSPENDED
1885,1885,CVG1885,Flood,5394860.26,182691.68,2022-03-27,2023-03-27,ACTIVE
1886,1886,CVG1886,Theft,6221658.65,242758.09,2022-03-28,2023-03-28,EXPIRED
1887,1887,CVG1887,Personal Accident,5897519.33,215493.54,2022-03-29,2023-03-29,CANCELLED
1888,1888,CVG1888,Glass Protection,818635.5,38281.16,2022-03-30,2023-03-30,SUSPENDED
1889,1889,CVG1889,Natural Disaster,1150741.86,46501.63,2022-03-31,2023-03-31,ACTIVE
1890,1890,CVG1890,Business Interruption,3083372.03,27419.61,2022-04-01,2023-04-01,EXPIRED
1891,1891,CVG1891,Comprehensive,7676214.99,189567.4,2022-04-02,2023-04-02,CANCELLED
1892,1892,CVG1892,Collision,4011621.26,139333.81,2022-04-03,2023-04-03,SUSPENDED
1893,1893,CVG1893,Third Party Liability,4792478.01,139010.85,2022-04-04,2023-04-04,ACTIVE
1894,1894,CVG1894,Fire,1450176.46,32766.25,2022-04-05,2023-04-05,EXPIRED
1895,1895,CVG1895,Flood,7995097.67,236315.91,2022-04-06,2023-04-06,CANCELLED
1896,1896,CVG1896,Theft,9605329.22,110301.83,2022-04-07,2023-04-07,SUSPENDED
1897,1897,CVG1897,Personal Accident,6805161.55,313973.83,2022-04-08,2023-04-08,ACTIVE
1898,1898,CVG1898,Glass Protection,7970669.51,301447.58,2022-04-09,2023-04-09,EXPIRED
1899,1899,CVG1899,Natural Disaster,3793992.1,181071.8,2022-04-10,2023-04-10,CANCELLED
1900,1900,CVG1900,Business Interruption,5579889.46,167274.7,2022-04-11,2023-04-11,SUSPENDED
1901,1901,CVG1901,Comprehensive,1320028.07,6898.92,2022-04-12,2023-04-12,ACTIVE
1902,1902,CVG1902,Collision,6006883.39,175231.85,2022-04-13,2023-04-13,EXPIRED
1903,1903,CVG1903,Third Party Liability,9475095.95,177289.49,2022-04-14,2023-04-14,CANCELLED
1904,1904,CVG1904,Fire,7508136.21,342818.4,2022-04-15,2023-04-15,SUSPENDED
1905,1905,CVG1905,Flood,3504131.33,82590.46,2022-04-16,2023-04-16,ACTIVE
1906,1906,CVG1906,Theft,6494721.89,182273.53,2022-04-17,2023-04-17,EXPIRED
1907,1907,CVG1907,Personal Accident,1693448.14,25292.42,2022-04-18,2023-04-18,CANCELLED
1908,1908,CVG1908,Glass Protection,8364008.83,114960.62,2022-04-19,2023-04-19,SUSPENDED
1909,1909,CVG1909,Natural Disaster,1895444.05,77684.21,2022-04-20,2023-04-20,ACTIVE
1910,1910,CVG1910,Business Interruption,8537286.16,369770.76,2022-04-21,2023-04-21,EXPIRED
1911,1911,CVG1911,Comprehensive,9330461.67,464135.3,2022-04-22,2023-04-22,CANCELLED
1912,1912,CVG1912,Collision,4666525.52,138758.7,2022-04-23,2023-04-23,SUSPENDED
1913,1913,CVG1913,Third Party Liability,2977461.41,23912.96,2022-04-24,2023-04-24,ACTIVE
1914,1914,CVG1914,Fire,1072203.77,40370.1,2022-04-25,2023-04-25,EXPIRED
1915,1915,CVG1915,Flood,4923185.06,97913.74,2022-04-26,2023-04-26,CANCELLED
1916,1916,CVG1916,Theft,1369329.95,47236.8,2022-04-27,2023-04-27,SUSPENDED
1917,1917,CVG1917,Personal Accident,1090446.07,35851.91,2022-04-28,2023-04-28,ACTIVE
1918,1918,CVG1918,Glass Protection,9011174.05,173918.97,2022-04-29,2023-04-29,EXPIRED
1919,1919,CVG1919,Natural Disaster,4561395.18,149319.14,2022-04-30,2023-04-30,CANCELLED
1920,1920,CVG1920,Business Interruption,3126187.35,97811.05,2022-05-01,2023-05-01,SUSPENDED
1921,1921,CVG1921,Comprehensive,5698964.88,121970.41,2022-05-02,2023-05-02,ACTIVE
1922,1922,CVG1922,Collision,3231698.28,78445.7,2022-05-03,2023-05-03,EXPIRED
1923,1923,CVG1923,Third Party Liability,147835.64,2376.88,2022-05-04,2023-05-04,CANCELLED
1924,1924,CVG1924,Fire,2293104.47,87806.94,2022-05-05,2023-05-05,SUSPENDED
1925,1925,CVG1925,Flood,4417628.25,189096.37,2022-05-06,2023-05-06,ACTIVE
1926,1926,CVG1926,Theft,1429627.74,54302.66,2022-05-07,2023-05-07,EXPIRED
1927,1927,CVG1927,Personal Accident,8791069.71,227057.3,2022-05-08,2023-05-08,CANCELLED
1928,1928,CVG1928,Glass Protection,3651541.86,68452.65,2022-05-09,2023-05-09,SUSPENDED
1929,1929,CVG1929,Natural Disaster,5561551.08,71797.72,2022-05-10,2023-05-10,ACTIVE
1930,1930,CVG1930,Business Interruption,6105613.89,261812.9,2022-05-11,2023-05-11,EXPIRED
1931,1931,CVG1931,Comprehensive,8601265.19,97194.94,2022-05-12,2023-05-12,CANCELLED
1932,1932,CVG1932,Collision,5432318.57,91510.44,2022-05-13,2023-05-13,SUSPENDED
1933,1933,CVG1933,Third Party Liability,8874724.74,74909.84,2022-05-14,2023-05-14,ACTIVE
1934,1934,CVG1934,Fire,846459.57,4941.94,2022-05-15,2023-05-15,EXPIRED
1935,1935,CVG1935,Flood,5121065.28,32793.97,2022-05-16,2023-05-16,CANCELLED
1936,1936,CVG1936,Theft,5860715.86,136150.59,2022-05-17,2023-05-17,SUSPENDED
1937,1937,CVG1937,Personal Accident,5941359.49,272017.19,2022-05-18,2023-05-18,ACTIVE
1938,1938,CVG1938,Glass Protection,5560780.59,163799.02,2022-05-19,2023-05-19,EXPIRED
1939,1939,CVG1939,Natural Disaster,9987408.93,262116.33,2022-05-20,2023-05-20,CANCELLED
1940,1940,CVG1940,Business Interruption,7774452.66,166854.05,2022-05-21,2023-05-21,SUSPENDED
1941,1941,CVG1941,Comprehensive,2310735.81,91843.7,2022-05-22,2023-05-22,ACTIVE
1942,1942,CVG1942,Collision,7358945.59,133159.84,2022-05-23,2023-05-23,EXPIRED
1943,1943,CVG1943,Third Party Liability,4700541.31,131467.28,2022-05-24,2023-05-24,CANCELLED
1944,1944,CVG1944,Fire,4028173.06,111167.62,2022-05-25,2023-05-25,SUSPENDED
1945,1945,CVG1945,Flood,6660517.04,287462.47,2022-05-26,2023-05-26,ACTIVE
1946,1946,CVG1946,Theft,8084746.56,263818.37,2022-05-27,2023-05-27,EXPIRED
1947,1947,CVG1947,Personal Accident,1741851.17,49008.99,2022-05-28,2023-05-28,CANCELLED
1948,1948,CVG1948,Glass Protection,4517582.39,59006.55,2022-05-29,2023-05-29,SUSPENDED
1949,1949,CVG1949,Natural Disaster,9492247.13,329130.37,2022-05-30,2023-05-30,ACTIVE
1950,1950,CVG1950,Business Interruption,9680582.04,368988.85,2022-05-31,2023-05-31,EXPIRED
1951,1951,CVG1951,Comprehensive,4886683.82,103332.84,2022-06-01,2023-06-01,CANCELLED
1952,1952,CVG1952,Collision,2266309.26,61063.2,2022-06-02,2023-06-02,SUSPENDED
1953,1953,CVG1953,Third Party Liability,722325.5,15619.99,2022-06-03,2023-06-03,ACTIVE
1954,1954,CVG1954,Fire,523803.56,7492.92,2022-06-04,2023-06-04,EXPIRED
1955,1955,CVG1955,Flood,9086488.32,193145.23,2022-06-05,2023-06-05,CANCELLED
1956,1956,CVG1956,Theft,4749774.87,120924.31,2022-06-06,2023-06-06,SUSPENDED
1957,1957,CVG1957,Personal Accident,559730.83,27497.64,2022-06-07,2023-06-07,ACTIVE
1958,1958,CVG1958,Glass Protection,3308303.99,121309.33,2022-06-08,2023-06-08,EXPIRED
1959,1959,CVG1959,Natural Disaster,5261591.75,222744.87,2022-06-09,2023-06-09,CANCELLED
1960,1960,CVG1960,Business Interruption,8365235.44,140947.72,2022-06-10,2023-06-10,SUSPENDED
1961,1961,CVG1961,Comprehensive,5489065.61,70387.62,2022-06-11,2023-06-11,ACTIVE
1962,1962,CVG1962,Collision,6571385.6,140879.7,2022-06-12,2023-06-12,EXPIRED
1963,1963,CVG1963,Third Party Liability,6568031.81,279772.59,2022-06-13,2023-06-13,CANCELLED
1964,1964,CVG1964,Fire,5214962.69,114389.14,2022-06-14,2023-06-14,SUSPENDED
1965,1965,CVG1965,Flood,9081700.02,256437.51,2022-06-15,2023-06-15,ACTIVE
1966,1966,CVG1966,Theft,3593690.28,158292.62,2022-06-16,2023-06-16,EXPIRED
1967,1967,CVG1967,Personal Accident,4919929.47,131337.29,2022-06-17,2023-06-17,CANCELLED
1968,1968,CVG1968,Glass Protection,6081688.7,167749.18,2022-06-18,2023-06-18,SUSPENDED
1969,1969,CVG1969,Natural Disaster,1475786.24,18376.88,2022-06-19,2023-06-19,ACTIVE
1970,1970,CVG1970,Business Interruption,863173.43,29310.32,2022-06-20,2023-06-20,EXPIRED
1971,1971,CVG1971,Comprehensive,2194019.33,29423.46,2022-06-21,2023-06-21,CANCELLED
1972,1972,CVG1972,Collision,3686007.15,137409.27,2022-06-22,2023-06-22,SUSPENDED
1973,1973,CVG1973,Third Party Liability,1271469.21,19536.87,2022-06-23,2023-06-23,ACTIVE
1974,1974,CVG1974,Fire,8130609.03,304178.32,2022-06-24,2023-06-24,EXPIRED
1975,1975,CVG1975,Flood,4867014.83,129202.98,2022-06-25,2023-06-25,CANCELLED
1976,1976,CVG1976,Theft,2185969.12,26791.42,2022-06-26,2023-06-26,SUSPENDED
1977,1977,CVG1977,Personal Accident,8350313.46,50185.98,2022-06-27,2023-06-27,ACTIVE
1978,1978,CVG1978,Glass Protection,527128.88,16239.2,2022-06-28,2023-06-28,EXPIRED
1979,1979,CVG1979,Natural Disaster,1695178.49,56499.14,2022-06-29,2023-06-29,CANCELLED
1980,1980,CVG1980,Business Interruption,487989.57,15006.71,2022-06-30,2023-06-30,SUSPENDED
1981,1981,CVG1981,Comprehensive,653528.84,10862.75,2022-07-01,2023-07-01,ACTIVE
1982,1982,CVG1982,Collision,1882371.64,90581.09,2022-07-02,2023-07-02,EXPIRED
1983,1983,CVG1983,Third Party Liability,6033639.48,183194.64,2022-07-03,2023-07-03,CANCELLED
1984,1984,CVG1984,Fire,284338.35,10628.46,2022-07-04,2023-07-04,SUSPENDED
1985,1985,CVG1985,Flood,6651276.12,118096.46,2022-07-05,2023-07-05,ACTIVE
1986,1986,CVG1986,Theft,948910.18,23925.96,2022-07-06,2023-07-06,EXPIRED
1987,1987,CVG1987,Personal Accident,9928480.65,437137.18,2022-07-07,2023-07-07,CANCELLED
1988,1988,CVG1988,Glass Protection,1788611.16,75776.95,2022-07-08,2023-07-08,SUSPENDED
1989,1989,CVG1989,Natural Disaster,6048303.27,246515.07,2022-07-09,2023-07-09,ACTIVE
1990,1990,CVG1990,Business Interruption,8222486.48,108411.73,2022-07-10,2023-07-10,EXPIRED
1991,1991,CVG1991,Comprehensive,6630522.63,112078.58,2022-07-11,2023-07-11,CANCELLED
1992,1992,CVG1992,Collision,7269449.3,148443.66,2022-07-12,2023-07-12,SUSPENDED
1993,1993,CVG1993,Third Party Liability,4589354.44,144917.22,2022-07-13,2023-07-13,ACTIVE
1994,1994,CVG1994,Fire,2375156.49,53074.74,2022-07-14,2023-07-14,EXPIRED
1995,1995,CVG1995,Flood,1174844.13,16571.98,2022-07-15,2023-07-15,CANCELLED
1996,1996,CVG1996,Theft,8609957.75,238462.93,2022-07-16,2023-07-16,SUSPENDED
1997,1997,CVG1997,Personal Accident,4255970.63,49923.62,2022-07-17,2023-07-17,ACTIVE
1998,1998,CVG1998,Glass Protection,1053355.91,27823.46,2022-07-18,2023-07-18,EXPIRED
1999,1999,CVG1999,Natural Disaster,6186006.88,41796.65,2022-07-19,2023-07-19,CANCELLED
2000,2000,CVG2000,Business Interruption,7860295.52,217335.71,2022-07-20,2023-07-20,SUSPENDED
