job_id,policy_id,job_type,job_date,created_ts,job_number,job_status,submission_date,effective_date,expiration_date
1,1,New Business,2022-01-02,2022-01-02 09:00:00,JOB000001,PENDING,2021-12-23,2022-01-05,2023-01-05
2,2,Renewal,2022-01-03,2022-01-03 09:00:00,JOB000002,IN_PROGRESS,2022-01-03,2022-01-11,2023-01-11
3,3,Endorsement,2022-01-04,2022-01-04 09:00:00,JOB000003,COMPLETED,2022-01-01,2022-01-11,2023-01-11
4,4,Cancellation,2022-01-05,2022-01-05 09:00:00,JOB000004,CANCELLED,2022-01-03,2022-01-08,2023-01-08
5,5,Reinstatement,2022-01-06,2022-01-06 09:00:00,JOB000005,PENDING,2021-12-27,2022-01-08,2023-01-08
6,6,New Business,2022-01-07,2022-01-07 09:00:00,JOB000006,IN_PROGRESS,2021-12-29,2022-01-20,2023-01-20
7,7,Renewal,2022-01-08,2022-01-08 09:00:00,JOB000007,COMPLETED,2022-01-08,2022-01-08,2023-01-08
8,8,Endorsement,2022-01-09,2022-01-09 09:00:00,JOB000008,CANCELLED,2022-01-08,2022-01-15,2023-01-15
9,9,Cancellation,2022-01-10,2022-01-10 09:00:00,JOB000009,PENDING,2022-01-07,2022-01-10,2023-01-10
10,10,Reinstatement,2022-01-11,2022-01-11 09:00:00,JOB000010,IN_PROGRESS,2022-01-03,2022-01-17,2023-01-17
11,11,New Business,2022-01-12,2022-01-12 09:00:00,JOB000011,COMPLETED,2022-01-02,2022-01-25,2023-01-25
12,12,Renewal,2022-01-13,2022-01-13 09:00:00,JOB000012,CANCELLED,2022-01-10,2022-01-27,2023-01-27
13,13,Endorsement,2022-01-14,2022-01-14 09:00:00,JOB000013,PENDING,2022-01-05,2022-01-22,2023-01-22
14,14,Cancellation,2022-01-15,2022-01-15 09:00:00,JOB000014,IN_PROGRESS,2022-01-15,2022-01-20,2023-01-20
15,15,Reinstatement,2022-01-16,2022-01-16 09:00:00,JOB000015,COMPLETED,2022-01-10,2022-01-26,2023-01-26
16,16,New Business,2022-01-17,2022-01-17 09:00:00,JOB000016,CANCELLED,2022-01-13,2022-01-21,2023-01-21
17,17,Renewal,2022-01-18,2022-01-18 09:00:00,JOB000017,PENDING,2022-01-15,2022-01-28,2023-01-28
18,18,Endorsement,2022-01-19,2022-01-19 09:00:00,JOB000018,IN_PROGRESS,2022-01-18,2022-01-21,2023-01-21
19,19,Cancellation,2022-01-20,2022-01-20 09:00:00,JOB000019,COMPLETED,2022-01-14,2022-01-23,2023-01-23
20,20,Reinstatement,2022-01-21,2022-01-21 09:00:00,JOB000020,CANCELLED,2022-01-16,2022-02-01,2023-02-01
21,21,New Business,2022-01-22,2022-01-22 09:00:00,JOB000021,PENDING,2022-01-13,2022-01-30,2023-01-30
22,22,Renewal,2022-01-23,2022-01-23 09:00:00,JOB000022,IN_PROGRESS,2022-01-23,2022-02-06,2023-02-06
23,23,Endorsement,2022-01-24,2022-01-24 09:00:00,JOB000023,COMPLETED,2022-01-16,2022-01-27,2023-01-27
24,24,Cancellation,2022-01-25,2022-01-25 09:00:00,JOB000024,CANCELLED,2022-01-19,2022-01-27,2023-01-27
25,25,Reinstatement,2022-01-26,2022-01-26 09:00:00,JOB000025,PENDING,2022-01-18,2022-02-04,2023-02-04
26,26,New Business,2022-01-27,2022-01-27 09:00:00,JOB000026,IN_PROGRESS,2022-01-17,2022-02-07,2023-02-07
27,27,Renewal,2022-01-28,2022-01-28 09:00:00,JOB000027,COMPLETED,2022-01-19,2022-02-03,2023-02-03
28,28,Endorsement,2022-01-29,2022-01-29 09:00:00,JOB000028,CANCELLED,2022-01-28,2022-01-30,2023-01-30
29,29,Cancellation,2022-01-30,2022-01-30 09:00:00,JOB000029,PENDING,2022-01-20,2022-02-06,2023-02-06
30,30,Reinstatement,2022-01-31,2022-01-31 09:00:00,JOB000030,IN_PROGRESS,2022-01-27,2022-02-02,2023-02-02
31,31,New Business,2022-02-01,2022-02-01 09:00:00,JOB000031,COMPLETED,2022-01-29,2022-02-04,2023-02-04
32,32,Renewal,2022-02-02,2022-02-02 09:00:00,JOB000032,CANCELLED,2022-01-27,2022-02-10,2023-02-10
33,33,Endorsement,2022-02-03,2022-02-03 09:00:00,JOB000033,PENDING,2022-01-27,2022-02-14,2023-02-14
34,34,Cancellation,2022-02-04,2022-02-04 09:00:00,JOB000034,IN_PROGRESS,2022-02-02,2022-02-15,2023-02-15
35,35,Reinstatement,2022-02-05,2022-02-05 09:00:00,JOB000035,COMPLETED,2022-01-31,2022-02-11,2023-02-11
36,36,New Business,2022-02-06,2022-02-06 09:00:00,JOB000036,CANCELLED,2022-01-27,2022-02-14,2023-02-14
37,37,Renewal,2022-02-07,2022-02-07 09:00:00,JOB000037,PENDING,2022-01-28,2022-02-09,2023-02-09
38,38,Endorsement,2022-02-08,2022-02-08 09:00:00,JOB000038,IN_PROGRESS,2022-01-30,2022-02-13,2023-02-13
39,39,Cancellation,2022-02-09,2022-02-09 09:00:00,JOB000039,COMPLETED,2022-02-01,2022-02-16,2023-02-16
40,40,Reinstatement,2022-02-10,2022-02-10 09:00:00,JOB000040,CANCELLED,2022-02-08,2022-02-24,2023-02-24
41,41,New Business,2022-02-11,2022-02-11 09:00:00,JOB000041,PENDING,2022-02-05,2022-02-19,2023-02-19
42,42,Renewal,2022-02-12,2022-02-12 09:00:00,JOB000042,IN_PROGRESS,2022-02-02,2022-02-19,2023-02-19
43,43,Endorsement,2022-02-13,2022-02-13 09:00:00,JOB000043,COMPLETED,2022-02-03,2022-02-23,2023-02-23
44,44,Cancellation,2022-02-14,2022-02-14 09:00:00,JOB000044,CANCELLED,2022-02-14,2022-02-21,2023-02-21
45,45,Reinstatement,2022-02-15,2022-02-15 09:00:00,JOB000045,PENDING,2022-02-15,2022-02-25,2023-02-25
46,46,New Business,2022-02-16,2022-02-16 09:00:00,JOB000046,IN_PROGRESS,2022-02-10,2022-02-24,2023-02-24
47,47,Renewal,2022-02-17,2022-02-17 09:00:00,JOB000047,COMPLETED,2022-02-16,2022-02-23,2023-02-23
48,48,Endorsement,2022-02-18,2022-02-18 09:00:00,JOB000048,CANCELLED,2022-02-09,2022-02-28,2023-02-28
49,49,Cancellation,2022-02-19,2022-02-19 09:00:00,JOB000049,PENDING,2022-02-16,2022-03-06,2023-03-06
50,50,Reinstatement,2022-02-20,2022-02-20 09:00:00,JOB000050,IN_PROGRESS,2022-02-14,2022-03-06,2023-03-06
51,51,New Business,2022-02-21,2022-02-21 09:00:00,JOB000051,COMPLETED,2022-02-19,2022-03-01,2023-03-01
52,52,Renewal,2022-02-22,2022-02-22 09:00:00,JOB000052,CANCELLED,2022-02-20,2022-03-01,2023-03-01
53,53,Endorsement,2022-02-23,2022-02-23 09:00:00,JOB000053,PENDING,2022-02-15,2022-03-03,2023-03-03
54,54,Cancellation,2022-02-24,2022-02-24 09:00:00,JOB000054,IN_PROGRESS,2022-02-15,2022-03-09,2023-03-09
55,55,Reinstatement,2022-02-25,2022-02-25 09:00:00,JOB000055,COMPLETED,2022-02-16,2022-03-09,2023-03-09
56,56,New Business,2022-02-26,2022-02-26 09:00:00,JOB000056,CANCELLED,2022-02-21,2022-03-05,2023-03-05
57,57,Renewal,2022-02-27,2022-02-27 09:00:00,JOB000057,PENDING,2022-02-25,2022-03-14,2023-03-14
58,58,Endorsement,2022-02-28,2022-02-28 09:00:00,JOB000058,IN_PROGRESS,2022-02-27,2022-03-01,2023-03-01
59,59,Cancellation,2022-03-01,2022-03-01 09:00:00,JOB000059,COMPLETED,2022-02-28,2022-03-05,2023-03-05
60,60,Reinstatement,2022-03-02,2022-03-02 09:00:00,JOB000060,CANCELLED,2022-02-20,2022-03-07,2023-03-07
61,61,New Business,2022-03-03,2022-03-03 09:00:00,JOB000061,PENDING,2022-02-21,2022-03-16,2023-03-16
62,62,Renewal,2022-03-04,2022-03-04 09:00:00,JOB000062,IN_PROGRESS,2022-02-23,2022-03-06,2023-03-06
63,63,Endorsement,2022-03-05,2022-03-05 09:00:00,JOB000063,COMPLETED,2022-02-27,2022-03-17,2023-03-17
64,64,Cancellation,2022-03-06,2022-03-06 09:00:00,JOB000064,CANCELLED,2022-02-25,2022-03-20,2023-03-20
65,65,Reinstatement,2022-03-07,2022-03-07 09:00:00,JOB000065,PENDING,2022-02-27,2022-03-15,2023-03-15
66,66,New Business,2022-03-08,2022-03-08 09:00:00,JOB000066,IN_PROGRESS,2022-02-28,2022-03-08,2023-03-08
67,67,Renewal,2022-03-09,2022-03-09 09:00:00,JOB000067,COMPLETED,2022-02-27,2022-03-12,2023-03-12
68,68,Endorsement,2022-03-10,2022-03-10 09:00:00,JOB000068,CANCELLED,2022-02-28,2022-03-18,2023-03-18
69,69,Cancellation,2022-03-11,2022-03-11 09:00:00,JOB000069,PENDING,2022-03-01,2022-03-21,2023-03-21
70,70,Reinstatement,2022-03-12,2022-03-12 09:00:00,JOB000070,IN_PROGRESS,2022-03-11,2022-03-21,2023-03-21
71,71,New Business,2022-03-13,2022-03-13 09:00:00,JOB000071,COMPLETED,2022-03-07,2022-03-18,2023-03-18
72,72,Renewal,2022-03-14,2022-03-14 09:00:00,JOB000072,CANCELLED,2022-03-07,2022-03-14,2023-03-14
73,73,Endorsement,2022-03-15,2022-03-15 09:00:00,JOB000073,PENDING,2022-03-11,2022-03-20,2023-03-20
74,74,Cancellation,2022-03-16,2022-03-16 09:00:00,JOB000074,IN_PROGRESS,2022-03-08,2022-03-19,2023-03-19
75,75,Reinstatement,2022-03-17,2022-03-17 09:00:00,JOB000075,COMPLETED,2022-03-07,2022-03-26,2023-03-26
76,76,New Business,2022-03-18,2022-03-18 09:00:00,JOB000076,CANCELLED,2022-03-08,2022-03-24,2023-03-24
77,77,Renewal,2022-03-19,2022-03-19 09:00:00,JOB000077,PENDING,2022-03-17,2022-03-30,2023-03-30
78,78,Endorsement,2022-03-20,2022-03-20 09:00:00,JOB000078,IN_PROGRESS,2022-03-18,2022-03-20,2023-03-20
79,79,Cancellation,2022-03-21,2022-03-21 09:00:00,JOB000079,COMPLETED,2022-03-12,2022-03-31,2023-03-31
80,80,Reinstatement,2022-03-22,2022-03-22 09:00:00,JOB000080,CANCELLED,2022-03-15,2022-03-22,2023-03-22
81,81,New Business,2022-03-23,2022-03-23 09:00:00,JOB000081,PENDING,2022-03-22,2022-04-03,2023-04-03
82,82,Renewal,2022-03-24,2022-03-24 09:00:00,JOB000082,IN_PROGRESS,2022-03-20,2022-03-31,2023-03-31
83,83,Endorsement,2022-03-25,2022-03-25 09:00:00,JOB000083,COMPLETED,2022-03-25,2022-04-01,2023-04-01
84,84,Cancellation,2022-03-26,2022-03-26 09:00:00,JOB000084,CANCELLED,2022-03-17,2022-03-28,2023-03-28
85,85,Reinstatement,2022-03-27,2022-03-27 09:00:00,JOB000085,PENDING,2022-03-26,2022-04-11,2023-04-11
86,86,New Business,2022-03-28,2022-03-28 09:00:00,JOB000086,IN_PROGRESS,2022-03-27,2022-04-01,2023-04-01
87,87,Renewal,2022-03-29,2022-03-29 09:00:00,JOB000087,COMPLETED,2022-03-27,2022-04-13,2023-04-13
88,88,Endorsement,2022-03-30,2022-03-30 09:00:00,JOB000088,CANCELLED,2022-03-22,2022-04-04,2023-04-04
89,89,Cancellation,2022-03-31,2022-03-31 09:00:00,JOB000089,PENDING,2022-03-27,2022-04-13,2023-04-13
90,90,Reinstatement,2022-04-01,2022-04-01 09:00:00,JOB000090,IN_PROGRESS,2022-03-29,2022-04-07,2023-04-07
91,91,New Business,2022-04-02,2022-04-02 09:00:00,JOB000091,COMPLETED,2022-03-29,2022-04-14,2023-04-14
92,92,Renewal,2022-04-03,2022-04-03 09:00:00,JOB000092,CANCELLED,2022-03-24,2022-04-14,2023-04-14
93,93,Endorsement,2022-04-04,2022-04-04 09:00:00,JOB000093,PENDING,2022-03-28,2022-04-18,2023-04-18
94,94,Cancellation,2022-04-05,2022-04-05 09:00:00,JOB000094,IN_PROGRESS,2022-04-04,2022-04-12,2023-04-12
95,95,Reinstatement,2022-04-06,2022-04-06 09:00:00,JOB000095,COMPLETED,2022-04-03,2022-04-08,2023-04-08
96,96,New Business,2022-04-07,2022-04-07 09:00:00,JOB000096,CANCELLED,2022-04-02,2022-04-07,2023-04-07
97,97,Renewal,2022-04-08,2022-04-08 09:00:00,JOB000097,PENDING,2022-03-30,2022-04-15,2023-04-15
98,98,Endorsement,2022-04-09,2022-04-09 09:00:00,JOB000098,IN_PROGRESS,2022-03-31,2022-04-16,2023-04-16
99,99,Cancellation,2022-04-10,2022-04-10 09:00:00,JOB000099,COMPLETED,2022-04-10,2022-04-12,2023-04-12
100,100,Reinstatement,2022-04-11,2022-04-11 09:00:00,JOB000100,CANCELLED,2022-04-01,2022-04-12,2023-04-12
101,101,New Business,2022-04-12,2022-04-12 09:00:00,JOB000101,PENDING,2022-04-09,2022-04-14,2023-04-14
102,102,Renewal,2022-04-13,2022-04-13 09:00:00,JOB000102,IN_PROGRESS,2022-04-13,2022-04-23,2023-04-23
103,103,Endorsement,2022-04-14,2022-04-14 09:00:00,JOB000103,COMPLETED,2022-04-13,2022-04-21,2023-04-21
104,104,Cancellation,2022-04-15,2022-04-15 09:00:00,JOB000104,CANCELLED,2022-04-11,2022-04-30,2023-04-30
105,105,Reinstatement,2022-04-16,2022-04-16 09:00:00,JOB000105,PENDING,2022-04-13,2022-04-20,2023-04-20
106,106,New Business,2022-04-17,2022-04-17 09:00:00,JOB000106,IN_PROGRESS,2022-04-08,2022-05-02,2023-05-02
107,107,Renewal,2022-04-18,2022-04-18 09:00:00,JOB000107,COMPLETED,2022-04-15,2022-05-03,2023-05-03
108,108,Endorsement,2022-04-19,2022-04-19 09:00:00,JOB000108,CANCELLED,2022-04-13,2022-04-25,2023-04-25
109,109,Cancellation,2022-04-20,2022-04-20 09:00:00,JOB000109,PENDING,2022-04-19,2022-04-23,2023-04-23
110,110,Reinstatement,2022-04-21,2022-04-21 09:00:00,JOB000110,IN_PROGRESS,2022-04-11,2022-05-04,2023-05-04
111,111,New Business,2022-04-22,2022-04-22 09:00:00,JOB000111,COMPLETED,2022-04-17,2022-05-05,2023-05-05
112,112,Renewal,2022-04-23,2022-04-23 09:00:00,JOB000112,CANCELLED,2022-04-17,2022-05-07,2023-05-07
113,113,Endorsement,2022-04-24,2022-04-24 09:00:00,JOB000113,PENDING,2022-04-24,2022-04-27,2023-04-27
114,114,Cancellation,2022-04-25,2022-04-25 09:00:00,JOB000114,IN_PROGRESS,2022-04-25,2022-05-07,2023-05-07
115,115,Reinstatement,2022-04-26,2022-04-26 09:00:00,JOB000115,COMPLETED,2022-04-21,2022-04-29,2023-04-29
116,116,New Business,2022-04-27,2022-04-27 09:00:00,JOB000116,CANCELLED,2022-04-24,2022-05-03,2023-05-03
117,117,Renewal,2022-04-28,2022-04-28 09:00:00,JOB000117,PENDING,2022-04-25,2022-05-12,2023-05-12
118,118,Endorsement,2022-04-29,2022-04-29 09:00:00,JOB000118,IN_PROGRESS,2022-04-27,2022-05-12,2023-05-12
119,119,Cancellation,2022-04-30,2022-04-30 09:00:00,JOB000119,COMPLETED,2022-04-28,2022-05-08,2023-05-08
120,120,Reinstatement,2022-05-01,2022-05-01 09:00:00,JOB000120,CANCELLED,2022-04-24,2022-05-08,2023-05-08
121,121,New Business,2022-05-02,2022-05-02 09:00:00,JOB000121,PENDING,2022-05-01,2022-05-16,2023-05-16
122,122,Renewal,2022-05-03,2022-05-03 09:00:00,JOB000122,IN_PROGRESS,2022-04-25,2022-05-06,2023-05-06
123,123,Endorsement,2022-05-04,2022-05-04 09:00:00,JOB000123,COMPLETED,2022-05-04,2022-05-04,2023-05-04
124,124,Cancellation,2022-05-05,2022-05-05 09:00:00,JOB000124,CANCELLED,2022-05-04,2022-05-12,2023-05-12
125,125,Reinstatement,2022-05-06,2022-05-06 09:00:00,JOB000125,PENDING,2022-05-04,2022-05-19,2023-05-19
126,126,New Business,2022-05-07,2022-05-07 09:00:00,JOB000126,IN_PROGRESS,2022-04-30,2022-05-22,2023-05-22
127,127,Renewal,2022-05-08,2022-05-08 09:00:00,JOB000127,COMPLETED,2022-05-05,2022-05-20,2023-05-20
128,128,Endorsement,2022-05-09,2022-05-09 09:00:00,JOB000128,CANCELLED,2022-05-09,2022-05-14,2023-05-14
129,129,Cancellation,2022-05-10,2022-05-10 09:00:00,JOB000129,PENDING,2022-05-04,2022-05-10,2023-05-10
130,130,Reinstatement,2022-05-11,2022-05-11 09:00:00,JOB000130,IN_PROGRESS,2022-05-05,2022-05-19,2023-05-19
131,131,New Business,2022-05-12,2022-05-12 09:00:00,JOB000131,COMPLETED,2022-05-05,2022-05-21,2023-05-21
132,132,Renewal,2022-05-13,2022-05-13 09:00:00,JOB000132,CANCELLED,2022-05-07,2022-05-28,2023-05-28
133,133,Endorsement,2022-05-14,2022-05-14 09:00:00,JOB000133,PENDING,2022-05-12,2022-05-20,2023-05-20
134,134,Cancellation,2022-05-15,2022-05-15 09:00:00,JOB000134,IN_PROGRESS,2022-05-11,2022-05-21,2023-05-21
135,135,Reinstatement,2022-05-16,2022-05-16 09:00:00,JOB000135,COMPLETED,2022-05-16,2022-05-17,2023-05-17
136,136,New Business,2022-05-17,2022-05-17 09:00:00,JOB000136,CANCELLED,2022-05-12,2022-05-18,2023-05-18
137,137,Renewal,2022-05-18,2022-05-18 09:00:00,JOB000137,PENDING,2022-05-18,2022-06-02,2023-06-02
138,138,Endorsement,2022-05-19,2022-05-19 09:00:00,JOB000138,IN_PROGRESS,2022-05-11,2022-05-24,2023-05-24
139,139,Cancellation,2022-05-20,2022-05-20 09:00:00,JOB000139,COMPLETED,2022-05-20,2022-05-22,2023-05-22
140,140,Reinstatement,2022-05-21,2022-05-21 09:00:00,JOB000140,CANCELLED,2022-05-19,2022-05-23,2023-05-23
141,141,New Business,2022-05-22,2022-05-22 09:00:00,JOB000141,PENDING,2022-05-13,2022-05-24,2023-05-24
142,142,Renewal,2022-05-23,2022-05-23 09:00:00,JOB000142,IN_PROGRESS,2022-05-13,2022-05-30,2023-05-30
143,143,Endorsement,2022-05-24,2022-05-24 09:00:00,JOB000143,COMPLETED,2022-05-18,2022-05-27,2023-05-27
144,144,Cancellation,2022-05-25,2022-05-25 09:00:00,JOB000144,CANCELLED,2022-05-16,2022-06-01,2023-06-01
145,145,Reinstatement,2022-05-26,2022-05-26 09:00:00,JOB000145,PENDING,2022-05-17,2022-05-27,2023-05-27
146,146,New Business,2022-05-27,2022-05-27 09:00:00,JOB000146,IN_PROGRESS,2022-05-18,2022-05-29,2023-05-29
147,147,Renewal,2022-05-28,2022-05-28 09:00:00,JOB000147,COMPLETED,2022-05-22,2022-06-07,2023-06-07
148,148,Endorsement,2022-05-29,2022-05-29 09:00:00,JOB000148,CANCELLED,2022-05-25,2022-06-04,2023-06-04
149,149,Cancellation,2022-05-30,2022-05-30 09:00:00,JOB000149,PENDING,2022-05-20,2022-06-09,2023-06-09
150,150,Reinstatement,2022-05-31,2022-05-31 09:00:00,JOB000150,IN_PROGRESS,2022-05-28,2022-06-08,2023-06-08
151,151,New Business,2022-06-01,2022-06-01 09:00:00,JOB000151,COMPLETED,2022-05-26,2022-06-05,2023-06-05
152,152,Renewal,2022-06-02,2022-06-02 09:00:00,JOB000152,CANCELLED,2022-05-23,2022-06-11,2023-06-11
153,153,Endorsement,2022-06-03,2022-06-03 09:00:00,JOB000153,PENDING,2022-05-27,2022-06-13,2023-06-13
154,154,Cancellation,2022-06-04,2022-06-04 09:00:00,JOB000154,IN_PROGRESS,2022-06-03,2022-06-04,2023-06-04
155,155,Reinstatement,2022-06-05,2022-06-05 09:00:00,JOB000155,COMPLETED,2022-05-29,2022-06-08,2023-06-08
156,156,New Business,2022-06-06,2022-06-06 09:00:00,JOB000156,CANCELLED,2022-06-05,2022-06-12,2023-06-12
157,157,Renewal,2022-06-07,2022-06-07 09:00:00,JOB000157,PENDING,2022-05-30,2022-06-15,2023-06-15
158,158,Endorsement,2022-06-08,2022-06-08 09:00:00,JOB000158,IN_PROGRESS,2022-06-06,2022-06-19,2023-06-19
159,159,Cancellation,2022-06-09,2022-06-09 09:00:00,JOB000159,COMPLETED,2022-06-08,2022-06-16,2023-06-16
160,160,Reinstatement,2022-06-10,2022-06-10 09:00:00,JOB000160,CANCELLED,2022-06-05,2022-06-19,2023-06-19
161,161,New Business,2022-06-11,2022-06-11 09:00:00,JOB000161,PENDING,2022-06-09,2022-06-25,2023-06-25
162,162,Renewal,2022-06-12,2022-06-12 09:00:00,JOB000162,IN_PROGRESS,2022-06-04,2022-06-21,2023-06-21
163,163,Endorsement,2022-06-13,2022-06-13 09:00:00,JOB000163,COMPLETED,2022-06-04,2022-06-13,2023-06-13
164,164,Cancellation,2022-06-14,2022-06-14 09:00:00,JOB000164,CANCELLED,2022-06-04,2022-06-23,2023-06-23
165,165,Reinstatement,2022-06-15,2022-06-15 09:00:00,JOB000165,PENDING,2022-06-05,2022-06-18,2023-06-18
166,166,New Business,2022-06-16,2022-06-16 09:00:00,JOB000166,IN_PROGRESS,2022-06-14,2022-06-24,2023-06-24
167,167,Renewal,2022-06-17,2022-06-17 09:00:00,JOB000167,COMPLETED,2022-06-16,2022-06-20,2023-06-20
168,168,Endorsement,2022-06-18,2022-06-18 09:00:00,JOB000168,CANCELLED,2022-06-10,2022-06-22,2023-06-22
169,169,Cancellation,2022-06-19,2022-06-19 09:00:00,JOB000169,PENDING,2022-06-15,2022-06-28,2023-06-28
170,170,Reinstatement,2022-06-20,2022-06-20 09:00:00,JOB000170,IN_PROGRESS,2022-06-11,2022-06-26,2023-06-26
171,171,New Business,2022-06-21,2022-06-21 09:00:00,JOB000171,COMPLETED,2022-06-16,2022-06-27,2023-06-27
172,172,Renewal,2022-06-22,2022-06-22 09:00:00,JOB000172,CANCELLED,2022-06-12,2022-06-30,2023-06-30
173,173,Endorsement,2022-06-23,2022-06-23 09:00:00,JOB000173,PENDING,2022-06-15,2022-07-08,2023-07-08
174,174,Cancellation,2022-06-24,2022-06-24 09:00:00,JOB000174,IN_PROGRESS,2022-06-20,2022-06-25,2023-06-25
175,175,Reinstatement,2022-06-25,2022-06-25 09:00:00,JOB000175,COMPLETED,2022-06-24,2022-07-08,2023-07-08
176,176,New Business,2022-06-26,2022-06-26 09:00:00,JOB000176,CANCELLED,2022-06-22,2022-06-27,2023-06-27
177,177,Renewal,2022-06-27,2022-06-27 09:00:00,JOB000177,PENDING,2022-06-27,2022-07-07,2023-07-07
178,178,Endorsement,2022-06-28,2022-06-28 09:00:00,JOB000178,IN_PROGRESS,2022-06-26,2022-07-06,2023-07-06
179,179,Cancellation,2022-06-29,2022-06-29 09:00:00,JOB000179,COMPLETED,2022-06-27,2022-07-13,2023-07-13
180,180,Reinstatement,2022-06-30,2022-06-30 09:00:00,JOB000180,CANCELLED,2022-06-22,2022-07-13,2023-07-13
181,181,New Business,2022-07-01,2022-07-01 09:00:00,JOB000181,PENDING,2022-06-23,2022-07-01,2023-07-01
182,182,Renewal,2022-07-02,2022-07-02 09:00:00,JOB000182,IN_PROGRESS,2022-07-01,2022-07-04,2023-07-04
183,183,Endorsement,2022-07-03,2022-07-03 09:00:00,JOB000183,COMPLETED,2022-07-01,2022-07-04,2023-07-04
184,184,Cancellation,2022-07-04,2022-07-04 09:00:00,JOB000184,CANCELLED,2022-06-29,2022-07-08,2023-07-08
185,185,Reinstatement,2022-07-05,2022-07-05 09:00:00,JOB000185,PENDING,2022-06-29,2022-07-09,2023-07-09
186,186,New Business,2022-07-06,2022-07-06 09:00:00,JOB000186,IN_PROGRESS,2022-07-06,2022-07-15,2023-07-15
187,187,Renewal,2022-07-07,2022-07-07 09:00:00,JOB000187,COMPLETED,2022-07-02,2022-07-08,2023-07-08
188,188,Endorsement,2022-07-08,2022-07-08 09:00:00,JOB000188,CANCELLED,2022-07-03,2022-07-14,2023-07-14
189,189,Cancellation,2022-07-09,2022-07-09 09:00:00,JOB000189,PENDING,2022-06-29,2022-07-16,2023-07-16
190,190,Reinstatement,2022-07-10,2022-07-10 09:00:00,JOB000190,IN_PROGRESS,2022-06-30,2022-07-13,2023-07-13
191,191,New Business,2022-07-11,2022-07-11 09:00:00,JOB000191,COMPLETED,2022-07-06,2022-07-24,2023-07-24
192,192,Renewal,2022-07-12,2022-07-12 09:00:00,JOB000192,CANCELLED,2022-07-03,2022-07-16,2023-07-16
193,193,Endorsement,2022-07-13,2022-07-13 09:00:00,JOB000193,PENDING,2022-07-10,2022-07-18,2023-07-18
194,194,Cancellation,2022-07-14,2022-07-14 09:00:00,JOB000194,IN_PROGRESS,2022-07-12,2022-07-27,2023-07-27
195,195,Reinstatement,2022-07-15,2022-07-15 09:00:00,JOB000195,COMPLETED,2022-07-15,2022-07-20,2023-07-20
196,196,New Business,2022-07-16,2022-07-16 09:00:00,JOB000196,CANCELLED,2022-07-11,2022-07-29,2023-07-29
197,197,Renewal,2022-07-17,2022-07-17 09:00:00,JOB000197,PENDING,2022-07-07,2022-07-24,2023-07-24
198,198,Endorsement,2022-07-18,2022-07-18 09:00:00,JOB000198,IN_PROGRESS,2022-07-14,2022-07-23,2023-07-23
199,199,Cancellation,2022-07-19,2022-07-19 09:00:00,JOB000199,COMPLETED,2022-07-18,2022-07-31,2023-07-31
200,200,Reinstatement,2022-07-20,2022-07-20 09:00:00,JOB000200,CANCELLED,2022-07-20,2022-08-04,2023-08-04
201,201,New Business,2022-07-21,2022-07-21 09:00:00,JOB000201,PENDING,2022-07-18,2022-07-27,2023-07-27
202,202,Renewal,2022-07-22,2022-07-22 09:00:00,JOB000202,IN_PROGRESS,2022-07-15,2022-08-02,2023-08-02
203,203,Endorsement,2022-07-23,2022-07-23 09:00:00,JOB000203,COMPLETED,2022-07-19,2022-07-30,2023-07-30
204,204,Cancellation,2022-07-24,2022-07-24 09:00:00,JOB000204,CANCELLED,2022-07-21,2022-07-24,2023-07-24
205,205,Reinstatement,2022-07-25,2022-07-25 09:00:00,JOB000205,PENDING,2022-07-15,2022-07-31,2023-07-31
206,206,New Business,2022-07-26,2022-07-26 09:00:00,JOB000206,IN_PROGRESS,2022-07-20,2022-08-05,2023-08-05
207,207,Renewal,2022-07-27,2022-07-27 09:00:00,JOB000207,COMPLETED,2022-07-23,2022-07-29,2023-07-29
208,208,Endorsement,2022-07-28,2022-07-28 09:00:00,JOB000208,CANCELLED,2022-07-24,2022-08-08,2023-08-08
209,209,Cancellation,2022-07-29,2022-07-29 09:00:00,JOB000209,PENDING,2022-07-19,2022-08-10,2023-08-10
210,210,Reinstatement,2022-07-30,2022-07-30 09:00:00,JOB000210,IN_PROGRESS,2022-07-20,2022-08-09,2023-08-09
211,211,New Business,2022-07-31,2022-07-31 09:00:00,JOB000211,COMPLETED,2022-07-31,2022-08-03,2023-08-03
212,212,Renewal,2022-08-01,2022-08-01 09:00:00,JOB000212,CANCELLED,2022-07-28,2022-08-06,2023-08-06
213,213,Endorsement,2022-08-02,2022-08-02 09:00:00,JOB000213,PENDING,2022-07-24,2022-08-10,2023-08-10
214,214,Cancellation,2022-08-03,2022-08-03 09:00:00,JOB000214,IN_PROGRESS,2022-08-03,2022-08-06,2023-08-06
215,215,Reinstatement,2022-08-04,2022-08-04 09:00:00,JOB000215,COMPLETED,2022-07-26,2022-08-17,2023-08-17
216,216,New Business,2022-08-05,2022-08-05 09:00:00,JOB000216,CANCELLED,2022-07-31,2022-08-15,2023-08-15
217,217,Renewal,2022-08-06,2022-08-06 09:00:00,JOB000217,PENDING,2022-07-31,2022-08-09,2023-08-09
218,218,Endorsement,2022-08-07,2022-08-07 09:00:00,JOB000218,IN_PROGRESS,2022-08-01,2022-08-13,2023-08-13
219,219,Cancellation,2022-08-08,2022-08-08 09:00:00,JOB000219,COMPLETED,2022-08-04,2022-08-09,2023-08-09
220,220,Reinstatement,2022-08-09,2022-08-09 09:00:00,JOB000220,CANCELLED,2022-08-03,2022-08-09,2023-08-09
221,221,New Business,2022-08-10,2022-08-10 09:00:00,JOB000221,PENDING,2022-08-02,2022-08-16,2023-08-16
222,222,Renewal,2022-08-11,2022-08-11 09:00:00,JOB000222,IN_PROGRESS,2022-08-06,2022-08-24,2023-08-24
223,223,Endorsement,2022-08-12,2022-08-12 09:00:00,JOB000223,COMPLETED,2022-08-11,2022-08-22,2023-08-22
224,224,Cancellation,2022-08-13,2022-08-13 09:00:00,JOB000224,CANCELLED,2022-08-04,2022-08-23,2023-08-23
225,225,Reinstatement,2022-08-14,2022-08-14 09:00:00,JOB000225,PENDING,2022-08-04,2022-08-17,2023-08-17
226,226,New Business,2022-08-15,2022-08-15 09:00:00,JOB000226,IN_PROGRESS,2022-08-11,2022-08-24,2023-08-24
227,227,Renewal,2022-08-16,2022-08-16 09:00:00,JOB000227,COMPLETED,2022-08-06,2022-08-29,2023-08-29
228,228,Endorsement,2022-08-17,2022-08-17 09:00:00,JOB000228,CANCELLED,2022-08-12,2022-08-29,2023-08-29
229,229,Cancellation,2022-08-18,2022-08-18 09:00:00,JOB000229,PENDING,2022-08-14,2022-08-22,2023-08-22
230,230,Reinstatement,2022-08-19,2022-08-19 09:00:00,JOB000230,IN_PROGRESS,2022-08-16,2022-09-01,2023-09-01
231,231,New Business,2022-08-20,2022-08-20 09:00:00,JOB000231,COMPLETED,2022-08-10,2022-09-01,2023-09-01
232,232,Renewal,2022-08-21,2022-08-21 09:00:00,JOB000232,CANCELLED,2022-08-11,2022-08-26,2023-08-26
233,233,Endorsement,2022-08-22,2022-08-22 09:00:00,JOB000233,PENDING,2022-08-13,2022-08-31,2023-08-31
234,234,Cancellation,2022-08-23,2022-08-23 09:00:00,JOB000234,IN_PROGRESS,2022-08-17,2022-08-23,2023-08-23
235,235,Reinstatement,2022-08-24,2022-08-24 09:00:00,JOB000235,COMPLETED,2022-08-20,2022-09-02,2023-09-02
236,236,New Business,2022-08-25,2022-08-25 09:00:00,JOB000236,CANCELLED,2022-08-22,2022-09-07,2023-09-07
237,237,Renewal,2022-08-26,2022-08-26 09:00:00,JOB000237,PENDING,2022-08-17,2022-09-05,2023-09-05
238,238,Endorsement,2022-08-27,2022-08-27 09:00:00,JOB000238,IN_PROGRESS,2022-08-20,2022-09-10,2023-09-10
239,239,Cancellation,2022-08-28,2022-08-28 09:00:00,JOB000239,COMPLETED,2022-08-21,2022-09-03,2023-09-03
240,240,Reinstatement,2022-08-29,2022-08-29 09:00:00,JOB000240,CANCELLED,2022-08-21,2022-09-13,2023-09-13
241,241,New Business,2022-08-30,2022-08-30 09:00:00,JOB000241,PENDING,2022-08-28,2022-09-01,2023-09-01
242,242,Renewal,2022-08-31,2022-08-31 09:00:00,JOB000242,IN_PROGRESS,2022-08-27,2022-09-10,2023-09-10
243,243,Endorsement,2022-09-01,2022-09-01 09:00:00,JOB000243,COMPLETED,2022-08-31,2022-09-08,2023-09-08
244,244,Cancellation,2022-09-02,2022-09-02 09:00:00,JOB000244,CANCELLED,2022-08-23,2022-09-11,2023-09-11
245,245,Reinstatement,2022-09-03,2022-09-03 09:00:00,JOB000245,PENDING,2022-08-31,2022-09-09,2023-09-09
246,246,New Business,2022-09-04,2022-09-04 09:00:00,JOB000246,IN_PROGRESS,2022-09-02,2022-09-04,2023-09-04
247,247,Renewal,2022-09-05,2022-09-05 09:00:00,JOB000247,COMPLETED,2022-09-05,2022-09-12,2023-09-12
248,248,Endorsement,2022-09-06,2022-09-06 09:00:00,JOB000248,CANCELLED,2022-08-30,2022-09-08,2023-09-08
249,249,Cancellation,2022-09-07,2022-09-07 09:00:00,JOB000249,PENDING,2022-08-31,2022-09-20,2023-09-20
250,250,Reinstatement,2022-09-08,2022-09-08 09:00:00,JOB000250,IN_PROGRESS,2022-08-29,2022-09-14,2023-09-14
251,251,New Business,2022-09-09,2022-09-09 09:00:00,JOB000251,COMPLETED,2022-09-03,2022-09-24,2023-09-24
252,252,Renewal,2022-09-10,2022-09-10 09:00:00,JOB000252,CANCELLED,2022-09-04,2022-09-17,2023-09-17
253,253,Endorsement,2022-09-11,2022-09-11 09:00:00,JOB000253,PENDING,2022-09-09,2022-09-11,2023-09-11
254,254,Cancellation,2022-09-12,2022-09-12 09:00:00,JOB000254,IN_PROGRESS,2022-09-11,2022-09-25,2023-09-25
255,255,Reinstatement,2022-09-13,2022-09-13 09:00:00,JOB000255,COMPLETED,2022-09-10,2022-09-18,2023-09-18
256,256,New Business,2022-09-14,2022-09-14 09:00:00,JOB000256,CANCELLED,2022-09-06,2022-09-28,2023-09-28
257,257,Renewal,2022-09-15,2022-09-15 09:00:00,JOB000257,PENDING,2022-09-15,2022-09-22,2023-09-22
258,258,Endorsement,2022-09-16,2022-09-16 09:00:00,JOB000258,IN_PROGRESS,2022-09-15,2022-09-30,2023-09-30
259,259,Cancellation,2022-09-17,2022-09-17 09:00:00,JOB000259,COMPLETED,2022-09-15,2022-10-01,2023-10-01
260,260,Reinstatement,2022-09-18,2022-09-18 09:00:00,JOB000260,CANCELLED,2022-09-08,2022-09-28,2023-09-28
261,261,New Business,2022-09-19,2022-09-19 09:00:00,JOB000261,PENDING,2022-09-12,2022-10-02,2023-10-02
262,262,Renewal,2022-09-20,2022-09-20 09:00:00,JOB000262,IN_PROGRESS,2022-09-12,2022-10-04,2023-10-04
263,263,Endorsement,2022-09-21,2022-09-21 09:00:00,JOB000263,COMPLETED,2022-09-19,2022-10-06,2023-10-06
264,264,Cancellation,2022-09-22,2022-09-22 09:00:00,JOB000264,CANCELLED,2022-09-15,2022-09-30,2023-09-30
265,265,Reinstatement,2022-09-23,2022-09-23 09:00:00,JOB000265,PENDING,2022-09-20,2022-10-01,2023-10-01
266,266,New Business,2022-09-24,2022-09-24 09:00:00,JOB000266,IN_PROGRESS,2022-09-16,2022-10-09,2023-10-09
267,267,Renewal,2022-09-25,2022-09-25 09:00:00,JOB000267,COMPLETED,2022-09-15,2022-10-02,2023-10-02
268,268,Endorsement,2022-09-26,2022-09-26 09:00:00,JOB000268,CANCELLED,2022-09-22,2022-10-10,2023-10-10
269,269,Cancellation,2022-09-27,2022-09-27 09:00:00,JOB000269,PENDING,2022-09-26,2022-10-06,2023-10-06
270,270,Reinstatement,2022-09-28,2022-09-28 09:00:00,JOB000270,IN_PROGRESS,2022-09-25,2022-10-06,2023-10-06
271,271,New Business,2022-09-29,2022-09-29 09:00:00,JOB000271,COMPLETED,2022-09-24,2022-10-09,2023-10-09
272,272,Renewal,2022-09-30,2022-09-30 09:00:00,JOB000272,CANCELLED,2022-09-22,2022-10-02,2023-10-02
273,273,Endorsement,2022-10-01,2022-10-01 09:00:00,JOB000273,PENDING,2022-09-29,2022-10-05,2023-10-05
274,274,Cancellation,2022-10-02,2022-10-02 09:00:00,JOB000274,IN_PROGRESS,2022-09-29,2022-10-14,2023-10-14
275,275,Reinstatement,2022-10-03,2022-10-03 09:00:00,JOB000275,COMPLETED,2022-10-01,2022-10-09,2023-10-09
276,276,New Business,2022-10-04,2022-10-04 09:00:00,JOB000276,CANCELLED,2022-10-03,2022-10-17,2023-10-17
277,277,Renewal,2022-10-05,2022-10-05 09:00:00,JOB000277,PENDING,2022-09-29,2022-10-15,2023-10-15
278,278,Endorsement,2022-10-06,2022-10-06 09:00:00,JOB000278,IN_PROGRESS,2022-09-28,2022-10-20,2023-10-20
279,279,Cancellation,2022-10-07,2022-10-07 09:00:00,JOB000279,COMPLETED,2022-10-01,2022-10-08,2023-10-08
280,280,Reinstatement,2022-10-08,2022-10-08 09:00:00,JOB000280,CANCELLED,2022-10-05,2022-10-21,2023-10-21
281,281,New Business,2022-10-09,2022-10-09 09:00:00,JOB000281,PENDING,2022-10-03,2022-10-09,2023-10-09
282,282,Renewal,2022-10-10,2022-10-10 09:00:00,JOB000282,IN_PROGRESS,2022-10-01,2022-10-22,2023-10-22
283,283,Endorsement,2022-10-11,2022-10-11 09:00:00,JOB000283,COMPLETED,2022-10-04,2022-10-11,2023-10-11
284,284,Cancellation,2022-10-12,2022-10-12 09:00:00,JOB000284,CANCELLED,2022-10-07,2022-10-21,2023-10-21
285,285,Reinstatement,2022-10-13,2022-10-13 09:00:00,JOB000285,PENDING,2022-10-07,2022-10-26,2023-10-26
286,286,New Business,2022-10-14,2022-10-14 09:00:00,JOB000286,IN_PROGRESS,2022-10-06,2022-10-21,2023-10-21
287,287,Renewal,2022-10-15,2022-10-15 09:00:00,JOB000287,COMPLETED,2022-10-08,2022-10-22,2023-10-22
288,288,Endorsement,2022-10-16,2022-10-16 09:00:00,JOB000288,CANCELLED,2022-10-12,2022-10-29,2023-10-29
289,289,Cancellation,2022-10-17,2022-10-17 09:00:00,JOB000289,PENDING,2022-10-10,2022-10-17,2023-10-17
290,290,Reinstatement,2022-10-18,2022-10-18 09:00:00,JOB000290,IN_PROGRESS,2022-10-12,2022-10-28,2023-10-28
291,291,New Business,2022-10-19,2022-10-19 09:00:00,JOB000291,COMPLETED,2022-10-09,2022-10-31,2023-10-31
292,292,Renewal,2022-10-20,2022-10-20 09:00:00,JOB000292,CANCELLED,2022-10-18,2022-11-03,2023-11-03
293,293,Endorsement,2022-10-21,2022-10-21 09:00:00,JOB000293,PENDING,2022-10-19,2022-10-21,2023-10-21
294,294,Cancellation,2022-10-22,2022-10-22 09:00:00,JOB000294,IN_PROGRESS,2022-10-16,2022-10-22,2023-10-22
295,295,Reinstatement,2022-10-23,2022-10-23 09:00:00,JOB000295,COMPLETED,2022-10-22,2022-11-05,2023-11-05
296,296,New Business,2022-10-24,2022-10-24 09:00:00,JOB000296,CANCELLED,2022-10-22,2022-11-07,2023-11-07
297,297,Renewal,2022-10-25,2022-10-25 09:00:00,JOB000297,PENDING,2022-10-23,2022-10-26,2023-10-26
298,298,Endorsement,2022-10-26,2022-10-26 09:00:00,JOB000298,IN_PROGRESS,2022-10-22,2022-11-07,2023-11-07
299,299,Cancellation,2022-10-27,2022-10-27 09:00:00,JOB000299,COMPLETED,2022-10-22,2022-11-02,2023-11-02
300,300,Reinstatement,2022-10-28,2022-10-28 09:00:00,JOB000300,CANCELLED,2022-10-21,2022-11-07,2023-11-07
301,301,New Business,2022-10-29,2022-10-29 09:00:00,JOB000301,PENDING,2022-10-24,2022-11-10,2023-11-10
302,302,Renewal,2022-10-30,2022-10-30 09:00:00,JOB000302,IN_PROGRESS,2022-10-26,2022-11-12,2023-11-12
303,303,Endorsement,2022-10-31,2022-10-31 09:00:00,JOB000303,COMPLETED,2022-10-27,2022-11-02,2023-11-02
304,304,Cancellation,2022-11-01,2022-11-01 09:00:00,JOB000304,CANCELLED,2022-10-25,2022-11-01,2023-11-01
305,305,Reinstatement,2022-11-02,2022-11-02 09:00:00,JOB000305,PENDING,2022-10-25,2022-11-03,2023-11-03
306,306,New Business,2022-11-03,2022-11-03 09:00:00,JOB000306,IN_PROGRESS,2022-10-29,2022-11-10,2023-11-10
307,307,Renewal,2022-11-04,2022-11-04 09:00:00,JOB000307,COMPLETED,2022-10-25,2022-11-06,2023-11-06
308,308,Endorsement,2022-11-05,2022-11-05 09:00:00,JOB000308,CANCELLED,2022-10-26,2022-11-06,2023-11-06
309,309,Cancellation,2022-11-06,2022-11-06 09:00:00,JOB000309,PENDING,2022-11-06,2022-11-13,2023-11-13
310,310,Reinstatement,2022-11-07,2022-11-07 09:00:00,JOB000310,IN_PROGRESS,2022-11-04,2022-11-07,2023-11-07
311,311,New Business,2022-11-08,2022-11-08 09:00:00,JOB000311,COMPLETED,2022-10-30,2022-11-12,2023-11-12
312,312,Renewal,2022-11-09,2022-11-09 09:00:00,JOB000312,CANCELLED,2022-11-06,2022-11-13,2023-11-13
313,313,Endorsement,2022-11-10,2022-11-10 09:00:00,JOB000313,PENDING,2022-11-03,2022-11-13,2023-11-13
314,314,Cancellation,2022-11-11,2022-11-11 09:00:00,JOB000314,IN_PROGRESS,2022-11-02,2022-11-17,2023-11-17
315,315,Reinstatement,2022-11-12,2022-11-12 09:00:00,JOB000315,COMPLETED,2022-11-05,2022-11-20,2023-11-20
316,316,New Business,2022-11-13,2022-11-13 09:00:00,JOB000316,CANCELLED,2022-11-08,2022-11-18,2023-11-18
317,317,Renewal,2022-11-14,2022-11-14 09:00:00,JOB000317,PENDING,2022-11-05,2022-11-17,2023-11-17
318,318,Endorsement,2022-11-15,2022-11-15 09:00:00,JOB000318,IN_PROGRESS,2022-11-13,2022-11-24,2023-11-24
319,319,Cancellation,2022-11-16,2022-11-16 09:00:00,JOB000319,COMPLETED,2022-11-15,2022-11-16,2023-11-16
320,320,Reinstatement,2022-11-17,2022-11-17 09:00:00,JOB000320,CANCELLED,2022-11-13,2022-11-29,2023-11-29
321,321,New Business,2022-11-18,2022-11-18 09:00:00,JOB000321,PENDING,2022-11-12,2022-11-24,2023-11-24
322,322,Renewal,2022-11-19,2022-11-19 09:00:00,JOB000322,IN_PROGRESS,2022-11-18,2022-11-26,2023-11-26
323,323,Endorsement,2022-11-20,2022-11-20 09:00:00,JOB000323,COMPLETED,2022-11-19,2022-11-29,2023-11-29
324,324,Cancellation,2022-11-21,2022-11-21 09:00:00,JOB000324,CANCELLED,2022-11-11,2022-11-24,2023-11-24
325,325,Reinstatement,2022-11-22,2022-11-22 09:00:00,JOB000325,PENDING,2022-11-13,2022-11-23,2023-11-23
326,326,New Business,2022-11-23,2022-11-23 09:00:00,JOB000326,IN_PROGRESS,2022-11-18,2022-12-06,2023-12-06
327,327,Renewal,2022-11-24,2022-11-24 09:00:00,JOB000327,COMPLETED,2022-11-14,2022-12-05,2023-12-05
328,328,Endorsement,2022-11-25,2022-11-25 09:00:00,JOB000328,CANCELLED,2022-11-24,2022-12-05,2023-12-05
329,329,Cancellation,2022-11-26,2022-11-26 09:00:00,JOB000329,PENDING,2022-11-26,2022-12-09,2023-12-09
330,330,Reinstatement,2022-11-27,2022-11-27 09:00:00,JOB000330,IN_PROGRESS,2022-11-20,2022-11-30,2023-11-30
331,331,New Business,2022-11-28,2022-11-28 09:00:00,JOB000331,COMPLETED,2022-11-22,2022-12-09,2023-12-09
332,332,Renewal,2022-11-29,2022-11-29 09:00:00,JOB000332,CANCELLED,2022-11-19,2022-12-13,2023-12-13
333,333,Endorsement,2022-11-30,2022-11-30 09:00:00,JOB000333,PENDING,2022-11-28,2022-12-13,2023-12-13
334,334,Cancellation,2022-12-01,2022-12-01 09:00:00,JOB000334,IN_PROGRESS,2022-11-29,2022-12-09,2023-12-09
335,335,Reinstatement,2022-12-02,2022-12-02 09:00:00,JOB000335,COMPLETED,2022-11-23,2022-12-17,2023-12-17
336,336,New Business,2022-12-03,2022-12-03 09:00:00,JOB000336,CANCELLED,2022-11-26,2022-12-16,2023-12-16
337,337,Renewal,2022-12-04,2022-12-04 09:00:00,JOB000337,PENDING,2022-11-25,2022-12-12,2023-12-12
338,338,Endorsement,2022-12-05,2022-12-05 09:00:00,JOB000338,IN_PROGRESS,2022-11-30,2022-12-12,2023-12-12
339,339,Cancellation,2022-12-06,2022-12-06 09:00:00,JOB000339,COMPLETED,2022-12-05,2022-12-14,2023-12-14
340,340,Reinstatement,2022-12-07,2022-12-07 09:00:00,JOB000340,CANCELLED,2022-11-30,2022-12-14,2023-12-14
341,341,New Business,2022-12-08,2022-12-08 09:00:00,JOB000341,PENDING,2022-12-01,2022-12-20,2023-12-20
342,342,Renewal,2022-12-09,2022-12-09 09:00:00,JOB000342,IN_PROGRESS,2022-12-04,2022-12-09,2023-12-09
343,343,Endorsement,2022-12-10,2022-12-10 09:00:00,JOB000343,COMPLETED,2022-12-03,2022-12-20,2023-12-20
344,344,Cancellation,2022-12-11,2022-12-11 09:00:00,JOB000344,CANCELLED,2022-12-09,2022-12-26,2023-12-26
345,345,Reinstatement,2022-12-12,2022-12-12 09:00:00,JOB000345,PENDING,2022-12-09,2022-12-23,2023-12-23
346,346,New Business,2022-12-13,2022-12-13 09:00:00,JOB000346,IN_PROGRESS,2022-12-09,2022-12-23,2023-12-23
347,347,Renewal,2022-12-14,2022-12-14 09:00:00,JOB000347,COMPLETED,2022-12-10,2022-12-22,2023-12-22
348,348,Endorsement,2022-12-15,2022-12-15 09:00:00,JOB000348,CANCELLED,2022-12-07,2022-12-15,2023-12-15
349,349,Cancellation,2022-12-16,2022-12-16 09:00:00,JOB000349,PENDING,2022-12-08,2022-12-22,2023-12-22
350,350,Reinstatement,2022-12-17,2022-12-17 09:00:00,JOB000350,IN_PROGRESS,2022-12-16,2022-12-24,2023-12-24
351,351,New Business,2022-12-18,2022-12-18 09:00:00,JOB000351,COMPLETED,2022-12-12,2023-01-02,2024-01-02
352,352,Renewal,2022-12-19,2022-12-19 09:00:00,JOB000352,CANCELLED,2022-12-11,2022-12-26,2023-12-26
353,353,Endorsement,2022-12-20,2022-12-20 09:00:00,JOB000353,PENDING,2022-12-13,2023-01-04,2024-01-04
354,354,Cancellation,2022-12-21,2022-12-21 09:00:00,JOB000354,IN_PROGRESS,2022-12-14,2022-12-21,2023-12-21
355,355,Reinstatement,2022-12-22,2022-12-22 09:00:00,JOB000355,COMPLETED,2022-12-21,2022-12-31,2023-12-31
356,356,New Business,2022-12-23,2022-12-23 09:00:00,JOB000356,CANCELLED,2022-12-20,2023-01-04,2024-01-04
357,357,Renewal,2022-12-24,2022-12-24 09:00:00,JOB000357,PENDING,2022-12-21,2023-01-02,2024-01-02
358,358,Endorsement,2022-12-25,2022-12-25 09:00:00,JOB000358,IN_PROGRESS,2022-12-15,2023-01-05,2024-01-05
359,359,Cancellation,2022-12-26,2022-12-26 09:00:00,JOB000359,COMPLETED,2022-12-19,2023-01-06,2024-01-06
360,360,Reinstatement,2022-12-27,2022-12-27 09:00:00,JOB000360,CANCELLED,2022-12-21,2023-01-06,2024-01-06
361,361,New Business,2022-12-28,2022-12-28 09:00:00,JOB000361,PENDING,2022-12-23,2023-01-11,2024-01-11
362,362,Renewal,2022-12-29,2022-12-29 09:00:00,JOB000362,IN_PROGRESS,2022-12-25,2023-01-07,2024-01-07
363,363,Endorsement,2022-12-30,2022-12-30 09:00:00,JOB000363,COMPLETED,2022-12-26,2023-01-06,2024-01-06
364,364,Cancellation,2022-12-31,2022-12-31 09:00:00,JOB000364,CANCELLED,2022-12-30,2023-01-06,2024-01-06
365,365,Reinstatement,2023-01-01,2023-01-01 09:00:00,JOB000365,PENDING,2022-12-27,2023-01-04,2024-01-04
366,366,New Business,2023-01-02,2023-01-02 09:00:00,JOB000366,IN_PROGRESS,2022-12-25,2023-01-07,2024-01-07
367,367,Renewal,2023-01-03,2023-01-03 09:00:00,JOB000367,COMPLETED,2022-12-31,2023-01-09,2024-01-09
368,368,Endorsement,2023-01-04,2023-01-04 09:00:00,JOB000368,CANCELLED,2022-12-28,2023-01-12,2024-01-12
369,369,Cancellation,2023-01-05,2023-01-05 09:00:00,JOB000369,PENDING,2022-12-27,2023-01-14,2024-01-14
370,370,Reinstatement,2023-01-06,2023-01-06 09:00:00,JOB000370,IN_PROGRESS,2023-01-05,2023-01-12,2024-01-12
371,371,New Business,2023-01-07,2023-01-07 09:00:00,JOB000371,COMPLETED,2023-01-03,2023-01-14,2024-01-14
372,372,Renewal,2023-01-08,2023-01-08 09:00:00,JOB000372,CANCELLED,2023-01-03,2023-01-13,2024-01-13
373,373,Endorsement,2023-01-09,2023-01-09 09:00:00,JOB000373,PENDING,2023-01-05,2023-01-09,2024-01-09
374,374,Cancellation,2023-01-10,2023-01-10 09:00:00,JOB000374,IN_PROGRESS,2023-01-02,2023-01-14,2024-01-14
375,375,Reinstatement,2023-01-11,2023-01-11 09:00:00,JOB000375,COMPLETED,2023-01-07,2023-01-12,2024-01-12
376,376,New Business,2023-01-12,2023-01-12 09:00:00,JOB000376,CANCELLED,2023-01-12,2023-01-21,2024-01-21
377,377,Renewal,2023-01-13,2023-01-13 09:00:00,JOB000377,PENDING,2023-01-11,2023-01-28,2024-01-28
378,378,Endorsement,2023-01-14,2023-01-14 09:00:00,JOB000378,IN_PROGRESS,2023-01-13,2023-01-14,2024-01-14
379,379,Cancellation,2023-01-15,2023-01-15 09:00:00,JOB000379,COMPLETED,2023-01-06,2023-01-24,2024-01-24
380,380,Reinstatement,2023-01-16,2023-01-16 09:00:00,JOB000380,CANCELLED,2023-01-09,2023-01-31,2024-01-31
381,381,New Business,2023-01-17,2023-01-17 09:00:00,JOB000381,PENDING,2023-01-10,2023-01-27,2024-01-27
382,382,Renewal,2023-01-18,2023-01-18 09:00:00,JOB000382,IN_PROGRESS,2023-01-16,2023-01-19,2024-01-19
383,383,Endorsement,2023-01-19,2023-01-19 09:00:00,JOB000383,COMPLETED,2023-01-15,2023-02-03,2024-02-03
384,384,Cancellation,2023-01-20,2023-01-20 09:00:00,JOB000384,CANCELLED,2023-01-19,2023-01-22,2024-01-22
385,385,Reinstatement,2023-01-21,2023-01-21 09:00:00,JOB000385,PENDING,2023-01-15,2023-02-05,2024-02-05
386,386,New Business,2023-01-22,2023-01-22 09:00:00,JOB000386,IN_PROGRESS,2023-01-21,2023-01-23,2024-01-23
387,387,Renewal,2023-01-23,2023-01-23 09:00:00,JOB000387,COMPLETED,2023-01-21,2023-01-27,2024-01-27
388,388,Endorsement,2023-01-24,2023-01-24 09:00:00,JOB000388,CANCELLED,2023-01-15,2023-02-02,2024-02-02
389,389,Cancellation,2023-01-25,2023-01-25 09:00:00,JOB000389,PENDING,2023-01-24,2023-02-01,2024-02-01
390,390,Reinstatement,2023-01-26,2023-01-26 09:00:00,JOB000390,IN_PROGRESS,2023-01-25,2023-02-08,2024-02-08
391,391,New Business,2023-01-27,2023-01-27 09:00:00,JOB000391,COMPLETED,2023-01-18,2023-02-03,2024-02-03
392,392,Renewal,2023-01-28,2023-01-28 09:00:00,JOB000392,CANCELLED,2023-01-20,2023-02-09,2024-02-09
393,393,Endorsement,2023-01-29,2023-01-29 09:00:00,JOB000393,PENDING,2023-01-22,2023-02-12,2024-02-12
394,394,Cancellation,2023-01-30,2023-01-30 09:00:00,JOB000394,IN_PROGRESS,2023-01-26,2023-02-12,2024-02-12
395,395,Reinstatement,2023-01-31,2023-01-31 09:00:00,JOB000395,COMPLETED,2023-01-27,2023-02-01,2024-02-01
396,396,New Business,2023-02-01,2023-02-01 09:00:00,JOB000396,CANCELLED,2023-01-23,2023-02-04,2024-02-04
397,397,Renewal,2023-02-02,2023-02-02 09:00:00,JOB000397,PENDING,2023-01-30,2023-02-08,2024-02-08
398,398,Endorsement,2023-02-03,2023-02-03 09:00:00,JOB000398,IN_PROGRESS,2023-01-30,2023-02-05,2024-02-05
399,399,Cancellation,2023-02-04,2023-02-04 09:00:00,JOB000399,COMPLETED,2023-02-02,2023-02-11,2024-02-11
400,400,Reinstatement,2023-02-05,2023-02-05 09:00:00,JOB000400,CANCELLED,2023-02-03,2023-02-07,2024-02-07
401,401,New Business,2023-02-06,2023-02-06 09:00:00,JOB000401,PENDING,2023-02-04,2023-02-06,2024-02-06
402,402,Renewal,2023-02-07,2023-02-07 09:00:00,JOB000402,IN_PROGRESS,2023-02-01,2023-02-21,2024-02-21
403,403,Endorsement,2023-02-08,2023-02-08 09:00:00,JOB000403,COMPLETED,2023-01-30,2023-02-23,2024-02-23
404,404,Cancellation,2023-02-09,2023-02-09 09:00:00,JOB000404,CANCELLED,2023-02-05,2023-02-10,2024-02-10
405,405,Reinstatement,2023-02-10,2023-02-10 09:00:00,JOB000405,PENDING,2023-02-07,2023-02-19,2024-02-19
406,406,New Business,2023-02-11,2023-02-11 09:00:00,JOB000406,IN_PROGRESS,2023-02-07,2023-02-25,2024-02-25
407,407,Renewal,2023-02-12,2023-02-12 09:00:00,JOB000407,COMPLETED,2023-02-11,2023-02-19,2024-02-19
408,408,Endorsement,2023-02-13,2023-02-13 09:00:00,JOB000408,CANCELLED,2023-02-09,2023-02-19,2024-02-19
409,409,Cancellation,2023-02-14,2023-02-14 09:00:00,JOB000409,PENDING,2023-02-08,2023-02-17,2024-02-17
410,410,Reinstatement,2023-02-15,2023-02-15 09:00:00,JOB000410,IN_PROGRESS,2023-02-07,2023-02-22,2024-02-22
411,411,New Business,2023-02-16,2023-02-16 09:00:00,JOB000411,COMPLETED,2023-02-06,2023-02-20,2024-02-20
412,412,Renewal,2023-02-17,2023-02-17 09:00:00,JOB000412,CANCELLED,2023-02-13,2023-02-21,2024-02-21
413,413,Endorsement,2023-02-18,2023-02-18 09:00:00,JOB000413,PENDING,2023-02-17,2023-02-19,2024-02-19
414,414,Cancellation,2023-02-19,2023-02-19 09:00:00,JOB000414,IN_PROGRESS,2023-02-17,2023-02-28,2024-02-28
415,415,Reinstatement,2023-02-20,2023-02-20 09:00:00,JOB000415,COMPLETED,2023-02-11,2023-03-01,2024-02-29
416,416,New Business,2023-02-21,2023-02-21 09:00:00,JOB000416,CANCELLED,2023-02-14,2023-02-24,2024-02-24
417,417,Renewal,2023-02-22,2023-02-22 09:00:00,JOB000417,PENDING,2023-02-15,2023-03-03,2024-03-02
418,418,Endorsement,2023-02-23,2023-02-23 09:00:00,JOB000418,IN_PROGRESS,2023-02-17,2023-03-03,2024-03-02
419,419,Cancellation,2023-02-24,2023-02-24 09:00:00,JOB000419,COMPLETED,2023-02-16,2023-03-11,2024-03-10
420,420,Reinstatement,2023-02-25,2023-02-25 09:00:00,JOB000420,CANCELLED,2023-02-18,2023-02-27,2024-02-27
421,421,New Business,2023-02-26,2023-02-26 09:00:00,JOB000421,PENDING,2023-02-17,2023-02-27,2024-02-27
422,422,Renewal,2023-02-27,2023-02-27 09:00:00,JOB000422,IN_PROGRESS,2023-02-21,2023-03-09,2024-03-08
423,423,Endorsement,2023-02-28,2023-02-28 09:00:00,JOB000423,COMPLETED,2023-02-19,2023-03-08,2024-03-07
424,424,Cancellation,2023-03-01,2023-03-01 09:00:00,JOB000424,CANCELLED,2023-03-01,2023-03-03,2024-03-02
425,425,Reinstatement,2023-03-02,2023-03-02 09:00:00,JOB000425,PENDING,2023-02-27,2023-03-02,2024-03-01
426,426,New Business,2023-03-03,2023-03-03 09:00:00,JOB000426,IN_PROGRESS,2023-02-21,2023-03-11,2024-03-10
427,427,Renewal,2023-03-04,2023-03-04 09:00:00,JOB000427,COMPLETED,2023-02-23,2023-03-05,2024-03-04
428,428,Endorsement,2023-03-05,2023-03-05 09:00:00,JOB000428,CANCELLED,2023-03-03,2023-03-20,2024-03-19
429,429,Cancellation,2023-03-06,2023-03-06 09:00:00,JOB000429,PENDING,2023-02-26,2023-03-20,2024-03-19
430,430,Reinstatement,2023-03-07,2023-03-07 09:00:00,JOB000430,IN_PROGRESS,2023-03-03,2023-03-12,2024-03-11
431,431,New Business,2023-03-08,2023-03-08 09:00:00,JOB000431,COMPLETED,2023-02-27,2023-03-21,2024-03-20
432,432,Renewal,2023-03-09,2023-03-09 09:00:00,JOB000432,CANCELLED,2023-02-27,2023-03-24,2024-03-23
433,433,Endorsement,2023-03-10,2023-03-10 09:00:00,JOB000433,PENDING,2023-03-09,2023-03-25,2024-03-24
434,434,Cancellation,2023-03-11,2023-03-11 09:00:00,JOB000434,IN_PROGRESS,2023-03-06,2023-03-24,2024-03-23
435,435,Reinstatement,2023-03-12,2023-03-12 09:00:00,JOB000435,COMPLETED,2023-03-07,2023-03-22,2024-03-21
436,436,New Business,2023-03-13,2023-03-13 09:00:00,JOB000436,CANCELLED,2023-03-03,2023-03-16,2024-03-15
437,437,Renewal,2023-03-14,2023-03-14 09:00:00,JOB000437,PENDING,2023-03-12,2023-03-24,2024-03-23
438,438,Endorsement,2023-03-15,2023-03-15 09:00:00,JOB000438,IN_PROGRESS,2023-03-09,2023-03-30,2024-03-29
439,439,Cancellation,2023-03-16,2023-03-16 09:00:00,JOB000439,COMPLETED,2023-03-12,2023-03-28,2024-03-27
440,440,Reinstatement,2023-03-17,2023-03-17 09:00:00,JOB000440,CANCELLED,2023-03-09,2023-03-18,2024-03-17
441,441,New Business,2023-03-18,2023-03-18 09:00:00,JOB000441,PENDING,2023-03-11,2023-03-20,2024-03-19
442,442,Renewal,2023-03-19,2023-03-19 09:00:00,JOB000442,IN_PROGRESS,2023-03-14,2023-03-27,2024-03-26
443,443,Endorsement,2023-03-20,2023-03-20 09:00:00,JOB000443,COMPLETED,2023-03-15,2023-03-23,2024-03-22
444,444,Cancellation,2023-03-21,2023-03-21 09:00:00,JOB000444,CANCELLED,2023-03-15,2023-03-21,2024-03-20
445,445,Reinstatement,2023-03-22,2023-03-22 09:00:00,JOB000445,PENDING,2023-03-12,2023-04-05,2024-04-04
446,446,New Business,2023-03-23,2023-03-23 09:00:00,JOB000446,IN_PROGRESS,2023-03-17,2023-03-24,2024-03-23
447,447,Renewal,2023-03-24,2023-03-24 09:00:00,JOB000447,COMPLETED,2023-03-21,2023-04-04,2024-04-03
448,448,Endorsement,2023-03-25,2023-03-25 09:00:00,JOB000448,CANCELLED,2023-03-16,2023-04-09,2024-04-08
449,449,Cancellation,2023-03-26,2023-03-26 09:00:00,JOB000449,PENDING,2023-03-16,2023-04-09,2024-04-08
450,450,Reinstatement,2023-03-27,2023-03-27 09:00:00,JOB000450,IN_PROGRESS,2023-03-27,2023-04-02,2024-04-01
451,451,New Business,2023-03-28,2023-03-28 09:00:00,JOB000451,COMPLETED,2023-03-24,2023-04-01,2024-03-31
452,452,Renewal,2023-03-29,2023-03-29 09:00:00,JOB000452,CANCELLED,2023-03-25,2023-04-12,2024-04-11
453,453,Endorsement,2023-03-30,2023-03-30 09:00:00,JOB000453,PENDING,2023-03-23,2023-04-02,2024-04-01
454,454,Cancellation,2023-03-31,2023-03-31 09:00:00,JOB000454,IN_PROGRESS,2023-03-31,2023-04-07,2024-04-06
455,455,Reinstatement,2023-04-01,2023-04-01 09:00:00,JOB000455,COMPLETED,2023-03-30,2023-04-10,2024-04-09
456,456,New Business,2023-04-02,2023-04-02 09:00:00,JOB000456,CANCELLED,2023-03-25,2023-04-02,2024-04-01
457,457,Renewal,2023-04-03,2023-04-03 09:00:00,JOB000457,PENDING,2023-03-26,2023-04-16,2024-04-15
458,458,Endorsement,2023-04-04,2023-04-04 09:00:00,JOB000458,IN_PROGRESS,2023-04-03,2023-04-11,2024-04-10
459,459,Cancellation,2023-04-05,2023-04-05 09:00:00,JOB000459,COMPLETED,2023-04-04,2023-04-19,2024-04-18
460,460,Reinstatement,2023-04-06,2023-04-06 09:00:00,JOB000460,CANCELLED,2023-04-05,2023-04-10,2024-04-09
461,461,New Business,2023-04-07,2023-04-07 09:00:00,JOB000461,PENDING,2023-03-31,2023-04-16,2024-04-15
462,462,Renewal,2023-04-08,2023-04-08 09:00:00,JOB000462,IN_PROGRESS,2023-03-31,2023-04-16,2024-04-15
463,463,Endorsement,2023-04-09,2023-04-09 09:00:00,JOB000463,COMPLETED,2023-04-03,2023-04-24,2024-04-23
464,464,Cancellation,2023-04-10,2023-04-10 09:00:00,JOB000464,CANCELLED,2023-04-03,2023-04-17,2024-04-16
465,465,Reinstatement,2023-04-11,2023-04-11 09:00:00,JOB000465,PENDING,2023-04-04,2023-04-15,2024-04-14
466,466,New Business,2023-04-12,2023-04-12 09:00:00,JOB000466,IN_PROGRESS,2023-04-06,2023-04-18,2024-04-17
467,467,Renewal,2023-04-13,2023-04-13 09:00:00,JOB000467,COMPLETED,2023-04-04,2023-04-17,2024-04-16
468,468,Endorsement,2023-04-14,2023-04-14 09:00:00,JOB000468,CANCELLED,2023-04-13,2023-04-22,2024-04-21
469,469,Cancellation,2023-04-15,2023-04-15 09:00:00,JOB000469,PENDING,2023-04-09,2023-04-25,2024-04-24
470,470,Reinstatement,2023-04-16,2023-04-16 09:00:00,JOB000470,IN_PROGRESS,2023-04-08,2023-04-24,2024-04-23
471,471,New Business,2023-04-17,2023-04-17 09:00:00,JOB000471,COMPLETED,2023-04-17,2023-04-26,2024-04-25
472,472,Renewal,2023-04-18,2023-04-18 09:00:00,JOB000472,CANCELLED,2023-04-14,2023-05-03,2024-05-02
473,473,Endorsement,2023-04-19,2023-04-19 09:00:00,JOB000473,PENDING,2023-04-17,2023-05-03,2024-05-02
474,474,Cancellation,2023-04-20,2023-04-20 09:00:00,JOB000474,IN_PROGRESS,2023-04-12,2023-05-05,2024-05-04
475,475,Reinstatement,2023-04-21,2023-04-21 09:00:00,JOB000475,COMPLETED,2023-04-16,2023-05-01,2024-04-30
476,476,New Business,2023-04-22,2023-04-22 09:00:00,JOB000476,CANCELLED,2023-04-14,2023-05-04,2024-05-03
477,477,Renewal,2023-04-23,2023-04-23 09:00:00,JOB000477,PENDING,2023-04-16,2023-05-03,2024-05-02
478,478,Endorsement,2023-04-24,2023-04-24 09:00:00,JOB000478,IN_PROGRESS,2023-04-21,2023-05-01,2024-04-30
479,479,Cancellation,2023-04-25,2023-04-25 09:00:00,JOB000479,COMPLETED,2023-04-16,2023-05-07,2024-05-06
480,480,Reinstatement,2023-04-26,2023-04-26 09:00:00,JOB000480,CANCELLED,2023-04-23,2023-05-09,2024-05-08
481,481,New Business,2023-04-27,2023-04-27 09:00:00,JOB000481,PENDING,2023-04-27,2023-05-07,2024-05-06
482,482,Renewal,2023-04-28,2023-04-28 09:00:00,JOB000482,IN_PROGRESS,2023-04-21,2023-05-10,2024-05-09
483,483,Endorsement,2023-04-29,2023-04-29 09:00:00,JOB000483,COMPLETED,2023-04-23,2023-05-03,2024-05-02
484,484,Cancellation,2023-04-30,2023-04-30 09:00:00,JOB000484,CANCELLED,2023-04-23,2023-05-01,2024-04-30
485,485,Reinstatement,2023-05-01,2023-05-01 09:00:00,JOB000485,PENDING,2023-04-29,2023-05-11,2024-05-10
486,486,New Business,2023-05-02,2023-05-02 09:00:00,JOB000486,IN_PROGRESS,2023-05-01,2023-05-16,2024-05-15
487,487,Renewal,2023-05-03,2023-05-03 09:00:00,JOB000487,COMPLETED,2023-05-02,2023-05-17,2024-05-16
488,488,Endorsement,2023-05-04,2023-05-04 09:00:00,JOB000488,CANCELLED,2023-05-04,2023-05-08,2024-05-07
489,489,Cancellation,2023-05-05,2023-05-05 09:00:00,JOB000489,PENDING,2023-04-29,2023-05-09,2024-05-08
490,490,Reinstatement,2023-05-06,2023-05-06 09:00:00,JOB000490,IN_PROGRESS,2023-05-05,2023-05-21,2024-05-20
491,491,New Business,2023-05-07,2023-05-07 09:00:00,JOB000491,COMPLETED,2023-05-03,2023-05-17,2024-05-16
492,492,Renewal,2023-05-08,2023-05-08 09:00:00,JOB000492,CANCELLED,2023-04-29,2023-05-20,2024-05-19
493,493,Endorsement,2023-05-09,2023-05-09 09:00:00,JOB000493,PENDING,2023-04-29,2023-05-11,2024-05-10
494,494,Cancellation,2023-05-10,2023-05-10 09:00:00,JOB000494,IN_PROGRESS,2023-05-05,2023-05-22,2024-05-21
495,495,Reinstatement,2023-05-11,2023-05-11 09:00:00,JOB000495,COMPLETED,2023-05-06,2023-05-26,2024-05-25
496,496,New Business,2023-05-12,2023-05-12 09:00:00,JOB000496,CANCELLED,2023-05-04,2023-05-13,2024-05-12
497,497,Renewal,2023-05-13,2023-05-13 09:00:00,JOB000497,PENDING,2023-05-04,2023-05-15,2024-05-14
498,498,Endorsement,2023-05-14,2023-05-14 09:00:00,JOB000498,IN_PROGRESS,2023-05-11,2023-05-23,2024-05-22
499,499,Cancellation,2023-05-15,2023-05-15 09:00:00,JOB000499,COMPLETED,2023-05-12,2023-05-17,2024-05-16
500,500,Reinstatement,2023-05-16,2023-05-16 09:00:00,JOB000500,CANCELLED,2023-05-10,2023-05-19,2024-05-18
501,501,New Business,2023-05-17,2023-05-17 09:00:00,JOB000501,PENDING,2023-05-07,2023-05-20,2024-05-19
502,502,Renewal,2023-05-18,2023-05-18 09:00:00,JOB000502,IN_PROGRESS,2023-05-11,2023-05-23,2024-05-22
503,503,Endorsement,2023-05-19,2023-05-19 09:00:00,JOB000503,COMPLETED,2023-05-15,2023-05-19,2024-05-18
504,504,Cancellation,2023-05-20,2023-05-20 09:00:00,JOB000504,CANCELLED,2023-05-20,2023-05-30,2024-05-29
505,505,Reinstatement,2023-05-21,2023-05-21 09:00:00,JOB000505,PENDING,2023-05-21,2023-05-30,2024-05-29
506,506,New Business,2023-05-22,2023-05-22 09:00:00,JOB000506,IN_PROGRESS,2023-05-17,2023-06-02,2024-06-01
507,507,Renewal,2023-05-23,2023-05-23 09:00:00,JOB000507,COMPLETED,2023-05-17,2023-05-27,2024-05-26
508,508,Endorsement,2023-05-24,2023-05-24 09:00:00,JOB000508,CANCELLED,2023-05-21,2023-06-06,2024-06-05
509,509,Cancellation,2023-05-25,2023-05-25 09:00:00,JOB000509,PENDING,2023-05-16,2023-05-30,2024-05-29
510,510,Reinstatement,2023-05-26,2023-05-26 09:00:00,JOB000510,IN_PROGRESS,2023-05-24,2023-05-31,2024-05-30
511,511,New Business,2023-05-27,2023-05-27 09:00:00,JOB000511,COMPLETED,2023-05-26,2023-06-08,2024-06-07
512,512,Renewal,2023-05-28,2023-05-28 09:00:00,JOB000512,CANCELLED,2023-05-19,2023-06-04,2024-06-03
513,513,Endorsement,2023-05-29,2023-05-29 09:00:00,JOB000513,PENDING,2023-05-22,2023-06-02,2024-06-01
514,514,Cancellation,2023-05-30,2023-05-30 09:00:00,JOB000514,IN_PROGRESS,2023-05-27,2023-06-13,2024-06-12
515,515,Reinstatement,2023-05-31,2023-05-31 09:00:00,JOB000515,COMPLETED,2023-05-21,2023-06-08,2024-06-07
516,516,New Business,2023-06-01,2023-06-01 09:00:00,JOB000516,CANCELLED,2023-05-25,2023-06-09,2024-06-08
517,517,Renewal,2023-06-02,2023-06-02 09:00:00,JOB000517,PENDING,2023-05-23,2023-06-02,2024-06-01
518,518,Endorsement,2023-06-03,2023-06-03 09:00:00,JOB000518,IN_PROGRESS,2023-05-27,2023-06-12,2024-06-11
519,519,Cancellation,2023-06-04,2023-06-04 09:00:00,JOB000519,COMPLETED,2023-05-25,2023-06-09,2024-06-08
520,520,Reinstatement,2023-06-05,2023-06-05 09:00:00,JOB000520,CANCELLED,2023-06-04,2023-06-19,2024-06-18
521,521,New Business,2023-06-06,2023-06-06 09:00:00,JOB000521,PENDING,2023-06-01,2023-06-15,2024-06-14
522,522,Renewal,2023-06-07,2023-06-07 09:00:00,JOB000522,IN_PROGRESS,2023-05-28,2023-06-20,2024-06-19
523,523,Endorsement,2023-06-08,2023-06-08 09:00:00,JOB000523,COMPLETED,2023-06-04,2023-06-22,2024-06-21
524,524,Cancellation,2023-06-09,2023-06-09 09:00:00,JOB000524,CANCELLED,2023-06-05,2023-06-15,2024-06-14
525,525,Reinstatement,2023-06-10,2023-06-10 09:00:00,JOB000525,PENDING,2023-06-04,2023-06-25,2024-06-24
526,526,New Business,2023-06-11,2023-06-11 09:00:00,JOB000526,IN_PROGRESS,2023-06-10,2023-06-18,2024-06-17
527,527,Renewal,2023-06-12,2023-06-12 09:00:00,JOB000527,COMPLETED,2023-06-06,2023-06-23,2024-06-22
528,528,Endorsement,2023-06-13,2023-06-13 09:00:00,JOB000528,CANCELLED,2023-06-04,2023-06-22,2024-06-21
529,529,Cancellation,2023-06-14,2023-06-14 09:00:00,JOB000529,PENDING,2023-06-10,2023-06-14,2024-06-13
530,530,Reinstatement,2023-06-15,2023-06-15 09:00:00,JOB000530,IN_PROGRESS,2023-06-05,2023-06-27,2024-06-26
531,531,New Business,2023-06-16,2023-06-16 09:00:00,JOB000531,COMPLETED,2023-06-12,2023-06-16,2024-06-15
532,532,Renewal,2023-06-17,2023-06-17 09:00:00,JOB000532,CANCELLED,2023-06-08,2023-06-18,2024-06-17
533,533,Endorsement,2023-06-18,2023-06-18 09:00:00,JOB000533,PENDING,2023-06-09,2023-07-03,2024-07-02
534,534,Cancellation,2023-06-19,2023-06-19 09:00:00,JOB000534,IN_PROGRESS,2023-06-15,2023-06-26,2024-06-25
535,535,Reinstatement,2023-06-20,2023-06-20 09:00:00,JOB000535,COMPLETED,2023-06-11,2023-07-01,2024-06-30
536,536,New Business,2023-06-21,2023-06-21 09:00:00,JOB000536,CANCELLED,2023-06-18,2023-06-27,2024-06-26
537,537,Renewal,2023-06-22,2023-06-22 09:00:00,JOB000537,PENDING,2023-06-13,2023-06-30,2024-06-29
538,538,Endorsement,2023-06-23,2023-06-23 09:00:00,JOB000538,IN_PROGRESS,2023-06-13,2023-06-27,2024-06-26
539,539,Cancellation,2023-06-24,2023-06-24 09:00:00,JOB000539,COMPLETED,2023-06-14,2023-06-27,2024-06-26
540,540,Reinstatement,2023-06-25,2023-06-25 09:00:00,JOB000540,CANCELLED,2023-06-15,2023-06-26,2024-06-25
541,541,New Business,2023-06-26,2023-06-26 09:00:00,JOB000541,PENDING,2023-06-22,2023-07-10,2024-07-09
542,542,Renewal,2023-06-27,2023-06-27 09:00:00,JOB000542,IN_PROGRESS,2023-06-27,2023-07-08,2024-07-07
543,543,Endorsement,2023-06-28,2023-06-28 09:00:00,JOB000543,COMPLETED,2023-06-26,2023-06-30,2024-06-29
544,544,Cancellation,2023-06-29,2023-06-29 09:00:00,JOB000544,CANCELLED,2023-06-25,2023-07-09,2024-07-08
545,545,Reinstatement,2023-06-30,2023-06-30 09:00:00,JOB000545,PENDING,2023-06-24,2023-07-05,2024-07-04
546,546,New Business,2023-07-01,2023-07-01 09:00:00,JOB000546,IN_PROGRESS,2023-06-28,2023-07-05,2024-07-04
547,547,Renewal,2023-07-02,2023-07-02 09:00:00,JOB000547,COMPLETED,2023-06-24,2023-07-13,2024-07-12
548,548,Endorsement,2023-07-03,2023-07-03 09:00:00,JOB000548,CANCELLED,2023-06-25,2023-07-11,2024-07-10
549,549,Cancellation,2023-07-04,2023-07-04 09:00:00,JOB000549,PENDING,2023-07-02,2023-07-12,2024-07-11
550,550,Reinstatement,2023-07-05,2023-07-05 09:00:00,JOB000550,IN_PROGRESS,2023-06-28,2023-07-14,2024-07-13
551,551,New Business,2023-07-06,2023-07-06 09:00:00,JOB000551,COMPLETED,2023-07-01,2023-07-09,2024-07-08
552,552,Renewal,2023-07-07,2023-07-07 09:00:00,JOB000552,CANCELLED,2023-06-30,2023-07-09,2024-07-08
553,553,Endorsement,2023-07-08,2023-07-08 09:00:00,JOB000553,PENDING,2023-07-06,2023-07-15,2024-07-14
554,554,Cancellation,2023-07-09,2023-07-09 09:00:00,JOB000554,IN_PROGRESS,2023-06-29,2023-07-21,2024-07-20
555,555,Reinstatement,2023-07-10,2023-07-10 09:00:00,JOB000555,COMPLETED,2023-07-02,2023-07-21,2024-07-20
556,556,New Business,2023-07-11,2023-07-11 09:00:00,JOB000556,CANCELLED,2023-07-10,2023-07-23,2024-07-22
557,557,Renewal,2023-07-12,2023-07-12 09:00:00,JOB000557,PENDING,2023-07-12,2023-07-20,2024-07-19
558,558,Endorsement,2023-07-13,2023-07-13 09:00:00,JOB000558,IN_PROGRESS,2023-07-05,2023-07-16,2024-07-15
559,559,Cancellation,2023-07-14,2023-07-14 09:00:00,JOB000559,COMPLETED,2023-07-07,2023-07-25,2024-07-24
560,560,Reinstatement,2023-07-15,2023-07-15 09:00:00,JOB000560,CANCELLED,2023-07-05,2023-07-23,2024-07-22
561,561,New Business,2023-07-16,2023-07-16 09:00:00,JOB000561,PENDING,2023-07-07,2023-07-28,2024-07-27
562,562,Renewal,2023-07-17,2023-07-17 09:00:00,JOB000562,IN_PROGRESS,2023-07-07,2023-07-28,2024-07-27
563,563,Endorsement,2023-07-18,2023-07-18 09:00:00,JOB000563,COMPLETED,2023-07-17,2023-07-25,2024-07-24
564,564,Cancellation,2023-07-19,2023-07-19 09:00:00,JOB000564,CANCELLED,2023-07-12,2023-07-19,2024-07-18
565,565,Reinstatement,2023-07-20,2023-07-20 09:00:00,JOB000565,PENDING,2023-07-11,2023-07-30,2024-07-29
566,566,New Business,2023-07-21,2023-07-21 09:00:00,JOB000566,IN_PROGRESS,2023-07-12,2023-07-28,2024-07-27
567,567,Renewal,2023-07-22,2023-07-22 09:00:00,JOB000567,COMPLETED,2023-07-12,2023-07-24,2024-07-23
568,568,Endorsement,2023-07-23,2023-07-23 09:00:00,JOB000568,CANCELLED,2023-07-13,2023-08-06,2024-08-05
569,569,Cancellation,2023-07-24,2023-07-24 09:00:00,JOB000569,PENDING,2023-07-20,2023-08-06,2024-08-05
570,570,Reinstatement,2023-07-25,2023-07-25 09:00:00,JOB000570,IN_PROGRESS,2023-07-24,2023-07-29,2024-07-28
571,571,New Business,2023-07-26,2023-07-26 09:00:00,JOB000571,COMPLETED,2023-07-26,2023-07-27,2024-07-26
572,572,Renewal,2023-07-27,2023-07-27 09:00:00,JOB000572,CANCELLED,2023-07-23,2023-08-11,2024-08-10
573,573,Endorsement,2023-07-28,2023-07-28 09:00:00,JOB000573,PENDING,2023-07-27,2023-07-31,2024-07-30
574,574,Cancellation,2023-07-29,2023-07-29 09:00:00,JOB000574,IN_PROGRESS,2023-07-26,2023-08-02,2024-08-01
575,575,Reinstatement,2023-07-30,2023-07-30 09:00:00,JOB000575,COMPLETED,2023-07-24,2023-08-13,2024-08-12
576,576,New Business,2023-07-31,2023-07-31 09:00:00,JOB000576,CANCELLED,2023-07-26,2023-08-13,2024-08-12
577,577,Renewal,2023-08-01,2023-08-01 09:00:00,JOB000577,PENDING,2023-07-23,2023-08-05,2024-08-04
578,578,Endorsement,2023-08-02,2023-08-02 09:00:00,JOB000578,IN_PROGRESS,2023-07-27,2023-08-05,2024-08-04
579,579,Cancellation,2023-08-03,2023-08-03 09:00:00,JOB000579,COMPLETED,2023-07-27,2023-08-16,2024-08-15
580,580,Reinstatement,2023-08-04,2023-08-04 09:00:00,JOB000580,CANCELLED,2023-07-31,2023-08-05,2024-08-04
581,581,New Business,2023-08-05,2023-08-05 09:00:00,JOB000581,PENDING,2023-07-31,2023-08-11,2024-08-10
582,582,Renewal,2023-08-06,2023-08-06 09:00:00,JOB000582,IN_PROGRESS,2023-07-30,2023-08-20,2024-08-19
583,583,Endorsement,2023-08-07,2023-08-07 09:00:00,JOB000583,COMPLETED,2023-08-04,2023-08-18,2024-08-17
584,584,Cancellation,2023-08-08,2023-08-08 09:00:00,JOB000584,CANCELLED,2023-08-07,2023-08-19,2024-08-18
585,585,Reinstatement,2023-08-09,2023-08-09 09:00:00,JOB000585,PENDING,2023-08-01,2023-08-20,2024-08-19
586,586,New Business,2023-08-10,2023-08-10 09:00:00,JOB000586,IN_PROGRESS,2023-08-10,2023-08-22,2024-08-21
587,587,Renewal,2023-08-11,2023-08-11 09:00:00,JOB000587,COMPLETED,2023-08-07,2023-08-17,2024-08-16
588,588,Endorsement,2023-08-12,2023-08-12 09:00:00,JOB000588,CANCELLED,2023-08-11,2023-08-26,2024-08-25
589,589,Cancellation,2023-08-13,2023-08-13 09:00:00,JOB000589,PENDING,2023-08-12,2023-08-19,2024-08-18
590,590,Reinstatement,2023-08-14,2023-08-14 09:00:00,JOB000590,IN_PROGRESS,2023-08-04,2023-08-14,2024-08-13
591,591,New Business,2023-08-15,2023-08-15 09:00:00,JOB000591,COMPLETED,2023-08-15,2023-08-25,2024-08-24
592,592,Renewal,2023-08-16,2023-08-16 09:00:00,JOB000592,CANCELLED,2023-08-13,2023-08-20,2024-08-19
593,593,Endorsement,2023-08-17,2023-08-17 09:00:00,JOB000593,PENDING,2023-08-08,2023-08-23,2024-08-22
594,594,Cancellation,2023-08-18,2023-08-18 09:00:00,JOB000594,IN_PROGRESS,2023-08-17,2023-08-24,2024-08-23
595,595,Reinstatement,2023-08-19,2023-08-19 09:00:00,JOB000595,COMPLETED,2023-08-10,2023-08-25,2024-08-24
596,596,New Business,2023-08-20,2023-08-20 09:00:00,JOB000596,CANCELLED,2023-08-17,2023-08-30,2024-08-29
597,597,Renewal,2023-08-21,2023-08-21 09:00:00,JOB000597,PENDING,2023-08-19,2023-08-21,2024-08-20
598,598,Endorsement,2023-08-22,2023-08-22 09:00:00,JOB000598,IN_PROGRESS,2023-08-18,2023-08-26,2024-08-25
599,599,Cancellation,2023-08-23,2023-08-23 09:00:00,JOB000599,COMPLETED,2023-08-21,2023-08-31,2024-08-30
600,600,Reinstatement,2023-08-24,2023-08-24 09:00:00,JOB000600,CANCELLED,2023-08-22,2023-08-27,2024-08-26
601,601,New Business,2023-08-25,2023-08-25 09:00:00,JOB000601,PENDING,2023-08-15,2023-08-25,2024-08-24
602,602,Renewal,2023-08-26,2023-08-26 09:00:00,JOB000602,IN_PROGRESS,2023-08-24,2023-08-26,2024-08-25
603,603,Endorsement,2023-08-27,2023-08-27 09:00:00,JOB000603,COMPLETED,2023-08-22,2023-09-03,2024-09-02
604,604,Cancellation,2023-08-28,2023-08-28 09:00:00,JOB000604,CANCELLED,2023-08-19,2023-09-07,2024-09-06
605,605,Reinstatement,2023-08-29,2023-08-29 09:00:00,JOB000605,PENDING,2023-08-29,2023-09-03,2024-09-02
606,606,New Business,2023-08-30,2023-08-30 09:00:00,JOB000606,IN_PROGRESS,2023-08-26,2023-08-31,2024-08-30
607,607,Renewal,2023-08-31,2023-08-31 09:00:00,JOB000607,COMPLETED,2023-08-29,2023-09-13,2024-09-12
608,608,Endorsement,2023-09-01,2023-09-01 09:00:00,JOB000608,CANCELLED,2023-08-24,2023-09-04,2024-09-03
609,609,Cancellation,2023-09-02,2023-09-02 09:00:00,JOB000609,PENDING,2023-09-01,2023-09-17,2024-09-16
610,610,Reinstatement,2023-09-03,2023-09-03 09:00:00,JOB000610,IN_PROGRESS,2023-08-27,2023-09-14,2024-09-13
611,611,New Business,2023-09-04,2023-09-04 09:00:00,JOB000611,COMPLETED,2023-08-27,2023-09-07,2024-09-06
612,612,Renewal,2023-09-05,2023-09-05 09:00:00,JOB000612,CANCELLED,2023-08-29,2023-09-12,2024-09-11
613,613,Endorsement,2023-09-06,2023-09-06 09:00:00,JOB000613,PENDING,2023-08-28,2023-09-07,2024-09-06
614,614,Cancellation,2023-09-07,2023-09-07 09:00:00,JOB000614,IN_PROGRESS,2023-08-28,2023-09-16,2024-09-15
615,615,Reinstatement,2023-09-08,2023-09-08 09:00:00,JOB000615,COMPLETED,2023-09-01,2023-09-08,2024-09-07
616,616,New Business,2023-09-09,2023-09-09 09:00:00,JOB000616,CANCELLED,2023-09-09,2023-09-24,2024-09-23
617,617,Renewal,2023-09-10,2023-09-10 09:00:00,JOB000617,PENDING,2023-09-04,2023-09-23,2024-09-22
618,618,Endorsement,2023-09-11,2023-09-11 09:00:00,JOB000618,IN_PROGRESS,2023-09-01,2023-09-14,2024-09-13
619,619,Cancellation,2023-09-12,2023-09-12 09:00:00,JOB000619,COMPLETED,2023-09-05,2023-09-26,2024-09-25
620,620,Reinstatement,2023-09-13,2023-09-13 09:00:00,JOB000620,CANCELLED,2023-09-12,2023-09-15,2024-09-14
621,621,New Business,2023-09-14,2023-09-14 09:00:00,JOB000621,PENDING,2023-09-09,2023-09-18,2024-09-17
622,622,Renewal,2023-09-15,2023-09-15 09:00:00,JOB000622,IN_PROGRESS,2023-09-14,2023-09-19,2024-09-18
623,623,Endorsement,2023-09-16,2023-09-16 09:00:00,JOB000623,COMPLETED,2023-09-12,2023-09-26,2024-09-25
624,624,Cancellation,2023-09-17,2023-09-17 09:00:00,JOB000624,CANCELLED,2023-09-11,2023-09-26,2024-09-25
625,625,Reinstatement,2023-09-18,2023-09-18 09:00:00,JOB000625,PENDING,2023-09-11,2023-10-01,2024-09-30
626,626,New Business,2023-09-19,2023-09-19 09:00:00,JOB000626,IN_PROGRESS,2023-09-18,2023-09-22,2024-09-21
627,627,Renewal,2023-09-20,2023-09-20 09:00:00,JOB000627,COMPLETED,2023-09-10,2023-09-26,2024-09-25
628,628,Endorsement,2023-09-21,2023-09-21 09:00:00,JOB000628,CANCELLED,2023-09-15,2023-10-05,2024-10-04
629,629,Cancellation,2023-09-22,2023-09-22 09:00:00,JOB000629,PENDING,2023-09-19,2023-10-05,2024-10-04
630,630,Reinstatement,2023-09-23,2023-09-23 09:00:00,JOB000630,IN_PROGRESS,2023-09-18,2023-10-07,2024-10-06
631,631,New Business,2023-09-24,2023-09-24 09:00:00,JOB000631,COMPLETED,2023-09-18,2023-10-07,2024-10-06
632,632,Renewal,2023-09-25,2023-09-25 09:00:00,JOB000632,CANCELLED,2023-09-24,2023-10-05,2024-10-04
633,633,Endorsement,2023-09-26,2023-09-26 09:00:00,JOB000633,PENDING,2023-09-20,2023-10-06,2024-10-05
634,634,Cancellation,2023-09-27,2023-09-27 09:00:00,JOB000634,IN_PROGRESS,2023-09-17,2023-10-05,2024-10-04
635,635,Reinstatement,2023-09-28,2023-09-28 09:00:00,JOB000635,COMPLETED,2023-09-23,2023-10-02,2024-10-01
636,636,New Business,2023-09-29,2023-09-29 09:00:00,JOB000636,CANCELLED,2023-09-19,2023-10-14,2024-10-13
637,637,Renewal,2023-09-30,2023-09-30 09:00:00,JOB000637,PENDING,2023-09-29,2023-10-02,2024-10-01
638,638,Endorsement,2023-10-01,2023-10-01 09:00:00,JOB000638,IN_PROGRESS,2023-09-30,2023-10-03,2024-10-02
639,639,Cancellation,2023-10-02,2023-10-02 09:00:00,JOB000639,COMPLETED,2023-09-26,2023-10-05,2024-10-04
640,640,Reinstatement,2023-10-03,2023-10-03 09:00:00,JOB000640,CANCELLED,2023-09-28,2023-10-07,2024-10-06
641,641,New Business,2023-10-04,2023-10-04 09:00:00,JOB000641,PENDING,2023-09-26,2023-10-05,2024-10-04
642,642,Renewal,2023-10-05,2023-10-05 09:00:00,JOB000642,IN_PROGRESS,2023-09-26,2023-10-15,2024-10-14
643,643,Endorsement,2023-10-06,2023-10-06 09:00:00,JOB000643,COMPLETED,2023-09-26,2023-10-09,2024-10-08
644,644,Cancellation,2023-10-07,2023-10-07 09:00:00,JOB000644,CANCELLED,2023-10-01,2023-10-18,2024-10-17
645,645,Reinstatement,2023-10-08,2023-10-08 09:00:00,JOB000645,PENDING,2023-09-28,2023-10-21,2024-10-20
646,646,New Business,2023-10-09,2023-10-09 09:00:00,JOB000646,IN_PROGRESS,2023-10-09,2023-10-18,2024-10-17
647,647,Renewal,2023-10-10,2023-10-10 09:00:00,JOB000647,COMPLETED,2023-10-01,2023-10-19,2024-10-18
648,648,Endorsement,2023-10-11,2023-10-11 09:00:00,JOB000648,CANCELLED,2023-10-06,2023-10-14,2024-10-13
649,649,Cancellation,2023-10-12,2023-10-12 09:00:00,JOB000649,PENDING,2023-10-03,2023-10-18,2024-10-17
650,650,Reinstatement,2023-10-13,2023-10-13 09:00:00,JOB000650,IN_PROGRESS,2023-10-11,2023-10-28,2024-10-27
651,651,New Business,2023-10-14,2023-10-14 09:00:00,JOB000651,COMPLETED,2023-10-11,2023-10-17,2024-10-16
652,652,Renewal,2023-10-15,2023-10-15 09:00:00,JOB000652,CANCELLED,2023-10-10,2023-10-26,2024-10-25
653,653,Endorsement,2023-10-16,2023-10-16 09:00:00,JOB000653,PENDING,2023-10-15,2023-10-24,2024-10-23
654,654,Cancellation,2023-10-17,2023-10-17 09:00:00,JOB000654,IN_PROGRESS,2023-10-08,2023-10-24,2024-10-23
655,655,Reinstatement,2023-10-18,2023-10-18 09:00:00,JOB000655,COMPLETED,2023-10-12,2023-10-18,2024-10-17
656,656,New Business,2023-10-19,2023-10-19 09:00:00,JOB000656,CANCELLED,2023-10-10,2023-10-27,2024-10-26
657,657,Renewal,2023-10-20,2023-10-20 09:00:00,JOB000657,PENDING,2023-10-20,2023-10-25,2024-10-24
658,658,Endorsement,2023-10-21,2023-10-21 09:00:00,JOB000658,IN_PROGRESS,2023-10-17,2023-10-30,2024-10-29
659,659,Cancellation,2023-10-22,2023-10-22 09:00:00,JOB000659,COMPLETED,2023-10-17,2023-11-02,2024-11-01
660,660,Reinstatement,2023-10-23,2023-10-23 09:00:00,JOB000660,CANCELLED,2023-10-23,2023-10-28,2024-10-27
661,661,New Business,2023-10-24,2023-10-24 09:00:00,JOB000661,PENDING,2023-10-22,2023-11-05,2024-11-04
662,662,Renewal,2023-10-25,2023-10-25 09:00:00,JOB000662,IN_PROGRESS,2023-10-24,2023-10-29,2024-10-28
663,663,Endorsement,2023-10-26,2023-10-26 09:00:00,JOB000663,COMPLETED,2023-10-16,2023-10-26,2024-10-25
664,664,Cancellation,2023-10-27,2023-10-27 09:00:00,JOB000664,CANCELLED,2023-10-26,2023-11-02,2024-11-01
665,665,Reinstatement,2023-10-28,2023-10-28 09:00:00,JOB000665,PENDING,2023-10-22,2023-11-10,2024-11-09
666,666,New Business,2023-10-29,2023-10-29 09:00:00,JOB000666,IN_PROGRESS,2023-10-22,2023-11-08,2024-11-07
667,667,Renewal,2023-10-30,2023-10-30 09:00:00,JOB000667,COMPLETED,2023-10-28,2023-11-10,2024-11-09
668,668,Endorsement,2023-10-31,2023-10-31 09:00:00,JOB000668,CANCELLED,2023-10-27,2023-11-10,2024-11-09
669,669,Cancellation,2023-11-01,2023-11-01 09:00:00,JOB000669,PENDING,2023-10-23,2023-11-03,2024-11-02
670,670,Reinstatement,2023-11-02,2023-11-02 09:00:00,JOB000670,IN_PROGRESS,2023-11-02,2023-11-06,2024-11-05
671,671,New Business,2023-11-03,2023-11-03 09:00:00,JOB000671,COMPLETED,2023-11-01,2023-11-04,2024-11-03
672,672,Renewal,2023-11-04,2023-11-04 09:00:00,JOB000672,CANCELLED,2023-10-25,2023-11-06,2024-11-05
673,673,Endorsement,2023-11-05,2023-11-05 09:00:00,JOB000673,PENDING,2023-11-01,2023-11-19,2024-11-18
674,674,Cancellation,2023-11-06,2023-11-06 09:00:00,JOB000674,IN_PROGRESS,2023-10-27,2023-11-19,2024-11-18
675,675,Reinstatement,2023-11-07,2023-11-07 09:00:00,JOB000675,COMPLETED,2023-10-31,2023-11-21,2024-11-20
676,676,New Business,2023-11-08,2023-11-08 09:00:00,JOB000676,CANCELLED,2023-11-02,2023-11-16,2024-11-15
677,677,Renewal,2023-11-09,2023-11-09 09:00:00,JOB000677,PENDING,2023-11-06,2023-11-12,2024-11-11
678,678,Endorsement,2023-11-10,2023-11-10 09:00:00,JOB000678,IN_PROGRESS,2023-11-05,2023-11-23,2024-11-22
679,679,Cancellation,2023-11-11,2023-11-11 09:00:00,JOB000679,COMPLETED,2023-11-10,2023-11-20,2024-11-19
680,680,Reinstatement,2023-11-12,2023-11-12 09:00:00,JOB000680,CANCELLED,2023-11-02,2023-11-27,2024-11-26
681,681,New Business,2023-11-13,2023-11-13 09:00:00,JOB000681,PENDING,2023-11-05,2023-11-22,2024-11-21
682,682,Renewal,2023-11-14,2023-11-14 09:00:00,JOB000682,IN_PROGRESS,2023-11-14,2023-11-21,2024-11-20
683,683,Endorsement,2023-11-15,2023-11-15 09:00:00,JOB000683,COMPLETED,2023-11-09,2023-11-16,2024-11-15
684,684,Cancellation,2023-11-16,2023-11-16 09:00:00,JOB000684,CANCELLED,2023-11-16,2023-11-22,2024-11-21
685,685,Reinstatement,2023-11-17,2023-11-17 09:00:00,JOB000685,PENDING,2023-11-13,2023-11-23,2024-11-22
686,686,New Business,2023-11-18,2023-11-18 09:00:00,JOB000686,IN_PROGRESS,2023-11-16,2023-11-26,2024-11-25
687,687,Renewal,2023-11-19,2023-11-19 09:00:00,JOB000687,COMPLETED,2023-11-15,2023-11-29,2024-11-28
688,688,Endorsement,2023-11-20,2023-11-20 09:00:00,JOB000688,CANCELLED,2023-11-19,2023-11-20,2024-11-19
689,689,Cancellation,2023-11-21,2023-11-21 09:00:00,JOB000689,PENDING,2023-11-14,2023-12-04,2024-12-03
690,690,Reinstatement,2023-11-22,2023-11-22 09:00:00,JOB000690,IN_PROGRESS,2023-11-20,2023-11-26,2024-11-25
691,691,New Business,2023-11-23,2023-11-23 09:00:00,JOB000691,COMPLETED,2023-11-17,2023-11-30,2024-11-29
692,692,Renewal,2023-11-24,2023-11-24 09:00:00,JOB000692,CANCELLED,2023-11-16,2023-12-05,2024-12-04
693,693,Endorsement,2023-11-25,2023-11-25 09:00:00,JOB000693,PENDING,2023-11-24,2023-12-07,2024-12-06
694,694,Cancellation,2023-11-26,2023-11-26 09:00:00,JOB000694,IN_PROGRESS,2023-11-26,2023-12-09,2024-12-08
695,695,Reinstatement,2023-11-27,2023-11-27 09:00:00,JOB000695,COMPLETED,2023-11-27,2023-12-11,2024-12-10
696,696,New Business,2023-11-28,2023-11-28 09:00:00,JOB000696,CANCELLED,2023-11-27,2023-12-08,2024-12-07
697,697,Renewal,2023-11-29,2023-11-29 09:00:00,JOB000697,PENDING,2023-11-20,2023-12-12,2024-12-11
698,698,Endorsement,2023-11-30,2023-11-30 09:00:00,JOB000698,IN_PROGRESS,2023-11-21,2023-12-12,2024-12-11
699,699,Cancellation,2023-12-01,2023-12-01 09:00:00,JOB000699,COMPLETED,2023-11-21,2023-12-14,2024-12-13
700,700,Reinstatement,2023-12-02,2023-12-02 09:00:00,JOB000700,CANCELLED,2023-11-28,2023-12-05,2024-12-04
701,701,New Business,2023-12-03,2023-12-03 09:00:00,JOB000701,PENDING,2023-11-27,2023-12-03,2024-12-02
702,702,Renewal,2023-12-04,2023-12-04 09:00:00,JOB000702,IN_PROGRESS,2023-11-29,2023-12-09,2024-12-08
703,703,Endorsement,2023-12-05,2023-12-05 09:00:00,JOB000703,COMPLETED,2023-11-26,2023-12-19,2024-12-18
704,704,Cancellation,2023-12-06,2023-12-06 09:00:00,JOB000704,CANCELLED,2023-12-01,2023-12-08,2024-12-07
705,705,Reinstatement,2023-12-07,2023-12-07 09:00:00,JOB000705,PENDING,2023-12-01,2023-12-10,2024-12-09
706,706,New Business,2023-12-08,2023-12-08 09:00:00,JOB000706,IN_PROGRESS,2023-12-05,2023-12-21,2024-12-20
707,707,Renewal,2023-12-09,2023-12-09 09:00:00,JOB000707,COMPLETED,2023-11-30,2023-12-21,2024-12-20
708,708,Endorsement,2023-12-10,2023-12-10 09:00:00,JOB000708,CANCELLED,2023-12-02,2023-12-12,2024-12-11
709,709,Cancellation,2023-12-11,2023-12-11 09:00:00,JOB000709,PENDING,2023-12-05,2023-12-20,2024-12-19
710,710,Reinstatement,2023-12-12,2023-12-12 09:00:00,JOB000710,IN_PROGRESS,2023-12-07,2023-12-19,2024-12-18
711,711,New Business,2023-12-13,2023-12-13 09:00:00,JOB000711,COMPLETED,2023-12-08,2023-12-18,2024-12-17
712,712,Renewal,2023-12-14,2023-12-14 09:00:00,JOB000712,CANCELLED,2023-12-13,2023-12-17,2024-12-16
713,713,Endorsement,2023-12-15,2023-12-15 09:00:00,JOB000713,PENDING,2023-12-07,2023-12-21,2024-12-20
714,714,Cancellation,2023-12-16,2023-12-16 09:00:00,JOB000714,IN_PROGRESS,2023-12-11,2023-12-27,2024-12-26
715,715,Reinstatement,2023-12-17,2023-12-17 09:00:00,JOB000715,COMPLETED,2023-12-07,2023-12-21,2024-12-20
716,716,New Business,2023-12-18,2023-12-18 09:00:00,JOB000716,CANCELLED,2023-12-15,2023-12-21,2024-12-20
717,717,Renewal,2023-12-19,2023-12-19 09:00:00,JOB000717,PENDING,2023-12-17,2023-12-27,2024-12-26
718,718,Endorsement,2023-12-20,2023-12-20 09:00:00,JOB000718,IN_PROGRESS,2023-12-17,2023-12-25,2024-12-24
719,719,Cancellation,2023-12-21,2023-12-21 09:00:00,JOB000719,COMPLETED,2023-12-12,2023-12-25,2024-12-24
720,720,Reinstatement,2023-12-22,2023-12-22 09:00:00,JOB000720,CANCELLED,2023-12-12,2023-12-24,2024-12-23
721,721,New Business,2023-12-23,2023-12-23 09:00:00,JOB000721,PENDING,2023-12-21,2024-01-07,2025-01-06
722,722,Renewal,2023-12-24,2023-12-24 09:00:00,JOB000722,IN_PROGRESS,2023-12-17,2024-01-07,2025-01-06
723,723,Endorsement,2023-12-25,2023-12-25 09:00:00,JOB000723,COMPLETED,2023-12-15,2024-01-04,2025-01-03
724,724,Cancellation,2023-12-26,2023-12-26 09:00:00,JOB000724,CANCELLED,2023-12-16,2024-01-05,2025-01-04
725,725,Reinstatement,2023-12-27,2023-12-27 09:00:00,JOB000725,PENDING,2023-12-25,2024-01-10,2025-01-09
726,726,New Business,2023-12-28,2023-12-28 09:00:00,JOB000726,IN_PROGRESS,2023-12-27,2024-01-12,2025-01-11
727,727,Renewal,2023-12-29,2023-12-29 09:00:00,JOB000727,COMPLETED,2023-12-22,2024-01-07,2025-01-06
728,728,Endorsement,2023-12-30,2023-12-30 09:00:00,JOB000728,CANCELLED,2023-12-26,2023-12-31,2024-12-30
729,729,Cancellation,2023-12-31,2023-12-31 09:00:00,JOB000729,PENDING,2023-12-26,2024-01-02,2025-01-01
730,730,Reinstatement,2024-01-01,2024-01-01 09:00:00,JOB000730,IN_PROGRESS,2023-12-28,2024-01-15,2025-01-14
731,731,New Business,2024-01-02,2024-01-02 09:00:00,JOB000731,COMPLETED,2023-12-26,2024-01-03,2025-01-02
732,732,Renewal,2024-01-03,2024-01-03 09:00:00,JOB000732,CANCELLED,2024-01-03,2024-01-14,2025-01-13
733,733,Endorsement,2024-01-04,2024-01-04 09:00:00,JOB000733,PENDING,2023-12-31,2024-01-06,2025-01-05
734,734,Cancellation,2024-01-05,2024-01-05 09:00:00,JOB000734,IN_PROGRESS,2023-12-26,2024-01-07,2025-01-06
735,735,Reinstatement,2024-01-06,2024-01-06 09:00:00,JOB000735,COMPLETED,2023-12-28,2024-01-18,2025-01-17
736,736,New Business,2024-01-07,2024-01-07 09:00:00,JOB000736,CANCELLED,2023-12-31,2024-01-08,2025-01-07
737,737,Renewal,2024-01-08,2024-01-08 09:00:00,JOB000737,PENDING,2024-01-01,2024-01-14,2025-01-13
738,738,Endorsement,2024-01-09,2024-01-09 09:00:00,JOB000738,IN_PROGRESS,2024-01-04,2024-01-24,2025-01-23
739,739,Cancellation,2024-01-10,2024-01-10 09:00:00,JOB000739,COMPLETED,2024-01-02,2024-01-14,2025-01-13
740,740,Reinstatement,2024-01-11,2024-01-11 09:00:00,JOB000740,CANCELLED,2024-01-11,2024-01-25,2025-01-24
741,741,New Business,2024-01-12,2024-01-12 09:00:00,JOB000741,PENDING,2024-01-11,2024-01-22,2025-01-21
742,742,Renewal,2024-01-13,2024-01-13 09:00:00,JOB000742,IN_PROGRESS,2024-01-12,2024-01-18,2025-01-17
743,743,Endorsement,2024-01-14,2024-01-14 09:00:00,JOB000743,COMPLETED,2024-01-14,2024-01-21,2025-01-20
744,744,Cancellation,2024-01-15,2024-01-15 09:00:00,JOB000744,CANCELLED,2024-01-08,2024-01-29,2025-01-28
745,745,Reinstatement,2024-01-16,2024-01-16 09:00:00,JOB000745,PENDING,2024-01-08,2024-01-21,2025-01-20
746,746,New Business,2024-01-17,2024-01-17 09:00:00,JOB000746,IN_PROGRESS,2024-01-12,2024-01-28,2025-01-27
747,747,Renewal,2024-01-18,2024-01-18 09:00:00,JOB000747,COMPLETED,2024-01-14,2024-01-30,2025-01-29
748,748,Endorsement,2024-01-19,2024-01-19 09:00:00,JOB000748,CANCELLED,2024-01-13,2024-01-29,2025-01-28
749,749,Cancellation,2024-01-20,2024-01-20 09:00:00,JOB000749,PENDING,2024-01-10,2024-01-21,2025-01-20
750,750,Reinstatement,2024-01-21,2024-01-21 09:00:00,JOB000750,IN_PROGRESS,2024-01-11,2024-01-31,2025-01-30
751,751,New Business,2024-01-22,2024-01-22 09:00:00,JOB000751,COMPLETED,2024-01-21,2024-02-01,2025-01-31
752,752,Renewal,2024-01-23,2024-01-23 09:00:00,JOB000752,CANCELLED,2024-01-22,2024-02-04,2025-02-03
753,753,Endorsement,2024-01-24,2024-01-24 09:00:00,JOB000753,PENDING,2024-01-20,2024-02-01,2025-01-31
754,754,Cancellation,2024-01-25,2024-01-25 09:00:00,JOB000754,IN_PROGRESS,2024-01-15,2024-01-29,2025-01-28
755,755,Reinstatement,2024-01-26,2024-01-26 09:00:00,JOB000755,COMPLETED,2024-01-21,2024-01-28,2025-01-27
756,756,New Business,2024-01-27,2024-01-27 09:00:00,JOB000756,CANCELLED,2024-01-18,2024-01-31,2025-01-30
757,757,Renewal,2024-01-28,2024-01-28 09:00:00,JOB000757,PENDING,2024-01-23,2024-02-06,2025-02-05
758,758,Endorsement,2024-01-29,2024-01-29 09:00:00,JOB000758,IN_PROGRESS,2024-01-19,2024-02-10,2025-02-09
759,759,Cancellation,2024-01-30,2024-01-30 09:00:00,JOB000759,COMPLETED,2024-01-28,2024-02-01,2025-01-31
760,760,Reinstatement,2024-01-31,2024-01-31 09:00:00,JOB000760,CANCELLED,2024-01-27,2024-02-12,2025-02-11
761,761,New Business,2024-02-01,2024-02-01 09:00:00,JOB000761,PENDING,2024-01-22,2024-02-11,2025-02-10
762,762,Renewal,2024-02-02,2024-02-02 09:00:00,JOB000762,IN_PROGRESS,2024-01-31,2024-02-04,2025-02-03
763,763,Endorsement,2024-02-03,2024-02-03 09:00:00,JOB000763,COMPLETED,2024-01-24,2024-02-16,2025-02-15
764,764,Cancellation,2024-02-04,2024-02-04 09:00:00,JOB000764,CANCELLED,2024-01-27,2024-02-15,2025-02-14
765,765,Reinstatement,2024-02-05,2024-02-05 09:00:00,JOB000765,PENDING,2024-02-05,2024-02-16,2025-02-15
766,766,New Business,2024-02-06,2024-02-06 09:00:00,JOB000766,IN_PROGRESS,2024-02-02,2024-02-11,2025-02-10
767,767,Renewal,2024-02-07,2024-02-07 09:00:00,JOB000767,COMPLETED,2024-02-04,2024-02-17,2025-02-16
768,768,Endorsement,2024-02-08,2024-02-08 09:00:00,JOB000768,CANCELLED,2024-02-01,2024-02-14,2025-02-13
769,769,Cancellation,2024-02-09,2024-02-09 09:00:00,JOB000769,PENDING,2024-02-06,2024-02-13,2025-02-12
770,770,Reinstatement,2024-02-10,2024-02-10 09:00:00,JOB000770,IN_PROGRESS,2024-02-08,2024-02-12,2025-02-11
771,771,New Business,2024-02-11,2024-02-11 09:00:00,JOB000771,COMPLETED,2024-02-07,2024-02-14,2025-02-13
772,772,Renewal,2024-02-12,2024-02-12 09:00:00,JOB000772,CANCELLED,2024-02-04,2024-02-13,2025-02-12
773,773,Endorsement,2024-02-13,2024-02-13 09:00:00,JOB000773,PENDING,2024-02-03,2024-02-23,2025-02-22
774,774,Cancellation,2024-02-14,2024-02-14 09:00:00,JOB000774,IN_PROGRESS,2024-02-05,2024-02-18,2025-02-17
775,775,Reinstatement,2024-02-15,2024-02-15 09:00:00,JOB000775,COMPLETED,2024-02-06,2024-02-27,2025-02-26
776,776,New Business,2024-02-16,2024-02-16 09:00:00,JOB000776,CANCELLED,2024-02-14,2024-02-21,2025-02-20
777,777,Renewal,2024-02-17,2024-02-17 09:00:00,JOB000777,PENDING,2024-02-15,2024-02-22,2025-02-21
778,778,Endorsement,2024-02-18,2024-02-18 09:00:00,JOB000778,IN_PROGRESS,2024-02-11,2024-02-19,2025-02-18
779,779,Cancellation,2024-02-19,2024-02-19 09:00:00,JOB000779,COMPLETED,2024-02-13,2024-03-01,2025-03-01
780,780,Reinstatement,2024-02-20,2024-02-20 09:00:00,JOB000780,CANCELLED,2024-02-10,2024-02-27,2025-02-26
781,781,New Business,2024-02-21,2024-02-21 09:00:00,JOB000781,PENDING,2024-02-14,2024-03-01,2025-03-01
782,782,Renewal,2024-02-22,2024-02-22 09:00:00,JOB000782,IN_PROGRESS,2024-02-15,2024-02-29,2025-02-28
783,783,Endorsement,2024-02-23,2024-02-23 09:00:00,JOB000783,COMPLETED,2024-02-15,2024-03-01,2025-03-01
784,784,Cancellation,2024-02-24,2024-02-24 09:00:00,JOB000784,CANCELLED,2024-02-20,2024-03-10,2025-03-10
785,785,Reinstatement,2024-02-25,2024-02-25 09:00:00,JOB000785,PENDING,2024-02-22,2024-03-07,2025-03-07
786,786,New Business,2024-02-26,2024-02-26 09:00:00,JOB000786,IN_PROGRESS,2024-02-16,2024-03-11,2025-03-11
787,787,Renewal,2024-02-27,2024-02-27 09:00:00,JOB000787,COMPLETED,2024-02-20,2024-03-07,2025-03-07
788,788,Endorsement,2024-02-28,2024-02-28 09:00:00,JOB000788,CANCELLED,2024-02-22,2024-03-12,2025-03-12
789,789,Cancellation,2024-02-29,2024-02-29 09:00:00,JOB000789,PENDING,2024-02-27,2024-03-06,2025-03-06
790,790,Reinstatement,2024-03-01,2024-03-01 09:00:00,JOB000790,IN_PROGRESS,2024-02-21,2024-03-05,2025-03-05
791,791,New Business,2024-03-02,2024-03-02 09:00:00,JOB000791,COMPLETED,2024-02-27,2024-03-03,2025-03-03
792,792,Renewal,2024-03-03,2024-03-03 09:00:00,JOB000792,CANCELLED,2024-02-22,2024-03-18,2025-03-18
793,793,Endorsement,2024-03-04,2024-03-04 09:00:00,JOB000793,PENDING,2024-02-28,2024-03-07,2025-03-07
794,794,Cancellation,2024-03-05,2024-03-05 09:00:00,JOB000794,IN_PROGRESS,2024-02-26,2024-03-08,2025-03-08
795,795,Reinstatement,2024-03-06,2024-03-06 09:00:00,JOB000795,COMPLETED,2024-03-02,2024-03-08,2025-03-08
796,796,New Business,2024-03-07,2024-03-07 09:00:00,JOB000796,CANCELLED,2024-03-05,2024-03-15,2025-03-15
797,797,Renewal,2024-03-08,2024-03-08 09:00:00,JOB000797,PENDING,2024-03-01,2024-03-12,2025-03-12
798,798,Endorsement,2024-03-09,2024-03-09 09:00:00,JOB000798,IN_PROGRESS,2024-03-03,2024-03-11,2025-03-11
799,799,Cancellation,2024-03-10,2024-03-10 09:00:00,JOB000799,COMPLETED,2024-03-07,2024-03-24,2025-03-24
800,800,Reinstatement,2024-03-11,2024-03-11 09:00:00,JOB000800,CANCELLED,2024-03-06,2024-03-11,2025-03-11
801,801,New Business,2024-03-12,2024-03-12 09:00:00,JOB000801,PENDING,2024-03-06,2024-03-13,2025-03-13
802,802,Renewal,2024-03-13,2024-03-13 09:00:00,JOB000802,IN_PROGRESS,2024-03-07,2024-03-24,2025-03-24
803,803,Endorsement,2024-03-14,2024-03-14 09:00:00,JOB000803,COMPLETED,2024-03-11,2024-03-26,2025-03-26
804,804,Cancellation,2024-03-15,2024-03-15 09:00:00,JOB000804,CANCELLED,2024-03-14,2024-03-26,2025-03-26
805,805,Reinstatement,2024-03-16,2024-03-16 09:00:00,JOB000805,PENDING,2024-03-13,2024-03-16,2025-03-16
806,806,New Business,2024-03-17,2024-03-17 09:00:00,JOB000806,IN_PROGRESS,2024-03-12,2024-03-20,2025-03-20
807,807,Renewal,2024-03-18,2024-03-18 09:00:00,JOB000807,COMPLETED,2024-03-08,2024-03-28,2025-03-28
808,808,Endorsement,2024-03-19,2024-03-19 09:00:00,JOB000808,CANCELLED,2024-03-17,2024-03-23,2025-03-23
809,809,Cancellation,2024-03-20,2024-03-20 09:00:00,JOB000809,PENDING,2024-03-20,2024-03-29,2025-03-29
810,810,Reinstatement,2024-03-21,2024-03-21 09:00:00,JOB000810,IN_PROGRESS,2024-03-14,2024-03-25,2025-03-25
811,811,New Business,2024-03-22,2024-03-22 09:00:00,JOB000811,COMPLETED,2024-03-15,2024-04-05,2025-04-05
812,812,Renewal,2024-03-23,2024-03-23 09:00:00,JOB000812,CANCELLED,2024-03-14,2024-03-23,2025-03-23
813,813,Endorsement,2024-03-24,2024-03-24 09:00:00,JOB000813,PENDING,2024-03-23,2024-03-24,2025-03-24
814,814,Cancellation,2024-03-25,2024-03-25 09:00:00,JOB000814,IN_PROGRESS,2024-03-21,2024-03-31,2025-03-31
815,815,Reinstatement,2024-03-26,2024-03-26 09:00:00,JOB000815,COMPLETED,2024-03-24,2024-04-08,2025-04-08
816,816,New Business,2024-03-27,2024-03-27 09:00:00,JOB000816,CANCELLED,2024-03-26,2024-04-05,2025-04-05
817,817,Renewal,2024-03-28,2024-03-28 09:00:00,JOB000817,PENDING,2024-03-25,2024-04-06,2025-04-06
818,818,Endorsement,2024-03-29,2024-03-29 09:00:00,JOB000818,IN_PROGRESS,2024-03-28,2024-03-30,2025-03-30
819,819,Cancellation,2024-03-30,2024-03-30 09:00:00,JOB000819,COMPLETED,2024-03-27,2024-04-12,2025-04-12
820,820,Reinstatement,2024-03-31,2024-03-31 09:00:00,JOB000820,CANCELLED,2024-03-21,2024-04-14,2025-04-14
821,821,New Business,2024-04-01,2024-04-01 09:00:00,JOB000821,PENDING,2024-03-31,2024-04-04,2025-04-04
822,822,Renewal,2024-04-02,2024-04-02 09:00:00,JOB000822,IN_PROGRESS,2024-03-26,2024-04-02,2025-04-02
823,823,Endorsement,2024-04-03,2024-04-03 09:00:00,JOB000823,COMPLETED,2024-03-24,2024-04-10,2025-04-10
824,824,Cancellation,2024-04-04,2024-04-04 09:00:00,JOB000824,CANCELLED,2024-04-02,2024-04-13,2025-04-13
825,825,Reinstatement,2024-04-05,2024-04-05 09:00:00,JOB000825,PENDING,2024-03-30,2024-04-05,2025-04-05
826,826,New Business,2024-04-06,2024-04-06 09:00:00,JOB000826,IN_PROGRESS,2024-03-28,2024-04-17,2025-04-17
827,827,Renewal,2024-04-07,2024-04-07 09:00:00,JOB000827,COMPLETED,2024-04-04,2024-04-20,2025-04-20
828,828,Endorsement,2024-04-08,2024-04-08 09:00:00,JOB000828,CANCELLED,2024-04-06,2024-04-10,2025-04-10
829,829,Cancellation,2024-04-09,2024-04-09 09:00:00,JOB000829,PENDING,2024-04-01,2024-04-20,2025-04-20
830,830,Reinstatement,2024-04-10,2024-04-10 09:00:00,JOB000830,IN_PROGRESS,2024-04-09,2024-04-10,2025-04-10
831,831,New Business,2024-04-11,2024-04-11 09:00:00,JOB000831,COMPLETED,2024-04-05,2024-04-26,2025-04-26
832,832,Renewal,2024-04-12,2024-04-12 09:00:00,JOB000832,CANCELLED,2024-04-12,2024-04-24,2025-04-24
833,833,Endorsement,2024-04-13,2024-04-13 09:00:00,JOB000833,PENDING,2024-04-08,2024-04-21,2025-04-21
834,834,Cancellation,2024-04-14,2024-04-14 09:00:00,JOB000834,IN_PROGRESS,2024-04-14,2024-04-25,2025-04-25
835,835,Reinstatement,2024-04-15,2024-04-15 09:00:00,JOB000835,COMPLETED,2024-04-14,2024-04-26,2025-04-26
836,836,New Business,2024-04-16,2024-04-16 09:00:00,JOB000836,CANCELLED,2024-04-13,2024-04-19,2025-04-19
837,837,Renewal,2024-04-17,2024-04-17 09:00:00,JOB000837,PENDING,2024-04-08,2024-04-27,2025-04-27
838,838,Endorsement,2024-04-18,2024-04-18 09:00:00,JOB000838,IN_PROGRESS,2024-04-16,2024-04-19,2025-04-19
839,839,Cancellation,2024-04-19,2024-04-19 09:00:00,JOB000839,COMPLETED,2024-04-14,2024-04-29,2025-04-29
840,840,Reinstatement,2024-04-20,2024-04-20 09:00:00,JOB000840,CANCELLED,2024-04-10,2024-04-25,2025-04-25
841,841,New Business,2024-04-21,2024-04-21 09:00:00,JOB000841,PENDING,2024-04-11,2024-05-05,2025-05-05
842,842,Renewal,2024-04-22,2024-04-22 09:00:00,JOB000842,IN_PROGRESS,2024-04-15,2024-04-27,2025-04-27
843,843,Endorsement,2024-04-23,2024-04-23 09:00:00,JOB000843,COMPLETED,2024-04-21,2024-04-25,2025-04-25
844,844,Cancellation,2024-04-24,2024-04-24 09:00:00,JOB000844,CANCELLED,2024-04-17,2024-04-25,2025-04-25
845,845,Reinstatement,2024-04-25,2024-04-25 09:00:00,JOB000845,PENDING,2024-04-21,2024-05-01,2025-05-01
846,846,New Business,2024-04-26,2024-04-26 09:00:00,JOB000846,IN_PROGRESS,2024-04-26,2024-05-02,2025-05-02
847,847,Renewal,2024-04-27,2024-04-27 09:00:00,JOB000847,COMPLETED,2024-04-27,2024-05-07,2025-05-07
848,848,Endorsement,2024-04-28,2024-04-28 09:00:00,JOB000848,CANCELLED,2024-04-24,2024-05-10,2025-05-10
849,849,Cancellation,2024-04-29,2024-04-29 09:00:00,JOB000849,PENDING,2024-04-21,2024-05-14,2025-05-14
850,850,Reinstatement,2024-04-30,2024-04-30 09:00:00,JOB000850,IN_PROGRESS,2024-04-26,2024-05-01,2025-05-01
851,851,New Business,2024-05-01,2024-05-01 09:00:00,JOB000851,COMPLETED,2024-04-21,2024-05-07,2025-05-07
852,852,Renewal,2024-05-02,2024-05-02 09:00:00,JOB000852,CANCELLED,2024-04-28,2024-05-13,2025-05-13
853,853,Endorsement,2024-05-03,2024-05-03 09:00:00,JOB000853,PENDING,2024-05-03,2024-05-13,2025-05-13
854,854,Cancellation,2024-05-04,2024-05-04 09:00:00,JOB000854,IN_PROGRESS,2024-04-30,2024-05-07,2025-05-07
855,855,Reinstatement,2024-05-05,2024-05-05 09:00:00,JOB000855,COMPLETED,2024-04-30,2024-05-18,2025-05-18
856,856,New Business,2024-05-06,2024-05-06 09:00:00,JOB000856,CANCELLED,2024-04-30,2024-05-20,2025-05-20
857,857,Renewal,2024-05-07,2024-05-07 09:00:00,JOB000857,PENDING,2024-05-01,2024-05-17,2025-05-17
858,858,Endorsement,2024-05-08,2024-05-08 09:00:00,JOB000858,IN_PROGRESS,2024-05-06,2024-05-23,2025-05-23
859,859,Cancellation,2024-05-09,2024-05-09 09:00:00,JOB000859,COMPLETED,2024-05-02,2024-05-20,2025-05-20
860,860,Reinstatement,2024-05-10,2024-05-10 09:00:00,JOB000860,CANCELLED,2024-05-02,2024-05-18,2025-05-18
861,861,New Business,2024-05-11,2024-05-11 09:00:00,JOB000861,PENDING,2024-05-10,2024-05-24,2025-05-24
862,862,Renewal,2024-05-12,2024-05-12 09:00:00,JOB000862,IN_PROGRESS,2024-05-11,2024-05-25,2025-05-25
863,863,Endorsement,2024-05-13,2024-05-13 09:00:00,JOB000863,COMPLETED,2024-05-04,2024-05-18,2025-05-18
864,864,Cancellation,2024-05-14,2024-05-14 09:00:00,JOB000864,CANCELLED,2024-05-06,2024-05-23,2025-05-23
865,865,Reinstatement,2024-05-15,2024-05-15 09:00:00,JOB000865,PENDING,2024-05-10,2024-05-18,2025-05-18
866,866,New Business,2024-05-16,2024-05-16 09:00:00,JOB000866,IN_PROGRESS,2024-05-15,2024-05-26,2025-05-26
867,867,Renewal,2024-05-17,2024-05-17 09:00:00,JOB000867,COMPLETED,2024-05-07,2024-05-26,2025-05-26
868,868,Endorsement,2024-05-18,2024-05-18 09:00:00,JOB000868,CANCELLED,2024-05-14,2024-06-01,2025-06-01
869,869,Cancellation,2024-05-19,2024-05-19 09:00:00,JOB000869,PENDING,2024-05-10,2024-06-01,2025-06-01
870,870,Reinstatement,2024-05-20,2024-05-20 09:00:00,JOB000870,IN_PROGRESS,2024-05-18,2024-06-03,2025-06-03
871,871,New Business,2024-05-21,2024-05-21 09:00:00,JOB000871,COMPLETED,2024-05-16,2024-06-04,2025-06-04
872,872,Renewal,2024-05-22,2024-05-22 09:00:00,JOB000872,CANCELLED,2024-05-22,2024-06-02,2025-06-02
873,873,Endorsement,2024-05-23,2024-05-23 09:00:00,JOB000873,PENDING,2024-05-14,2024-06-05,2025-06-05
874,874,Cancellation,2024-05-24,2024-05-24 09:00:00,JOB000874,IN_PROGRESS,2024-05-20,2024-05-25,2025-05-25
875,875,Reinstatement,2024-05-25,2024-05-25 09:00:00,JOB000875,COMPLETED,2024-05-24,2024-06-06,2025-06-06
876,876,New Business,2024-05-26,2024-05-26 09:00:00,JOB000876,CANCELLED,2024-05-21,2024-05-31,2025-05-31
877,877,Renewal,2024-05-27,2024-05-27 09:00:00,JOB000877,PENDING,2024-05-27,2024-05-31,2025-05-31
878,878,Endorsement,2024-05-28,2024-05-28 09:00:00,JOB000878,IN_PROGRESS,2024-05-19,2024-06-11,2025-06-11
879,879,Cancellation,2024-05-29,2024-05-29 09:00:00,JOB000879,COMPLETED,2024-05-29,2024-06-02,2025-06-02
880,880,Reinstatement,2024-05-30,2024-05-30 09:00:00,JOB000880,CANCELLED,2024-05-29,2024-06-06,2025-06-06
881,881,New Business,2024-05-31,2024-05-31 09:00:00,JOB000881,PENDING,2024-05-21,2024-06-11,2025-06-11
882,882,Renewal,2024-06-01,2024-06-01 09:00:00,JOB000882,IN_PROGRESS,2024-05-27,2024-06-13,2025-06-13
883,883,Endorsement,2024-06-02,2024-06-02 09:00:00,JOB000883,COMPLETED,2024-05-24,2024-06-03,2025-06-03
884,884,Cancellation,2024-06-03,2024-06-03 09:00:00,JOB000884,CANCELLED,2024-05-25,2024-06-07,2025-06-07
885,885,Reinstatement,2024-06-04,2024-06-04 09:00:00,JOB000885,PENDING,2024-05-25,2024-06-18,2025-06-18
886,886,New Business,2024-06-05,2024-06-05 09:00:00,JOB000886,IN_PROGRESS,2024-05-31,2024-06-16,2025-06-16
887,887,Renewal,2024-06-06,2024-06-06 09:00:00,JOB000887,COMPLETED,2024-05-30,2024-06-08,2025-06-08
888,888,Endorsement,2024-06-07,2024-06-07 09:00:00,JOB000888,CANCELLED,2024-05-29,2024-06-11,2025-06-11
889,889,Cancellation,2024-06-08,2024-06-08 09:00:00,JOB000889,PENDING,2024-05-31,2024-06-19,2025-06-19
890,890,Reinstatement,2024-06-09,2024-06-09 09:00:00,JOB000890,IN_PROGRESS,2024-06-03,2024-06-19,2025-06-19
891,891,New Business,2024-06-10,2024-06-10 09:00:00,JOB000891,COMPLETED,2024-05-31,2024-06-18,2025-06-18
892,892,Renewal,2024-06-11,2024-06-11 09:00:00,JOB000892,CANCELLED,2024-06-08,2024-06-14,2025-06-14
893,893,Endorsement,2024-06-12,2024-06-12 09:00:00,JOB000893,PENDING,2024-06-12,2024-06-17,2025-06-17
894,894,Cancellation,2024-06-13,2024-06-13 09:00:00,JOB000894,IN_PROGRESS,2024-06-06,2024-06-25,2025-06-25
895,895,Reinstatement,2024-06-14,2024-06-14 09:00:00,JOB000895,COMPLETED,2024-06-06,2024-06-17,2025-06-17
896,896,New Business,2024-06-15,2024-06-15 09:00:00,JOB000896,CANCELLED,2024-06-11,2024-06-23,2025-06-23
897,897,Renewal,2024-06-16,2024-06-16 09:00:00,JOB000897,PENDING,2024-06-09,2024-06-22,2025-06-22
898,898,Endorsement,2024-06-17,2024-06-17 09:00:00,JOB000898,IN_PROGRESS,2024-06-08,2024-06-26,2025-06-26
899,899,Cancellation,2024-06-18,2024-06-18 09:00:00,JOB000899,COMPLETED,2024-06-11,2024-06-24,2025-06-24
900,900,Reinstatement,2022-01-01,2022-01-01 09:00:00,JOB000900,CANCELLED,2021-12-31,2022-01-05,2023-01-05
901,901,New Business,2022-01-02,2022-01-02 09:00:00,JOB000901,PENDING,2022-01-01,2022-01-16,2023-01-16
902,902,Renewal,2022-01-03,2022-01-03 09:00:00,JOB000902,IN_PROGRESS,2022-01-01,2022-01-17,2023-01-17
903,903,Endorsement,2022-01-04,2022-01-04 09:00:00,JOB000903,COMPLETED,2022-01-03,2022-01-14,2023-01-14
904,904,Cancellation,2022-01-05,2022-01-05 09:00:00,JOB000904,CANCELLED,2021-12-26,2022-01-16,2023-01-16
905,905,Reinstatement,2022-01-06,2022-01-06 09:00:00,JOB000905,PENDING,2022-01-05,2022-01-15,2023-01-15
906,906,New Business,2022-01-07,2022-01-07 09:00:00,JOB000906,IN_PROGRESS,2022-01-03,2022-01-12,2023-01-12
907,907,Renewal,2022-01-08,2022-01-08 09:00:00,JOB000907,COMPLETED,2021-12-29,2022-01-13,2023-01-13
908,908,Endorsement,2022-01-09,2022-01-09 09:00:00,JOB000908,CANCELLED,2022-01-04,2022-01-16,2023-01-16
909,909,Cancellation,2022-01-10,2022-01-10 09:00:00,JOB000909,PENDING,2022-01-09,2022-01-16,2023-01-16
910,910,Reinstatement,2022-01-11,2022-01-11 09:00:00,JOB000910,IN_PROGRESS,2022-01-09,2022-01-18,2023-01-18
911,911,New Business,2022-01-12,2022-01-12 09:00:00,JOB000911,COMPLETED,2022-01-05,2022-01-12,2023-01-12
912,912,Renewal,2022-01-13,2022-01-13 09:00:00,JOB000912,CANCELLED,2022-01-08,2022-01-24,2023-01-24
913,913,Endorsement,2022-01-14,2022-01-14 09:00:00,JOB000913,PENDING,2022-01-07,2022-01-18,2023-01-18
914,914,Cancellation,2022-01-15,2022-01-15 09:00:00,JOB000914,IN_PROGRESS,2022-01-06,2022-01-17,2023-01-17
915,915,Reinstatement,2022-01-16,2022-01-16 09:00:00,JOB000915,COMPLETED,2022-01-15,2022-01-25,2023-01-25
916,916,New Business,2022-01-17,2022-01-17 09:00:00,JOB000916,CANCELLED,2022-01-11,2022-02-01,2023-02-01
917,917,Renewal,2022-01-18,2022-01-18 09:00:00,JOB000917,PENDING,2022-01-10,2022-01-31,2023-01-31
918,918,Endorsement,2022-01-19,2022-01-19 09:00:00,JOB000918,IN_PROGRESS,2022-01-13,2022-01-21,2023-01-21
919,919,Cancellation,2022-01-20,2022-01-20 09:00:00,JOB000919,COMPLETED,2022-01-18,2022-01-30,2023-01-30
920,920,Reinstatement,2022-01-21,2022-01-21 09:00:00,JOB000920,CANCELLED,2022-01-11,2022-01-23,2023-01-23
921,921,New Business,2022-01-22,2022-01-22 09:00:00,JOB000921,PENDING,2022-01-15,2022-02-05,2023-02-05
922,922,Renewal,2022-01-23,2022-01-23 09:00:00,JOB000922,IN_PROGRESS,2022-01-13,2022-02-03,2023-02-03
923,923,Endorsement,2022-01-24,2022-01-24 09:00:00,JOB000923,COMPLETED,2022-01-22,2022-01-29,2023-01-29
924,924,Cancellation,2022-01-25,2022-01-25 09:00:00,JOB000924,CANCELLED,2022-01-23,2022-02-07,2023-02-07
925,925,Reinstatement,2022-01-26,2022-01-26 09:00:00,JOB000925,PENDING,2022-01-18,2022-01-27,2023-01-27
926,926,New Business,2022-01-27,2022-01-27 09:00:00,JOB000926,IN_PROGRESS,2022-01-26,2022-01-31,2023-01-31
927,927,Renewal,2022-01-28,2022-01-28 09:00:00,JOB000927,COMPLETED,2022-01-24,2022-02-02,2023-02-02
928,928,Endorsement,2022-01-29,2022-01-29 09:00:00,JOB000928,CANCELLED,2022-01-27,2022-02-08,2023-02-08
929,929,Cancellation,2022-01-30,2022-01-30 09:00:00,JOB000929,PENDING,2022-01-27,2022-02-10,2023-02-10
930,930,Reinstatement,2022-01-31,2022-01-31 09:00:00,JOB000930,IN_PROGRESS,2022-01-23,2022-02-09,2023-02-09
931,931,New Business,2022-02-01,2022-02-01 09:00:00,JOB000931,COMPLETED,2022-01-31,2022-02-09,2023-02-09
932,932,Renewal,2022-02-02,2022-02-02 09:00:00,JOB000932,CANCELLED,2022-01-30,2022-02-10,2023-02-10
933,933,Endorsement,2022-02-03,2022-02-03 09:00:00,JOB000933,PENDING,2022-02-01,2022-02-12,2023-02-12
934,934,Cancellation,2022-02-04,2022-02-04 09:00:00,JOB000934,IN_PROGRESS,2022-01-26,2022-02-06,2023-02-06
935,935,Reinstatement,2022-02-05,2022-02-05 09:00:00,JOB000935,COMPLETED,2022-01-28,2022-02-10,2023-02-10
936,936,New Business,2022-02-06,2022-02-06 09:00:00,JOB000936,CANCELLED,2022-01-28,2022-02-10,2023-02-10
937,937,Renewal,2022-02-07,2022-02-07 09:00:00,JOB000937,PENDING,2022-02-05,2022-02-17,2023-02-17
938,938,Endorsement,2022-02-08,2022-02-08 09:00:00,JOB000938,IN_PROGRESS,2022-01-30,2022-02-09,2023-02-09
939,939,Cancellation,2022-02-09,2022-02-09 09:00:00,JOB000939,COMPLETED,2022-02-09,2022-02-11,2023-02-11
940,940,Reinstatement,2022-02-10,2022-02-10 09:00:00,JOB000940,CANCELLED,2022-02-10,2022-02-18,2023-02-18
941,941,New Business,2022-02-11,2022-02-11 09:00:00,JOB000941,PENDING,2022-02-01,2022-02-17,2023-02-17
942,942,Renewal,2022-02-12,2022-02-12 09:00:00,JOB000942,IN_PROGRESS,2022-02-03,2022-02-25,2023-02-25
943,943,Endorsement,2022-02-13,2022-02-13 09:00:00,JOB000943,COMPLETED,2022-02-04,2022-02-13,2023-02-13
944,944,Cancellation,2022-02-14,2022-02-14 09:00:00,JOB000944,CANCELLED,2022-02-07,2022-02-23,2023-02-23
945,945,Reinstatement,2022-02-15,2022-02-15 09:00:00,JOB000945,PENDING,2022-02-05,2022-02-24,2023-02-24
946,946,New Business,2022-02-16,2022-02-16 09:00:00,JOB000946,IN_PROGRESS,2022-02-09,2022-02-23,2023-02-23
947,947,Renewal,2022-02-17,2022-02-17 09:00:00,JOB000947,COMPLETED,2022-02-07,2022-03-01,2023-03-01
948,948,Endorsement,2022-02-18,2022-02-18 09:00:00,JOB000948,CANCELLED,2022-02-14,2022-03-04,2023-03-04
949,949,Cancellation,2022-02-19,2022-02-19 09:00:00,JOB000949,PENDING,2022-02-18,2022-02-20,2023-02-20
950,950,Reinstatement,2022-02-20,2022-02-20 09:00:00,JOB000950,IN_PROGRESS,2022-02-18,2022-03-06,2023-03-06
951,951,New Business,2022-02-21,2022-02-21 09:00:00,JOB000951,COMPLETED,2022-02-15,2022-03-08,2023-03-08
952,952,Renewal,2022-02-22,2022-02-22 09:00:00,JOB000952,CANCELLED,2022-02-15,2022-02-28,2023-02-28
953,953,Endorsement,2022-02-23,2022-02-23 09:00:00,JOB000953,PENDING,2022-02-18,2022-02-27,2023-02-27
954,954,Cancellation,2022-02-24,2022-02-24 09:00:00,JOB000954,IN_PROGRESS,2022-02-19,2022-03-06,2023-03-06
955,955,Reinstatement,2022-02-25,2022-02-25 09:00:00,JOB000955,COMPLETED,2022-02-20,2022-03-09,2023-03-09
956,956,New Business,2022-02-26,2022-02-26 09:00:00,JOB000956,CANCELLED,2022-02-24,2022-03-09,2023-03-09
957,957,Renewal,2022-02-27,2022-02-27 09:00:00,JOB000957,PENDING,2022-02-19,2022-03-02,2023-03-02
958,958,Endorsement,2022-02-28,2022-02-28 09:00:00,JOB000958,IN_PROGRESS,2022-02-23,2022-03-07,2023-03-07
959,959,Cancellation,2022-03-01,2022-03-01 09:00:00,JOB000959,COMPLETED,2022-02-22,2022-03-04,2023-03-04
960,960,Reinstatement,2022-03-02,2022-03-02 09:00:00,JOB000960,CANCELLED,2022-02-26,2022-03-16,2023-03-16
961,961,New Business,2022-03-03,2022-03-03 09:00:00,JOB000961,PENDING,2022-02-28,2022-03-07,2023-03-07
962,962,Renewal,2022-03-04,2022-03-04 09:00:00,JOB000962,IN_PROGRESS,2022-03-03,2022-03-05,2023-03-05
963,963,Endorsement,2022-03-05,2022-03-05 09:00:00,JOB000963,COMPLETED,2022-03-01,2022-03-17,2023-03-17
964,964,Cancellation,2022-03-06,2022-03-06 09:00:00,JOB000964,CANCELLED,2022-02-25,2022-03-19,2023-03-19
965,965,Reinstatement,2022-03-07,2022-03-07 09:00:00,JOB000965,PENDING,2022-03-04,2022-03-12,2023-03-12
966,966,New Business,2022-03-08,2022-03-08 09:00:00,JOB000966,IN_PROGRESS,2022-03-03,2022-03-18,2023-03-18
967,967,Renewal,2022-03-09,2022-03-09 09:00:00,JOB000967,COMPLETED,2022-03-06,2022-03-14,2023-03-14
968,968,Endorsement,2022-03-10,2022-03-10 09:00:00,JOB000968,CANCELLED,2022-03-03,2022-03-24,2023-03-24
969,969,Cancellation,2022-03-11,2022-03-11 09:00:00,JOB000969,PENDING,2022-03-04,2022-03-20,2023-03-20
970,970,Reinstatement,2022-03-12,2022-03-12 09:00:00,JOB000970,IN_PROGRESS,2022-03-05,2022-03-12,2023-03-12
971,971,New Business,2022-03-13,2022-03-13 09:00:00,JOB000971,COMPLETED,2022-03-12,2022-03-25,2023-03-25
972,972,Renewal,2022-03-14,2022-03-14 09:00:00,JOB000972,CANCELLED,2022-03-06,2022-03-28,2023-03-28
973,973,Endorsement,2022-03-15,2022-03-15 09:00:00,JOB000973,PENDING,2022-03-12,2022-03-21,2023-03-21
974,974,Cancellation,2022-03-16,2022-03-16 09:00:00,JOB000974,IN_PROGRESS,2022-03-07,2022-03-27,2023-03-27
975,975,Reinstatement,2022-03-17,2022-03-17 09:00:00,JOB000975,COMPLETED,2022-03-17,2022-03-18,2023-03-18
976,976,New Business,2022-03-18,2022-03-18 09:00:00,JOB000976,CANCELLED,2022-03-14,2022-04-02,2023-04-02
977,977,Renewal,2022-03-19,2022-03-19 09:00:00,JOB000977,PENDING,2022-03-10,2022-04-03,2023-04-03
978,978,Endorsement,2022-03-20,2022-03-20 09:00:00,JOB000978,IN_PROGRESS,2022-03-16,2022-03-20,2023-03-20
979,979,Cancellation,2022-03-21,2022-03-21 09:00:00,JOB000979,COMPLETED,2022-03-20,2022-04-03,2023-04-03
980,980,Reinstatement,2022-03-22,2022-03-22 09:00:00,JOB000980,CANCELLED,2022-03-20,2022-03-30,2023-03-30
981,981,New Business,2022-03-23,2022-03-23 09:00:00,JOB000981,PENDING,2022-03-18,2022-04-04,2023-04-04
982,982,Renewal,2022-03-24,2022-03-24 09:00:00,JOB000982,IN_PROGRESS,2022-03-19,2022-03-25,2023-03-25
983,983,Endorsement,2022-03-25,2022-03-25 09:00:00,JOB000983,COMPLETED,2022-03-19,2022-03-26,2023-03-26
984,984,Cancellation,2022-03-26,2022-03-26 09:00:00,JOB000984,CANCELLED,2022-03-17,2022-04-01,2023-04-01
985,985,Reinstatement,2022-03-27,2022-03-27 09:00:00,JOB000985,PENDING,2022-03-22,2022-04-05,2023-04-05
986,986,New Business,2022-03-28,2022-03-28 09:00:00,JOB000986,IN_PROGRESS,2022-03-27,2022-04-09,2023-04-09
987,987,Renewal,2022-03-29,2022-03-29 09:00:00,JOB000987,COMPLETED,2022-03-21,2022-04-12,2023-04-12
988,988,Endorsement,2022-03-30,2022-03-30 09:00:00,JOB000988,CANCELLED,2022-03-22,2022-04-07,2023-04-07
989,989,Cancellation,2022-03-31,2022-03-31 09:00:00,JOB000989,PENDING,2022-03-22,2022-04-03,2023-04-03
990,990,Reinstatement,2022-04-01,2022-04-01 09:00:00,JOB000990,IN_PROGRESS,2022-03-30,2022-04-04,2023-04-04
991,991,New Business,2022-04-02,2022-04-02 09:00:00,JOB000991,COMPLETED,2022-03-27,2022-04-13,2023-04-13
992,992,Renewal,2022-04-03,2022-04-03 09:00:00,JOB000992,CANCELLED,2022-03-29,2022-04-14,2023-04-14
993,993,Endorsement,2022-04-04,2022-04-04 09:00:00,JOB000993,PENDING,2022-04-02,2022-04-10,2023-04-10
994,994,Cancellation,2022-04-05,2022-04-05 09:00:00,JOB000994,IN_PROGRESS,2022-03-27,2022-04-17,2023-04-17
995,995,Reinstatement,2022-04-06,2022-04-06 09:00:00,JOB000995,COMPLETED,2022-03-29,2022-04-07,2023-04-07
996,996,New Business,2022-04-07,2022-04-07 09:00:00,JOB000996,CANCELLED,2022-04-07,2022-04-08,2023-04-08
997,997,Renewal,2022-04-08,2022-04-08 09:00:00,JOB000997,PENDING,2022-04-06,2022-04-18,2023-04-18
998,998,Endorsement,2022-04-09,2022-04-09 09:00:00,JOB000998,IN_PROGRESS,2022-04-02,2022-04-23,2023-04-23
999,999,Cancellation,2022-04-10,2022-04-10 09:00:00,JOB000999,COMPLETED,2022-04-08,2022-04-14,2023-04-14
1000,1000,Reinstatement,2022-04-11,2022-04-11 09:00:00,JOB001000,CANCELLED,2022-04-06,2022-04-21,2023-04-21
1001,1001,New Business,2022-04-12,2022-04-12 09:00:00,JOB001001,PENDING,2022-04-10,2022-04-24,2023-04-24
1002,1002,Renewal,2022-04-13,2022-04-13 09:00:00,JOB001002,IN_PROGRESS,2022-04-04,2022-04-22,2023-04-22
1003,1003,Endorsement,2022-04-14,2022-04-14 09:00:00,JOB001003,COMPLETED,2022-04-05,2022-04-24,2023-04-24
1004,1004,Cancellation,2022-04-15,2022-04-15 09:00:00,JOB001004,CANCELLED,2022-04-07,2022-04-30,2023-04-30
1005,1005,Reinstatement,2022-04-16,2022-04-16 09:00:00,JOB001005,PENDING,2022-04-07,2022-04-25,2023-04-25
1006,1006,New Business,2022-04-17,2022-04-17 09:00:00,JOB001006,IN_PROGRESS,2022-04-10,2022-04-17,2023-04-17
1007,1007,Renewal,2022-04-18,2022-04-18 09:00:00,JOB001007,COMPLETED,2022-04-13,2022-04-28,2023-04-28
1008,1008,Endorsement,2022-04-19,2022-04-19 09:00:00,JOB001008,CANCELLED,2022-04-09,2022-04-22,2023-04-22
1009,1009,Cancellation,2022-04-20,2022-04-20 09:00:00,JOB001009,PENDING,2022-04-14,2022-04-29,2023-04-29
1010,1010,Reinstatement,2022-04-21,2022-04-21 09:00:00,JOB001010,IN_PROGRESS,2022-04-11,2022-04-21,2023-04-21
1011,1011,New Business,2022-04-22,2022-04-22 09:00:00,JOB001011,COMPLETED,2022-04-13,2022-05-07,2023-05-07
1012,1012,Renewal,2022-04-23,2022-04-23 09:00:00,JOB001012,CANCELLED,2022-04-19,2022-04-30,2023-04-30
1013,1013,Endorsement,2022-04-24,2022-04-24 09:00:00,JOB001013,PENDING,2022-04-24,2022-05-09,2023-05-09
1014,1014,Cancellation,2022-04-25,2022-04-25 09:00:00,JOB001014,IN_PROGRESS,2022-04-23,2022-05-07,2023-05-07
1015,1015,Reinstatement,2022-04-26,2022-04-26 09:00:00,JOB001015,COMPLETED,2022-04-24,2022-05-03,2023-05-03
1016,1016,New Business,2022-04-27,2022-04-27 09:00:00,JOB001016,CANCELLED,2022-04-27,2022-04-30,2023-04-30
1017,1017,Renewal,2022-04-28,2022-04-28 09:00:00,JOB001017,PENDING,2022-04-25,2022-04-28,2023-04-28
1018,1018,Endorsement,2022-04-29,2022-04-29 09:00:00,JOB001018,IN_PROGRESS,2022-04-22,2022-05-09,2023-05-09
1019,1019,Cancellation,2022-04-30,2022-04-30 09:00:00,JOB001019,COMPLETED,2022-04-24,2022-05-04,2023-05-04
1020,1020,Reinstatement,2022-05-01,2022-05-01 09:00:00,JOB001020,CANCELLED,2022-04-25,2022-05-07,2023-05-07
1021,1021,New Business,2022-05-02,2022-05-02 09:00:00,JOB001021,PENDING,2022-04-26,2022-05-17,2023-05-17
1022,1022,Renewal,2022-05-03,2022-05-03 09:00:00,JOB001022,IN_PROGRESS,2022-05-03,2022-05-07,2023-05-07
1023,1023,Endorsement,2022-05-04,2022-05-04 09:00:00,JOB001023,COMPLETED,2022-04-26,2022-05-10,2023-05-10
1024,1024,Cancellation,2022-05-05,2022-05-05 09:00:00,JOB001024,CANCELLED,2022-04-27,2022-05-15,2023-05-15
1025,1025,Reinstatement,2022-05-06,2022-05-06 09:00:00,JOB001025,PENDING,2022-04-26,2022-05-21,2023-05-21
1026,1026,New Business,2022-05-07,2022-05-07 09:00:00,JOB001026,IN_PROGRESS,2022-04-29,2022-05-19,2023-05-19
1027,1027,Renewal,2022-05-08,2022-05-08 09:00:00,JOB001027,COMPLETED,2022-05-03,2022-05-13,2023-05-13
1028,1028,Endorsement,2022-05-09,2022-05-09 09:00:00,JOB001028,CANCELLED,2022-05-02,2022-05-19,2023-05-19
1029,1029,Cancellation,2022-05-10,2022-05-10 09:00:00,JOB001029,PENDING,2022-05-02,2022-05-21,2023-05-21
1030,1030,Reinstatement,2022-05-11,2022-05-11 09:00:00,JOB001030,IN_PROGRESS,2022-05-01,2022-05-19,2023-05-19
1031,1031,New Business,2022-05-12,2022-05-12 09:00:00,JOB001031,COMPLETED,2022-05-03,2022-05-27,2023-05-27
1032,1032,Renewal,2022-05-13,2022-05-13 09:00:00,JOB001032,CANCELLED,2022-05-10,2022-05-20,2023-05-20
1033,1033,Endorsement,2022-05-14,2022-05-14 09:00:00,JOB001033,PENDING,2022-05-10,2022-05-23,2023-05-23
1034,1034,Cancellation,2022-05-15,2022-05-15 09:00:00,JOB001034,IN_PROGRESS,2022-05-12,2022-05-24,2023-05-24
1035,1035,Reinstatement,2022-05-16,2022-05-16 09:00:00,JOB001035,COMPLETED,2022-05-12,2022-05-22,2023-05-22
1036,1036,New Business,2022-05-17,2022-05-17 09:00:00,JOB001036,CANCELLED,2022-05-10,2022-05-27,2023-05-27
1037,1037,Renewal,2022-05-18,2022-05-18 09:00:00,JOB001037,PENDING,2022-05-11,2022-05-29,2023-05-29
1038,1038,Endorsement,2022-05-19,2022-05-19 09:00:00,JOB001038,IN_PROGRESS,2022-05-11,2022-05-27,2023-05-27
1039,1039,Cancellation,2022-05-20,2022-05-20 09:00:00,JOB001039,COMPLETED,2022-05-16,2022-05-23,2023-05-23
1040,1040,Reinstatement,2022-05-21,2022-05-21 09:00:00,JOB001040,CANCELLED,2022-05-12,2022-06-02,2023-06-02
1041,1041,New Business,2022-05-22,2022-05-22 09:00:00,JOB001041,PENDING,2022-05-16,2022-06-02,2023-06-02
1042,1042,Renewal,2022-05-23,2022-05-23 09:00:00,JOB001042,IN_PROGRESS,2022-05-21,2022-06-01,2023-06-01
1043,1043,Endorsement,2022-05-24,2022-05-24 09:00:00,JOB001043,COMPLETED,2022-05-24,2022-06-02,2023-06-02
1044,1044,Cancellation,2022-05-25,2022-05-25 09:00:00,JOB001044,CANCELLED,2022-05-24,2022-06-05,2023-06-05
1045,1045,Reinstatement,2022-05-26,2022-05-26 09:00:00,JOB001045,PENDING,2022-05-19,2022-06-03,2023-06-03
1046,1046,New Business,2022-05-27,2022-05-27 09:00:00,JOB001046,IN_PROGRESS,2022-05-20,2022-06-02,2023-06-02
1047,1047,Renewal,2022-05-28,2022-05-28 09:00:00,JOB001047,COMPLETED,2022-05-25,2022-06-05,2023-06-05
1048,1048,Endorsement,2022-05-29,2022-05-29 09:00:00,JOB001048,CANCELLED,2022-05-21,2022-06-06,2023-06-06
1049,1049,Cancellation,2022-05-30,2022-05-30 09:00:00,JOB001049,PENDING,2022-05-28,2022-06-02,2023-06-02
1050,1050,Reinstatement,2022-05-31,2022-05-31 09:00:00,JOB001050,IN_PROGRESS,2022-05-22,2022-06-07,2023-06-07
1051,1051,New Business,2022-06-01,2022-06-01 09:00:00,JOB001051,COMPLETED,2022-05-29,2022-06-02,2023-06-02
1052,1052,Renewal,2022-06-02,2022-06-02 09:00:00,JOB001052,CANCELLED,2022-05-23,2022-06-09,2023-06-09
1053,1053,Endorsement,2022-06-03,2022-06-03 09:00:00,JOB001053,PENDING,2022-05-24,2022-06-10,2023-06-10
1054,1054,Cancellation,2022-06-04,2022-06-04 09:00:00,JOB001054,IN_PROGRESS,2022-06-04,2022-06-07,2023-06-07
1055,1055,Reinstatement,2022-06-05,2022-06-05 09:00:00,JOB001055,COMPLETED,2022-05-30,2022-06-15,2023-06-15
1056,1056,New Business,2022-06-06,2022-06-06 09:00:00,JOB001056,CANCELLED,2022-05-30,2022-06-09,2023-06-09
1057,1057,Renewal,2022-06-07,2022-06-07 09:00:00,JOB001057,PENDING,2022-05-28,2022-06-11,2023-06-11
1058,1058,Endorsement,2022-06-08,2022-06-08 09:00:00,JOB001058,IN_PROGRESS,2022-06-08,2022-06-13,2023-06-13
1059,1059,Cancellation,2022-06-09,2022-06-09 09:00:00,JOB001059,COMPLETED,2022-06-03,2022-06-24,2023-06-24
1060,1060,Reinstatement,2022-06-10,2022-06-10 09:00:00,JOB001060,CANCELLED,2022-06-03,2022-06-16,2023-06-16
1061,1061,New Business,2022-06-11,2022-06-11 09:00:00,JOB001061,PENDING,2022-06-07,2022-06-21,2023-06-21
1062,1062,Renewal,2022-06-12,2022-06-12 09:00:00,JOB001062,IN_PROGRESS,2022-06-08,2022-06-13,2023-06-13
1063,1063,Endorsement,2022-06-13,2022-06-13 09:00:00,JOB001063,COMPLETED,2022-06-12,2022-06-20,2023-06-20
1064,1064,Cancellation,2022-06-14,2022-06-14 09:00:00,JOB001064,CANCELLED,2022-06-06,2022-06-15,2023-06-15
1065,1065,Reinstatement,2022-06-15,2022-06-15 09:00:00,JOB001065,PENDING,2022-06-13,2022-06-28,2023-06-28
1066,1066,New Business,2022-06-16,2022-06-16 09:00:00,JOB001066,IN_PROGRESS,2022-06-14,2022-06-17,2023-06-17
1067,1067,Renewal,2022-06-17,2022-06-17 09:00:00,JOB001067,COMPLETED,2022-06-11,2022-07-02,2023-07-02
1068,1068,Endorsement,2022-06-18,2022-06-18 09:00:00,JOB001068,CANCELLED,2022-06-16,2022-06-27,2023-06-27
1069,1069,Cancellation,2022-06-19,2022-06-19 09:00:00,JOB001069,PENDING,2022-06-19,2022-06-19,2023-06-19
1070,1070,Reinstatement,2022-06-20,2022-06-20 09:00:00,JOB001070,IN_PROGRESS,2022-06-16,2022-06-23,2023-06-23
1071,1071,New Business,2022-06-21,2022-06-21 09:00:00,JOB001071,COMPLETED,2022-06-16,2022-06-30,2023-06-30
1072,1072,Renewal,2022-06-22,2022-06-22 09:00:00,JOB001072,CANCELLED,2022-06-15,2022-07-07,2023-07-07
1073,1073,Endorsement,2022-06-23,2022-06-23 09:00:00,JOB001073,PENDING,2022-06-21,2022-07-07,2023-07-07
1074,1074,Cancellation,2022-06-24,2022-06-24 09:00:00,JOB001074,IN_PROGRESS,2022-06-20,2022-06-30,2023-06-30
1075,1075,Reinstatement,2022-06-25,2022-06-25 09:00:00,JOB001075,COMPLETED,2022-06-24,2022-07-05,2023-07-05
1076,1076,New Business,2022-06-26,2022-06-26 09:00:00,JOB001076,CANCELLED,2022-06-24,2022-07-10,2023-07-10
1077,1077,Renewal,2022-06-27,2022-06-27 09:00:00,JOB001077,PENDING,2022-06-17,2022-07-05,2023-07-05
1078,1078,Endorsement,2022-06-28,2022-06-28 09:00:00,JOB001078,IN_PROGRESS,2022-06-26,2022-06-28,2023-06-28
1079,1079,Cancellation,2022-06-29,2022-06-29 09:00:00,JOB001079,COMPLETED,2022-06-24,2022-07-08,2023-07-08
1080,1080,Reinstatement,2022-06-30,2022-06-30 09:00:00,JOB001080,CANCELLED,2022-06-21,2022-07-06,2023-07-06
1081,1081,New Business,2022-07-01,2022-07-01 09:00:00,JOB001081,PENDING,2022-06-29,2022-07-13,2023-07-13
1082,1082,Renewal,2022-07-02,2022-07-02 09:00:00,JOB001082,IN_PROGRESS,2022-06-26,2022-07-12,2023-07-12
1083,1083,Endorsement,2022-07-03,2022-07-03 09:00:00,JOB001083,COMPLETED,2022-07-02,2022-07-15,2023-07-15
1084,1084,Cancellation,2022-07-04,2022-07-04 09:00:00,JOB001084,CANCELLED,2022-06-24,2022-07-07,2023-07-07
1085,1085,Reinstatement,2022-07-05,2022-07-05 09:00:00,JOB001085,PENDING,2022-07-03,2022-07-09,2023-07-09
1086,1086,New Business,2022-07-06,2022-07-06 09:00:00,JOB001086,IN_PROGRESS,2022-06-29,2022-07-16,2023-07-16
1087,1087,Renewal,2022-07-07,2022-07-07 09:00:00,JOB001087,COMPLETED,2022-07-04,2022-07-07,2023-07-07
1088,1088,Endorsement,2022-07-08,2022-07-08 09:00:00,JOB001088,CANCELLED,2022-07-04,2022-07-20,2023-07-20
1089,1089,Cancellation,2022-07-09,2022-07-09 09:00:00,JOB001089,PENDING,2022-07-06,2022-07-23,2023-07-23
1090,1090,Reinstatement,2022-07-10,2022-07-10 09:00:00,JOB001090,IN_PROGRESS,2022-07-06,2022-07-20,2023-07-20
1091,1091,New Business,2022-07-11,2022-07-11 09:00:00,JOB001091,COMPLETED,2022-07-07,2022-07-11,2023-07-11
1092,1092,Renewal,2022-07-12,2022-07-12 09:00:00,JOB001092,CANCELLED,2022-07-08,2022-07-23,2023-07-23
1093,1093,Endorsement,2022-07-13,2022-07-13 09:00:00,JOB001093,PENDING,2022-07-10,2022-07-14,2023-07-14
1094,1094,Cancellation,2022-07-14,2022-07-14 09:00:00,JOB001094,IN_PROGRESS,2022-07-04,2022-07-17,2023-07-17
1095,1095,Reinstatement,2022-07-15,2022-07-15 09:00:00,JOB001095,COMPLETED,2022-07-08,2022-07-24,2023-07-24
1096,1096,New Business,2022-07-16,2022-07-16 09:00:00,JOB001096,CANCELLED,2022-07-14,2022-07-28,2023-07-28
1097,1097,Renewal,2022-07-17,2022-07-17 09:00:00,JOB001097,PENDING,2022-07-07,2022-07-26,2023-07-26
1098,1098,Endorsement,2022-07-18,2022-07-18 09:00:00,JOB001098,IN_PROGRESS,2022-07-17,2022-07-27,2023-07-27
1099,1099,Cancellation,2022-07-19,2022-07-19 09:00:00,JOB001099,COMPLETED,2022-07-14,2022-07-26,2023-07-26
1100,1100,Reinstatement,2022-07-20,2022-07-20 09:00:00,JOB001100,CANCELLED,2022-07-17,2022-07-24,2023-07-24
1101,1101,New Business,2022-07-21,2022-07-21 09:00:00,JOB001101,PENDING,2022-07-14,2022-07-25,2023-07-25
1102,1102,Renewal,2022-07-22,2022-07-22 09:00:00,JOB001102,IN_PROGRESS,2022-07-15,2022-08-02,2023-08-02
1103,1103,Endorsement,2022-07-23,2022-07-23 09:00:00,JOB001103,COMPLETED,2022-07-17,2022-08-07,2023-08-07
1104,1104,Cancellation,2022-07-24,2022-07-24 09:00:00,JOB001104,CANCELLED,2022-07-16,2022-07-30,2023-07-30
1105,1105,Reinstatement,2022-07-25,2022-07-25 09:00:00,JOB001105,PENDING,2022-07-22,2022-07-27,2023-07-27
1106,1106,New Business,2022-07-26,2022-07-26 09:00:00,JOB001106,IN_PROGRESS,2022-07-18,2022-08-09,2023-08-09
1107,1107,Renewal,2022-07-27,2022-07-27 09:00:00,JOB001107,COMPLETED,2022-07-19,2022-08-07,2023-08-07
1108,1108,Endorsement,2022-07-28,2022-07-28 09:00:00,JOB001108,CANCELLED,2022-07-27,2022-07-31,2023-07-31
1109,1109,Cancellation,2022-07-29,2022-07-29 09:00:00,JOB001109,PENDING,2022-07-29,2022-08-04,2023-08-04
1110,1110,Reinstatement,2022-07-30,2022-07-30 09:00:00,JOB001110,IN_PROGRESS,2022-07-21,2022-08-03,2023-08-03
1111,1111,New Business,2022-07-31,2022-07-31 09:00:00,JOB001111,COMPLETED,2022-07-29,2022-08-10,2023-08-10
1112,1112,Renewal,2022-08-01,2022-08-01 09:00:00,JOB001112,CANCELLED,2022-07-24,2022-08-15,2023-08-15
1113,1113,Endorsement,2022-08-02,2022-08-02 09:00:00,JOB001113,PENDING,2022-08-01,2022-08-08,2023-08-08
1114,1114,Cancellation,2022-08-03,2022-08-03 09:00:00,JOB001114,IN_PROGRESS,2022-07-25,2022-08-18,2023-08-18
1115,1115,Reinstatement,2022-08-04,2022-08-04 09:00:00,JOB001115,COMPLETED,2022-08-03,2022-08-18,2023-08-18
1116,1116,New Business,2022-08-05,2022-08-05 09:00:00,JOB001116,CANCELLED,2022-08-05,2022-08-19,2023-08-19
1117,1117,Renewal,2022-08-06,2022-08-06 09:00:00,JOB001117,PENDING,2022-08-04,2022-08-19,2023-08-19
1118,1118,Endorsement,2022-08-07,2022-08-07 09:00:00,JOB001118,IN_PROGRESS,2022-07-31,2022-08-08,2023-08-08
1119,1119,Cancellation,2022-08-08,2022-08-08 09:00:00,JOB001119,COMPLETED,2022-07-31,2022-08-22,2023-08-22
1120,1120,Reinstatement,2022-08-09,2022-08-09 09:00:00,JOB001120,CANCELLED,2022-07-30,2022-08-18,2023-08-18
1121,1121,New Business,2022-08-10,2022-08-10 09:00:00,JOB001121,PENDING,2022-08-10,2022-08-22,2023-08-22
1122,1122,Renewal,2022-08-11,2022-08-11 09:00:00,JOB001122,IN_PROGRESS,2022-08-07,2022-08-11,2023-08-11
1123,1123,Endorsement,2022-08-12,2022-08-12 09:00:00,JOB001123,COMPLETED,2022-08-09,2022-08-14,2023-08-14
1124,1124,Cancellation,2022-08-13,2022-08-13 09:00:00,JOB001124,CANCELLED,2022-08-13,2022-08-26,2023-08-26
1125,1125,Reinstatement,2022-08-14,2022-08-14 09:00:00,JOB001125,PENDING,2022-08-09,2022-08-16,2023-08-16
1126,1126,New Business,2022-08-15,2022-08-15 09:00:00,JOB001126,IN_PROGRESS,2022-08-07,2022-08-16,2023-08-16
1127,1127,Renewal,2022-08-16,2022-08-16 09:00:00,JOB001127,COMPLETED,2022-08-15,2022-08-31,2023-08-31
1128,1128,Endorsement,2022-08-17,2022-08-17 09:00:00,JOB001128,CANCELLED,2022-08-17,2022-08-26,2023-08-26
1129,1129,Cancellation,2022-08-18,2022-08-18 09:00:00,JOB001129,PENDING,2022-08-12,2022-08-23,2023-08-23
1130,1130,Reinstatement,2022-08-19,2022-08-19 09:00:00,JOB001130,IN_PROGRESS,2022-08-17,2022-09-01,2023-09-01
1131,1131,New Business,2022-08-20,2022-08-20 09:00:00,JOB001131,COMPLETED,2022-08-15,2022-09-01,2023-09-01
1132,1132,Renewal,2022-08-21,2022-08-21 09:00:00,JOB001132,CANCELLED,2022-08-14,2022-09-02,2023-09-02
1133,1133,Endorsement,2022-08-22,2022-08-22 09:00:00,JOB001133,PENDING,2022-08-16,2022-08-24,2023-08-24
1134,1134,Cancellation,2022-08-23,2022-08-23 09:00:00,JOB001134,IN_PROGRESS,2022-08-13,2022-08-27,2023-08-27
1135,1135,Reinstatement,2022-08-24,2022-08-24 09:00:00,JOB001135,COMPLETED,2022-08-14,2022-09-04,2023-09-04
1136,1136,New Business,2022-08-25,2022-08-25 09:00:00,JOB001136,CANCELLED,2022-08-24,2022-08-30,2023-08-30
1137,1137,Renewal,2022-08-26,2022-08-26 09:00:00,JOB001137,PENDING,2022-08-18,2022-09-07,2023-09-07
1138,1138,Endorsement,2022-08-27,2022-08-27 09:00:00,JOB001138,IN_PROGRESS,2022-08-19,2022-08-31,2023-08-31
1139,1139,Cancellation,2022-08-28,2022-08-28 09:00:00,JOB001139,COMPLETED,2022-08-25,2022-08-28,2023-08-28
1140,1140,Reinstatement,2022-08-29,2022-08-29 09:00:00,JOB001140,CANCELLED,2022-08-29,2022-09-07,2023-09-07
1141,1141,New Business,2022-08-30,2022-08-30 09:00:00,JOB001141,PENDING,2022-08-23,2022-09-12,2023-09-12
1142,1142,Renewal,2022-08-31,2022-08-31 09:00:00,JOB001142,IN_PROGRESS,2022-08-23,2022-09-12,2023-09-12
1143,1143,Endorsement,2022-09-01,2022-09-01 09:00:00,JOB001143,COMPLETED,2022-08-29,2022-09-08,2023-09-08
1144,1144,Cancellation,2022-09-02,2022-09-02 09:00:00,JOB001144,CANCELLED,2022-08-26,2022-09-13,2023-09-13
1145,1145,Reinstatement,2022-09-03,2022-09-03 09:00:00,JOB001145,PENDING,2022-09-01,2022-09-11,2023-09-11
1146,1146,New Business,2022-09-04,2022-09-04 09:00:00,JOB001146,IN_PROGRESS,2022-09-01,2022-09-07,2023-09-07
1147,1147,Renewal,2022-09-05,2022-09-05 09:00:00,JOB001147,COMPLETED,2022-09-05,2022-09-18,2023-09-18
1148,1148,Endorsement,2022-09-06,2022-09-06 09:00:00,JOB001148,CANCELLED,2022-08-28,2022-09-06,2023-09-06
1149,1149,Cancellation,2022-09-07,2022-09-07 09:00:00,JOB001149,PENDING,2022-09-04,2022-09-13,2023-09-13
1150,1150,Reinstatement,2022-09-08,2022-09-08 09:00:00,JOB001150,IN_PROGRESS,2022-09-07,2022-09-11,2023-09-11
1151,1151,New Business,2022-09-09,2022-09-09 09:00:00,JOB001151,COMPLETED,2022-08-31,2022-09-10,2023-09-10
1152,1152,Renewal,2022-09-10,2022-09-10 09:00:00,JOB001152,CANCELLED,2022-09-03,2022-09-11,2023-09-11
1153,1153,Endorsement,2022-09-11,2022-09-11 09:00:00,JOB001153,PENDING,2022-09-08,2022-09-12,2023-09-12
1154,1154,Cancellation,2022-09-12,2022-09-12 09:00:00,JOB001154,IN_PROGRESS,2022-09-06,2022-09-26,2023-09-26
1155,1155,Reinstatement,2022-09-13,2022-09-13 09:00:00,JOB001155,COMPLETED,2022-09-10,2022-09-19,2023-09-19
1156,1156,New Business,2022-09-14,2022-09-14 09:00:00,JOB001156,CANCELLED,2022-09-14,2022-09-18,2023-09-18
1157,1157,Renewal,2022-09-15,2022-09-15 09:00:00,JOB001157,PENDING,2022-09-07,2022-09-24,2023-09-24
1158,1158,Endorsement,2022-09-16,2022-09-16 09:00:00,JOB001158,IN_PROGRESS,2022-09-13,2022-09-26,2023-09-26
1159,1159,Cancellation,2022-09-17,2022-09-17 09:00:00,JOB001159,COMPLETED,2022-09-08,2022-09-27,2023-09-27
1160,1160,Reinstatement,2022-09-18,2022-09-18 09:00:00,JOB001160,CANCELLED,2022-09-15,2022-09-27,2023-09-27
1161,1161,New Business,2022-09-19,2022-09-19 09:00:00,JOB001161,PENDING,2022-09-17,2022-09-26,2023-09-26
1162,1162,Renewal,2022-09-20,2022-09-20 09:00:00,JOB001162,IN_PROGRESS,2022-09-14,2022-09-29,2023-09-29
1163,1163,Endorsement,2022-09-21,2022-09-21 09:00:00,JOB001163,COMPLETED,2022-09-17,2022-09-22,2023-09-22
1164,1164,Cancellation,2022-09-22,2022-09-22 09:00:00,JOB001164,CANCELLED,2022-09-14,2022-09-27,2023-09-27
1165,1165,Reinstatement,2022-09-23,2022-09-23 09:00:00,JOB001165,PENDING,2022-09-13,2022-10-06,2023-10-06
1166,1166,New Business,2022-09-24,2022-09-24 09:00:00,JOB001166,IN_PROGRESS,2022-09-16,2022-10-09,2023-10-09
1167,1167,Renewal,2022-09-25,2022-09-25 09:00:00,JOB001167,COMPLETED,2022-09-25,2022-10-06,2023-10-06
1168,1168,Endorsement,2022-09-26,2022-09-26 09:00:00,JOB001168,CANCELLED,2022-09-16,2022-10-08,2023-10-08
1169,1169,Cancellation,2022-09-27,2022-09-27 09:00:00,JOB001169,PENDING,2022-09-19,2022-10-07,2023-10-07
1170,1170,Reinstatement,2022-09-28,2022-09-28 09:00:00,JOB001170,IN_PROGRESS,2022-09-22,2022-10-11,2023-10-11
1171,1171,New Business,2022-09-29,2022-09-29 09:00:00,JOB001171,COMPLETED,2022-09-27,2022-10-08,2023-10-08
1172,1172,Renewal,2022-09-30,2022-09-30 09:00:00,JOB001172,CANCELLED,2022-09-24,2022-10-05,2023-10-05
1173,1173,Endorsement,2022-10-01,2022-10-01 09:00:00,JOB001173,PENDING,2022-09-23,2022-10-16,2023-10-16
1174,1174,Cancellation,2022-10-02,2022-10-02 09:00:00,JOB001174,IN_PROGRESS,2022-09-29,2022-10-09,2023-10-09
1175,1175,Reinstatement,2022-10-03,2022-10-03 09:00:00,JOB001175,COMPLETED,2022-09-29,2022-10-07,2023-10-07
1176,1176,New Business,2022-10-04,2022-10-04 09:00:00,JOB001176,CANCELLED,2022-09-27,2022-10-05,2023-10-05
1177,1177,Renewal,2022-10-05,2022-10-05 09:00:00,JOB001177,PENDING,2022-09-27,2022-10-18,2023-10-18
1178,1178,Endorsement,2022-10-06,2022-10-06 09:00:00,JOB001178,IN_PROGRESS,2022-09-30,2022-10-10,2023-10-10
1179,1179,Cancellation,2022-10-07,2022-10-07 09:00:00,JOB001179,COMPLETED,2022-10-01,2022-10-14,2023-10-14
1180,1180,Reinstatement,2022-10-08,2022-10-08 09:00:00,JOB001180,CANCELLED,2022-10-04,2022-10-14,2023-10-14
1181,1181,New Business,2022-10-09,2022-10-09 09:00:00,JOB001181,PENDING,2022-10-04,2022-10-11,2023-10-11
1182,1182,Renewal,2022-10-10,2022-10-10 09:00:00,JOB001182,IN_PROGRESS,2022-10-03,2022-10-21,2023-10-21
1183,1183,Endorsement,2022-10-11,2022-10-11 09:00:00,JOB001183,COMPLETED,2022-10-10,2022-10-17,2023-10-17
1184,1184,Cancellation,2022-10-12,2022-10-12 09:00:00,JOB001184,CANCELLED,2022-10-12,2022-10-20,2023-10-20
1185,1185,Reinstatement,2022-10-13,2022-10-13 09:00:00,JOB001185,PENDING,2022-10-07,2022-10-14,2023-10-14
1186,1186,New Business,2022-10-14,2022-10-14 09:00:00,JOB001186,IN_PROGRESS,2022-10-13,2022-10-20,2023-10-20
1187,1187,Renewal,2022-10-15,2022-10-15 09:00:00,JOB001187,COMPLETED,2022-10-06,2022-10-21,2023-10-21
1188,1188,Endorsement,2022-10-16,2022-10-16 09:00:00,JOB001188,CANCELLED,2022-10-09,2022-10-22,2023-10-22
1189,1189,Cancellation,2022-10-17,2022-10-17 09:00:00,JOB001189,PENDING,2022-10-12,2022-10-26,2023-10-26
1190,1190,Reinstatement,2022-10-18,2022-10-18 09:00:00,JOB001190,IN_PROGRESS,2022-10-18,2022-10-24,2023-10-24
1191,1191,New Business,2022-10-19,2022-10-19 09:00:00,JOB001191,COMPLETED,2022-10-16,2022-10-22,2023-10-22
1192,1192,Renewal,2022-10-20,2022-10-20 09:00:00,JOB001192,CANCELLED,2022-10-13,2022-10-27,2023-10-27
1193,1193,Endorsement,2022-10-21,2022-10-21 09:00:00,JOB001193,PENDING,2022-10-12,2022-10-27,2023-10-27
1194,1194,Cancellation,2022-10-22,2022-10-22 09:00:00,JOB001194,IN_PROGRESS,2022-10-16,2022-10-29,2023-10-29
1195,1195,Reinstatement,2022-10-23,2022-10-23 09:00:00,JOB001195,COMPLETED,2022-10-15,2022-11-02,2023-11-02
1196,1196,New Business,2022-10-24,2022-10-24 09:00:00,JOB001196,CANCELLED,2022-10-20,2022-11-05,2023-11-05
1197,1197,Renewal,2022-10-25,2022-10-25 09:00:00,JOB001197,PENDING,2022-10-18,2022-11-05,2023-11-05
1198,1198,Endorsement,2022-10-26,2022-10-26 09:00:00,JOB001198,IN_PROGRESS,2022-10-22,2022-11-03,2023-11-03
1199,1199,Cancellation,2022-10-27,2022-10-27 09:00:00,JOB001199,COMPLETED,2022-10-22,2022-11-11,2023-11-11
1200,1200,Reinstatement,2022-10-28,2022-10-28 09:00:00,JOB001200,CANCELLED,2022-10-21,2022-10-31,2023-10-31
1201,1201,New Business,2022-10-29,2022-10-29 09:00:00,JOB001201,PENDING,2022-10-22,2022-11-08,2023-11-08
1202,1202,Renewal,2022-10-30,2022-10-30 09:00:00,JOB001202,IN_PROGRESS,2022-10-27,2022-11-10,2023-11-10
1203,1203,Endorsement,2022-10-31,2022-10-31 09:00:00,JOB001203,COMPLETED,2022-10-26,2022-11-13,2023-11-13
1204,1204,Cancellation,2022-11-01,2022-11-01 09:00:00,JOB001204,CANCELLED,2022-11-01,2022-11-08,2023-11-08
1205,1205,Reinstatement,2022-11-02,2022-11-02 09:00:00,JOB001205,PENDING,2022-10-31,2022-11-02,2023-11-02
1206,1206,New Business,2022-11-03,2022-11-03 09:00:00,JOB001206,IN_PROGRESS,2022-10-30,2022-11-16,2023-11-16
1207,1207,Renewal,2022-11-04,2022-11-04 09:00:00,JOB001207,COMPLETED,2022-10-31,2022-11-08,2023-11-08
1208,1208,Endorsement,2022-11-05,2022-11-05 09:00:00,JOB001208,CANCELLED,2022-11-02,2022-11-15,2023-11-15
1209,1209,Cancellation,2022-11-06,2022-11-06 09:00:00,JOB001209,PENDING,2022-11-03,2022-11-18,2023-11-18
1210,1210,Reinstatement,2022-11-07,2022-11-07 09:00:00,JOB001210,IN_PROGRESS,2022-10-29,2022-11-14,2023-11-14
1211,1211,New Business,2022-11-08,2022-11-08 09:00:00,JOB001211,COMPLETED,2022-11-01,2022-11-18,2023-11-18
1212,1212,Renewal,2022-11-09,2022-11-09 09:00:00,JOB001212,CANCELLED,2022-11-05,2022-11-24,2023-11-24
1213,1213,Endorsement,2022-11-10,2022-11-10 09:00:00,JOB001213,PENDING,2022-10-31,2022-11-25,2023-11-25
1214,1214,Cancellation,2022-11-11,2022-11-11 09:00:00,JOB001214,IN_PROGRESS,2022-11-04,2022-11-16,2023-11-16
1215,1215,Reinstatement,2022-11-12,2022-11-12 09:00:00,JOB001215,COMPLETED,2022-11-07,2022-11-17,2023-11-17
1216,1216,New Business,2022-11-13,2022-11-13 09:00:00,JOB001216,CANCELLED,2022-11-11,2022-11-28,2023-11-28
1217,1217,Renewal,2022-11-14,2022-11-14 09:00:00,JOB001217,PENDING,2022-11-12,2022-11-15,2023-11-15
1218,1218,Endorsement,2022-11-15,2022-11-15 09:00:00,JOB001218,IN_PROGRESS,2022-11-07,2022-11-16,2023-11-16
1219,1219,Cancellation,2022-11-16,2022-11-16 09:00:00,JOB001219,COMPLETED,2022-11-15,2022-11-17,2023-11-17
1220,1220,Reinstatement,2022-11-17,2022-11-17 09:00:00,JOB001220,CANCELLED,2022-11-17,2022-11-30,2023-11-30
1221,1221,New Business,2022-11-18,2022-11-18 09:00:00,JOB001221,PENDING,2022-11-16,2022-11-25,2023-11-25
1222,1222,Renewal,2022-11-19,2022-11-19 09:00:00,JOB001222,IN_PROGRESS,2022-11-18,2022-11-23,2023-11-23
1223,1223,Endorsement,2022-11-20,2022-11-20 09:00:00,JOB001223,COMPLETED,2022-11-20,2022-11-26,2023-11-26
1224,1224,Cancellation,2022-11-21,2022-11-21 09:00:00,JOB001224,CANCELLED,2022-11-13,2022-12-05,2023-12-05
1225,1225,Reinstatement,2022-11-22,2022-11-22 09:00:00,JOB001225,PENDING,2022-11-17,2022-11-23,2023-11-23
1226,1226,New Business,2022-11-23,2022-11-23 09:00:00,JOB001226,IN_PROGRESS,2022-11-14,2022-12-08,2023-12-08
1227,1227,Renewal,2022-11-24,2022-11-24 09:00:00,JOB001227,COMPLETED,2022-11-14,2022-12-09,2023-12-09
1228,1228,Endorsement,2022-11-25,2022-11-25 09:00:00,JOB001228,CANCELLED,2022-11-25,2022-11-25,2023-11-25
1229,1229,Cancellation,2022-11-26,2022-11-26 09:00:00,JOB001229,PENDING,2022-11-18,2022-12-09,2023-12-09
1230,1230,Reinstatement,2022-11-27,2022-11-27 09:00:00,JOB001230,IN_PROGRESS,2022-11-27,2022-11-27,2023-11-27
1231,1231,New Business,2022-11-28,2022-11-28 09:00:00,JOB001231,COMPLETED,2022-11-20,2022-12-06,2023-12-06
1232,1232,Renewal,2022-11-29,2022-11-29 09:00:00,JOB001232,CANCELLED,2022-11-21,2022-12-08,2023-12-08
1233,1233,Endorsement,2022-11-30,2022-11-30 09:00:00,JOB001233,PENDING,2022-11-30,2022-12-13,2023-12-13
1234,1234,Cancellation,2022-12-01,2022-12-01 09:00:00,JOB001234,IN_PROGRESS,2022-11-29,2022-12-04,2023-12-04
1235,1235,Reinstatement,2022-12-02,2022-12-02 09:00:00,JOB001235,COMPLETED,2022-12-01,2022-12-06,2023-12-06
1236,1236,New Business,2022-12-03,2022-12-03 09:00:00,JOB001236,CANCELLED,2022-11-30,2022-12-09,2023-12-09
1237,1237,Renewal,2022-12-04,2022-12-04 09:00:00,JOB001237,PENDING,2022-11-25,2022-12-12,2023-12-12
1238,1238,Endorsement,2022-12-05,2022-12-05 09:00:00,JOB001238,IN_PROGRESS,2022-11-30,2022-12-13,2023-12-13
1239,1239,Cancellation,2022-12-06,2022-12-06 09:00:00,JOB001239,COMPLETED,2022-11-30,2022-12-08,2023-12-08
1240,1240,Reinstatement,2022-12-07,2022-12-07 09:00:00,JOB001240,CANCELLED,2022-12-02,2022-12-19,2023-12-19
1241,1241,New Business,2022-12-08,2022-12-08 09:00:00,JOB001241,PENDING,2022-12-01,2022-12-15,2023-12-15
1242,1242,Renewal,2022-12-09,2022-12-09 09:00:00,JOB001242,IN_PROGRESS,2022-12-06,2022-12-18,2023-12-18
1243,1243,Endorsement,2022-12-10,2022-12-10 09:00:00,JOB001243,COMPLETED,2022-11-30,2022-12-12,2023-12-12
1244,1244,Cancellation,2022-12-11,2022-12-11 09:00:00,JOB001244,CANCELLED,2022-12-01,2022-12-12,2023-12-12
1245,1245,Reinstatement,2022-12-12,2022-12-12 09:00:00,JOB001245,PENDING,2022-12-11,2022-12-24,2023-12-24
1246,1246,New Business,2022-12-13,2022-12-13 09:00:00,JOB001246,IN_PROGRESS,2022-12-07,2022-12-25,2023-12-25
1247,1247,Renewal,2022-12-14,2022-12-14 09:00:00,JOB001247,COMPLETED,2022-12-06,2022-12-29,2023-12-29
1248,1248,Endorsement,2022-12-15,2022-12-15 09:00:00,JOB001248,CANCELLED,2022-12-15,2022-12-15,2023-12-15
1249,1249,Cancellation,2022-12-16,2022-12-16 09:00:00,JOB001249,PENDING,2022-12-14,2022-12-18,2023-12-18
1250,1250,Reinstatement,2022-12-17,2022-12-17 09:00:00,JOB001250,IN_PROGRESS,2022-12-10,2022-12-30,2023-12-30
1251,1251,New Business,2022-12-18,2022-12-18 09:00:00,JOB001251,COMPLETED,2022-12-08,2022-12-28,2023-12-28
1252,1252,Renewal,2022-12-19,2022-12-19 09:00:00,JOB001252,CANCELLED,2022-12-10,2022-12-22,2023-12-22
1253,1253,Endorsement,2022-12-20,2022-12-20 09:00:00,JOB001253,PENDING,2022-12-12,2022-12-21,2023-12-21
1254,1254,Cancellation,2022-12-21,2022-12-21 09:00:00,JOB001254,IN_PROGRESS,2022-12-18,2022-12-27,2023-12-27
1255,1255,Reinstatement,2022-12-22,2022-12-22 09:00:00,JOB001255,COMPLETED,2022-12-13,2023-01-06,2024-01-06
1256,1256,New Business,2022-12-23,2022-12-23 09:00:00,JOB001256,CANCELLED,2022-12-19,2022-12-24,2023-12-24
1257,1257,Renewal,2022-12-24,2022-12-24 09:00:00,JOB001257,PENDING,2022-12-23,2023-01-01,2024-01-01
1258,1258,Endorsement,2022-12-25,2022-12-25 09:00:00,JOB001258,IN_PROGRESS,2022-12-17,2022-12-26,2023-12-26
1259,1259,Cancellation,2022-12-26,2022-12-26 09:00:00,JOB001259,COMPLETED,2022-12-24,2023-01-05,2024-01-05
1260,1260,Reinstatement,2022-12-27,2022-12-27 09:00:00,JOB001260,CANCELLED,2022-12-27,2023-01-02,2024-01-02
1261,1261,New Business,2022-12-28,2022-12-28 09:00:00,JOB001261,PENDING,2022-12-19,2023-01-01,2024-01-01
1262,1262,Renewal,2022-12-29,2022-12-29 09:00:00,JOB001262,IN_PROGRESS,2022-12-23,2022-12-31,2023-12-31
1263,1263,Endorsement,2022-12-30,2022-12-30 09:00:00,JOB001263,COMPLETED,2022-12-26,2023-01-04,2024-01-04
1264,1264,Cancellation,2022-12-31,2022-12-31 09:00:00,JOB001264,CANCELLED,2022-12-22,2023-01-07,2024-01-07
1265,1265,Reinstatement,2023-01-01,2023-01-01 09:00:00,JOB001265,PENDING,2022-12-23,2023-01-13,2024-01-13
1266,1266,New Business,2023-01-02,2023-01-02 09:00:00,JOB001266,IN_PROGRESS,2022-12-23,2023-01-12,2024-01-12
1267,1267,Renewal,2023-01-03,2023-01-03 09:00:00,JOB001267,COMPLETED,2022-12-28,2023-01-07,2024-01-07
1268,1268,Endorsement,2023-01-04,2023-01-04 09:00:00,JOB001268,CANCELLED,2023-01-03,2023-01-15,2024-01-15
1269,1269,Cancellation,2023-01-05,2023-01-05 09:00:00,JOB001269,PENDING,2023-01-05,2023-01-08,2024-01-08
1270,1270,Reinstatement,2023-01-06,2023-01-06 09:00:00,JOB001270,IN_PROGRESS,2022-12-31,2023-01-13,2024-01-13
1271,1271,New Business,2023-01-07,2023-01-07 09:00:00,JOB001271,COMPLETED,2023-01-06,2023-01-17,2024-01-17
1272,1272,Renewal,2023-01-08,2023-01-08 09:00:00,JOB001272,CANCELLED,2022-12-30,2023-01-20,2024-01-20
1273,1273,Endorsement,2023-01-09,2023-01-09 09:00:00,JOB001273,PENDING,2023-01-04,2023-01-09,2024-01-09
1274,1274,Cancellation,2023-01-10,2023-01-10 09:00:00,JOB001274,IN_PROGRESS,2022-12-31,2023-01-18,2024-01-18
1275,1275,Reinstatement,2023-01-11,2023-01-11 09:00:00,JOB001275,COMPLETED,2023-01-04,2023-01-26,2024-01-26
1276,1276,New Business,2023-01-12,2023-01-12 09:00:00,JOB001276,CANCELLED,2023-01-09,2023-01-23,2024-01-23
1277,1277,Renewal,2023-01-13,2023-01-13 09:00:00,JOB001277,PENDING,2023-01-05,2023-01-25,2024-01-25
1278,1278,Endorsement,2023-01-14,2023-01-14 09:00:00,JOB001278,IN_PROGRESS,2023-01-08,2023-01-19,2024-01-19
1279,1279,Cancellation,2023-01-15,2023-01-15 09:00:00,JOB001279,COMPLETED,2023-01-05,2023-01-27,2024-01-27
1280,1280,Reinstatement,2023-01-16,2023-01-16 09:00:00,JOB001280,CANCELLED,2023-01-15,2023-01-25,2024-01-25
1281,1281,New Business,2023-01-17,2023-01-17 09:00:00,JOB001281,PENDING,2023-01-14,2023-01-19,2024-01-19
1282,1282,Renewal,2023-01-18,2023-01-18 09:00:00,JOB001282,IN_PROGRESS,2023-01-17,2023-01-26,2024-01-26
1283,1283,Endorsement,2023-01-19,2023-01-19 09:00:00,JOB001283,COMPLETED,2023-01-17,2023-01-31,2024-01-31
1284,1284,Cancellation,2023-01-20,2023-01-20 09:00:00,JOB001284,CANCELLED,2023-01-10,2023-01-24,2024-01-24
1285,1285,Reinstatement,2023-01-21,2023-01-21 09:00:00,JOB001285,PENDING,2023-01-15,2023-01-31,2024-01-31
1286,1286,New Business,2023-01-22,2023-01-22 09:00:00,JOB001286,IN_PROGRESS,2023-01-17,2023-01-25,2024-01-25
1287,1287,Renewal,2023-01-23,2023-01-23 09:00:00,JOB001287,COMPLETED,2023-01-22,2023-01-23,2024-01-23
1288,1288,Endorsement,2023-01-24,2023-01-24 09:00:00,JOB001288,CANCELLED,2023-01-20,2023-02-07,2024-02-07
1289,1289,Cancellation,2023-01-25,2023-01-25 09:00:00,JOB001289,PENDING,2023-01-20,2023-02-02,2024-02-02
1290,1290,Reinstatement,2023-01-26,2023-01-26 09:00:00,JOB001290,IN_PROGRESS,2023-01-25,2023-01-30,2024-01-30
1291,1291,New Business,2023-01-27,2023-01-27 09:00:00,JOB001291,COMPLETED,2023-01-26,2023-02-01,2024-02-01
1292,1292,Renewal,2023-01-28,2023-01-28 09:00:00,JOB001292,CANCELLED,2023-01-22,2023-02-11,2024-02-11
1293,1293,Endorsement,2023-01-29,2023-01-29 09:00:00,JOB001293,PENDING,2023-01-21,2023-02-11,2024-02-11
1294,1294,Cancellation,2023-01-30,2023-01-30 09:00:00,JOB001294,IN_PROGRESS,2023-01-29,2023-01-30,2024-01-30
1295,1295,Reinstatement,2023-01-31,2023-01-31 09:00:00,JOB001295,COMPLETED,2023-01-30,2023-02-11,2024-02-11
1296,1296,New Business,2023-02-01,2023-02-01 09:00:00,JOB001296,CANCELLED,2023-01-24,2023-02-03,2024-02-03
1297,1297,Renewal,2023-02-02,2023-02-02 09:00:00,JOB001297,PENDING,2023-01-24,2023-02-12,2024-02-12
1298,1298,Endorsement,2023-02-03,2023-02-03 09:00:00,JOB001298,IN_PROGRESS,2023-01-28,2023-02-03,2024-02-03
1299,1299,Cancellation,2023-02-04,2023-02-04 09:00:00,JOB001299,COMPLETED,2023-01-31,2023-02-17,2024-02-17
1300,1300,Reinstatement,2023-02-05,2023-02-05 09:00:00,JOB001300,CANCELLED,2023-01-30,2023-02-07,2024-02-07
1301,1301,New Business,2023-02-06,2023-02-06 09:00:00,JOB001301,PENDING,2023-01-29,2023-02-13,2024-02-13
1302,1302,Renewal,2023-02-07,2023-02-07 09:00:00,JOB001302,IN_PROGRESS,2023-01-29,2023-02-12,2024-02-12
1303,1303,Endorsement,2023-02-08,2023-02-08 09:00:00,JOB001303,COMPLETED,2023-01-29,2023-02-20,2024-02-20
1304,1304,Cancellation,2023-02-09,2023-02-09 09:00:00,JOB001304,CANCELLED,2023-02-07,2023-02-13,2024-02-13
1305,1305,Reinstatement,2023-02-10,2023-02-10 09:00:00,JOB001305,PENDING,2023-02-06,2023-02-19,2024-02-19
1306,1306,New Business,2023-02-11,2023-02-11 09:00:00,JOB001306,IN_PROGRESS,2023-02-07,2023-02-26,2024-02-26
1307,1307,Renewal,2023-02-12,2023-02-12 09:00:00,JOB001307,COMPLETED,2023-02-10,2023-02-14,2024-02-14
1308,1308,Endorsement,2023-02-13,2023-02-13 09:00:00,JOB001308,CANCELLED,2023-02-11,2023-02-26,2024-02-26
1309,1309,Cancellation,2023-02-14,2023-02-14 09:00:00,JOB001309,PENDING,2023-02-10,2023-02-27,2024-02-27
1310,1310,Reinstatement,2023-02-15,2023-02-15 09:00:00,JOB001310,IN_PROGRESS,2023-02-11,2023-03-02,2024-03-01
1311,1311,New Business,2023-02-16,2023-02-16 09:00:00,JOB001311,COMPLETED,2023-02-15,2023-02-27,2024-02-27
1312,1312,Renewal,2023-02-17,2023-02-17 09:00:00,JOB001312,CANCELLED,2023-02-13,2023-02-24,2024-02-24
1313,1313,Endorsement,2023-02-18,2023-02-18 09:00:00,JOB001313,PENDING,2023-02-08,2023-03-05,2024-03-04
1314,1314,Cancellation,2023-02-19,2023-02-19 09:00:00,JOB001314,IN_PROGRESS,2023-02-10,2023-02-25,2024-02-25
1315,1315,Reinstatement,2023-02-20,2023-02-20 09:00:00,JOB001315,COMPLETED,2023-02-13,2023-02-23,2024-02-23
1316,1316,New Business,2023-02-21,2023-02-21 09:00:00,JOB001316,CANCELLED,2023-02-19,2023-03-02,2024-03-01
1317,1317,Renewal,2023-02-22,2023-02-22 09:00:00,JOB001317,PENDING,2023-02-22,2023-03-06,2024-03-05
1318,1318,Endorsement,2023-02-23,2023-02-23 09:00:00,JOB001318,IN_PROGRESS,2023-02-18,2023-03-07,2024-03-06
1319,1319,Cancellation,2023-02-24,2023-02-24 09:00:00,JOB001319,COMPLETED,2023-02-19,2023-03-10,2024-03-09
1320,1320,Reinstatement,2023-02-25,2023-02-25 09:00:00,JOB001320,CANCELLED,2023-02-20,2023-03-10,2024-03-09
1321,1321,New Business,2023-02-26,2023-02-26 09:00:00,JOB001321,PENDING,2023-02-16,2023-03-02,2024-03-01
1322,1322,Renewal,2023-02-27,2023-02-27 09:00:00,JOB001322,IN_PROGRESS,2023-02-23,2023-03-09,2024-03-08
1323,1323,Endorsement,2023-02-28,2023-02-28 09:00:00,JOB001323,COMPLETED,2023-02-19,2023-03-06,2024-03-05
1324,1324,Cancellation,2023-03-01,2023-03-01 09:00:00,JOB001324,CANCELLED,2023-02-22,2023-03-11,2024-03-10
1325,1325,Reinstatement,2023-03-02,2023-03-02 09:00:00,JOB001325,PENDING,2023-02-28,2023-03-14,2024-03-13
1326,1326,New Business,2023-03-03,2023-03-03 09:00:00,JOB001326,IN_PROGRESS,2023-02-26,2023-03-12,2024-03-11
1327,1327,Renewal,2023-03-04,2023-03-04 09:00:00,JOB001327,COMPLETED,2023-02-22,2023-03-19,2024-03-18
1328,1328,Endorsement,2023-03-05,2023-03-05 09:00:00,JOB001328,CANCELLED,2023-02-24,2023-03-12,2024-03-11
1329,1329,Cancellation,2023-03-06,2023-03-06 09:00:00,JOB001329,PENDING,2023-03-01,2023-03-18,2024-03-17
1330,1330,Reinstatement,2023-03-07,2023-03-07 09:00:00,JOB001330,IN_PROGRESS,2023-03-03,2023-03-19,2024-03-18
1331,1331,New Business,2023-03-08,2023-03-08 09:00:00,JOB001331,COMPLETED,2023-03-03,2023-03-11,2024-03-10
1332,1332,Renewal,2023-03-09,2023-03-09 09:00:00,JOB001332,CANCELLED,2023-02-28,2023-03-15,2024-03-14
1333,1333,Endorsement,2023-03-10,2023-03-10 09:00:00,JOB001333,PENDING,2023-03-01,2023-03-15,2024-03-14
1334,1334,Cancellation,2023-03-11,2023-03-11 09:00:00,JOB001334,IN_PROGRESS,2023-03-01,2023-03-11,2024-03-10
1335,1335,Reinstatement,2023-03-12,2023-03-12 09:00:00,JOB001335,COMPLETED,2023-03-05,2023-03-18,2024-03-17
1336,1336,New Business,2023-03-13,2023-03-13 09:00:00,JOB001336,CANCELLED,2023-03-06,2023-03-22,2024-03-21
1337,1337,Renewal,2023-03-14,2023-03-14 09:00:00,JOB001337,PENDING,2023-03-13,2023-03-27,2024-03-26
1338,1338,Endorsement,2023-03-15,2023-03-15 09:00:00,JOB001338,IN_PROGRESS,2023-03-05,2023-03-30,2024-03-29
1339,1339,Cancellation,2023-03-16,2023-03-16 09:00:00,JOB001339,COMPLETED,2023-03-14,2023-03-25,2024-03-24
1340,1340,Reinstatement,2023-03-17,2023-03-17 09:00:00,JOB001340,CANCELLED,2023-03-14,2023-03-25,2024-03-24
1341,1341,New Business,2023-03-18,2023-03-18 09:00:00,JOB001341,PENDING,2023-03-08,2023-03-22,2024-03-21
1342,1342,Renewal,2023-03-19,2023-03-19 09:00:00,JOB001342,IN_PROGRESS,2023-03-13,2023-03-31,2024-03-30
1343,1343,Endorsement,2023-03-20,2023-03-20 09:00:00,JOB001343,COMPLETED,2023-03-19,2023-04-03,2024-04-02
1344,1344,Cancellation,2023-03-21,2023-03-21 09:00:00,JOB001344,CANCELLED,2023-03-12,2023-04-05,2024-04-04
1345,1345,Reinstatement,2023-03-22,2023-03-22 09:00:00,JOB001345,PENDING,2023-03-13,2023-04-03,2024-04-02
1346,1346,New Business,2023-03-23,2023-03-23 09:00:00,JOB001346,IN_PROGRESS,2023-03-15,2023-04-05,2024-04-04
1347,1347,Renewal,2023-03-24,2023-03-24 09:00:00,JOB001347,COMPLETED,2023-03-16,2023-03-25,2024-03-24
1348,1348,Endorsement,2023-03-25,2023-03-25 09:00:00,JOB001348,CANCELLED,2023-03-20,2023-03-27,2024-03-26
1349,1349,Cancellation,2023-03-26,2023-03-26 09:00:00,JOB001349,PENDING,2023-03-25,2023-04-02,2024-04-01
1350,1350,Reinstatement,2023-03-27,2023-03-27 09:00:00,JOB001350,IN_PROGRESS,2023-03-17,2023-04-07,2024-04-06
1351,1351,New Business,2023-03-28,2023-03-28 09:00:00,JOB001351,COMPLETED,2023-03-26,2023-03-29,2024-03-28
1352,1352,Renewal,2023-03-29,2023-03-29 09:00:00,JOB001352,CANCELLED,2023-03-20,2023-04-10,2024-04-09
1353,1353,Endorsement,2023-03-30,2023-03-30 09:00:00,JOB001353,PENDING,2023-03-25,2023-04-12,2024-04-11
1354,1354,Cancellation,2023-03-31,2023-03-31 09:00:00,JOB001354,IN_PROGRESS,2023-03-30,2023-03-31,2024-03-30
1355,1355,Reinstatement,2023-04-01,2023-04-01 09:00:00,JOB001355,COMPLETED,2023-03-31,2023-04-09,2024-04-08
1356,1356,New Business,2023-04-02,2023-04-02 09:00:00,JOB001356,CANCELLED,2023-03-30,2023-04-09,2024-04-08
1357,1357,Renewal,2023-04-03,2023-04-03 09:00:00,JOB001357,PENDING,2023-03-27,2023-04-14,2024-04-13
1358,1358,Endorsement,2023-04-04,2023-04-04 09:00:00,JOB001358,IN_PROGRESS,2023-03-29,2023-04-18,2024-04-17
1359,1359,Cancellation,2023-04-05,2023-04-05 09:00:00,JOB001359,COMPLETED,2023-03-26,2023-04-09,2024-04-08
1360,1360,Reinstatement,2023-04-06,2023-04-06 09:00:00,JOB001360,CANCELLED,2023-04-01,2023-04-06,2024-04-05
1361,1361,New Business,2023-04-07,2023-04-07 09:00:00,JOB001361,PENDING,2023-03-31,2023-04-10,2024-04-09
1362,1362,Renewal,2023-04-08,2023-04-08 09:00:00,JOB001362,IN_PROGRESS,2023-04-04,2023-04-21,2024-04-20
1363,1363,Endorsement,2023-04-09,2023-04-09 09:00:00,JOB001363,COMPLETED,2023-04-08,2023-04-12,2024-04-11
1364,1364,Cancellation,2023-04-10,2023-04-10 09:00:00,JOB001364,CANCELLED,2023-04-08,2023-04-21,2024-04-20
1365,1365,Reinstatement,2023-04-11,2023-04-11 09:00:00,JOB001365,PENDING,2023-04-07,2023-04-21,2024-04-20
1366,1366,New Business,2023-04-12,2023-04-12 09:00:00,JOB001366,IN_PROGRESS,2023-04-05,2023-04-18,2024-04-17
1367,1367,Renewal,2023-04-13,2023-04-13 09:00:00,JOB001367,COMPLETED,2023-04-05,2023-04-28,2024-04-27
1368,1368,Endorsement,2023-04-14,2023-04-14 09:00:00,JOB001368,CANCELLED,2023-04-09,2023-04-29,2024-04-28
1369,1369,Cancellation,2023-04-15,2023-04-15 09:00:00,JOB001369,PENDING,2023-04-14,2023-04-29,2024-04-28
1370,1370,Reinstatement,2023-04-16,2023-04-16 09:00:00,JOB001370,IN_PROGRESS,2023-04-09,2023-04-26,2024-04-25
1371,1371,New Business,2023-04-17,2023-04-17 09:00:00,JOB001371,COMPLETED,2023-04-16,2023-04-26,2024-04-25
1372,1372,Renewal,2023-04-18,2023-04-18 09:00:00,JOB001372,CANCELLED,2023-04-18,2023-04-21,2024-04-20
1373,1373,Endorsement,2023-04-19,2023-04-19 09:00:00,JOB001373,PENDING,2023-04-19,2023-04-29,2024-04-28
1374,1374,Cancellation,2023-04-20,2023-04-20 09:00:00,JOB001374,IN_PROGRESS,2023-04-10,2023-04-23,2024-04-22
1375,1375,Reinstatement,2023-04-21,2023-04-21 09:00:00,JOB001375,COMPLETED,2023-04-11,2023-04-26,2024-04-25
1376,1376,New Business,2023-04-22,2023-04-22 09:00:00,JOB001376,CANCELLED,2023-04-19,2023-04-27,2024-04-26
1377,1377,Renewal,2023-04-23,2023-04-23 09:00:00,JOB001377,PENDING,2023-04-15,2023-04-28,2024-04-27
1378,1378,Endorsement,2023-04-24,2023-04-24 09:00:00,JOB001378,IN_PROGRESS,2023-04-19,2023-05-07,2024-05-06
1379,1379,Cancellation,2023-04-25,2023-04-25 09:00:00,JOB001379,COMPLETED,2023-04-18,2023-05-02,2024-05-01
1380,1380,Reinstatement,2023-04-26,2023-04-26 09:00:00,JOB001380,CANCELLED,2023-04-20,2023-05-01,2024-04-30
1381,1381,New Business,2023-04-27,2023-04-27 09:00:00,JOB001381,PENDING,2023-04-25,2023-05-10,2024-05-09
1382,1382,Renewal,2023-04-28,2023-04-28 09:00:00,JOB001382,IN_PROGRESS,2023-04-22,2023-04-28,2024-04-27
1383,1383,Endorsement,2023-04-29,2023-04-29 09:00:00,JOB001383,COMPLETED,2023-04-20,2023-05-05,2024-05-04
1384,1384,Cancellation,2023-04-30,2023-04-30 09:00:00,JOB001384,CANCELLED,2023-04-23,2023-05-13,2024-05-12
1385,1385,Reinstatement,2023-05-01,2023-05-01 09:00:00,JOB001385,PENDING,2023-04-25,2023-05-01,2024-04-30
1386,1386,New Business,2023-05-02,2023-05-02 09:00:00,JOB001386,IN_PROGRESS,2023-04-29,2023-05-08,2024-05-07
1387,1387,Renewal,2023-05-03,2023-05-03 09:00:00,JOB001387,COMPLETED,2023-04-29,2023-05-05,2024-05-04
1388,1388,Endorsement,2023-05-04,2023-05-04 09:00:00,JOB001388,CANCELLED,2023-04-25,2023-05-07,2024-05-06
1389,1389,Cancellation,2023-05-05,2023-05-05 09:00:00,JOB001389,PENDING,2023-04-27,2023-05-10,2024-05-09
1390,1390,Reinstatement,2023-05-06,2023-05-06 09:00:00,JOB001390,IN_PROGRESS,2023-05-01,2023-05-16,2024-05-15
1391,1391,New Business,2023-05-07,2023-05-07 09:00:00,JOB001391,COMPLETED,2023-05-04,2023-05-21,2024-05-20
1392,1392,Renewal,2023-05-08,2023-05-08 09:00:00,JOB001392,CANCELLED,2023-05-07,2023-05-16,2024-05-15
1393,1393,Endorsement,2023-05-09,2023-05-09 09:00:00,JOB001393,PENDING,2023-04-29,2023-05-24,2024-05-23
1394,1394,Cancellation,2023-05-10,2023-05-10 09:00:00,JOB001394,IN_PROGRESS,2023-05-02,2023-05-20,2024-05-19
1395,1395,Reinstatement,2023-05-11,2023-05-11 09:00:00,JOB001395,COMPLETED,2023-05-02,2023-05-23,2024-05-22
1396,1396,New Business,2023-05-12,2023-05-12 09:00:00,JOB001396,CANCELLED,2023-05-03,2023-05-24,2024-05-23
1397,1397,Renewal,2023-05-13,2023-05-13 09:00:00,JOB001397,PENDING,2023-05-04,2023-05-16,2024-05-15
1398,1398,Endorsement,2023-05-14,2023-05-14 09:00:00,JOB001398,IN_PROGRESS,2023-05-09,2023-05-25,2024-05-24
1399,1399,Cancellation,2023-05-15,2023-05-15 09:00:00,JOB001399,COMPLETED,2023-05-08,2023-05-20,2024-05-19
1400,1400,Reinstatement,2023-05-16,2023-05-16 09:00:00,JOB001400,CANCELLED,2023-05-06,2023-05-25,2024-05-24
1401,1401,New Business,2023-05-17,2023-05-17 09:00:00,JOB001401,PENDING,2023-05-08,2023-05-19,2024-05-18
1402,1402,Renewal,2023-05-18,2023-05-18 09:00:00,JOB001402,IN_PROGRESS,2023-05-08,2023-05-22,2024-05-21
1403,1403,Endorsement,2023-05-19,2023-05-19 09:00:00,JOB001403,COMPLETED,2023-05-14,2023-05-22,2024-05-21
1404,1404,Cancellation,2023-05-20,2023-05-20 09:00:00,JOB001404,CANCELLED,2023-05-17,2023-05-29,2024-05-28
1405,1405,Reinstatement,2023-05-21,2023-05-21 09:00:00,JOB001405,PENDING,2023-05-20,2023-05-26,2024-05-25
1406,1406,New Business,2023-05-22,2023-05-22 09:00:00,JOB001406,IN_PROGRESS,2023-05-17,2023-05-26,2024-05-25
1407,1407,Renewal,2023-05-23,2023-05-23 09:00:00,JOB001407,COMPLETED,2023-05-15,2023-06-04,2024-06-03
1408,1408,Endorsement,2023-05-24,2023-05-24 09:00:00,JOB001408,CANCELLED,2023-05-18,2023-05-28,2024-05-27
1409,1409,Cancellation,2023-05-25,2023-05-25 09:00:00,JOB001409,PENDING,2023-05-16,2023-06-06,2024-06-05
1410,1410,Reinstatement,2023-05-26,2023-05-26 09:00:00,JOB001410,IN_PROGRESS,2023-05-20,2023-05-31,2024-05-30
1411,1411,New Business,2023-05-27,2023-05-27 09:00:00,JOB001411,COMPLETED,2023-05-20,2023-06-01,2024-05-31
1412,1412,Renewal,2023-05-28,2023-05-28 09:00:00,JOB001412,CANCELLED,2023-05-20,2023-06-02,2024-06-01
1413,1413,Endorsement,2023-05-29,2023-05-29 09:00:00,JOB001413,PENDING,2023-05-22,2023-06-07,2024-06-06
1414,1414,Cancellation,2023-05-30,2023-05-30 09:00:00,JOB001414,IN_PROGRESS,2023-05-28,2023-06-04,2024-06-03
1415,1415,Reinstatement,2023-05-31,2023-05-31 09:00:00,JOB001415,COMPLETED,2023-05-26,2023-06-14,2024-06-13
1416,1416,New Business,2023-06-01,2023-06-01 09:00:00,JOB001416,CANCELLED,2023-05-23,2023-06-02,2024-06-01
1417,1417,Renewal,2023-06-02,2023-06-02 09:00:00,JOB001417,PENDING,2023-05-28,2023-06-02,2024-06-01
1418,1418,Endorsement,2023-06-03,2023-06-03 09:00:00,JOB001418,IN_PROGRESS,2023-05-27,2023-06-07,2024-06-06
1419,1419,Cancellation,2023-06-04,2023-06-04 09:00:00,JOB001419,COMPLETED,2023-06-01,2023-06-16,2024-06-15
1420,1420,Reinstatement,2023-06-05,2023-06-05 09:00:00,JOB001420,CANCELLED,2023-05-28,2023-06-20,2024-06-19
1421,1421,New Business,2023-06-06,2023-06-06 09:00:00,JOB001421,PENDING,2023-05-31,2023-06-21,2024-06-20
1422,1422,Renewal,2023-06-07,2023-06-07 09:00:00,JOB001422,IN_PROGRESS,2023-06-01,2023-06-21,2024-06-20
1423,1423,Endorsement,2023-06-08,2023-06-08 09:00:00,JOB001423,COMPLETED,2023-06-01,2023-06-13,2024-06-12
1424,1424,Cancellation,2023-06-09,2023-06-09 09:00:00,JOB001424,CANCELLED,2023-06-08,2023-06-09,2024-06-08
1425,1425,Reinstatement,2023-06-10,2023-06-10 09:00:00,JOB001425,PENDING,2023-06-07,2023-06-19,2024-06-18
1426,1426,New Business,2023-06-11,2023-06-11 09:00:00,JOB001426,IN_PROGRESS,2023-06-11,2023-06-19,2024-06-18
1427,1427,Renewal,2023-06-12,2023-06-12 09:00:00,JOB001427,COMPLETED,2023-06-09,2023-06-21,2024-06-20
1428,1428,Endorsement,2023-06-13,2023-06-13 09:00:00,JOB001428,CANCELLED,2023-06-11,2023-06-27,2024-06-26
1429,1429,Cancellation,2023-06-14,2023-06-14 09:00:00,JOB001429,PENDING,2023-06-05,2023-06-29,2024-06-28
1430,1430,Reinstatement,2023-06-15,2023-06-15 09:00:00,JOB001430,IN_PROGRESS,2023-06-07,2023-06-18,2024-06-17
1431,1431,New Business,2023-06-16,2023-06-16 09:00:00,JOB001431,COMPLETED,2023-06-07,2023-06-19,2024-06-18
1432,1432,Renewal,2023-06-17,2023-06-17 09:00:00,JOB001432,CANCELLED,2023-06-13,2023-06-28,2024-06-27
1433,1433,Endorsement,2023-06-18,2023-06-18 09:00:00,JOB001433,PENDING,2023-06-10,2023-06-19,2024-06-18
1434,1434,Cancellation,2023-06-19,2023-06-19 09:00:00,JOB001434,IN_PROGRESS,2023-06-12,2023-06-25,2024-06-24
1435,1435,Reinstatement,2023-06-20,2023-06-20 09:00:00,JOB001435,COMPLETED,2023-06-14,2023-06-23,2024-06-22
1436,1436,New Business,2023-06-21,2023-06-21 09:00:00,JOB001436,CANCELLED,2023-06-11,2023-06-28,2024-06-27
1437,1437,Renewal,2023-06-22,2023-06-22 09:00:00,JOB001437,PENDING,2023-06-18,2023-06-23,2024-06-22
1438,1438,Endorsement,2023-06-23,2023-06-23 09:00:00,JOB001438,IN_PROGRESS,2023-06-16,2023-07-01,2024-06-30
1439,1439,Cancellation,2023-06-24,2023-06-24 09:00:00,JOB001439,COMPLETED,2023-06-19,2023-06-26,2024-06-25
1440,1440,Reinstatement,2023-06-25,2023-06-25 09:00:00,JOB001440,CANCELLED,2023-06-18,2023-06-28,2024-06-27
1441,1441,New Business,2023-06-26,2023-06-26 09:00:00,JOB001441,PENDING,2023-06-23,2023-07-02,2024-07-01
1442,1442,Renewal,2023-06-27,2023-06-27 09:00:00,JOB001442,IN_PROGRESS,2023-06-18,2023-07-08,2024-07-07
1443,1443,Endorsement,2023-06-28,2023-06-28 09:00:00,JOB001443,COMPLETED,2023-06-19,2023-07-11,2024-07-10
1444,1444,Cancellation,2023-06-29,2023-06-29 09:00:00,JOB001444,CANCELLED,2023-06-27,2023-07-03,2024-07-02
1445,1445,Reinstatement,2023-06-30,2023-06-30 09:00:00,JOB001445,PENDING,2023-06-27,2023-07-06,2024-07-05
1446,1446,New Business,2023-07-01,2023-07-01 09:00:00,JOB001446,IN_PROGRESS,2023-07-01,2023-07-12,2024-07-11
1447,1447,Renewal,2023-07-02,2023-07-02 09:00:00,JOB001447,COMPLETED,2023-06-24,2023-07-10,2024-07-09
1448,1448,Endorsement,2023-07-03,2023-07-03 09:00:00,JOB001448,CANCELLED,2023-06-24,2023-07-08,2024-07-07
1449,1449,Cancellation,2023-07-04,2023-07-04 09:00:00,JOB001449,PENDING,2023-06-29,2023-07-13,2024-07-12
1450,1450,Reinstatement,2023-07-05,2023-07-05 09:00:00,JOB001450,IN_PROGRESS,2023-07-01,2023-07-13,2024-07-12
1451,1451,New Business,2023-07-06,2023-07-06 09:00:00,JOB001451,COMPLETED,2023-06-28,2023-07-09,2024-07-08
1452,1452,Renewal,2023-07-07,2023-07-07 09:00:00,JOB001452,CANCELLED,2023-07-05,2023-07-20,2024-07-19
1453,1453,Endorsement,2023-07-08,2023-07-08 09:00:00,JOB001453,PENDING,2023-07-08,2023-07-16,2024-07-15
1454,1454,Cancellation,2023-07-09,2023-07-09 09:00:00,JOB001454,IN_PROGRESS,2023-06-29,2023-07-13,2024-07-12
1455,1455,Reinstatement,2023-07-10,2023-07-10 09:00:00,JOB001455,COMPLETED,2023-07-08,2023-07-17,2024-07-16
1456,1456,New Business,2023-07-11,2023-07-11 09:00:00,JOB001456,CANCELLED,2023-07-09,2023-07-21,2024-07-20
1457,1457,Renewal,2023-07-12,2023-07-12 09:00:00,JOB001457,PENDING,2023-07-09,2023-07-24,2024-07-23
1458,1458,Endorsement,2023-07-13,2023-07-13 09:00:00,JOB001458,IN_PROGRESS,2023-07-06,2023-07-17,2024-07-16
1459,1459,Cancellation,2023-07-14,2023-07-14 09:00:00,JOB001459,COMPLETED,2023-07-05,2023-07-22,2024-07-21
1460,1460,Reinstatement,2023-07-15,2023-07-15 09:00:00,JOB001460,CANCELLED,2023-07-05,2023-07-28,2024-07-27
1461,1461,New Business,2023-07-16,2023-07-16 09:00:00,JOB001461,PENDING,2023-07-10,2023-07-30,2024-07-29
1462,1462,Renewal,2023-07-17,2023-07-17 09:00:00,JOB001462,IN_PROGRESS,2023-07-16,2023-07-19,2024-07-18
1463,1463,Endorsement,2023-07-18,2023-07-18 09:00:00,JOB001463,COMPLETED,2023-07-12,2023-07-26,2024-07-25
1464,1464,Cancellation,2023-07-19,2023-07-19 09:00:00,JOB001464,CANCELLED,2023-07-14,2023-08-02,2024-08-01
1465,1465,Reinstatement,2023-07-20,2023-07-20 09:00:00,JOB001465,PENDING,2023-07-13,2023-07-30,2024-07-29
1466,1466,New Business,2023-07-21,2023-07-21 09:00:00,JOB001466,IN_PROGRESS,2023-07-12,2023-07-21,2024-07-20
1467,1467,Renewal,2023-07-22,2023-07-22 09:00:00,JOB001467,COMPLETED,2023-07-21,2023-08-05,2024-08-04
1468,1468,Endorsement,2023-07-23,2023-07-23 09:00:00,JOB001468,CANCELLED,2023-07-13,2023-08-03,2024-08-02
1469,1469,Cancellation,2023-07-24,2023-07-24 09:00:00,JOB001469,PENDING,2023-07-23,2023-08-05,2024-08-04
1470,1470,Reinstatement,2023-07-25,2023-07-25 09:00:00,JOB001470,IN_PROGRESS,2023-07-22,2023-08-07,2024-08-06
1471,1471,New Business,2023-07-26,2023-07-26 09:00:00,JOB001471,COMPLETED,2023-07-23,2023-08-10,2024-08-09
1472,1472,Renewal,2023-07-27,2023-07-27 09:00:00,JOB001472,CANCELLED,2023-07-23,2023-08-06,2024-08-05
1473,1473,Endorsement,2023-07-28,2023-07-28 09:00:00,JOB001473,PENDING,2023-07-24,2023-08-07,2024-08-06
1474,1474,Cancellation,2023-07-29,2023-07-29 09:00:00,JOB001474,IN_PROGRESS,2023-07-21,2023-08-02,2024-08-01
1475,1475,Reinstatement,2023-07-30,2023-07-30 09:00:00,JOB001475,COMPLETED,2023-07-21,2023-08-14,2024-08-13
1476,1476,New Business,2023-07-31,2023-07-31 09:00:00,JOB001476,CANCELLED,2023-07-26,2023-08-01,2024-07-31
1477,1477,Renewal,2023-08-01,2023-08-01 09:00:00,JOB001477,PENDING,2023-08-01,2023-08-04,2024-08-03
1478,1478,Endorsement,2023-08-02,2023-08-02 09:00:00,JOB001478,IN_PROGRESS,2023-07-23,2023-08-16,2024-08-15
1479,1479,Cancellation,2023-08-03,2023-08-03 09:00:00,JOB001479,COMPLETED,2023-08-03,2023-08-06,2024-08-05
1480,1480,Reinstatement,2023-08-04,2023-08-04 09:00:00,JOB001480,CANCELLED,2023-08-02,2023-08-18,2024-08-17
1481,1481,New Business,2023-08-05,2023-08-05 09:00:00,JOB001481,PENDING,2023-07-29,2023-08-05,2024-08-04
1482,1482,Renewal,2023-08-06,2023-08-06 09:00:00,JOB001482,IN_PROGRESS,2023-07-31,2023-08-12,2024-08-11
1483,1483,Endorsement,2023-08-07,2023-08-07 09:00:00,JOB001483,COMPLETED,2023-08-05,2023-08-16,2024-08-15
1484,1484,Cancellation,2023-08-08,2023-08-08 09:00:00,JOB001484,CANCELLED,2023-08-06,2023-08-16,2024-08-15
1485,1485,Reinstatement,2023-08-09,2023-08-09 09:00:00,JOB001485,PENDING,2023-08-08,2023-08-20,2024-08-19
1486,1486,New Business,2023-08-10,2023-08-10 09:00:00,JOB001486,IN_PROGRESS,2023-08-06,2023-08-12,2024-08-11
1487,1487,Renewal,2023-08-11,2023-08-11 09:00:00,JOB001487,COMPLETED,2023-08-06,2023-08-16,2024-08-15
1488,1488,Endorsement,2023-08-12,2023-08-12 09:00:00,JOB001488,CANCELLED,2023-08-12,2023-08-24,2024-08-23
1489,1489,Cancellation,2023-08-13,2023-08-13 09:00:00,JOB001489,PENDING,2023-08-03,2023-08-22,2024-08-21
1490,1490,Reinstatement,2023-08-14,2023-08-14 09:00:00,JOB001490,IN_PROGRESS,2023-08-11,2023-08-27,2024-08-26
1491,1491,New Business,2023-08-15,2023-08-15 09:00:00,JOB001491,COMPLETED,2023-08-05,2023-08-17,2024-08-16
1492,1492,Renewal,2023-08-16,2023-08-16 09:00:00,JOB001492,CANCELLED,2023-08-15,2023-08-16,2024-08-15
1493,1493,Endorsement,2023-08-17,2023-08-17 09:00:00,JOB001493,PENDING,2023-08-14,2023-09-01,2024-08-31
1494,1494,Cancellation,2023-08-18,2023-08-18 09:00:00,JOB001494,IN_PROGRESS,2023-08-17,2023-08-22,2024-08-21
1495,1495,Reinstatement,2023-08-19,2023-08-19 09:00:00,JOB001495,COMPLETED,2023-08-10,2023-08-26,2024-08-25
1496,1496,New Business,2023-08-20,2023-08-20 09:00:00,JOB001496,CANCELLED,2023-08-12,2023-09-03,2024-09-02
1497,1497,Renewal,2023-08-21,2023-08-21 09:00:00,JOB001497,PENDING,2023-08-21,2023-08-21,2024-08-20
1498,1498,Endorsement,2023-08-22,2023-08-22 09:00:00,JOB001498,IN_PROGRESS,2023-08-17,2023-08-25,2024-08-24
1499,1499,Cancellation,2023-08-23,2023-08-23 09:00:00,JOB001499,COMPLETED,2023-08-17,2023-08-27,2024-08-26
1500,1500,Reinstatement,2023-08-24,2023-08-24 09:00:00,JOB001500,CANCELLED,2023-08-17,2023-08-26,2024-08-25
1501,1501,New Business,2023-08-25,2023-08-25 09:00:00,JOB001501,PENDING,2023-08-22,2023-09-06,2024-09-05
1502,1502,Renewal,2023-08-26,2023-08-26 09:00:00,JOB001502,IN_PROGRESS,2023-08-25,2023-08-29,2024-08-28
1503,1503,Endorsement,2023-08-27,2023-08-27 09:00:00,JOB001503,COMPLETED,2023-08-26,2023-09-06,2024-09-05
1504,1504,Cancellation,2023-08-28,2023-08-28 09:00:00,JOB001504,CANCELLED,2023-08-23,2023-09-06,2024-09-05
1505,1505,Reinstatement,2023-08-29,2023-08-29 09:00:00,JOB001505,PENDING,2023-08-27,2023-09-10,2024-09-09
1506,1506,New Business,2023-08-30,2023-08-30 09:00:00,JOB001506,IN_PROGRESS,2023-08-28,2023-09-03,2024-09-02
1507,1507,Renewal,2023-08-31,2023-08-31 09:00:00,JOB001507,COMPLETED,2023-08-30,2023-08-31,2024-08-30
1508,1508,Endorsement,2023-09-01,2023-09-01 09:00:00,JOB001508,CANCELLED,2023-08-23,2023-09-06,2024-09-05
1509,1509,Cancellation,2023-09-02,2023-09-02 09:00:00,JOB001509,PENDING,2023-08-26,2023-09-13,2024-09-12
1510,1510,Reinstatement,2023-09-03,2023-09-03 09:00:00,JOB001510,IN_PROGRESS,2023-08-31,2023-09-07,2024-09-06
1511,1511,New Business,2023-09-04,2023-09-04 09:00:00,JOB001511,COMPLETED,2023-08-29,2023-09-18,2024-09-17
1512,1512,Renewal,2023-09-05,2023-09-05 09:00:00,JOB001512,CANCELLED,2023-09-02,2023-09-07,2024-09-06
1513,1513,Endorsement,2023-09-06,2023-09-06 09:00:00,JOB001513,PENDING,2023-09-05,2023-09-10,2024-09-09
1514,1514,Cancellation,2023-09-07,2023-09-07 09:00:00,JOB001514,IN_PROGRESS,2023-09-06,2023-09-19,2024-09-18
1515,1515,Reinstatement,2023-09-08,2023-09-08 09:00:00,JOB001515,COMPLETED,2023-09-03,2023-09-21,2024-09-20
1516,1516,New Business,2023-09-09,2023-09-09 09:00:00,JOB001516,CANCELLED,2023-09-04,2023-09-13,2024-09-12
1517,1517,Renewal,2023-09-10,2023-09-10 09:00:00,JOB001517,PENDING,2023-09-07,2023-09-18,2024-09-17
1518,1518,Endorsement,2023-09-11,2023-09-11 09:00:00,JOB001518,IN_PROGRESS,2023-09-01,2023-09-13,2024-09-12
1519,1519,Cancellation,2023-09-12,2023-09-12 09:00:00,JOB001519,COMPLETED,2023-09-09,2023-09-21,2024-09-20
1520,1520,Reinstatement,2023-09-13,2023-09-13 09:00:00,JOB001520,CANCELLED,2023-09-13,2023-09-22,2024-09-21
1521,1521,New Business,2023-09-14,2023-09-14 09:00:00,JOB001521,PENDING,2023-09-11,2023-09-20,2024-09-19
1522,1522,Renewal,2023-09-15,2023-09-15 09:00:00,JOB001522,IN_PROGRESS,2023-09-09,2023-09-24,2024-09-23
1523,1523,Endorsement,2023-09-16,2023-09-16 09:00:00,JOB001523,COMPLETED,2023-09-06,2023-09-17,2024-09-16
1524,1524,Cancellation,2023-09-17,2023-09-17 09:00:00,JOB001524,CANCELLED,2023-09-14,2023-10-02,2024-10-01
1525,1525,Reinstatement,2023-09-18,2023-09-18 09:00:00,JOB001525,PENDING,2023-09-12,2023-09-21,2024-09-20
1526,1526,New Business,2023-09-19,2023-09-19 09:00:00,JOB001526,IN_PROGRESS,2023-09-16,2023-10-04,2024-10-03
1527,1527,Renewal,2023-09-20,2023-09-20 09:00:00,JOB001527,COMPLETED,2023-09-10,2023-09-22,2024-09-21
1528,1528,Endorsement,2023-09-21,2023-09-21 09:00:00,JOB001528,CANCELLED,2023-09-13,2023-09-21,2024-09-20
1529,1529,Cancellation,2023-09-22,2023-09-22 09:00:00,JOB001529,PENDING,2023-09-17,2023-10-02,2024-10-01
1530,1530,Reinstatement,2023-09-23,2023-09-23 09:00:00,JOB001530,IN_PROGRESS,2023-09-21,2023-10-05,2024-10-04
1531,1531,New Business,2023-09-24,2023-09-24 09:00:00,JOB001531,COMPLETED,2023-09-15,2023-10-07,2024-10-06
1532,1532,Renewal,2023-09-25,2023-09-25 09:00:00,JOB001532,CANCELLED,2023-09-20,2023-09-30,2024-09-29
1533,1533,Endorsement,2023-09-26,2023-09-26 09:00:00,JOB001533,PENDING,2023-09-19,2023-09-28,2024-09-27
1534,1534,Cancellation,2023-09-27,2023-09-27 09:00:00,JOB001534,IN_PROGRESS,2023-09-27,2023-09-29,2024-09-28
1535,1535,Reinstatement,2023-09-28,2023-09-28 09:00:00,JOB001535,COMPLETED,2023-09-28,2023-10-06,2024-10-05
1536,1536,New Business,2023-09-29,2023-09-29 09:00:00,JOB001536,CANCELLED,2023-09-26,2023-09-30,2024-09-29
1537,1537,Renewal,2023-09-30,2023-09-30 09:00:00,JOB001537,PENDING,2023-09-30,2023-10-12,2024-10-11
1538,1538,Endorsement,2023-10-01,2023-10-01 09:00:00,JOB001538,IN_PROGRESS,2023-09-23,2023-10-10,2024-10-09
1539,1539,Cancellation,2023-10-02,2023-10-02 09:00:00,JOB001539,COMPLETED,2023-09-22,2023-10-15,2024-10-14
1540,1540,Reinstatement,2023-10-03,2023-10-03 09:00:00,JOB001540,CANCELLED,2023-09-27,2023-10-15,2024-10-14
1541,1541,New Business,2023-10-04,2023-10-04 09:00:00,JOB001541,PENDING,2023-10-03,2023-10-08,2024-10-07
1542,1542,Renewal,2023-10-05,2023-10-05 09:00:00,JOB001542,IN_PROGRESS,2023-10-01,2023-10-07,2024-10-06
1543,1543,Endorsement,2023-10-06,2023-10-06 09:00:00,JOB001543,COMPLETED,2023-10-02,2023-10-08,2024-10-07
1544,1544,Cancellation,2023-10-07,2023-10-07 09:00:00,JOB001544,CANCELLED,2023-09-29,2023-10-13,2024-10-12
1545,1545,Reinstatement,2023-10-08,2023-10-08 09:00:00,JOB001545,PENDING,2023-10-06,2023-10-18,2024-10-17
1546,1546,New Business,2023-10-09,2023-10-09 09:00:00,JOB001546,IN_PROGRESS,2023-10-03,2023-10-11,2024-10-10
1547,1547,Renewal,2023-10-10,2023-10-10 09:00:00,JOB001547,COMPLETED,2023-10-06,2023-10-23,2024-10-22
1548,1548,Endorsement,2023-10-11,2023-10-11 09:00:00,JOB001548,CANCELLED,2023-10-08,2023-10-12,2024-10-11
1549,1549,Cancellation,2023-10-12,2023-10-12 09:00:00,JOB001549,PENDING,2023-10-09,2023-10-14,2024-10-13
1550,1550,Reinstatement,2023-10-13,2023-10-13 09:00:00,JOB001550,IN_PROGRESS,2023-10-07,2023-10-16,2024-10-15
1551,1551,New Business,2023-10-14,2023-10-14 09:00:00,JOB001551,COMPLETED,2023-10-07,2023-10-15,2024-10-14
1552,1552,Renewal,2023-10-15,2023-10-15 09:00:00,JOB001552,CANCELLED,2023-10-11,2023-10-20,2024-10-19
1553,1553,Endorsement,2023-10-16,2023-10-16 09:00:00,JOB001553,PENDING,2023-10-15,2023-10-16,2024-10-15
1554,1554,Cancellation,2023-10-17,2023-10-17 09:00:00,JOB001554,IN_PROGRESS,2023-10-15,2023-10-17,2024-10-16
1555,1555,Reinstatement,2023-10-18,2023-10-18 09:00:00,JOB001555,COMPLETED,2023-10-16,2023-11-02,2024-11-01
1556,1556,New Business,2023-10-19,2023-10-19 09:00:00,JOB001556,CANCELLED,2023-10-14,2023-10-27,2024-10-26
1557,1557,Renewal,2023-10-20,2023-10-20 09:00:00,JOB001557,PENDING,2023-10-18,2023-10-31,2024-10-30
1558,1558,Endorsement,2023-10-21,2023-10-21 09:00:00,JOB001558,IN_PROGRESS,2023-10-19,2023-10-29,2024-10-28
1559,1559,Cancellation,2023-10-22,2023-10-22 09:00:00,JOB001559,COMPLETED,2023-10-21,2023-10-22,2024-10-21
1560,1560,Reinstatement,2023-10-23,2023-10-23 09:00:00,JOB001560,CANCELLED,2023-10-18,2023-11-05,2024-11-04
1561,1561,New Business,2023-10-24,2023-10-24 09:00:00,JOB001561,PENDING,2023-10-20,2023-10-26,2024-10-25
1562,1562,Renewal,2023-10-25,2023-10-25 09:00:00,JOB001562,IN_PROGRESS,2023-10-21,2023-10-27,2024-10-26
1563,1563,Endorsement,2023-10-26,2023-10-26 09:00:00,JOB001563,COMPLETED,2023-10-19,2023-11-09,2024-11-08
1564,1564,Cancellation,2023-10-27,2023-10-27 09:00:00,JOB001564,CANCELLED,2023-10-19,2023-11-07,2024-11-06
1565,1565,Reinstatement,2023-10-28,2023-10-28 09:00:00,JOB001565,PENDING,2023-10-28,2023-11-12,2024-11-11
1566,1566,New Business,2023-10-29,2023-10-29 09:00:00,JOB001566,IN_PROGRESS,2023-10-20,2023-11-03,2024-11-02
1567,1567,Renewal,2023-10-30,2023-10-30 09:00:00,JOB001567,COMPLETED,2023-10-25,2023-11-04,2024-11-03
1568,1568,Endorsement,2023-10-31,2023-10-31 09:00:00,JOB001568,CANCELLED,2023-10-27,2023-11-03,2024-11-02
1569,1569,Cancellation,2023-11-01,2023-11-01 09:00:00,JOB001569,PENDING,2023-10-23,2023-11-04,2024-11-03
1570,1570,Reinstatement,2023-11-02,2023-11-02 09:00:00,JOB001570,IN_PROGRESS,2023-10-30,2023-11-02,2024-11-01
1571,1571,New Business,2023-11-03,2023-11-03 09:00:00,JOB001571,COMPLETED,2023-11-03,2023-11-03,2024-11-02
1572,1572,Renewal,2023-11-04,2023-11-04 09:00:00,JOB001572,CANCELLED,2023-11-01,2023-11-05,2024-11-04
1573,1573,Endorsement,2023-11-05,2023-11-05 09:00:00,JOB001573,PENDING,2023-10-29,2023-11-16,2024-11-15
1574,1574,Cancellation,2023-11-06,2023-11-06 09:00:00,JOB001574,IN_PROGRESS,2023-10-31,2023-11-10,2024-11-09
1575,1575,Reinstatement,2023-11-07,2023-11-07 09:00:00,JOB001575,COMPLETED,2023-11-05,2023-11-08,2024-11-07
1576,1576,New Business,2023-11-08,2023-11-08 09:00:00,JOB001576,CANCELLED,2023-10-31,2023-11-21,2024-11-20
1577,1577,Renewal,2023-11-09,2023-11-09 09:00:00,JOB001577,PENDING,2023-11-06,2023-11-19,2024-11-18
1578,1578,Endorsement,2023-11-10,2023-11-10 09:00:00,JOB001578,IN_PROGRESS,2023-11-07,2023-11-23,2024-11-22
1579,1579,Cancellation,2023-11-11,2023-11-11 09:00:00,JOB001579,COMPLETED,2023-11-06,2023-11-19,2024-11-18
1580,1580,Reinstatement,2023-11-12,2023-11-12 09:00:00,JOB001580,CANCELLED,2023-11-11,2023-11-23,2024-11-22
1581,1581,New Business,2023-11-13,2023-11-13 09:00:00,JOB001581,PENDING,2023-11-12,2023-11-14,2024-11-13
1582,1582,Renewal,2023-11-14,2023-11-14 09:00:00,JOB001582,IN_PROGRESS,2023-11-12,2023-11-21,2024-11-20
1583,1583,Endorsement,2023-11-15,2023-11-15 09:00:00,JOB001583,COMPLETED,2023-11-07,2023-11-16,2024-11-15
1584,1584,Cancellation,2023-11-16,2023-11-16 09:00:00,JOB001584,CANCELLED,2023-11-10,2023-11-18,2024-11-17
1585,1585,Reinstatement,2023-11-17,2023-11-17 09:00:00,JOB001585,PENDING,2023-11-10,2023-11-26,2024-11-25
1586,1586,New Business,2023-11-18,2023-11-18 09:00:00,JOB001586,IN_PROGRESS,2023-11-14,2023-11-28,2024-11-27
1587,1587,Renewal,2023-11-19,2023-11-19 09:00:00,JOB001587,COMPLETED,2023-11-18,2023-12-03,2024-12-02
1588,1588,Endorsement,2023-11-20,2023-11-20 09:00:00,JOB001588,CANCELLED,2023-11-20,2023-12-01,2024-11-30
1589,1589,Cancellation,2023-11-21,2023-11-21 09:00:00,JOB001589,PENDING,2023-11-18,2023-11-30,2024-11-29
1590,1590,Reinstatement,2023-11-22,2023-11-22 09:00:00,JOB001590,IN_PROGRESS,2023-11-13,2023-12-01,2024-11-30
1591,1591,New Business,2023-11-23,2023-11-23 09:00:00,JOB001591,COMPLETED,2023-11-14,2023-11-30,2024-11-29
1592,1592,Renewal,2023-11-24,2023-11-24 09:00:00,JOB001592,CANCELLED,2023-11-17,2023-12-05,2024-12-04
1593,1593,Endorsement,2023-11-25,2023-11-25 09:00:00,JOB001593,PENDING,2023-11-16,2023-12-10,2024-12-09
1594,1594,Cancellation,2023-11-26,2023-11-26 09:00:00,JOB001594,IN_PROGRESS,2023-11-23,2023-12-03,2024-12-02
1595,1595,Reinstatement,2023-11-27,2023-11-27 09:00:00,JOB001595,COMPLETED,2023-11-25,2023-11-27,2024-11-26
1596,1596,New Business,2023-11-28,2023-11-28 09:00:00,JOB001596,CANCELLED,2023-11-22,2023-11-28,2024-11-27
1597,1597,Renewal,2023-11-29,2023-11-29 09:00:00,JOB001597,PENDING,2023-11-26,2023-12-10,2024-12-09
1598,1598,Endorsement,2023-11-30,2023-11-30 09:00:00,JOB001598,IN_PROGRESS,2023-11-20,2023-11-30,2024-11-29
1599,1599,Cancellation,2023-12-01,2023-12-01 09:00:00,JOB001599,COMPLETED,2023-11-26,2023-12-01,2024-11-30
1600,1600,Reinstatement,2023-12-02,2023-12-02 09:00:00,JOB001600,CANCELLED,2023-11-22,2023-12-14,2024-12-13
1601,1601,New Business,2023-12-03,2023-12-03 09:00:00,JOB001601,PENDING,2023-11-29,2023-12-06,2024-12-05
1602,1602,Renewal,2023-12-04,2023-12-04 09:00:00,JOB001602,IN_PROGRESS,2023-12-01,2023-12-11,2024-12-10
1603,1603,Endorsement,2023-12-05,2023-12-05 09:00:00,JOB001603,COMPLETED,2023-11-29,2023-12-20,2024-12-19
1604,1604,Cancellation,2023-12-06,2023-12-06 09:00:00,JOB001604,CANCELLED,2023-12-06,2023-12-10,2024-12-09
1605,1605,Reinstatement,2023-12-07,2023-12-07 09:00:00,JOB001605,PENDING,2023-12-03,2023-12-09,2024-12-08
1606,1606,New Business,2023-12-08,2023-12-08 09:00:00,JOB001606,IN_PROGRESS,2023-12-08,2023-12-15,2024-12-14
1607,1607,Renewal,2023-12-09,2023-12-09 09:00:00,JOB001607,COMPLETED,2023-12-01,2023-12-22,2024-12-21
1608,1608,Endorsement,2023-12-10,2023-12-10 09:00:00,JOB001608,CANCELLED,2023-12-05,2023-12-24,2024-12-23
1609,1609,Cancellation,2023-12-11,2023-12-11 09:00:00,JOB001609,PENDING,2023-12-10,2023-12-14,2024-12-13
1610,1610,Reinstatement,2023-12-12,2023-12-12 09:00:00,JOB001610,IN_PROGRESS,2023-12-04,2023-12-16,2024-12-15
1611,1611,New Business,2023-12-13,2023-12-13 09:00:00,JOB001611,COMPLETED,2023-12-03,2023-12-25,2024-12-24
1612,1612,Renewal,2023-12-14,2023-12-14 09:00:00,JOB001612,CANCELLED,2023-12-13,2023-12-15,2024-12-14
1613,1613,Endorsement,2023-12-15,2023-12-15 09:00:00,JOB001613,PENDING,2023-12-09,2023-12-19,2024-12-18
1614,1614,Cancellation,2023-12-16,2023-12-16 09:00:00,JOB001614,IN_PROGRESS,2023-12-13,2023-12-25,2024-12-24
1615,1615,Reinstatement,2023-12-17,2023-12-17 09:00:00,JOB001615,COMPLETED,2023-12-13,2023-12-27,2024-12-26
1616,1616,New Business,2023-12-18,2023-12-18 09:00:00,JOB001616,CANCELLED,2023-12-12,2023-12-28,2024-12-27
1617,1617,Renewal,2023-12-19,2023-12-19 09:00:00,JOB001617,PENDING,2023-12-14,2024-01-02,2025-01-01
1618,1618,Endorsement,2023-12-20,2023-12-20 09:00:00,JOB001618,IN_PROGRESS,2023-12-16,2023-12-27,2024-12-26
1619,1619,Cancellation,2023-12-21,2023-12-21 09:00:00,JOB001619,COMPLETED,2023-12-20,2023-12-27,2024-12-26
1620,1620,Reinstatement,2023-12-22,2023-12-22 09:00:00,JOB001620,CANCELLED,2023-12-20,2023-12-25,2024-12-24
1621,1621,New Business,2023-12-23,2023-12-23 09:00:00,JOB001621,PENDING,2023-12-21,2023-12-26,2024-12-25
1622,1622,Renewal,2023-12-24,2023-12-24 09:00:00,JOB001622,IN_PROGRESS,2023-12-22,2024-01-07,2025-01-06
1623,1623,Endorsement,2023-12-25,2023-12-25 09:00:00,JOB001623,COMPLETED,2023-12-18,2024-01-04,2025-01-03
1624,1624,Cancellation,2023-12-26,2023-12-26 09:00:00,JOB001624,CANCELLED,2023-12-20,2023-12-29,2024-12-28
1625,1625,Reinstatement,2023-12-27,2023-12-27 09:00:00,JOB001625,PENDING,2023-12-19,2024-01-07,2025-01-06
1626,1626,New Business,2023-12-28,2023-12-28 09:00:00,JOB001626,IN_PROGRESS,2023-12-25,2024-01-11,2025-01-10
1627,1627,Renewal,2023-12-29,2023-12-29 09:00:00,JOB001627,COMPLETED,2023-12-25,2024-01-12,2025-01-11
1628,1628,Endorsement,2023-12-30,2023-12-30 09:00:00,JOB001628,CANCELLED,2023-12-26,2024-01-02,2025-01-01
1629,1629,Cancellation,2023-12-31,2023-12-31 09:00:00,JOB001629,PENDING,2023-12-30,2024-01-05,2025-01-04
1630,1630,Reinstatement,2024-01-01,2024-01-01 09:00:00,JOB001630,IN_PROGRESS,2023-12-22,2024-01-10,2025-01-09
1631,1631,New Business,2024-01-02,2024-01-02 09:00:00,JOB001631,COMPLETED,2023-12-24,2024-01-03,2025-01-02
1632,1632,Renewal,2024-01-03,2024-01-03 09:00:00,JOB001632,CANCELLED,2023-12-31,2024-01-13,2025-01-12
1633,1633,Endorsement,2024-01-04,2024-01-04 09:00:00,JOB001633,PENDING,2024-01-02,2024-01-06,2025-01-05
1634,1634,Cancellation,2024-01-05,2024-01-05 09:00:00,JOB001634,IN_PROGRESS,2024-01-02,2024-01-16,2025-01-15
1635,1635,Reinstatement,2024-01-06,2024-01-06 09:00:00,JOB001635,COMPLETED,2023-12-31,2024-01-07,2025-01-06
1636,1636,New Business,2024-01-07,2024-01-07 09:00:00,JOB001636,CANCELLED,2023-12-28,2024-01-16,2025-01-15
1637,1637,Renewal,2024-01-08,2024-01-08 09:00:00,JOB001637,PENDING,2024-01-04,2024-01-13,2025-01-12
1638,1638,Endorsement,2024-01-09,2024-01-09 09:00:00,JOB001638,IN_PROGRESS,2024-01-09,2024-01-21,2025-01-20
1639,1639,Cancellation,2024-01-10,2024-01-10 09:00:00,JOB001639,COMPLETED,2024-01-03,2024-01-17,2025-01-16
1640,1640,Reinstatement,2024-01-11,2024-01-11 09:00:00,JOB001640,CANCELLED,2024-01-10,2024-01-25,2025-01-24
1641,1641,New Business,2024-01-12,2024-01-12 09:00:00,JOB001641,PENDING,2024-01-11,2024-01-16,2025-01-15
1642,1642,Renewal,2024-01-13,2024-01-13 09:00:00,JOB001642,IN_PROGRESS,2024-01-12,2024-01-13,2025-01-12
1643,1643,Endorsement,2024-01-14,2024-01-14 09:00:00,JOB001643,COMPLETED,2024-01-14,2024-01-21,2025-01-20
1644,1644,Cancellation,2024-01-15,2024-01-15 09:00:00,JOB001644,CANCELLED,2024-01-13,2024-01-21,2025-01-20
1645,1645,Reinstatement,2024-01-16,2024-01-16 09:00:00,JOB001645,PENDING,2024-01-10,2024-01-27,2025-01-26
1646,1646,New Business,2024-01-17,2024-01-17 09:00:00,JOB001646,IN_PROGRESS,2024-01-07,2024-01-19,2025-01-18
1647,1647,Renewal,2024-01-18,2024-01-18 09:00:00,JOB001647,COMPLETED,2024-01-09,2024-01-26,2025-01-25
1648,1648,Endorsement,2024-01-19,2024-01-19 09:00:00,JOB001648,CANCELLED,2024-01-18,2024-01-19,2025-01-18
1649,1649,Cancellation,2024-01-20,2024-01-20 09:00:00,JOB001649,PENDING,2024-01-19,2024-01-26,2025-01-25
1650,1650,Reinstatement,2024-01-21,2024-01-21 09:00:00,JOB001650,IN_PROGRESS,2024-01-11,2024-02-04,2025-02-03
1651,1651,New Business,2024-01-22,2024-01-22 09:00:00,JOB001651,COMPLETED,2024-01-20,2024-01-24,2025-01-23
1652,1652,Renewal,2024-01-23,2024-01-23 09:00:00,JOB001652,CANCELLED,2024-01-18,2024-01-26,2025-01-25
1653,1653,Endorsement,2024-01-24,2024-01-24 09:00:00,JOB001653,PENDING,2024-01-24,2024-02-07,2025-02-06
1654,1654,Cancellation,2024-01-25,2024-01-25 09:00:00,JOB001654,IN_PROGRESS,2024-01-25,2024-01-30,2025-01-29
1655,1655,Reinstatement,2024-01-26,2024-01-26 09:00:00,JOB001655,COMPLETED,2024-01-17,2024-02-08,2025-02-07
1656,1656,New Business,2024-01-27,2024-01-27 09:00:00,JOB001656,CANCELLED,2024-01-21,2024-02-11,2025-02-10
1657,1657,Renewal,2024-01-28,2024-01-28 09:00:00,JOB001657,PENDING,2024-01-28,2024-02-09,2025-02-08
1658,1658,Endorsement,2024-01-29,2024-01-29 09:00:00,JOB001658,IN_PROGRESS,2024-01-19,2024-02-11,2025-02-10
1659,1659,Cancellation,2024-01-30,2024-01-30 09:00:00,JOB001659,COMPLETED,2024-01-28,2024-02-10,2025-02-09
1660,1660,Reinstatement,2024-01-31,2024-01-31 09:00:00,JOB001660,CANCELLED,2024-01-28,2024-02-05,2025-02-04
1661,1661,New Business,2024-02-01,2024-02-01 09:00:00,JOB001661,PENDING,2024-01-28,2024-02-09,2025-02-08
1662,1662,Renewal,2024-02-02,2024-02-02 09:00:00,JOB001662,IN_PROGRESS,2024-01-26,2024-02-06,2025-02-05
1663,1663,Endorsement,2024-02-03,2024-02-03 09:00:00,JOB001663,COMPLETED,2024-02-03,2024-02-10,2025-02-09
1664,1664,Cancellation,2024-02-04,2024-02-04 09:00:00,JOB001664,CANCELLED,2024-01-25,2024-02-13,2025-02-12
1665,1665,Reinstatement,2024-02-05,2024-02-05 09:00:00,JOB001665,PENDING,2024-01-29,2024-02-18,2025-02-17
1666,1666,New Business,2024-02-06,2024-02-06 09:00:00,JOB001666,IN_PROGRESS,2024-01-29,2024-02-21,2025-02-20
1667,1667,Renewal,2024-02-07,2024-02-07 09:00:00,JOB001667,COMPLETED,2024-02-07,2024-02-09,2025-02-08
1668,1668,Endorsement,2024-02-08,2024-02-08 09:00:00,JOB001668,CANCELLED,2024-02-04,2024-02-20,2025-02-19
1669,1669,Cancellation,2024-02-09,2024-02-09 09:00:00,JOB001669,PENDING,2024-02-07,2024-02-22,2025-02-21
1670,1670,Reinstatement,2024-02-10,2024-02-10 09:00:00,JOB001670,IN_PROGRESS,2024-02-07,2024-02-17,2025-02-16
1671,1671,New Business,2024-02-11,2024-02-11 09:00:00,JOB001671,COMPLETED,2024-02-01,2024-02-11,2025-02-10
1672,1672,Renewal,2024-02-12,2024-02-12 09:00:00,JOB001672,CANCELLED,2024-02-06,2024-02-23,2025-02-22
1673,1673,Endorsement,2024-02-13,2024-02-13 09:00:00,JOB001673,PENDING,2024-02-06,2024-02-28,2025-02-27
1674,1674,Cancellation,2024-02-14,2024-02-14 09:00:00,JOB001674,IN_PROGRESS,2024-02-09,2024-02-24,2025-02-23
1675,1675,Reinstatement,2024-02-15,2024-02-15 09:00:00,JOB001675,COMPLETED,2024-02-09,2024-02-23,2025-02-22
1676,1676,New Business,2024-02-16,2024-02-16 09:00:00,JOB001676,CANCELLED,2024-02-14,2024-02-16,2025-02-15
1677,1677,Renewal,2024-02-17,2024-02-17 09:00:00,JOB001677,PENDING,2024-02-12,2024-02-24,2025-02-23
1678,1678,Endorsement,2024-02-18,2024-02-18 09:00:00,JOB001678,IN_PROGRESS,2024-02-18,2024-02-26,2025-02-25
1679,1679,Cancellation,2024-02-19,2024-02-19 09:00:00,JOB001679,COMPLETED,2024-02-19,2024-03-05,2025-03-05
1680,1680,Reinstatement,2024-02-20,2024-02-20 09:00:00,JOB001680,CANCELLED,2024-02-12,2024-03-02,2025-03-02
1681,1681,New Business,2024-02-21,2024-02-21 09:00:00,JOB001681,PENDING,2024-02-12,2024-02-28,2025-02-27
1682,1682,Renewal,2024-02-22,2024-02-22 09:00:00,JOB001682,IN_PROGRESS,2024-02-20,2024-02-25,2025-02-24
1683,1683,Endorsement,2024-02-23,2024-02-23 09:00:00,JOB001683,COMPLETED,2024-02-20,2024-03-01,2025-03-01
1684,1684,Cancellation,2024-02-24,2024-02-24 09:00:00,JOB001684,CANCELLED,2024-02-20,2024-02-25,2025-02-24
1685,1685,Reinstatement,2024-02-25,2024-02-25 09:00:00,JOB001685,PENDING,2024-02-22,2024-03-08,2025-03-08
1686,1686,New Business,2024-02-26,2024-02-26 09:00:00,JOB001686,IN_PROGRESS,2024-02-21,2024-03-02,2025-03-02
1687,1687,Renewal,2024-02-27,2024-02-27 09:00:00,JOB001687,COMPLETED,2024-02-25,2024-03-05,2025-03-05
1688,1688,Endorsement,2024-02-28,2024-02-28 09:00:00,JOB001688,CANCELLED,2024-02-19,2024-03-09,2025-03-09
1689,1689,Cancellation,2024-02-29,2024-02-29 09:00:00,JOB001689,PENDING,2024-02-24,2024-02-29,2025-02-28
1690,1690,Reinstatement,2024-03-01,2024-03-01 09:00:00,JOB001690,IN_PROGRESS,2024-02-25,2024-03-05,2025-03-05
1691,1691,New Business,2024-03-02,2024-03-02 09:00:00,JOB001691,COMPLETED,2024-02-22,2024-03-08,2025-03-08
1692,1692,Renewal,2024-03-03,2024-03-03 09:00:00,JOB001692,CANCELLED,2024-02-25,2024-03-12,2025-03-12
1693,1693,Endorsement,2024-03-04,2024-03-04 09:00:00,JOB001693,PENDING,2024-03-02,2024-03-19,2025-03-19
1694,1694,Cancellation,2024-03-05,2024-03-05 09:00:00,JOB001694,IN_PROGRESS,2024-03-05,2024-03-07,2025-03-07
1695,1695,Reinstatement,2024-03-06,2024-03-06 09:00:00,JOB001695,COMPLETED,2024-03-06,2024-03-13,2025-03-13
1696,1696,New Business,2024-03-07,2024-03-07 09:00:00,JOB001696,CANCELLED,2024-02-27,2024-03-14,2025-03-14
1697,1697,Renewal,2024-03-08,2024-03-08 09:00:00,JOB001697,PENDING,2024-03-08,2024-03-23,2025-03-23
1698,1698,Endorsement,2024-03-09,2024-03-09 09:00:00,JOB001698,IN_PROGRESS,2024-03-09,2024-03-19,2025-03-19
1699,1699,Cancellation,2024-03-10,2024-03-10 09:00:00,JOB001699,COMPLETED,2024-03-01,2024-03-16,2025-03-16
1700,1700,Reinstatement,2024-03-11,2024-03-11 09:00:00,JOB001700,CANCELLED,2024-03-09,2024-03-21,2025-03-21
1701,1701,New Business,2024-03-12,2024-03-12 09:00:00,JOB001701,PENDING,2024-03-10,2024-03-22,2025-03-22
1702,1702,Renewal,2024-03-13,2024-03-13 09:00:00,JOB001702,IN_PROGRESS,2024-03-13,2024-03-13,2025-03-13
1703,1703,Endorsement,2024-03-14,2024-03-14 09:00:00,JOB001703,COMPLETED,2024-03-12,2024-03-18,2025-03-18
1704,1704,Cancellation,2024-03-15,2024-03-15 09:00:00,JOB001704,CANCELLED,2024-03-14,2024-03-26,2025-03-26
1705,1705,Reinstatement,2024-03-16,2024-03-16 09:00:00,JOB001705,PENDING,2024-03-15,2024-03-27,2025-03-27
1706,1706,New Business,2024-03-17,2024-03-17 09:00:00,JOB001706,IN_PROGRESS,2024-03-07,2024-03-29,2025-03-29
1707,1707,Renewal,2024-03-18,2024-03-18 09:00:00,JOB001707,COMPLETED,2024-03-09,2024-03-21,2025-03-21
1708,1708,Endorsement,2024-03-19,2024-03-19 09:00:00,JOB001708,CANCELLED,2024-03-14,2024-03-28,2025-03-28
1709,1709,Cancellation,2024-03-20,2024-03-20 09:00:00,JOB001709,PENDING,2024-03-15,2024-03-24,2025-03-24
1710,1710,Reinstatement,2024-03-21,2024-03-21 09:00:00,JOB001710,IN_PROGRESS,2024-03-19,2024-04-03,2025-04-03
1711,1711,New Business,2024-03-22,2024-03-22 09:00:00,JOB001711,COMPLETED,2024-03-12,2024-04-06,2025-04-06
1712,1712,Renewal,2024-03-23,2024-03-23 09:00:00,JOB001712,CANCELLED,2024-03-13,2024-04-02,2025-04-02
1713,1713,Endorsement,2024-03-24,2024-03-24 09:00:00,JOB001713,PENDING,2024-03-22,2024-04-04,2025-04-04
1714,1714,Cancellation,2024-03-25,2024-03-25 09:00:00,JOB001714,IN_PROGRESS,2024-03-22,2024-03-30,2025-03-30
1715,1715,Reinstatement,2024-03-26,2024-03-26 09:00:00,JOB001715,COMPLETED,2024-03-20,2024-04-04,2025-04-04
1716,1716,New Business,2024-03-27,2024-03-27 09:00:00,JOB001716,CANCELLED,2024-03-23,2024-03-31,2025-03-31
1717,1717,Renewal,2024-03-28,2024-03-28 09:00:00,JOB001717,PENDING,2024-03-26,2024-03-28,2025-03-28
1718,1718,Endorsement,2024-03-29,2024-03-29 09:00:00,JOB001718,IN_PROGRESS,2024-03-20,2024-04-10,2025-04-10
1719,1719,Cancellation,2024-03-30,2024-03-30 09:00:00,JOB001719,COMPLETED,2024-03-21,2024-03-31,2025-03-31
1720,1720,Reinstatement,2024-03-31,2024-03-31 09:00:00,JOB001720,CANCELLED,2024-03-29,2024-04-10,2025-04-10
1721,1721,New Business,2024-04-01,2024-04-01 09:00:00,JOB001721,PENDING,2024-03-23,2024-04-08,2025-04-08
1722,1722,Renewal,2024-04-02,2024-04-02 09:00:00,JOB001722,IN_PROGRESS,2024-03-23,2024-04-05,2025-04-05
1723,1723,Endorsement,2024-04-03,2024-04-03 09:00:00,JOB001723,COMPLETED,2024-03-27,2024-04-07,2025-04-07
1724,1724,Cancellation,2024-04-04,2024-04-04 09:00:00,JOB001724,CANCELLED,2024-03-30,2024-04-06,2025-04-06
1725,1725,Reinstatement,2024-04-05,2024-04-05 09:00:00,JOB001725,PENDING,2024-04-02,2024-04-16,2025-04-16
1726,1726,New Business,2024-04-06,2024-04-06 09:00:00,JOB001726,IN_PROGRESS,2024-04-01,2024-04-11,2025-04-11
1727,1727,Renewal,2024-04-07,2024-04-07 09:00:00,JOB001727,COMPLETED,2024-03-28,2024-04-09,2025-04-09
1728,1728,Endorsement,2024-04-08,2024-04-08 09:00:00,JOB001728,CANCELLED,2024-03-29,2024-04-18,2025-04-18
1729,1729,Cancellation,2024-04-09,2024-04-09 09:00:00,JOB001729,PENDING,2024-04-02,2024-04-09,2025-04-09
1730,1730,Reinstatement,2024-04-10,2024-04-10 09:00:00,JOB001730,IN_PROGRESS,2024-04-06,2024-04-16,2025-04-16
1731,1731,New Business,2024-04-11,2024-04-11 09:00:00,JOB001731,COMPLETED,2024-04-08,2024-04-13,2025-04-13
1732,1732,Renewal,2024-04-12,2024-04-12 09:00:00,JOB001732,CANCELLED,2024-04-07,2024-04-20,2025-04-20
1733,1733,Endorsement,2024-04-13,2024-04-13 09:00:00,JOB001733,PENDING,2024-04-12,2024-04-13,2025-04-13
1734,1734,Cancellation,2024-04-14,2024-04-14 09:00:00,JOB001734,IN_PROGRESS,2024-04-14,2024-04-26,2025-04-26
1735,1735,Reinstatement,2024-04-15,2024-04-15 09:00:00,JOB001735,COMPLETED,2024-04-08,2024-04-28,2025-04-28
1736,1736,New Business,2024-04-16,2024-04-16 09:00:00,JOB001736,CANCELLED,2024-04-14,2024-04-29,2025-04-29
1737,1737,Renewal,2024-04-17,2024-04-17 09:00:00,JOB001737,PENDING,2024-04-10,2024-04-29,2025-04-29
1738,1738,Endorsement,2024-04-18,2024-04-18 09:00:00,JOB001738,IN_PROGRESS,2024-04-13,2024-04-30,2025-04-30
1739,1739,Cancellation,2024-04-19,2024-04-19 09:00:00,JOB001739,COMPLETED,2024-04-18,2024-05-04,2025-05-04
1740,1740,Reinstatement,2024-04-20,2024-04-20 09:00:00,JOB001740,CANCELLED,2024-04-11,2024-04-27,2025-04-27
1741,1741,New Business,2024-04-21,2024-04-21 09:00:00,JOB001741,PENDING,2024-04-19,2024-05-05,2025-05-05
1742,1742,Renewal,2024-04-22,2024-04-22 09:00:00,JOB001742,IN_PROGRESS,2024-04-21,2024-04-23,2025-04-23
1743,1743,Endorsement,2024-04-23,2024-04-23 09:00:00,JOB001743,COMPLETED,2024-04-19,2024-04-23,2025-04-23
1744,1744,Cancellation,2024-04-24,2024-04-24 09:00:00,JOB001744,CANCELLED,2024-04-19,2024-05-02,2025-05-02
1745,1745,Reinstatement,2024-04-25,2024-04-25 09:00:00,JOB001745,PENDING,2024-04-24,2024-04-27,2025-04-27
1746,1746,New Business,2024-04-26,2024-04-26 09:00:00,JOB001746,IN_PROGRESS,2024-04-21,2024-05-01,2025-05-01
1747,1747,Renewal,2024-04-27,2024-04-27 09:00:00,JOB001747,COMPLETED,2024-04-21,2024-05-02,2025-05-02
1748,1748,Endorsement,2024-04-28,2024-04-28 09:00:00,JOB001748,CANCELLED,2024-04-27,2024-04-30,2025-04-30
1749,1749,Cancellation,2024-04-29,2024-04-29 09:00:00,JOB001749,PENDING,2024-04-24,2024-05-14,2025-05-14
1750,1750,Reinstatement,2024-04-30,2024-04-30 09:00:00,JOB001750,IN_PROGRESS,2024-04-30,2024-05-13,2025-05-13
1751,1751,New Business,2024-05-01,2024-05-01 09:00:00,JOB001751,COMPLETED,2024-04-21,2024-05-06,2025-05-06
1752,1752,Renewal,2024-05-02,2024-05-02 09:00:00,JOB001752,CANCELLED,2024-04-23,2024-05-15,2025-05-15
1753,1753,Endorsement,2024-05-03,2024-05-03 09:00:00,JOB001753,PENDING,2024-05-01,2024-05-04,2025-05-04
1754,1754,Cancellation,2024-05-04,2024-05-04 09:00:00,JOB001754,IN_PROGRESS,2024-05-03,2024-05-14,2025-05-14
1755,1755,Reinstatement,2024-05-05,2024-05-05 09:00:00,JOB001755,COMPLETED,2024-05-02,2024-05-11,2025-05-11
1756,1756,New Business,2024-05-06,2024-05-06 09:00:00,JOB001756,CANCELLED,2024-04-30,2024-05-14,2025-05-14
1757,1757,Renewal,2024-05-07,2024-05-07 09:00:00,JOB001757,PENDING,2024-04-27,2024-05-16,2025-05-16
1758,1758,Endorsement,2024-05-08,2024-05-08 09:00:00,JOB001758,IN_PROGRESS,2024-05-04,2024-05-15,2025-05-15
1759,1759,Cancellation,2024-05-09,2024-05-09 09:00:00,JOB001759,COMPLETED,2024-05-08,2024-05-10,2025-05-10
1760,1760,Reinstatement,2024-05-10,2024-05-10 09:00:00,JOB001760,CANCELLED,2024-05-04,2024-05-25,2025-05-25
1761,1761,New Business,2024-05-11,2024-05-11 09:00:00,JOB001761,PENDING,2024-05-09,2024-05-12,2025-05-12
1762,1762,Renewal,2024-05-12,2024-05-12 09:00:00,JOB001762,IN_PROGRESS,2024-05-07,2024-05-12,2025-05-12
1763,1763,Endorsement,2024-05-13,2024-05-13 09:00:00,JOB001763,COMPLETED,2024-05-07,2024-05-15,2025-05-15
1764,1764,Cancellation,2024-05-14,2024-05-14 09:00:00,JOB001764,CANCELLED,2024-05-10,2024-05-29,2025-05-29
1765,1765,Reinstatement,2024-05-15,2024-05-15 09:00:00,JOB001765,PENDING,2024-05-12,2024-05-18,2025-05-18
1766,1766,New Business,2024-05-16,2024-05-16 09:00:00,JOB001766,IN_PROGRESS,2024-05-16,2024-05-22,2025-05-22
1767,1767,Renewal,2024-05-17,2024-05-17 09:00:00,JOB001767,COMPLETED,2024-05-15,2024-05-26,2025-05-26
1768,1768,Endorsement,2024-05-18,2024-05-18 09:00:00,JOB001768,CANCELLED,2024-05-17,2024-06-02,2025-06-02
1769,1769,Cancellation,2024-05-19,2024-05-19 09:00:00,JOB001769,PENDING,2024-05-18,2024-05-28,2025-05-28
1770,1770,Reinstatement,2024-05-20,2024-05-20 09:00:00,JOB001770,IN_PROGRESS,2024-05-14,2024-06-04,2025-06-04
1771,1771,New Business,2024-05-21,2024-05-21 09:00:00,JOB001771,COMPLETED,2024-05-14,2024-05-29,2025-05-29
1772,1772,Renewal,2024-05-22,2024-05-22 09:00:00,JOB001772,CANCELLED,2024-05-21,2024-06-03,2025-06-03
1773,1773,Endorsement,2024-05-23,2024-05-23 09:00:00,JOB001773,PENDING,2024-05-21,2024-06-03,2025-06-03
1774,1774,Cancellation,2024-05-24,2024-05-24 09:00:00,JOB001774,IN_PROGRESS,2024-05-18,2024-06-04,2025-06-04
1775,1775,Reinstatement,2024-05-25,2024-05-25 09:00:00,JOB001775,COMPLETED,2024-05-23,2024-06-08,2025-06-08
1776,1776,New Business,2024-05-26,2024-05-26 09:00:00,JOB001776,CANCELLED,2024-05-26,2024-06-03,2025-06-03
1777,1777,Renewal,2024-05-27,2024-05-27 09:00:00,JOB001777,PENDING,2024-05-20,2024-06-10,2025-06-10
1778,1778,Endorsement,2024-05-28,2024-05-28 09:00:00,JOB001778,IN_PROGRESS,2024-05-24,2024-06-04,2025-06-04
1779,1779,Cancellation,2024-05-29,2024-05-29 09:00:00,JOB001779,COMPLETED,2024-05-25,2024-05-30,2025-05-30
1780,1780,Reinstatement,2024-05-30,2024-05-30 09:00:00,JOB001780,CANCELLED,2024-05-28,2024-06-02,2025-06-02
1781,1781,New Business,2024-05-31,2024-05-31 09:00:00,JOB001781,PENDING,2024-05-30,2024-06-11,2025-06-11
1782,1782,Renewal,2024-06-01,2024-06-01 09:00:00,JOB001782,IN_PROGRESS,2024-05-24,2024-06-14,2025-06-14
1783,1783,Endorsement,2024-06-02,2024-06-02 09:00:00,JOB001783,COMPLETED,2024-05-24,2024-06-09,2025-06-09
1784,1784,Cancellation,2024-06-03,2024-06-03 09:00:00,JOB001784,CANCELLED,2024-05-26,2024-06-04,2025-06-04
1785,1785,Reinstatement,2024-06-04,2024-06-04 09:00:00,JOB001785,PENDING,2024-05-29,2024-06-17,2025-06-17
1786,1786,New Business,2024-06-05,2024-06-05 09:00:00,JOB001786,IN_PROGRESS,2024-05-28,2024-06-20,2025-06-20
1787,1787,Renewal,2024-06-06,2024-06-06 09:00:00,JOB001787,COMPLETED,2024-05-28,2024-06-13,2025-06-13
1788,1788,Endorsement,2024-06-07,2024-06-07 09:00:00,JOB001788,CANCELLED,2024-05-31,2024-06-16,2025-06-16
1789,1789,Cancellation,2024-06-08,2024-06-08 09:00:00,JOB001789,PENDING,2024-06-07,2024-06-20,2025-06-20
1790,1790,Reinstatement,2024-06-09,2024-06-09 09:00:00,JOB001790,IN_PROGRESS,2024-06-09,2024-06-13,2025-06-13
1791,1791,New Business,2024-06-10,2024-06-10 09:00:00,JOB001791,COMPLETED,2024-06-09,2024-06-24,2025-06-24
1792,1792,Renewal,2024-06-11,2024-06-11 09:00:00,JOB001792,CANCELLED,2024-06-09,2024-06-16,2025-06-16
1793,1793,Endorsement,2024-06-12,2024-06-12 09:00:00,JOB001793,PENDING,2024-06-09,2024-06-18,2025-06-18
1794,1794,Cancellation,2024-06-13,2024-06-13 09:00:00,JOB001794,IN_PROGRESS,2024-06-11,2024-06-14,2025-06-14
1795,1795,Reinstatement,2024-06-14,2024-06-14 09:00:00,JOB001795,COMPLETED,2024-06-08,2024-06-16,2025-06-16
1796,1796,New Business,2024-06-15,2024-06-15 09:00:00,JOB001796,CANCELLED,2024-06-05,2024-06-28,2025-06-28
1797,1797,Renewal,2024-06-16,2024-06-16 09:00:00,JOB001797,PENDING,2024-06-13,2024-06-20,2025-06-20
1798,1798,Endorsement,2024-06-17,2024-06-17 09:00:00,JOB001798,IN_PROGRESS,2024-06-08,2024-06-25,2025-06-25
1799,1799,Cancellation,2024-06-18,2024-06-18 09:00:00,JOB001799,COMPLETED,2024-06-13,2024-06-20,2025-06-20
1800,1800,Reinstatement,2022-01-01,2022-01-01 09:00:00,JOB001800,CANCELLED,2021-12-31,2022-01-13,2023-01-13
1801,1801,New Business,2022-01-02,2022-01-02 09:00:00,JOB001801,PENDING,2021-12-25,2022-01-14,2023-01-14
1802,1802,Renewal,2022-01-03,2022-01-03 09:00:00,JOB001802,IN_PROGRESS,2021-12-26,2022-01-13,2023-01-13
1803,1803,Endorsement,2022-01-04,2022-01-04 09:00:00,JOB001803,COMPLETED,2021-12-31,2022-01-18,2023-01-18
1804,1804,Cancellation,2022-01-05,2022-01-05 09:00:00,JOB001804,CANCELLED,2022-01-05,2022-01-18,2023-01-18
1805,1805,Reinstatement,2022-01-06,2022-01-06 09:00:00,JOB001805,PENDING,2022-01-05,2022-01-19,2023-01-19
1806,1806,New Business,2022-01-07,2022-01-07 09:00:00,JOB001806,IN_PROGRESS,2022-01-05,2022-01-11,2023-01-11
1807,1807,Renewal,2022-01-08,2022-01-08 09:00:00,JOB001807,COMPLETED,2021-12-30,2022-01-11,2023-01-11
1808,1808,Endorsement,2022-01-09,2022-01-09 09:00:00,JOB001808,CANCELLED,2022-01-08,2022-01-12,2023-01-12
1809,1809,Cancellation,2022-01-10,2022-01-10 09:00:00,JOB001809,PENDING,2022-01-06,2022-01-21,2023-01-21
1810,1810,Reinstatement,2022-01-11,2022-01-11 09:00:00,JOB001810,IN_PROGRESS,2022-01-05,2022-01-19,2023-01-19
1811,1811,New Business,2022-01-12,2022-01-12 09:00:00,JOB001811,COMPLETED,2022-01-06,2022-01-27,2023-01-27
1812,1812,Renewal,2022-01-13,2022-01-13 09:00:00,JOB001812,CANCELLED,2022-01-04,2022-01-28,2023-01-28
1813,1813,Endorsement,2022-01-14,2022-01-14 09:00:00,JOB001813,PENDING,2022-01-14,2022-01-19,2023-01-19
1814,1814,Cancellation,2022-01-15,2022-01-15 09:00:00,JOB001814,IN_PROGRESS,2022-01-11,2022-01-27,2023-01-27
1815,1815,Reinstatement,2022-01-16,2022-01-16 09:00:00,JOB001815,COMPLETED,2022-01-14,2022-01-28,2023-01-28
1816,1816,New Business,2022-01-17,2022-01-17 09:00:00,JOB001816,CANCELLED,2022-01-17,2022-01-29,2023-01-29
1817,1817,Renewal,2022-01-18,2022-01-18 09:00:00,JOB001817,PENDING,2022-01-13,2022-01-25,2023-01-25
1818,1818,Endorsement,2022-01-19,2022-01-19 09:00:00,JOB001818,IN_PROGRESS,2022-01-19,2022-02-03,2023-02-03
1819,1819,Cancellation,2022-01-20,2022-01-20 09:00:00,JOB001819,COMPLETED,2022-01-16,2022-01-31,2023-01-31
1820,1820,Reinstatement,2022-01-21,2022-01-21 09:00:00,JOB001820,CANCELLED,2022-01-21,2022-01-31,2023-01-31
1821,1821,New Business,2022-01-22,2022-01-22 09:00:00,JOB001821,PENDING,2022-01-18,2022-01-31,2023-01-31
1822,1822,Renewal,2022-01-23,2022-01-23 09:00:00,JOB001822,IN_PROGRESS,2022-01-19,2022-02-07,2023-02-07
1823,1823,Endorsement,2022-01-24,2022-01-24 09:00:00,JOB001823,COMPLETED,2022-01-14,2022-01-27,2023-01-27
1824,1824,Cancellation,2022-01-25,2022-01-25 09:00:00,JOB001824,CANCELLED,2022-01-22,2022-01-29,2023-01-29
1825,1825,Reinstatement,2022-01-26,2022-01-26 09:00:00,JOB001825,PENDING,2022-01-22,2022-02-09,2023-02-09
1826,1826,New Business,2022-01-27,2022-01-27 09:00:00,JOB001826,IN_PROGRESS,2022-01-22,2022-02-04,2023-02-04
1827,1827,Renewal,2022-01-28,2022-01-28 09:00:00,JOB001827,COMPLETED,2022-01-22,2022-01-30,2023-01-30
1828,1828,Endorsement,2022-01-29,2022-01-29 09:00:00,JOB001828,CANCELLED,2022-01-26,2022-02-12,2023-02-12
1829,1829,Cancellation,2022-01-30,2022-01-30 09:00:00,JOB001829,PENDING,2022-01-27,2022-02-12,2023-02-12
1830,1830,Reinstatement,2022-01-31,2022-01-31 09:00:00,JOB001830,IN_PROGRESS,2022-01-24,2022-02-11,2023-02-11
1831,1831,New Business,2022-02-01,2022-02-01 09:00:00,JOB001831,COMPLETED,2022-02-01,2022-02-06,2023-02-06
1832,1832,Renewal,2022-02-02,2022-02-02 09:00:00,JOB001832,CANCELLED,2022-02-01,2022-02-11,2023-02-11
1833,1833,Endorsement,2022-02-03,2022-02-03 09:00:00,JOB001833,PENDING,2022-01-26,2022-02-15,2023-02-15
1834,1834,Cancellation,2022-02-04,2022-02-04 09:00:00,JOB001834,IN_PROGRESS,2022-02-02,2022-02-04,2023-02-04
1835,1835,Reinstatement,2022-02-05,2022-02-05 09:00:00,JOB001835,COMPLETED,2022-02-03,2022-02-11,2023-02-11
1836,1836,New Business,2022-02-06,2022-02-06 09:00:00,JOB001836,CANCELLED,2022-02-03,2022-02-07,2023-02-07
1837,1837,Renewal,2022-02-07,2022-02-07 09:00:00,JOB001837,PENDING,2022-02-04,2022-02-08,2023-02-08
1838,1838,Endorsement,2022-02-08,2022-02-08 09:00:00,JOB001838,IN_PROGRESS,2022-02-01,2022-02-09,2023-02-09
1839,1839,Cancellation,2022-02-09,2022-02-09 09:00:00,JOB001839,COMPLETED,2022-02-04,2022-02-15,2023-02-15
1840,1840,Reinstatement,2022-02-10,2022-02-10 09:00:00,JOB001840,CANCELLED,2022-02-06,2022-02-21,2023-02-21
1841,1841,New Business,2022-02-11,2022-02-11 09:00:00,JOB001841,PENDING,2022-02-04,2022-02-23,2023-02-23
1842,1842,Renewal,2022-02-12,2022-02-12 09:00:00,JOB001842,IN_PROGRESS,2022-02-02,2022-02-15,2023-02-15
1843,1843,Endorsement,2022-02-13,2022-02-13 09:00:00,JOB001843,COMPLETED,2022-02-03,2022-02-13,2023-02-13
1844,1844,Cancellation,2022-02-14,2022-02-14 09:00:00,JOB001844,CANCELLED,2022-02-11,2022-02-25,2023-02-25
1845,1845,Reinstatement,2022-02-15,2022-02-15 09:00:00,JOB001845,PENDING,2022-02-08,2022-03-01,2023-03-01
1846,1846,New Business,2022-02-16,2022-02-16 09:00:00,JOB001846,IN_PROGRESS,2022-02-14,2022-03-03,2023-03-03
1847,1847,Renewal,2022-02-17,2022-02-17 09:00:00,JOB001847,COMPLETED,2022-02-08,2022-02-28,2023-02-28
1848,1848,Endorsement,2022-02-18,2022-02-18 09:00:00,JOB001848,CANCELLED,2022-02-13,2022-02-23,2023-02-23
1849,1849,Cancellation,2022-02-19,2022-02-19 09:00:00,JOB001849,PENDING,2022-02-15,2022-02-21,2023-02-21
1850,1850,Reinstatement,2022-02-20,2022-02-20 09:00:00,JOB001850,IN_PROGRESS,2022-02-16,2022-02-20,2023-02-20
1851,1851,New Business,2022-02-21,2022-02-21 09:00:00,JOB001851,COMPLETED,2022-02-15,2022-02-22,2023-02-22
1852,1852,Renewal,2022-02-22,2022-02-22 09:00:00,JOB001852,CANCELLED,2022-02-20,2022-02-28,2023-02-28
1853,1853,Endorsement,2022-02-23,2022-02-23 09:00:00,JOB001853,PENDING,2022-02-20,2022-03-02,2023-03-02
1854,1854,Cancellation,2022-02-24,2022-02-24 09:00:00,JOB001854,IN_PROGRESS,2022-02-14,2022-03-02,2023-03-02
1855,1855,Reinstatement,2022-02-25,2022-02-25 09:00:00,JOB001855,COMPLETED,2022-02-21,2022-03-10,2023-03-10
1856,1856,New Business,2022-02-26,2022-02-26 09:00:00,JOB001856,CANCELLED,2022-02-18,2022-02-26,2023-02-26
1857,1857,Renewal,2022-02-27,2022-02-27 09:00:00,JOB001857,PENDING,2022-02-17,2022-02-27,2023-02-27
1858,1858,Endorsement,2022-02-28,2022-02-28 09:00:00,JOB001858,IN_PROGRESS,2022-02-21,2022-03-04,2023-03-04
1859,1859,Cancellation,2022-03-01,2022-03-01 09:00:00,JOB001859,COMPLETED,2022-02-19,2022-03-06,2023-03-06
1860,1860,Reinstatement,2022-03-02,2022-03-02 09:00:00,JOB001860,CANCELLED,2022-02-21,2022-03-02,2023-03-02
1861,1861,New Business,2022-03-03,2022-03-03 09:00:00,JOB001861,PENDING,2022-02-28,2022-03-11,2023-03-11
1862,1862,Renewal,2022-03-04,2022-03-04 09:00:00,JOB001862,IN_PROGRESS,2022-02-23,2022-03-13,2023-03-13
1863,1863,Endorsement,2022-03-05,2022-03-05 09:00:00,JOB001863,COMPLETED,2022-02-23,2022-03-13,2023-03-13
1864,1864,Cancellation,2022-03-06,2022-03-06 09:00:00,JOB001864,CANCELLED,2022-02-28,2022-03-18,2023-03-18
1865,1865,Reinstatement,2022-03-07,2022-03-07 09:00:00,JOB001865,PENDING,2022-03-02,2022-03-21,2023-03-21
1866,1866,New Business,2022-03-08,2022-03-08 09:00:00,JOB001866,IN_PROGRESS,2022-03-04,2022-03-14,2023-03-14
1867,1867,Renewal,2022-03-09,2022-03-09 09:00:00,JOB001867,COMPLETED,2022-03-02,2022-03-18,2023-03-18
1868,1868,Endorsement,2022-03-10,2022-03-10 09:00:00,JOB001868,CANCELLED,2022-02-28,2022-03-22,2023-03-22
1869,1869,Cancellation,2022-03-11,2022-03-11 09:00:00,JOB001869,PENDING,2022-03-02,2022-03-14,2023-03-14
1870,1870,Reinstatement,2022-03-12,2022-03-12 09:00:00,JOB001870,IN_PROGRESS,2022-03-12,2022-03-23,2023-03-23
1871,1871,New Business,2022-03-13,2022-03-13 09:00:00,JOB001871,COMPLETED,2022-03-05,2022-03-22,2023-03-22
1872,1872,Renewal,2022-03-14,2022-03-14 09:00:00,JOB001872,CANCELLED,2022-03-10,2022-03-17,2023-03-17
1873,1873,Endorsement,2022-03-15,2022-03-15 09:00:00,JOB001873,PENDING,2022-03-08,2022-03-17,2023-03-17
1874,1874,Cancellation,2022-03-16,2022-03-16 09:00:00,JOB001874,IN_PROGRESS,2022-03-11,2022-03-24,2023-03-24
1875,1875,Reinstatement,2022-03-17,2022-03-17 09:00:00,JOB001875,COMPLETED,2022-03-07,2022-03-27,2023-03-27
1876,1876,New Business,2022-03-18,2022-03-18 09:00:00,JOB001876,CANCELLED,2022-03-14,2022-03-26,2023-03-26
1877,1877,Renewal,2022-03-19,2022-03-19 09:00:00,JOB001877,PENDING,2022-03-09,2022-03-28,2023-03-28
1878,1878,Endorsement,2022-03-20,2022-03-20 09:00:00,JOB001878,IN_PROGRESS,2022-03-17,2022-03-24,2023-03-24
1879,1879,Cancellation,2022-03-21,2022-03-21 09:00:00,JOB001879,COMPLETED,2022-03-13,2022-03-28,2023-03-28
1880,1880,Reinstatement,2022-03-22,2022-03-22 09:00:00,JOB001880,CANCELLED,2022-03-22,2022-04-03,2023-04-03
1881,1881,New Business,2022-03-23,2022-03-23 09:00:00,JOB001881,PENDING,2022-03-13,2022-04-02,2023-04-02
1882,1882,Renewal,2022-03-24,2022-03-24 09:00:00,JOB001882,IN_PROGRESS,2022-03-14,2022-03-28,2023-03-28
1883,1883,Endorsement,2022-03-25,2022-03-25 09:00:00,JOB001883,COMPLETED,2022-03-25,2022-04-09,2023-04-09
1884,1884,Cancellation,2022-03-26,2022-03-26 09:00:00,JOB001884,CANCELLED,2022-03-22,2022-04-03,2023-04-03
1885,1885,Reinstatement,2022-03-27,2022-03-27 09:00:00,JOB001885,PENDING,2022-03-21,2022-04-08,2023-04-08
1886,1886,New Business,2022-03-28,2022-03-28 09:00:00,JOB001886,IN_PROGRESS,2022-03-22,2022-03-29,2023-03-29
1887,1887,Renewal,2022-03-29,2022-03-29 09:00:00,JOB001887,COMPLETED,2022-03-20,2022-04-04,2023-04-04
1888,1888,Endorsement,2022-03-30,2022-03-30 09:00:00,JOB001888,CANCELLED,2022-03-25,2022-04-06,2023-04-06
1889,1889,Cancellation,2022-03-31,2022-03-31 09:00:00,JOB001889,PENDING,2022-03-21,2022-04-15,2023-04-15
1890,1890,Reinstatement,2022-04-01,2022-04-01 09:00:00,JOB001890,IN_PROGRESS,2022-03-22,2022-04-12,2023-04-12
1891,1891,New Business,2022-04-02,2022-04-02 09:00:00,JOB001891,COMPLETED,2022-03-25,2022-04-11,2023-04-11
1892,1892,Renewal,2022-04-03,2022-04-03 09:00:00,JOB001892,CANCELLED,2022-04-01,2022-04-08,2023-04-08
1893,1893,Endorsement,2022-04-04,2022-04-04 09:00:00,JOB001893,PENDING,2022-03-31,2022-04-07,2023-04-07
1894,1894,Cancellation,2022-04-05,2022-04-05 09:00:00,JOB001894,IN_PROGRESS,2022-03-29,2022-04-09,2023-04-09
1895,1895,Reinstatement,2022-04-06,2022-04-06 09:00:00,JOB001895,COMPLETED,2022-04-02,2022-04-11,2023-04-11
1896,1896,New Business,2022-04-07,2022-04-07 09:00:00,JOB001896,CANCELLED,2022-03-28,2022-04-17,2023-04-17
1897,1897,Renewal,2022-04-08,2022-04-08 09:00:00,JOB001897,PENDING,2022-03-29,2022-04-10,2023-04-10
1898,1898,Endorsement,2022-04-09,2022-04-09 09:00:00,JOB001898,IN_PROGRESS,2022-04-06,2022-04-20,2023-04-20
1899,1899,Cancellation,2022-04-10,2022-04-10 09:00:00,JOB001899,COMPLETED,2022-04-07,2022-04-19,2023-04-19
1900,1900,Reinstatement,2022-04-11,2022-04-11 09:00:00,JOB001900,CANCELLED,2022-04-05,2022-04-21,2023-04-21
1901,1901,New Business,2022-04-12,2022-04-12 09:00:00,JOB001901,PENDING,2022-04-07,2022-04-20,2023-04-20
1902,1902,Renewal,2022-04-13,2022-04-13 09:00:00,JOB001902,IN_PROGRESS,2022-04-04,2022-04-22,2023-04-22
1903,1903,Endorsement,2022-04-14,2022-04-14 09:00:00,JOB001903,COMPLETED,2022-04-07,2022-04-17,2023-04-17
1904,1904,Cancellation,2022-04-15,2022-04-15 09:00:00,JOB001904,CANCELLED,2022-04-08,2022-04-16,2023-04-16
1905,1905,Reinstatement,2022-04-16,2022-04-16 09:00:00,JOB001905,PENDING,2022-04-06,2022-04-18,2023-04-18
1906,1906,New Business,2022-04-17,2022-04-17 09:00:00,JOB001906,IN_PROGRESS,2022-04-10,2022-04-23,2023-04-23
1907,1907,Renewal,2022-04-18,2022-04-18 09:00:00,JOB001907,COMPLETED,2022-04-10,2022-04-21,2023-04-21
1908,1908,Endorsement,2022-04-19,2022-04-19 09:00:00,JOB001908,CANCELLED,2022-04-09,2022-05-01,2023-05-01
1909,1909,Cancellation,2022-04-20,2022-04-20 09:00:00,JOB001909,PENDING,2022-04-12,2022-04-29,2023-04-29
1910,1910,Reinstatement,2022-04-21,2022-04-21 09:00:00,JOB001910,IN_PROGRESS,2022-04-15,2022-04-22,2023-04-22
1911,1911,New Business,2022-04-22,2022-04-22 09:00:00,JOB001911,COMPLETED,2022-04-20,2022-04-26,2023-04-26
1912,1912,Renewal,2022-04-23,2022-04-23 09:00:00,JOB001912,CANCELLED,2022-04-20,2022-05-03,2023-05-03
1913,1913,Endorsement,2022-04-24,2022-04-24 09:00:00,JOB001913,PENDING,2022-04-18,2022-05-08,2023-05-08
1914,1914,Cancellation,2022-04-25,2022-04-25 09:00:00,JOB001914,IN_PROGRESS,2022-04-23,2022-05-05,2023-05-05
1915,1915,Reinstatement,2022-04-26,2022-04-26 09:00:00,JOB001915,COMPLETED,2022-04-24,2022-04-28,2023-04-28
1916,1916,New Business,2022-04-27,2022-04-27 09:00:00,JOB001916,CANCELLED,2022-04-20,2022-05-07,2023-05-07
1917,1917,Renewal,2022-04-28,2022-04-28 09:00:00,JOB001917,PENDING,2022-04-18,2022-05-03,2023-05-03
1918,1918,Endorsement,2022-04-29,2022-04-29 09:00:00,JOB001918,IN_PROGRESS,2022-04-24,2022-04-30,2023-04-30
1919,1919,Cancellation,2022-04-30,2022-04-30 09:00:00,JOB001919,COMPLETED,2022-04-30,2022-05-14,2023-05-14
1920,1920,Reinstatement,2022-05-01,2022-05-01 09:00:00,JOB001920,CANCELLED,2022-04-27,2022-05-07,2023-05-07
1921,1921,New Business,2022-05-02,2022-05-02 09:00:00,JOB001921,PENDING,2022-04-30,2022-05-07,2023-05-07
1922,1922,Renewal,2022-05-03,2022-05-03 09:00:00,JOB001922,IN_PROGRESS,2022-04-26,2022-05-05,2023-05-05
1923,1923,Endorsement,2022-05-04,2022-05-04 09:00:00,JOB001923,COMPLETED,2022-05-02,2022-05-17,2023-05-17
1924,1924,Cancellation,2022-05-05,2022-05-05 09:00:00,JOB001924,CANCELLED,2022-04-25,2022-05-18,2023-05-18
1925,1925,Reinstatement,2022-05-06,2022-05-06 09:00:00,JOB001925,PENDING,2022-04-30,2022-05-19,2023-05-19
1926,1926,New Business,2022-05-07,2022-05-07 09:00:00,JOB001926,IN_PROGRESS,2022-04-30,2022-05-19,2023-05-19
1927,1927,Renewal,2022-05-08,2022-05-08 09:00:00,JOB001927,COMPLETED,2022-05-08,2022-05-09,2023-05-09
1928,1928,Endorsement,2022-05-09,2022-05-09 09:00:00,JOB001928,CANCELLED,2022-05-01,2022-05-15,2023-05-15
1929,1929,Cancellation,2022-05-10,2022-05-10 09:00:00,JOB001929,PENDING,2022-05-05,2022-05-10,2023-05-10
1930,1930,Reinstatement,2022-05-11,2022-05-11 09:00:00,JOB001930,IN_PROGRESS,2022-05-06,2022-05-17,2023-05-17
1931,1931,New Business,2022-05-12,2022-05-12 09:00:00,JOB001931,COMPLETED,2022-05-12,2022-05-12,2023-05-12
1932,1932,Renewal,2022-05-13,2022-05-13 09:00:00,JOB001932,CANCELLED,2022-05-03,2022-05-20,2023-05-20
1933,1933,Endorsement,2022-05-14,2022-05-14 09:00:00,JOB001933,PENDING,2022-05-11,2022-05-25,2023-05-25
1934,1934,Cancellation,2022-05-15,2022-05-15 09:00:00,JOB001934,IN_PROGRESS,2022-05-11,2022-05-19,2023-05-19
1935,1935,Reinstatement,2022-05-16,2022-05-16 09:00:00,JOB001935,COMPLETED,2022-05-15,2022-05-28,2023-05-28
1936,1936,New Business,2022-05-17,2022-05-17 09:00:00,JOB001936,CANCELLED,2022-05-09,2022-05-26,2023-05-26
1937,1937,Renewal,2022-05-18,2022-05-18 09:00:00,JOB001937,PENDING,2022-05-16,2022-05-20,2023-05-20
1938,1938,Endorsement,2022-05-19,2022-05-19 09:00:00,JOB001938,IN_PROGRESS,2022-05-19,2022-05-28,2023-05-28
1939,1939,Cancellation,2022-05-20,2022-05-20 09:00:00,JOB001939,COMPLETED,2022-05-16,2022-06-03,2023-06-03
1940,1940,Reinstatement,2022-05-21,2022-05-21 09:00:00,JOB001940,CANCELLED,2022-05-13,2022-05-31,2023-05-31
1941,1941,New Business,2022-05-22,2022-05-22 09:00:00,JOB001941,PENDING,2022-05-16,2022-05-26,2023-05-26
1942,1942,Renewal,2022-05-23,2022-05-23 09:00:00,JOB001942,IN_PROGRESS,2022-05-18,2022-06-07,2023-06-07
1943,1943,Endorsement,2022-05-24,2022-05-24 09:00:00,JOB001943,COMPLETED,2022-05-19,2022-05-30,2023-05-30
1944,1944,Cancellation,2022-05-25,2022-05-25 09:00:00,JOB001944,CANCELLED,2022-05-23,2022-06-06,2023-06-06
1945,1945,Reinstatement,2022-05-26,2022-05-26 09:00:00,JOB001945,PENDING,2022-05-26,2022-06-02,2023-06-02
1946,1946,New Business,2022-05-27,2022-05-27 09:00:00,JOB001946,IN_PROGRESS,2022-05-24,2022-05-31,2023-05-31
1947,1947,Renewal,2022-05-28,2022-05-28 09:00:00,JOB001947,COMPLETED,2022-05-25,2022-05-28,2023-05-28
1948,1948,Endorsement,2022-05-29,2022-05-29 09:00:00,JOB001948,CANCELLED,2022-05-20,2022-06-03,2023-06-03
1949,1949,Cancellation,2022-05-30,2022-05-30 09:00:00,JOB001949,PENDING,2022-05-29,2022-06-10,2023-06-10
1950,1950,Reinstatement,2022-05-31,2022-05-31 09:00:00,JOB001950,IN_PROGRESS,2022-05-21,2022-06-01,2023-06-01
1951,1951,New Business,2022-06-01,2022-06-01 09:00:00,JOB001951,COMPLETED,2022-05-26,2022-06-09,2023-06-09
1952,1952,Renewal,2022-06-02,2022-06-02 09:00:00,JOB001952,CANCELLED,2022-05-25,2022-06-03,2023-06-03
1953,1953,Endorsement,2022-06-03,2022-06-03 09:00:00,JOB001953,PENDING,2022-05-25,2022-06-04,2023-06-04
1954,1954,Cancellation,2022-06-04,2022-06-04 09:00:00,JOB001954,IN_PROGRESS,2022-05-25,2022-06-07,2023-06-07
1955,1955,Reinstatement,2022-06-05,2022-06-05 09:00:00,JOB001955,COMPLETED,2022-05-26,2022-06-05,2023-06-05
1956,1956,New Business,2022-06-06,2022-06-06 09:00:00,JOB001956,CANCELLED,2022-06-06,2022-06-09,2023-06-09
1957,1957,Renewal,2022-06-07,2022-06-07 09:00:00,JOB001957,PENDING,2022-06-01,2022-06-21,2023-06-21
1958,1958,Endorsement,2022-06-08,2022-06-08 09:00:00,JOB001958,IN_PROGRESS,2022-06-02,2022-06-11,2023-06-11
1959,1959,Cancellation,2022-06-09,2022-06-09 09:00:00,JOB001959,COMPLETED,2022-06-01,2022-06-17,2023-06-17
1960,1960,Reinstatement,2022-06-10,2022-06-10 09:00:00,JOB001960,CANCELLED,2022-06-03,2022-06-14,2023-06-14
1961,1961,New Business,2022-06-11,2022-06-11 09:00:00,JOB001961,PENDING,2022-06-08,2022-06-11,2023-06-11
1962,1962,Renewal,2022-06-12,2022-06-12 09:00:00,JOB001962,IN_PROGRESS,2022-06-08,2022-06-25,2023-06-25
1963,1963,Endorsement,2022-06-13,2022-06-13 09:00:00,JOB001963,COMPLETED,2022-06-03,2022-06-16,2023-06-16
1964,1964,Cancellation,2022-06-14,2022-06-14 09:00:00,JOB001964,CANCELLED,2022-06-04,2022-06-22,2023-06-22
1965,1965,Reinstatement,2022-06-15,2022-06-15 09:00:00,JOB001965,PENDING,2022-06-06,2022-06-19,2023-06-19
1966,1966,New Business,2022-06-16,2022-06-16 09:00:00,JOB001966,IN_PROGRESS,2022-06-10,2022-06-19,2023-06-19
1967,1967,Renewal,2022-06-17,2022-06-17 09:00:00,JOB001967,COMPLETED,2022-06-09,2022-06-20,2023-06-20
1968,1968,Endorsement,2022-06-18,2022-06-18 09:00:00,JOB001968,CANCELLED,2022-06-14,2022-06-21,2023-06-21
1969,1969,Cancellation,2022-06-19,2022-06-19 09:00:00,JOB001969,PENDING,2022-06-18,2022-07-04,2023-07-04
1970,1970,Reinstatement,2022-06-20,2022-06-20 09:00:00,JOB001970,IN_PROGRESS,2022-06-17,2022-06-26,2023-06-26
1971,1971,New Business,2022-06-21,2022-06-21 09:00:00,JOB001971,COMPLETED,2022-06-17,2022-06-27,2023-06-27
1972,1972,Renewal,2022-06-22,2022-06-22 09:00:00,JOB001972,CANCELLED,2022-06-17,2022-07-05,2023-07-05
1973,1973,Endorsement,2022-06-23,2022-06-23 09:00:00,JOB001973,PENDING,2022-06-19,2022-06-28,2023-06-28
1974,1974,Cancellation,2022-06-24,2022-06-24 09:00:00,JOB001974,IN_PROGRESS,2022-06-24,2022-07-09,2023-07-09
1975,1975,Reinstatement,2022-06-25,2022-06-25 09:00:00,JOB001975,COMPLETED,2022-06-22,2022-07-10,2023-07-10
1976,1976,New Business,2022-06-26,2022-06-26 09:00:00,JOB001976,CANCELLED,2022-06-21,2022-07-03,2023-07-03
1977,1977,Renewal,2022-06-27,2022-06-27 09:00:00,JOB001977,PENDING,2022-06-27,2022-06-27,2023-06-27
1978,1978,Endorsement,2022-06-28,2022-06-28 09:00:00,JOB001978,IN_PROGRESS,2022-06-18,2022-06-30,2023-06-30
1979,1979,Cancellation,2022-06-29,2022-06-29 09:00:00,JOB001979,COMPLETED,2022-06-28,2022-07-14,2023-07-14
1980,1980,Reinstatement,2022-06-30,2022-06-30 09:00:00,JOB001980,CANCELLED,2022-06-28,2022-07-02,2023-07-02
1981,1981,New Business,2022-07-01,2022-07-01 09:00:00,JOB001981,PENDING,2022-06-23,2022-07-03,2023-07-03
1982,1982,Renewal,2022-07-02,2022-07-02 09:00:00,JOB001982,IN_PROGRESS,2022-07-01,2022-07-10,2023-07-10
1983,1983,Endorsement,2022-07-03,2022-07-03 09:00:00,JOB001983,COMPLETED,2022-06-23,2022-07-10,2023-07-10
1984,1984,Cancellation,2022-07-04,2022-07-04 09:00:00,JOB001984,CANCELLED,2022-06-27,2022-07-13,2023-07-13
1985,1985,Reinstatement,2022-07-05,2022-07-05 09:00:00,JOB001985,PENDING,2022-07-01,2022-07-19,2023-07-19
1986,1986,New Business,2022-07-06,2022-07-06 09:00:00,JOB001986,IN_PROGRESS,2022-07-06,2022-07-09,2023-07-09
1987,1987,Renewal,2022-07-07,2022-07-07 09:00:00,JOB001987,COMPLETED,2022-07-05,2022-07-08,2023-07-08
1988,1988,Endorsement,2022-07-08,2022-07-08 09:00:00,JOB001988,CANCELLED,2022-07-04,2022-07-19,2023-07-19
1989,1989,Cancellation,2022-07-09,2022-07-09 09:00:00,JOB001989,PENDING,2022-06-29,2022-07-19,2023-07-19
1990,1990,Reinstatement,2022-07-10,2022-07-10 09:00:00,JOB001990,IN_PROGRESS,2022-07-04,2022-07-13,2023-07-13
1991,1991,New Business,2022-07-11,2022-07-11 09:00:00,JOB001991,COMPLETED,2022-07-10,2022-07-12,2023-07-12
1992,1992,Renewal,2022-07-12,2022-07-12 09:00:00,JOB001992,CANCELLED,2022-07-12,2022-07-16,2023-07-16
1993,1993,Endorsement,2022-07-13,2022-07-13 09:00:00,JOB001993,PENDING,2022-07-03,2022-07-18,2023-07-18
1994,1994,Cancellation,2022-07-14,2022-07-14 09:00:00,JOB001994,IN_PROGRESS,2022-07-09,2022-07-25,2023-07-25
1995,1995,Reinstatement,2022-07-15,2022-07-15 09:00:00,JOB001995,COMPLETED,2022-07-08,2022-07-23,2023-07-23
1996,1996,New Business,2022-07-16,2022-07-16 09:00:00,JOB001996,CANCELLED,2022-07-15,2022-07-27,2023-07-27
1997,1997,Renewal,2022-07-17,2022-07-17 09:00:00,JOB001997,PENDING,2022-07-12,2022-07-22,2023-07-22
1998,1998,Endorsement,2022-07-18,2022-07-18 09:00:00,JOB001998,IN_PROGRESS,2022-07-17,2022-07-30,2023-07-30
1999,1999,Cancellation,2022-07-19,2022-07-19 09:00:00,JOB001999,COMPLETED,2022-07-13,2022-08-02,2023-08-02
2000,2000,Reinstatement,2022-07-20,2022-07-20 09:00:00,JOB002000,CANCELLED,2022-07-16,2022-08-01,2023-08-01
