location_id,policy_period_id,location_number,address_line1,address_line2,city,state_code,zip_code,country_code,occupancy_type,building_value,contents_value
1,1,LOC000001,101 Main Street,,Chennai,TN,600002,IN,OWNER_OCCUPIED,12968822.57,173803.24
2,2,LOC000002,102 Main Street,,Bengaluru,KA,600003,US,TENANT_OCCUPIED,5863071.71,1154893.15
3,3,LOC000003,103 Main Street,Suite 4,Mumbai,MH,600004,IN,VACANT,14861188.68,3399662.46
4,4,LOC000004,104 Main Street,,Hyderabad,TS,600005,US,UNDER_CONSTRUCTION,17897501.57,480347.22
5,5,LOC000005,105 Main Street,,Vijayawada,AP,600006,IN,OWNER_OCCUPIED,8727475.48,197496.24
6,6,LOC000006,106 Main Street,Suite 7,Kochi,KL,600007,US,TENANT_OCCUPIED,4763440.51,2551508.68
7,7,LOC000007,107 Main Street,,Delhi,DL,600008,IN,VACANT,1017451.41,1034246.37
8,8,LOC000008,108 Main Street,,Ahmedabad,GJ,600009,US,UNDER_CONSTRUCTION,13172746.54,2747460.33
9,9,LOC000009,109 Main Street,Suite 10,Jaipur,RJ,600010,IN,OWNER_OCCUPIED,4798592.13,2966865.14
10,10,LOC000010,110 Main Street,,Kolkata,WB,600011,US,TENANT_OCCUPIED,16283893.91,82168.86
11,11,LOC000011,111 Main Street,,Chennai,TN,600012,IN,VACANT,16213475.41,3505790.01
12,12,LOC000012,112 Main Street,Suite 13,Bengaluru,KA,600013,US,UNDER_CONSTRUCTION,7134885.07,819623.52
13,13,LOC000013,113 Main Street,,Mumbai,MH,600014,IN,OWNER_OCCUPIED,19165654.91,1716143.0
14,14,LOC000014,114 Main Street,,Hyderabad,TS,600015,US,TENANT_OCCUPIED,2308543.95,528746.07
15,15,LOC000015,115 Main Street,Suite 16,Vijayawada,AP,600016,IN,VACANT,17026140.14,3038443.86
16,16,LOC000016,116 Main Street,,Kochi,KL,600017,US,UNDER_CONSTRUCTION,16239001.33,3662172.34
17,17,LOC000017,117 Main Street,,Delhi,DL,600018,IN,OWNER_OCCUPIED,10956447.78,4866923.03
18,18,LOC000018,118 Main Street,Suite 19,Ahmedabad,GJ,600019,US,TENANT_OCCUPIED,7881420.36,2782601.12
19,19,LOC000019,119 Main Street,,Jaipur,RJ,600020,IN,VACANT,16673390.95,3111672.77
20,20,LOC000020,120 Main Street,,Kolkata,WB,600021,US,UNDER_CONSTRUCTION,17303284.56,2907893.12
21,21,LOC000021,121 Main Street,Suite 22,Chennai,TN,600022,IN,OWNER_OCCUPIED,14239150.81,276830.7
22,22,LOC000022,122 Main Street,,Bengaluru,KA,600023,US,TENANT_OCCUPIED,4944016.38,1482470.42
23,23,LOC000023,123 Main Street,,Mumbai,MH,600024,IN,VACANT,2055943.55,1202314.89
24,24,LOC000024,124 Main Street,Suite 25,Hyderabad,TS,600025,US,UNDER_CONSTRUCTION,2469527.87,1425969.34
25,25,LOC000025,125 Main Street,,Vijayawada,AP,600026,IN,OWNER_OCCUPIED,12895846.66,1855919.29
26,26,LOC000026,126 Main Street,,Kochi,KL,600027,US,TENANT_OCCUPIED,7718528.86,1087059.8
27,27,LOC000027,127 Main Street,Suite 28,Delhi,DL,600028,IN,VACANT,5706067.53,4686440.21
28,28,LOC000028,128 Main Street,,Ahmedabad,GJ,600029,US,UNDER_CONSTRUCTION,13136690.01,3065198.48
29,29,LOC000029,129 Main Street,,Jaipur,RJ,600030,IN,OWNER_OCCUPIED,3837203.64,3659177.65
30,30,LOC000030,130 Main Street,Suite 31,Kolkata,WB,600031,US,TENANT_OCCUPIED,3686348.63,1928304.44
31,31,LOC000031,131 Main Street,,Chennai,TN,600032,IN,VACANT,19795705.34,3217998.81
32,32,LOC000032,132 Main Street,,Bengaluru,KA,600033,US,UNDER_CONSTRUCTION,11360520.0,3438840.54
33,33,LOC000033,133 Main Street,Suite 34,Mumbai,MH,600034,IN,OWNER_OCCUPIED,16935612.44,3891199.56
34,34,LOC000034,134 Main Street,,Hyderabad,TS,600035,US,TENANT_OCCUPIED,4966437.4,208896.21
35,35,LOC000035,135 Main Street,,Vijayawada,AP,600036,IN,VACANT,6651334.44,1375317.34
36,36,LOC000036,136 Main Street,Suite 37,Kochi,KL,600037,US,UNDER_CONSTRUCTION,4614165.45,4717403.09
37,37,LOC000037,137 Main Street,,Delhi,DL,600038,IN,OWNER_OCCUPIED,17589168.72,1607655.51
38,38,LOC000038,138 Main Street,,Ahmedabad,GJ,600039,US,TENANT_OCCUPIED,13281053.97,2008377.91
39,39,LOC000039,139 Main Street,Suite 40,Jaipur,RJ,600040,IN,VACANT,18333678.0,2321316.67
40,40,LOC000040,140 Main Street,,Kolkata,WB,600041,US,UNDER_CONSTRUCTION,5665163.25,1270806.16
41,41,LOC000041,141 Main Street,,Chennai,TN,600042,IN,OWNER_OCCUPIED,11446678.62,1350570.96
42,42,LOC000042,142 Main Street,Suite 43,Bengaluru,KA,600043,US,TENANT_OCCUPIED,11899426.81,4494223.27
43,43,LOC000043,143 Main Street,,Mumbai,MH,600044,IN,VACANT,8288309.85,1135637.76
44,44,LOC000044,144 Main Street,,Hyderabad,TS,600045,US,UNDER_CONSTRUCTION,19951983.33,2572155.15
45,45,LOC000045,145 Main Street,Suite 46,Vijayawada,AP,600046,IN,OWNER_OCCUPIED,2272733.54,283226.06
46,46,LOC000046,146 Main Street,,Kochi,KL,600047,US,TENANT_OCCUPIED,2638158.04,3155857.91
47,47,LOC000047,147 Main Street,,Delhi,DL,600048,IN,VACANT,15945547.61,2139691.84
48,48,LOC000048,148 Main Street,Suite 49,Ahmedabad,GJ,600049,US,UNDER_CONSTRUCTION,1738790.27,1939015.47
49,49,LOC000049,149 Main Street,,Jaipur,RJ,600050,IN,OWNER_OCCUPIED,19924366.91,2669116.01
50,50,LOC000050,150 Main Street,,Kolkata,WB,600051,US,TENANT_OCCUPIED,19436028.36,4310859.53
51,51,LOC000051,151 Main Street,Suite 2,Chennai,TN,600052,IN,VACANT,723879.93,3617573.01
52,52,LOC000052,152 Main Street,,Bengaluru,KA,600053,US,UNDER_CONSTRUCTION,13793352.2,2708003.14
53,53,LOC000053,153 Main Street,,Mumbai,MH,600054,IN,OWNER_OCCUPIED,5703091.2,3222760.9
54,54,LOC000054,154 Main Street,Suite 5,Hyderabad,TS,600055,US,TENANT_OCCUPIED,2675267.39,2202087.99
55,55,LOC000055,155 Main Street,,Vijayawada,AP,600056,IN,VACANT,9347612.27,4771388.84
56,56,LOC000056,156 Main Street,,Kochi,KL,600057,US,UNDER_CONSTRUCTION,17579132.34,1353775.8
57,57,LOC000057,157 Main Street,Suite 8,Delhi,DL,600058,IN,OWNER_OCCUPIED,10261429.2,934326.81
58,58,LOC000058,158 Main Street,,Ahmedabad,GJ,600059,US,TENANT_OCCUPIED,18296242.87,4359066.92
59,59,LOC000059,159 Main Street,,Jaipur,RJ,600060,IN,VACANT,6319673.43,3212800.0
60,60,LOC000060,160 Main Street,Suite 11,Kolkata,WB,600061,US,UNDER_CONSTRUCTION,12374919.12,806554.38
61,61,LOC000061,161 Main Street,,Chennai,TN,600062,IN,OWNER_OCCUPIED,15368960.6,2719926.2
62,62,LOC000062,162 Main Street,,Bengaluru,KA,600063,US,TENANT_OCCUPIED,15683216.33,2675250.68
63,63,LOC000063,163 Main Street,Suite 14,Mumbai,MH,600064,IN,VACANT,511151.97,1654572.48
64,64,LOC000064,164 Main Street,,Hyderabad,TS,600065,US,UNDER_CONSTRUCTION,879796.48,4649038.15
65,65,LOC000065,165 Main Street,,Vijayawada,AP,600066,IN,OWNER_OCCUPIED,17635076.62,4166744.37
66,66,LOC000066,166 Main Street,Suite 17,Kochi,KL,600067,US,TENANT_OCCUPIED,6496525.45,336729.57
67,67,LOC000067,167 Main Street,,Delhi,DL,600068,IN,VACANT,17621187.18,4737399.75
68,68,LOC000068,168 Main Street,,Ahmedabad,GJ,600069,US,UNDER_CONSTRUCTION,2170242.32,2455652.79
69,69,LOC000069,169 Main Street,Suite 20,Jaipur,RJ,600070,IN,OWNER_OCCUPIED,1849644.11,3814980.72
70,70,LOC000070,170 Main Street,,Kolkata,WB,600071,US,TENANT_OCCUPIED,15433771.37,685537.75
71,71,LOC000071,171 Main Street,,Chennai,TN,600072,IN,VACANT,9768006.37,2771527.79
72,72,LOC000072,172 Main Street,Suite 23,Bengaluru,KA,600073,US,UNDER_CONSTRUCTION,5668604.26,4368543.55
73,73,LOC000073,173 Main Street,,Mumbai,MH,600074,IN,OWNER_OCCUPIED,8751189.83,1098401.12
74,74,LOC000074,174 Main Street,,Hyderabad,TS,600075,US,TENANT_OCCUPIED,11016273.73,3663158.79
75,75,LOC000075,175 Main Street,Suite 26,Vijayawada,AP,600076,IN,VACANT,4422445.74,1592995.64
76,76,LOC000076,176 Main Street,,Kochi,KL,600077,US,UNDER_CONSTRUCTION,19905412.45,3266896.39
77,77,LOC000077,177 Main Street,,Delhi,DL,600078,IN,OWNER_OCCUPIED,9042951.64,2612000.41
78,78,LOC000078,178 Main Street,Suite 29,Ahmedabad,GJ,600079,US,TENANT_OCCUPIED,2859581.82,1162251.82
79,79,LOC000079,179 Main Street,,Jaipur,RJ,600080,IN,VACANT,7092668.46,2962128.16
80,80,LOC000080,180 Main Street,,Kolkata,WB,600081,US,UNDER_CONSTRUCTION,4987237.29,1140076.05
81,81,LOC000081,181 Main Street,Suite 32,Chennai,TN,600082,IN,OWNER_OCCUPIED,1884365.18,3173959.64
82,82,LOC000082,182 Main Street,,Bengaluru,KA,600083,US,TENANT_OCCUPIED,4964364.78,4531829.06
83,83,LOC000083,183 Main Street,,Mumbai,MH,600084,IN,VACANT,17262890.3,400743.88
84,84,LOC000084,184 Main Street,Suite 35,Hyderabad,TS,600085,US,UNDER_CONSTRUCTION,5141090.37,3361440.0
85,85,LOC000085,185 Main Street,,Vijayawada,AP,600086,IN,OWNER_OCCUPIED,4677617.74,704943.65
86,86,LOC000086,186 Main Street,,Kochi,KL,600087,US,TENANT_OCCUPIED,18742527.69,2876663.31
87,87,LOC000087,187 Main Street,Suite 38,Delhi,DL,600088,IN,VACANT,9717085.01,3933866.15
88,88,LOC000088,188 Main Street,,Ahmedabad,GJ,600089,US,UNDER_CONSTRUCTION,16246191.46,992529.08
89,89,LOC000089,189 Main Street,,Jaipur,RJ,600090,IN,OWNER_OCCUPIED,2390150.88,2183703.35
90,90,LOC000090,190 Main Street,Suite 41,Kolkata,WB,600091,US,TENANT_OCCUPIED,8759783.15,2361772.11
91,91,LOC000091,191 Main Street,,Chennai,TN,600092,IN,VACANT,14716979.06,3383154.51
92,92,LOC000092,192 Main Street,,Bengaluru,KA,600093,US,UNDER_CONSTRUCTION,19691221.62,537168.46
93,93,LOC000093,193 Main Street,Suite 44,Mumbai,MH,600094,IN,OWNER_OCCUPIED,8351115.0,1729547.9
94,94,LOC000094,194 Main Street,,Hyderabad,TS,600095,US,TENANT_OCCUPIED,17302614.46,1280848.85
95,95,LOC000095,195 Main Street,,Vijayawada,AP,600096,IN,VACANT,4209073.71,2270637.06
96,96,LOC000096,196 Main Street,Suite 47,Kochi,KL,600097,US,UNDER_CONSTRUCTION,8726691.98,1428798.47
97,97,LOC000097,197 Main Street,,Delhi,DL,600098,IN,OWNER_OCCUPIED,5371225.73,4620164.72
98,98,LOC000098,198 Main Street,,Ahmedabad,GJ,600099,US,TENANT_OCCUPIED,9141049.53,4313678.07
99,99,LOC000099,199 Main Street,Suite 50,Jaipur,RJ,600100,IN,VACANT,11231343.59,300412.23
100,100,LOC000100,200 Main Street,,Kolkata,WB,600101,US,UNDER_CONSTRUCTION,19986008.13,4188336.55
101,101,LOC000101,201 Main Street,,Chennai,TN,600102,IN,OWNER_OCCUPIED,19395427.02,4635516.57
102,102,LOC000102,202 Main Street,Suite 3,Bengaluru,KA,600103,US,TENANT_OCCUPIED,17049566.82,873240.0
103,103,LOC000103,203 Main Street,,Mumbai,MH,600104,IN,VACANT,9970001.95,1108049.13
104,104,LOC000104,204 Main Street,,Hyderabad,TS,600105,US,UNDER_CONSTRUCTION,8320285.7,340245.23
105,105,LOC000105,205 Main Street,Suite 6,Vijayawada,AP,600106,IN,OWNER_OCCUPIED,7889975.82,4927278.78
106,106,LOC000106,206 Main Street,,Kochi,KL,600107,US,TENANT_OCCUPIED,5671459.63,3931149.48
107,107,LOC000107,207 Main Street,,Delhi,DL,600108,IN,VACANT,9372663.16,2143887.06
108,108,LOC000108,208 Main Street,Suite 9,Ahmedabad,GJ,600109,US,UNDER_CONSTRUCTION,19167694.0,4977342.31
109,109,LOC000109,209 Main Street,,Jaipur,RJ,600110,IN,OWNER_OCCUPIED,11337482.31,3606120.96
110,110,LOC000110,210 Main Street,,Kolkata,WB,600111,US,TENANT_OCCUPIED,3518538.09,1518703.74
111,111,LOC000111,211 Main Street,Suite 12,Chennai,TN,600112,IN,VACANT,19389832.62,2916942.44
112,112,LOC000112,212 Main Street,,Bengaluru,KA,600113,US,UNDER_CONSTRUCTION,11072806.43,3752479.02
113,113,LOC000113,213 Main Street,,Mumbai,MH,600114,IN,OWNER_OCCUPIED,1614722.82,2941679.09
114,114,LOC000114,214 Main Street,Suite 15,Hyderabad,TS,600115,US,TENANT_OCCUPIED,10305582.47,4270963.47
115,115,LOC000115,215 Main Street,,Vijayawada,AP,600116,IN,VACANT,3569938.19,4805855.57
116,116,LOC000116,216 Main Street,,Kochi,KL,600117,US,UNDER_CONSTRUCTION,2062173.57,969833.56
117,117,LOC000117,217 Main Street,Suite 18,Delhi,DL,600118,IN,OWNER_OCCUPIED,12103184.58,3392302.14
118,118,LOC000118,218 Main Street,,Ahmedabad,GJ,600119,US,TENANT_OCCUPIED,5086475.95,643438.74
119,119,LOC000119,219 Main Street,,Jaipur,RJ,600120,IN,VACANT,17860602.63,1268765.97
120,120,LOC000120,220 Main Street,Suite 21,Kolkata,WB,600121,US,UNDER_CONSTRUCTION,12093123.49,3115938.48
121,121,LOC000121,221 Main Street,,Chennai,TN,600122,IN,OWNER_OCCUPIED,8674885.85,2939177.83
122,122,LOC000122,222 Main Street,,Bengaluru,KA,600123,US,TENANT_OCCUPIED,10694262.95,4676795.98
123,123,LOC000123,223 Main Street,Suite 24,Mumbai,MH,600124,IN,VACANT,4483054.39,3595149.41
124,124,LOC000124,224 Main Street,,Hyderabad,TS,600125,US,UNDER_CONSTRUCTION,5154376.08,2009139.94
125,125,LOC000125,225 Main Street,,Vijayawada,AP,600126,IN,OWNER_OCCUPIED,13597959.35,1534985.55
126,126,LOC000126,226 Main Street,Suite 27,Kochi,KL,600127,US,TENANT_OCCUPIED,6665455.33,3771729.24
127,127,LOC000127,227 Main Street,,Delhi,DL,600128,IN,VACANT,1914590.73,2318513.34
128,128,LOC000128,228 Main Street,,Ahmedabad,GJ,600129,US,UNDER_CONSTRUCTION,19969861.6,4980677.42
129,129,LOC000129,229 Main Street,Suite 30,Jaipur,RJ,600130,IN,OWNER_OCCUPIED,1928584.06,1105113.85
130,130,LOC000130,230 Main Street,,Kolkata,WB,600131,US,TENANT_OCCUPIED,5671408.09,4669633.92
131,131,LOC000131,231 Main Street,,Chennai,TN,600132,IN,VACANT,17676851.39,4402387.7
132,132,LOC000132,232 Main Street,Suite 33,Bengaluru,KA,600133,US,UNDER_CONSTRUCTION,7705778.23,830846.82
133,133,LOC000133,233 Main Street,,Mumbai,MH,600134,IN,OWNER_OCCUPIED,16758026.62,3532522.63
134,134,LOC000134,234 Main Street,,Hyderabad,TS,600135,US,TENANT_OCCUPIED,12427716.43,4936803.66
135,135,LOC000135,235 Main Street,Suite 36,Vijayawada,AP,600136,IN,VACANT,13252538.2,88724.38
136,136,LOC000136,236 Main Street,,Kochi,KL,600137,US,UNDER_CONSTRUCTION,16433530.63,1531924.82
137,137,LOC000137,237 Main Street,,Delhi,DL,600138,IN,OWNER_OCCUPIED,13436079.94,4697703.52
138,138,LOC000138,238 Main Street,Suite 39,Ahmedabad,GJ,600139,US,TENANT_OCCUPIED,3118676.73,621371.92
139,139,LOC000139,239 Main Street,,Jaipur,RJ,600140,IN,VACANT,2587201.57,2788457.02
140,140,LOC000140,240 Main Street,,Kolkata,WB,600141,US,UNDER_CONSTRUCTION,5810790.14,3043907.64
141,141,LOC000141,241 Main Street,Suite 42,Chennai,TN,600142,IN,OWNER_OCCUPIED,14493437.65,1057806.7
142,142,LOC000142,242 Main Street,,Bengaluru,KA,600143,US,TENANT_OCCUPIED,12867640.2,1356720.31
143,143,LOC000143,243 Main Street,,Mumbai,MH,600144,IN,VACANT,10026371.12,4531415.63
144,144,LOC000144,244 Main Street,Suite 45,Hyderabad,TS,600145,US,UNDER_CONSTRUCTION,16999022.41,506877.42
145,145,LOC000145,245 Main Street,,Vijayawada,AP,600146,IN,OWNER_OCCUPIED,8759727.56,1419567.11
146,146,LOC000146,246 Main Street,,Kochi,KL,600147,US,TENANT_OCCUPIED,569140.94,3867040.15
147,147,LOC000147,247 Main Street,Suite 48,Delhi,DL,600148,IN,VACANT,12923710.86,1346678.55
148,148,LOC000148,248 Main Street,,Ahmedabad,GJ,600149,US,UNDER_CONSTRUCTION,14954002.71,2780818.08
149,149,LOC000149,249 Main Street,,Jaipur,RJ,600150,IN,OWNER_OCCUPIED,8839894.92,97865.01
150,150,LOC000150,250 Main Street,Suite 1,Kolkata,WB,600151,US,TENANT_OCCUPIED,1967255.27,4421376.65
151,151,LOC000151,251 Main Street,,Chennai,TN,600152,IN,VACANT,18126607.15,2750671.93
152,152,LOC000152,252 Main Street,,Bengaluru,KA,600153,US,UNDER_CONSTRUCTION,16774602.89,2933422.35
153,153,LOC000153,253 Main Street,Suite 4,Mumbai,MH,600154,IN,OWNER_OCCUPIED,3387828.82,680855.32
154,154,LOC000154,254 Main Street,,Hyderabad,TS,600155,US,TENANT_OCCUPIED,6511037.82,4499958.37
155,155,LOC000155,255 Main Street,,Vijayawada,AP,600156,IN,VACANT,16024384.95,4310477.78
156,156,LOC000156,256 Main Street,Suite 7,Kochi,KL,600157,US,UNDER_CONSTRUCTION,18029030.41,1089878.86
157,157,LOC000157,257 Main Street,,Delhi,DL,600158,IN,OWNER_OCCUPIED,5365829.91,558828.43
158,158,LOC000158,258 Main Street,,Ahmedabad,GJ,600159,US,TENANT_OCCUPIED,15712266.72,4426466.77
159,159,LOC000159,259 Main Street,Suite 10,Jaipur,RJ,600160,IN,VACANT,8424359.1,3122274.48
160,160,LOC000160,260 Main Street,,Kolkata,WB,600161,US,UNDER_CONSTRUCTION,3513790.1,4652911.03
161,161,LOC000161,261 Main Street,,Chennai,TN,600162,IN,OWNER_OCCUPIED,17359811.08,4882219.86
162,162,LOC000162,262 Main Street,Suite 13,Bengaluru,KA,600163,US,TENANT_OCCUPIED,16310048.54,4413010.21
163,163,LOC000163,263 Main Street,,Mumbai,MH,600164,IN,VACANT,983334.06,3695994.14
164,164,LOC000164,264 Main Street,,Hyderabad,TS,600165,US,UNDER_CONSTRUCTION,6977616.62,4657538.64
165,165,LOC000165,265 Main Street,Suite 16,Vijayawada,AP,600166,IN,OWNER_OCCUPIED,16143585.21,4327116.94
166,166,LOC000166,266 Main Street,,Kochi,KL,600167,US,TENANT_OCCUPIED,16309611.67,1370688.26
167,167,LOC000167,267 Main Street,,Delhi,DL,600168,IN,VACANT,15853802.93,585073.35
168,168,LOC000168,268 Main Street,Suite 19,Ahmedabad,GJ,600169,US,UNDER_CONSTRUCTION,17507252.27,4300036.59
169,169,LOC000169,269 Main Street,,Jaipur,RJ,600170,IN,OWNER_OCCUPIED,4837457.49,4092103.7
170,170,LOC000170,270 Main Street,,Kolkata,WB,600171,US,TENANT_OCCUPIED,9475913.08,1560694.79
171,171,LOC000171,271 Main Street,Suite 22,Chennai,TN,600172,IN,VACANT,16009237.23,1176597.66
172,172,LOC000172,272 Main Street,,Bengaluru,KA,600173,US,UNDER_CONSTRUCTION,961456.48,1005992.45
173,173,LOC000173,273 Main Street,,Mumbai,MH,600174,IN,OWNER_OCCUPIED,6901108.05,4328547.06
174,174,LOC000174,274 Main Street,Suite 25,Hyderabad,TS,600175,US,TENANT_OCCUPIED,19354337.53,1431668.71
175,175,LOC000175,275 Main Street,,Vijayawada,AP,600176,IN,VACANT,13008893.9,2028408.0
176,176,LOC000176,276 Main Street,,Kochi,KL,600177,US,UNDER_CONSTRUCTION,19632418.9,2704267.88
177,177,LOC000177,277 Main Street,Suite 28,Delhi,DL,600178,IN,OWNER_OCCUPIED,18815124.24,620941.67
178,178,LOC000178,278 Main Street,,Ahmedabad,GJ,600179,US,TENANT_OCCUPIED,19422811.91,933910.69
179,179,LOC000179,279 Main Street,,Jaipur,RJ,600180,IN,VACANT,19269419.16,1364058.49
180,180,LOC000180,280 Main Street,Suite 31,Kolkata,WB,600181,US,UNDER_CONSTRUCTION,2613849.67,2201090.6
181,181,LOC000181,281 Main Street,,Chennai,TN,600182,IN,OWNER_OCCUPIED,14706628.68,1602702.71
182,182,LOC000182,282 Main Street,,Bengaluru,KA,600183,US,TENANT_OCCUPIED,12321072.64,2581544.15
183,183,LOC000183,283 Main Street,Suite 34,Mumbai,MH,600184,IN,VACANT,8011310.95,2904110.82
184,184,LOC000184,284 Main Street,,Hyderabad,TS,600185,US,UNDER_CONSTRUCTION,5467088.87,3558487.15
185,185,LOC000185,285 Main Street,,Vijayawada,AP,600186,IN,OWNER_OCCUPIED,532979.93,4631597.07
186,186,LOC000186,286 Main Street,Suite 37,Kochi,KL,600187,US,TENANT_OCCUPIED,10999813.94,3611178.5
187,187,LOC000187,287 Main Street,,Delhi,DL,600188,IN,VACANT,14968026.52,3369611.1
188,188,LOC000188,288 Main Street,,Ahmedabad,GJ,600189,US,UNDER_CONSTRUCTION,7602318.7,396370.37
189,189,LOC000189,289 Main Street,Suite 40,Jaipur,RJ,600190,IN,OWNER_OCCUPIED,13452634.86,1684490.18
190,190,LOC000190,290 Main Street,,Kolkata,WB,600191,US,TENANT_OCCUPIED,6621355.08,4247675.63
191,191,LOC000191,291 Main Street,,Chennai,TN,600192,IN,VACANT,14535208.13,1536595.23
192,192,LOC000192,292 Main Street,Suite 43,Bengaluru,KA,600193,US,UNDER_CONSTRUCTION,6531050.91,2071544.9
193,193,LOC000193,293 Main Street,,Mumbai,MH,600194,IN,OWNER_OCCUPIED,8346807.55,1513493.25
194,194,LOC000194,294 Main Street,,Hyderabad,TS,600195,US,TENANT_OCCUPIED,2982112.08,2131209.35
195,195,LOC000195,295 Main Street,Suite 46,Vijayawada,AP,600196,IN,VACANT,18837091.58,3402723.83
196,196,LOC000196,296 Main Street,,Kochi,KL,600197,US,UNDER_CONSTRUCTION,18104708.14,3096798.83
197,197,LOC000197,297 Main Street,,Delhi,DL,600198,IN,OWNER_OCCUPIED,6368522.55,2762289.21
198,198,LOC000198,298 Main Street,Suite 49,Ahmedabad,GJ,600199,US,TENANT_OCCUPIED,507915.82,1470222.9
199,199,LOC000199,299 Main Street,,Jaipur,RJ,600200,IN,VACANT,8882818.92,2920924.67
200,200,LOC000200,300 Main Street,,Kolkata,WB,600201,US,UNDER_CONSTRUCTION,13266759.66,2351691.54
201,201,LOC000201,301 Main Street,Suite 2,Chennai,TN,600202,IN,OWNER_OCCUPIED,9122116.09,1107821.93
202,202,LOC000202,302 Main Street,,Bengaluru,KA,600203,US,TENANT_OCCUPIED,9727130.63,4510845.09
203,203,LOC000203,303 Main Street,,Mumbai,MH,600204,IN,VACANT,16022482.82,889972.41
204,204,LOC000204,304 Main Street,Suite 5,Hyderabad,TS,600205,US,UNDER_CONSTRUCTION,2153512.97,2601487.45
205,205,LOC000205,305 Main Street,,Vijayawada,AP,600206,IN,OWNER_OCCUPIED,12842346.69,1709181.86
206,206,LOC000206,306 Main Street,,Kochi,KL,600207,US,TENANT_OCCUPIED,16459257.56,3768133.78
207,207,LOC000207,307 Main Street,Suite 8,Delhi,DL,600208,IN,VACANT,13619515.58,1161971.3
208,208,LOC000208,308 Main Street,,Ahmedabad,GJ,600209,US,UNDER_CONSTRUCTION,4383033.69,170905.67
209,209,LOC000209,309 Main Street,,Jaipur,RJ,600210,IN,OWNER_OCCUPIED,5274429.61,2401924.9
210,210,LOC000210,310 Main Street,Suite 11,Kolkata,WB,600211,US,TENANT_OCCUPIED,17069885.05,410499.73
211,211,LOC000211,311 Main Street,,Chennai,TN,600212,IN,VACANT,8581599.71,3167338.63
212,212,LOC000212,312 Main Street,,Bengaluru,KA,600213,US,UNDER_CONSTRUCTION,4291487.12,3496953.54
213,213,LOC000213,313 Main Street,Suite 14,Mumbai,MH,600214,IN,OWNER_OCCUPIED,10140354.8,1257722.98
214,214,LOC000214,314 Main Street,,Hyderabad,TS,600215,US,TENANT_OCCUPIED,13293131.22,77446.85
215,215,LOC000215,315 Main Street,,Vijayawada,AP,600216,IN,VACANT,15143807.29,3861728.63
216,216,LOC000216,316 Main Street,Suite 17,Kochi,KL,600217,US,UNDER_CONSTRUCTION,2578452.28,2154473.66
217,217,LOC000217,317 Main Street,,Delhi,DL,600218,IN,OWNER_OCCUPIED,3929790.29,4791931.91
218,218,LOC000218,318 Main Street,,Ahmedabad,GJ,600219,US,TENANT_OCCUPIED,10600176.13,298581.01
219,219,LOC000219,319 Main Street,Suite 20,Jaipur,RJ,600220,IN,VACANT,5359366.45,4249264.92
220,220,LOC000220,320 Main Street,,Kolkata,WB,600221,US,UNDER_CONSTRUCTION,9401005.6,4017012.18
221,221,LOC000221,321 Main Street,,Chennai,TN,600222,IN,OWNER_OCCUPIED,13517765.79,4940067.64
222,222,LOC000222,322 Main Street,Suite 23,Bengaluru,KA,600223,US,TENANT_OCCUPIED,12111320.21,4752696.06
223,223,LOC000223,323 Main Street,,Mumbai,MH,600224,IN,VACANT,17882805.55,3082629.0
224,224,LOC000224,324 Main Street,,Hyderabad,TS,600225,US,UNDER_CONSTRUCTION,14525842.24,2548651.92
225,225,LOC000225,325 Main Street,Suite 26,Vijayawada,AP,600226,IN,OWNER_OCCUPIED,16696098.81,2761966.16
226,226,LOC000226,326 Main Street,,Kochi,KL,600227,US,TENANT_OCCUPIED,17995558.01,3731094.44
227,227,LOC000227,327 Main Street,,Delhi,DL,600228,IN,VACANT,9756151.52,1332998.16
228,228,LOC000228,328 Main Street,Suite 29,Ahmedabad,GJ,600229,US,UNDER_CONSTRUCTION,5321174.88,3206424.11
229,229,LOC000229,329 Main Street,,Jaipur,RJ,600230,IN,OWNER_OCCUPIED,15433366.84,2630434.07
230,230,LOC000230,330 Main Street,,Kolkata,WB,600231,US,TENANT_OCCUPIED,12721594.52,1409257.36
231,231,LOC000231,331 Main Street,Suite 32,Chennai,TN,600232,IN,VACANT,2010925.4,1464354.35
232,232,LOC000232,332 Main Street,,Bengaluru,KA,600233,US,UNDER_CONSTRUCTION,5798444.59,1632562.36
233,233,LOC000233,333 Main Street,,Mumbai,MH,600234,IN,OWNER_OCCUPIED,11032968.34,734951.6
234,234,LOC000234,334 Main Street,Suite 35,Hyderabad,TS,600235,US,TENANT_OCCUPIED,5009598.85,3485051.57
235,235,LOC000235,335 Main Street,,Vijayawada,AP,600236,IN,VACANT,14275173.26,367932.81
236,236,LOC000236,336 Main Street,,Kochi,KL,600237,US,UNDER_CONSTRUCTION,8448187.71,2735925.15
237,237,LOC000237,337 Main Street,Suite 38,Delhi,DL,600238,IN,OWNER_OCCUPIED,8607597.57,1073830.23
238,238,LOC000238,338 Main Street,,Ahmedabad,GJ,600239,US,TENANT_OCCUPIED,8692798.6,4528950.47
239,239,LOC000239,339 Main Street,,Jaipur,RJ,600240,IN,VACANT,11889548.58,3492838.78
240,240,LOC000240,340 Main Street,Suite 41,Kolkata,WB,600241,US,UNDER_CONSTRUCTION,17206274.63,3839693.15
241,241,LOC000241,341 Main Street,,Chennai,TN,600242,IN,OWNER_OCCUPIED,7917430.06,79185.61
242,242,LOC000242,342 Main Street,,Bengaluru,KA,600243,US,TENANT_OCCUPIED,7359296.65,3779701.87
243,243,LOC000243,343 Main Street,Suite 44,Mumbai,MH,600244,IN,VACANT,17142235.04,4769480.18
244,244,LOC000244,344 Main Street,,Hyderabad,TS,600245,US,UNDER_CONSTRUCTION,8670915.01,3750202.56
245,245,LOC000245,345 Main Street,,Vijayawada,AP,600246,IN,OWNER_OCCUPIED,11149580.04,3036100.32
246,246,LOC000246,346 Main Street,Suite 47,Kochi,KL,600247,US,TENANT_OCCUPIED,4800504.54,1136137.09
247,247,LOC000247,347 Main Street,,Delhi,DL,600248,IN,VACANT,8998801.53,193672.86
248,248,LOC000248,348 Main Street,,Ahmedabad,GJ,600249,US,UNDER_CONSTRUCTION,7054526.1,3411752.33
249,249,LOC000249,349 Main Street,Suite 50,Jaipur,RJ,600250,IN,OWNER_OCCUPIED,8384175.05,866971.42
250,250,LOC000250,350 Main Street,,Kolkata,WB,600251,US,TENANT_OCCUPIED,9614107.91,681757.6
251,251,LOC000251,351 Main Street,,Chennai,TN,600252,IN,VACANT,12634010.74,183483.94
252,252,LOC000252,352 Main Street,Suite 3,Bengaluru,KA,600253,US,UNDER_CONSTRUCTION,8183395.0,2843740.32
253,253,LOC000253,353 Main Street,,Mumbai,MH,600254,IN,OWNER_OCCUPIED,1028489.9,3231610.76
254,254,LOC000254,354 Main Street,,Hyderabad,TS,600255,US,TENANT_OCCUPIED,3146140.0,2335407.3
255,255,LOC000255,355 Main Street,Suite 6,Vijayawada,AP,600256,IN,VACANT,1480550.35,1926564.13
256,256,LOC000256,356 Main Street,,Kochi,KL,600257,US,UNDER_CONSTRUCTION,4627375.54,1667886.73
257,257,LOC000257,357 Main Street,,Delhi,DL,600258,IN,OWNER_OCCUPIED,15343979.3,1926674.77
258,258,LOC000258,358 Main Street,Suite 9,Ahmedabad,GJ,600259,US,TENANT_OCCUPIED,15164191.56,4168025.21
259,259,LOC000259,359 Main Street,,Jaipur,RJ,600260,IN,VACANT,5419294.87,455435.85
260,260,LOC000260,360 Main Street,,Kolkata,WB,600261,US,UNDER_CONSTRUCTION,877974.1,2720124.29
261,261,LOC000261,361 Main Street,Suite 12,Chennai,TN,600262,IN,OWNER_OCCUPIED,19998202.66,1782303.7
262,262,LOC000262,362 Main Street,,Bengaluru,KA,600263,US,TENANT_OCCUPIED,13177809.82,3917103.6
263,263,LOC000263,363 Main Street,,Mumbai,MH,600264,IN,VACANT,13209215.78,3783454.36
264,264,LOC000264,364 Main Street,Suite 15,Hyderabad,TS,600265,US,UNDER_CONSTRUCTION,19017428.79,1036835.38
265,265,LOC000265,365 Main Street,,Vijayawada,AP,600266,IN,OWNER_OCCUPIED,897410.34,804292.61
266,266,LOC000266,366 Main Street,,Kochi,KL,600267,US,TENANT_OCCUPIED,2961309.01,3363821.28
267,267,LOC000267,367 Main Street,Suite 18,Delhi,DL,600268,IN,VACANT,11497406.85,1128924.48
268,268,LOC000268,368 Main Street,,Ahmedabad,GJ,600269,US,UNDER_CONSTRUCTION,14139566.94,3846145.59
269,269,LOC000269,369 Main Street,,Jaipur,RJ,600270,IN,OWNER_OCCUPIED,3771888.3,3055875.09
270,270,LOC000270,370 Main Street,Suite 21,Kolkata,WB,600271,US,TENANT_OCCUPIED,15084550.21,616937.71
271,271,LOC000271,371 Main Street,,Chennai,TN,600272,IN,VACANT,16476372.9,4825367.83
272,272,LOC000272,372 Main Street,,Bengaluru,KA,600273,US,UNDER_CONSTRUCTION,2607925.62,177108.21
273,273,LOC000273,373 Main Street,Suite 24,Mumbai,MH,600274,IN,OWNER_OCCUPIED,6583166.27,3402869.07
274,274,LOC000274,374 Main Street,,Hyderabad,TS,600275,US,TENANT_OCCUPIED,19184370.35,2013439.49
275,275,LOC000275,375 Main Street,,Vijayawada,AP,600276,IN,VACANT,14442786.75,426182.57
276,276,LOC000276,376 Main Street,Suite 27,Kochi,KL,600277,US,UNDER_CONSTRUCTION,13966981.11,3154849.86
277,277,LOC000277,377 Main Street,,Delhi,DL,600278,IN,OWNER_OCCUPIED,2487075.46,3873780.38
278,278,LOC000278,378 Main Street,,Ahmedabad,GJ,600279,US,TENANT_OCCUPIED,17080718.16,3022037.49
279,279,LOC000279,379 Main Street,Suite 30,Jaipur,RJ,600280,IN,VACANT,2860573.77,4920029.54
280,280,LOC000280,380 Main Street,,Kolkata,WB,600281,US,UNDER_CONSTRUCTION,15761389.25,1768658.64
281,281,LOC000281,381 Main Street,,Chennai,TN,600282,IN,OWNER_OCCUPIED,8853371.26,1884325.84
282,282,LOC000282,382 Main Street,Suite 33,Bengaluru,KA,600283,US,TENANT_OCCUPIED,10366235.4,1739094.32
283,283,LOC000283,383 Main Street,,Mumbai,MH,600284,IN,VACANT,17066724.73,4120538.04
284,284,LOC000284,384 Main Street,,Hyderabad,TS,600285,US,UNDER_CONSTRUCTION,2558007.98,4805898.46
285,285,LOC000285,385 Main Street,Suite 36,Vijayawada,AP,600286,IN,OWNER_OCCUPIED,12893909.57,4152101.19
286,286,LOC000286,386 Main Street,,Kochi,KL,600287,US,TENANT_OCCUPIED,14292518.55,2205661.37
287,287,LOC000287,387 Main Street,,Delhi,DL,600288,IN,VACANT,14809008.43,4829094.97
288,288,LOC000288,388 Main Street,Suite 39,Ahmedabad,GJ,600289,US,UNDER_CONSTRUCTION,5766606.73,4050586.13
289,289,LOC000289,389 Main Street,,Jaipur,RJ,600290,IN,OWNER_OCCUPIED,10994371.68,2443312.64
290,290,LOC000290,390 Main Street,,Kolkata,WB,600291,US,TENANT_OCCUPIED,8993702.61,3668579.76
291,291,LOC000291,391 Main Street,Suite 42,Chennai,TN,600292,IN,VACANT,5733712.99,4265980.14
292,292,LOC000292,392 Main Street,,Bengaluru,KA,600293,US,UNDER_CONSTRUCTION,16699254.87,478981.35
293,293,LOC000293,393 Main Street,,Mumbai,MH,600294,IN,OWNER_OCCUPIED,17691808.09,1257124.02
294,294,LOC000294,394 Main Street,Suite 45,Hyderabad,TS,600295,US,TENANT_OCCUPIED,9561815.1,3071141.94
295,295,LOC000295,395 Main Street,,Vijayawada,AP,600296,IN,VACANT,7890291.43,192064.99
296,296,LOC000296,396 Main Street,,Kochi,KL,600297,US,UNDER_CONSTRUCTION,17093580.31,950107.29
297,297,LOC000297,397 Main Street,Suite 48,Delhi,DL,600298,IN,OWNER_OCCUPIED,4636337.08,3999270.17
298,298,LOC000298,398 Main Street,,Ahmedabad,GJ,600299,US,TENANT_OCCUPIED,7136607.44,4407583.9
299,299,LOC000299,399 Main Street,,Jaipur,RJ,600300,IN,VACANT,14173083.13,1417529.45
300,300,LOC000300,400 Main Street,Suite 1,Kolkata,WB,600301,US,UNDER_CONSTRUCTION,697946.73,4742909.76
301,301,LOC000301,401 Main Street,,Chennai,TN,600302,IN,OWNER_OCCUPIED,2169452.76,3614369.59
302,302,LOC000302,402 Main Street,,Bengaluru,KA,600303,US,TENANT_OCCUPIED,10027268.01,3802915.03
303,303,LOC000303,403 Main Street,Suite 4,Mumbai,MH,600304,IN,VACANT,13966882.12,3247219.35
304,304,LOC000304,404 Main Street,,Hyderabad,TS,600305,US,UNDER_CONSTRUCTION,10071016.03,3975017.7
305,305,LOC000305,405 Main Street,,Vijayawada,AP,600306,IN,OWNER_OCCUPIED,2314540.34,1146902.18
306,306,LOC000306,406 Main Street,Suite 7,Kochi,KL,600307,US,TENANT_OCCUPIED,13989849.53,1565719.85
307,307,LOC000307,407 Main Street,,Delhi,DL,600308,IN,VACANT,11840333.91,2392639.42
308,308,LOC000308,408 Main Street,,Ahmedabad,GJ,600309,US,UNDER_CONSTRUCTION,10852977.66,2156243.87
309,309,LOC000309,409 Main Street,Suite 10,Jaipur,RJ,600310,IN,OWNER_OCCUPIED,15045741.02,1687416.92
310,310,LOC000310,410 Main Street,,Kolkata,WB,600311,US,TENANT_OCCUPIED,14205671.37,1391036.31
311,311,LOC000311,411 Main Street,,Chennai,TN,600312,IN,VACANT,5402371.69,647246.63
312,312,LOC000312,412 Main Street,Suite 13,Bengaluru,KA,600313,US,UNDER_CONSTRUCTION,4255393.72,641795.97
313,313,LOC000313,413 Main Street,,Mumbai,MH,600314,IN,OWNER_OCCUPIED,10949347.32,3822838.57
314,314,LOC000314,414 Main Street,,Hyderabad,TS,600315,US,TENANT_OCCUPIED,4110421.93,1121103.97
315,315,LOC000315,415 Main Street,Suite 16,Vijayawada,AP,600316,IN,VACANT,9941872.45,3636695.76
316,316,LOC000316,416 Main Street,,Kochi,KL,600317,US,UNDER_CONSTRUCTION,19543836.95,2646952.5
317,317,LOC000317,417 Main Street,,Delhi,DL,600318,IN,OWNER_OCCUPIED,6018474.71,547604.24
318,318,LOC000318,418 Main Street,Suite 19,Ahmedabad,GJ,600319,US,TENANT_OCCUPIED,4285292.77,1176041.66
319,319,LOC000319,419 Main Street,,Jaipur,RJ,600320,IN,VACANT,3999110.1,120034.42
320,320,LOC000320,420 Main Street,,Kolkata,WB,600321,US,UNDER_CONSTRUCTION,10915634.24,1407841.07
321,321,LOC000321,421 Main Street,Suite 22,Chennai,TN,600322,IN,OWNER_OCCUPIED,19498751.16,2789126.89
322,322,LOC000322,422 Main Street,,Bengaluru,KA,600323,US,TENANT_OCCUPIED,14099639.16,675083.49
323,323,LOC000323,423 Main Street,,Mumbai,MH,600324,IN,VACANT,17434993.35,2479849.54
324,324,LOC000324,424 Main Street,Suite 25,Hyderabad,TS,600325,US,UNDER_CONSTRUCTION,17518034.83,2891617.89
325,325,LOC000325,425 Main Street,,Vijayawada,AP,600326,IN,OWNER_OCCUPIED,9653240.43,2230320.55
326,326,LOC000326,426 Main Street,,Kochi,KL,600327,US,TENANT_OCCUPIED,4095091.57,304314.75
327,327,LOC000327,427 Main Street,Suite 28,Delhi,DL,600328,IN,VACANT,18850740.14,2414759.48
328,328,LOC000328,428 Main Street,,Ahmedabad,GJ,600329,US,UNDER_CONSTRUCTION,16531255.08,2033501.84
329,329,LOC000329,429 Main Street,,Jaipur,RJ,600330,IN,OWNER_OCCUPIED,1944602.32,3165756.25
330,330,LOC000330,430 Main Street,Suite 31,Kolkata,WB,600331,US,TENANT_OCCUPIED,1545376.95,788528.04
331,331,LOC000331,431 Main Street,,Chennai,TN,600332,IN,VACANT,11475372.14,1553985.78
332,332,LOC000332,432 Main Street,,Bengaluru,KA,600333,US,UNDER_CONSTRUCTION,19881403.39,636335.23
333,333,LOC000333,433 Main Street,Suite 34,Mumbai,MH,600334,IN,OWNER_OCCUPIED,15406647.18,3051272.37
334,334,LOC000334,434 Main Street,,Hyderabad,TS,600335,US,TENANT_OCCUPIED,15919446.18,1167151.33
335,335,LOC000335,435 Main Street,,Vijayawada,AP,600336,IN,VACANT,10690164.44,2280046.6
336,336,LOC000336,436 Main Street,Suite 37,Kochi,KL,600337,US,UNDER_CONSTRUCTION,9133059.58,4307825.0
337,337,LOC000337,437 Main Street,,Delhi,DL,600338,IN,OWNER_OCCUPIED,19805609.58,1561632.21
338,338,LOC000338,438 Main Street,,Ahmedabad,GJ,600339,US,TENANT_OCCUPIED,12610032.76,3067673.02
339,339,LOC000339,439 Main Street,Suite 40,Jaipur,RJ,600340,IN,VACANT,14931741.46,4740571.49
340,340,LOC000340,440 Main Street,,Kolkata,WB,600341,US,UNDER_CONSTRUCTION,4551864.16,1094574.72
341,341,LOC000341,441 Main Street,,Chennai,TN,600342,IN,OWNER_OCCUPIED,13378348.68,827432.61
342,342,LOC000342,442 Main Street,Suite 43,Bengaluru,KA,600343,US,TENANT_OCCUPIED,3889364.19,421571.1
343,343,LOC000343,443 Main Street,,Mumbai,MH,600344,IN,VACANT,552176.59,2279993.34
344,344,LOC000344,444 Main Street,,Hyderabad,TS,600345,US,UNDER_CONSTRUCTION,12079318.3,1491733.48
345,345,LOC000345,445 Main Street,Suite 46,Vijayawada,AP,600346,IN,OWNER_OCCUPIED,5013786.57,3549431.36
346,346,LOC000346,446 Main Street,,Kochi,KL,600347,US,TENANT_OCCUPIED,14208257.38,2297455.07
347,347,LOC000347,447 Main Street,,Delhi,DL,600348,IN,VACANT,13904005.94,4623359.67
348,348,LOC000348,448 Main Street,Suite 49,Ahmedabad,GJ,600349,US,UNDER_CONSTRUCTION,15862646.52,3144037.14
349,349,LOC000349,449 Main Street,,Jaipur,RJ,600350,IN,OWNER_OCCUPIED,13393069.34,4671658.87
350,350,LOC000350,450 Main Street,,Kolkata,WB,600351,US,TENANT_OCCUPIED,8790209.84,2745583.77
351,351,LOC000351,451 Main Street,Suite 2,Chennai,TN,600352,IN,VACANT,13128877.11,4546636.65
352,352,LOC000352,452 Main Street,,Bengaluru,KA,600353,US,UNDER_CONSTRUCTION,16619307.61,403478.69
353,353,LOC000353,453 Main Street,,Mumbai,MH,600354,IN,OWNER_OCCUPIED,3735494.39,1572678.47
354,354,LOC000354,454 Main Street,Suite 5,Hyderabad,TS,600355,US,TENANT_OCCUPIED,15104675.58,2867574.89
355,355,LOC000355,455 Main Street,,Vijayawada,AP,600356,IN,VACANT,6127906.47,665550.61
356,356,LOC000356,456 Main Street,,Kochi,KL,600357,US,UNDER_CONSTRUCTION,13929220.83,3513681.74
357,357,LOC000357,457 Main Street,Suite 8,Delhi,DL,600358,IN,OWNER_OCCUPIED,18882186.69,2527337.28
358,358,LOC000358,458 Main Street,,Ahmedabad,GJ,600359,US,TENANT_OCCUPIED,10129006.78,448187.17
359,359,LOC000359,459 Main Street,,Jaipur,RJ,600360,IN,VACANT,1277285.29,2188541.89
360,360,LOC000360,460 Main Street,Suite 11,Kolkata,WB,600361,US,UNDER_CONSTRUCTION,6785270.88,1289321.12
361,361,LOC000361,461 Main Street,,Chennai,TN,600362,IN,OWNER_OCCUPIED,2280874.29,4811459.96
362,362,LOC000362,462 Main Street,,Bengaluru,KA,600363,US,TENANT_OCCUPIED,16801192.97,2897235.59
363,363,LOC000363,463 Main Street,Suite 14,Mumbai,MH,600364,IN,VACANT,19040332.42,4997883.46
364,364,LOC000364,464 Main Street,,Hyderabad,TS,600365,US,UNDER_CONSTRUCTION,13609490.89,1384079.58
365,365,LOC000365,465 Main Street,,Vijayawada,AP,600366,IN,OWNER_OCCUPIED,1284517.63,3793530.71
366,366,LOC000366,466 Main Street,Suite 17,Kochi,KL,600367,US,TENANT_OCCUPIED,9674766.05,3274971.97
367,367,LOC000367,467 Main Street,,Delhi,DL,600368,IN,VACANT,18363419.36,948371.28
368,368,LOC000368,468 Main Street,,Ahmedabad,GJ,600369,US,UNDER_CONSTRUCTION,11913927.69,3192184.36
369,369,LOC000369,469 Main Street,Suite 20,Jaipur,RJ,600370,IN,OWNER_OCCUPIED,10088653.14,501649.91
370,370,LOC000370,470 Main Street,,Kolkata,WB,600371,US,TENANT_OCCUPIED,7285240.6,1699876.55
371,371,LOC000371,471 Main Street,,Chennai,TN,600372,IN,VACANT,13567603.44,4295778.82
372,372,LOC000372,472 Main Street,Suite 23,Bengaluru,KA,600373,US,UNDER_CONSTRUCTION,6931171.44,3483684.69
373,373,LOC000373,473 Main Street,,Mumbai,MH,600374,IN,OWNER_OCCUPIED,6120247.01,4728708.02
374,374,LOC000374,474 Main Street,,Hyderabad,TS,600375,US,TENANT_OCCUPIED,16364537.68,2772978.21
375,375,LOC000375,475 Main Street,Suite 26,Vijayawada,AP,600376,IN,VACANT,9369105.22,1606859.93
376,376,LOC000376,476 Main Street,,Kochi,KL,600377,US,UNDER_CONSTRUCTION,6803838.83,4852414.4
377,377,LOC000377,477 Main Street,,Delhi,DL,600378,IN,OWNER_OCCUPIED,8381413.61,2597251.45
378,378,LOC000378,478 Main Street,Suite 29,Ahmedabad,GJ,600379,US,TENANT_OCCUPIED,19768324.69,3305418.91
379,379,LOC000379,479 Main Street,,Jaipur,RJ,600380,IN,VACANT,11080575.09,2095575.48
380,380,LOC000380,480 Main Street,,Kolkata,WB,600381,US,UNDER_CONSTRUCTION,4157859.56,1840807.83
381,381,LOC000381,481 Main Street,Suite 32,Chennai,TN,600382,IN,OWNER_OCCUPIED,15250641.5,3145773.27
382,382,LOC000382,482 Main Street,,Bengaluru,KA,600383,US,TENANT_OCCUPIED,15319815.45,1057613.28
383,383,LOC000383,483 Main Street,,Mumbai,MH,600384,IN,VACANT,11209782.96,4641980.17
384,384,LOC000384,484 Main Street,Suite 35,Hyderabad,TS,600385,US,UNDER_CONSTRUCTION,9043263.85,3506337.64
385,385,LOC000385,485 Main Street,,Vijayawada,AP,600386,IN,OWNER_OCCUPIED,2867808.63,4867076.74
386,386,LOC000386,486 Main Street,,Kochi,KL,600387,US,TENANT_OCCUPIED,12372997.51,1234522.44
387,387,LOC000387,487 Main Street,Suite 38,Delhi,DL,600388,IN,VACANT,3588374.19,2776653.08
388,388,LOC000388,488 Main Street,,Ahmedabad,GJ,600389,US,UNDER_CONSTRUCTION,11268902.48,511385.55
389,389,LOC000389,489 Main Street,,Jaipur,RJ,600390,IN,OWNER_OCCUPIED,19849014.22,4569002.9
390,390,LOC000390,490 Main Street,Suite 41,Kolkata,WB,600391,US,TENANT_OCCUPIED,9498233.94,631457.44
391,391,LOC000391,491 Main Street,,Chennai,TN,600392,IN,VACANT,16726791.89,2516958.75
392,392,LOC000392,492 Main Street,,Bengaluru,KA,600393,US,UNDER_CONSTRUCTION,14473764.86,2568916.47
393,393,LOC000393,493 Main Street,Suite 44,Mumbai,MH,600394,IN,OWNER_OCCUPIED,5831785.49,4181883.53
394,394,LOC000394,494 Main Street,,Hyderabad,TS,600395,US,TENANT_OCCUPIED,19614770.34,1256467.99
395,395,LOC000395,495 Main Street,,Vijayawada,AP,600396,IN,VACANT,11249669.0,1948750.77
396,396,LOC000396,496 Main Street,Suite 47,Kochi,KL,600397,US,UNDER_CONSTRUCTION,18476428.92,2565792.41
397,397,LOC000397,497 Main Street,,Delhi,DL,600398,IN,OWNER_OCCUPIED,17646861.98,4326933.33
398,398,LOC000398,498 Main Street,,Ahmedabad,GJ,600399,US,TENANT_OCCUPIED,5886824.36,3960530.6
399,399,LOC000399,499 Main Street,Suite 50,Jaipur,RJ,600400,IN,VACANT,8591377.26,4674529.55
400,400,LOC000400,500 Main Street,,Kolkata,WB,600401,US,UNDER_CONSTRUCTION,10400884.68,4111719.89
401,401,LOC000401,501 Main Street,,Chennai,TN,600402,IN,OWNER_OCCUPIED,6015360.17,1527851.46
402,402,LOC000402,502 Main Street,Suite 3,Bengaluru,KA,600403,US,TENANT_OCCUPIED,11945285.59,4994566.55
403,403,LOC000403,503 Main Street,,Mumbai,MH,600404,IN,VACANT,10047986.76,785547.32
404,404,LOC000404,504 Main Street,,Hyderabad,TS,600405,US,UNDER_CONSTRUCTION,11002321.27,1758363.51
405,405,LOC000405,505 Main Street,Suite 6,Vijayawada,AP,600406,IN,OWNER_OCCUPIED,11262389.63,2739978.81
406,406,LOC000406,506 Main Street,,Kochi,KL,600407,US,TENANT_OCCUPIED,9379220.03,1642797.88
407,407,LOC000407,507 Main Street,,Delhi,DL,600408,IN,VACANT,4178721.29,3502617.22
408,408,LOC000408,508 Main Street,Suite 9,Ahmedabad,GJ,600409,US,UNDER_CONSTRUCTION,11650054.02,1206134.11
409,409,LOC000409,509 Main Street,,Jaipur,RJ,600410,IN,OWNER_OCCUPIED,15623117.26,266054.13
410,410,LOC000410,510 Main Street,,Kolkata,WB,600411,US,TENANT_OCCUPIED,15021750.46,3540878.01
411,411,LOC000411,511 Main Street,Suite 12,Chennai,TN,600412,IN,VACANT,16322473.6,1961089.82
412,412,LOC000412,512 Main Street,,Bengaluru,KA,600413,US,UNDER_CONSTRUCTION,13441932.17,4112700.38
413,413,LOC000413,513 Main Street,,Mumbai,MH,600414,IN,OWNER_OCCUPIED,19625953.7,2501876.82
414,414,LOC000414,514 Main Street,Suite 15,Hyderabad,TS,600415,US,TENANT_OCCUPIED,1221882.42,2536341.19
415,415,LOC000415,515 Main Street,,Vijayawada,AP,600416,IN,VACANT,12008518.37,4355016.55
416,416,LOC000416,516 Main Street,,Kochi,KL,600417,US,UNDER_CONSTRUCTION,17546712.29,2229515.74
417,417,LOC000417,517 Main Street,Suite 18,Delhi,DL,600418,IN,OWNER_OCCUPIED,10756046.19,2311793.97
418,418,LOC000418,518 Main Street,,Ahmedabad,GJ,600419,US,TENANT_OCCUPIED,14587654.64,2079394.17
419,419,LOC000419,519 Main Street,,Jaipur,RJ,600420,IN,VACANT,13268235.87,814088.03
420,420,LOC000420,520 Main Street,Suite 21,Kolkata,WB,600421,US,UNDER_CONSTRUCTION,9655066.72,4847557.97
421,421,LOC000421,521 Main Street,,Chennai,TN,600422,IN,OWNER_OCCUPIED,7101944.06,3478887.76
422,422,LOC000422,522 Main Street,,Bengaluru,KA,600423,US,TENANT_OCCUPIED,13171814.73,4266238.2
423,423,LOC000423,523 Main Street,Suite 24,Mumbai,MH,600424,IN,VACANT,17120656.06,4303743.81
424,424,LOC000424,524 Main Street,,Hyderabad,TS,600425,US,UNDER_CONSTRUCTION,7910183.25,1617472.71
425,425,LOC000425,525 Main Street,,Vijayawada,AP,600426,IN,OWNER_OCCUPIED,14514989.79,3809038.96
426,426,LOC000426,526 Main Street,Suite 27,Kochi,KL,600427,US,TENANT_OCCUPIED,17511468.84,227700.54
427,427,LOC000427,527 Main Street,,Delhi,DL,600428,IN,VACANT,1834204.57,3174247.03
428,428,LOC000428,528 Main Street,,Ahmedabad,GJ,600429,US,UNDER_CONSTRUCTION,18458117.43,4987258.32
429,429,LOC000429,529 Main Street,Suite 30,Jaipur,RJ,600430,IN,OWNER_OCCUPIED,15061944.15,2198158.79
430,430,LOC000430,530 Main Street,,Kolkata,WB,600431,US,TENANT_OCCUPIED,2419640.96,3187051.75
431,431,LOC000431,531 Main Street,,Chennai,TN,600432,IN,VACANT,17515295.04,2246208.83
432,432,LOC000432,532 Main Street,Suite 33,Bengaluru,KA,600433,US,UNDER_CONSTRUCTION,14033022.67,4521949.11
433,433,LOC000433,533 Main Street,,Mumbai,MH,600434,IN,OWNER_OCCUPIED,1396823.89,3990910.15
434,434,LOC000434,534 Main Street,,Hyderabad,TS,600435,US,TENANT_OCCUPIED,6220671.63,1905463.39
435,435,LOC000435,535 Main Street,Suite 36,Vijayawada,AP,600436,IN,VACANT,3338611.02,2679273.27
436,436,LOC000436,536 Main Street,,Kochi,KL,600437,US,UNDER_CONSTRUCTION,11535597.21,3972971.4
437,437,LOC000437,537 Main Street,,Delhi,DL,600438,IN,OWNER_OCCUPIED,3814681.16,440893.34
438,438,LOC000438,538 Main Street,Suite 39,Ahmedabad,GJ,600439,US,TENANT_OCCUPIED,17481372.17,3117566.32
439,439,LOC000439,539 Main Street,,Jaipur,RJ,600440,IN,VACANT,5196180.94,4568503.63
440,440,LOC000440,540 Main Street,,Kolkata,WB,600441,US,UNDER_CONSTRUCTION,3290795.54,2332692.07
441,441,LOC000441,541 Main Street,Suite 42,Chennai,TN,600442,IN,OWNER_OCCUPIED,5452558.12,1313867.21
442,442,LOC000442,542 Main Street,,Bengaluru,KA,600443,US,TENANT_OCCUPIED,683249.91,4032933.73
443,443,LOC000443,543 Main Street,,Mumbai,MH,600444,IN,VACANT,18073583.76,3404173.88
444,444,LOC000444,544 Main Street,Suite 45,Hyderabad,TS,600445,US,UNDER_CONSTRUCTION,3580524.63,2236562.43
445,445,LOC000445,545 Main Street,,Vijayawada,AP,600446,IN,OWNER_OCCUPIED,7238529.68,2958479.94
446,446,LOC000446,546 Main Street,,Kochi,KL,600447,US,TENANT_OCCUPIED,12959304.7,2150329.25
447,447,LOC000447,547 Main Street,Suite 48,Delhi,DL,600448,IN,VACANT,5376915.38,4234254.43
448,448,LOC000448,548 Main Street,,Ahmedabad,GJ,600449,US,UNDER_CONSTRUCTION,4384731.48,1954231.58
449,449,LOC000449,549 Main Street,,Jaipur,RJ,600450,IN,OWNER_OCCUPIED,9922557.19,1224168.22
450,450,LOC000450,550 Main Street,Suite 1,Kolkata,WB,600451,US,TENANT_OCCUPIED,11652492.5,2895319.05
451,451,LOC000451,551 Main Street,,Chennai,TN,600452,IN,VACANT,19857494.85,1511392.23
452,452,LOC000452,552 Main Street,,Bengaluru,KA,600453,US,UNDER_CONSTRUCTION,19569917.45,3308237.59
453,453,LOC000453,553 Main Street,Suite 4,Mumbai,MH,600454,IN,OWNER_OCCUPIED,5852367.41,2851348.63
454,454,LOC000454,554 Main Street,,Hyderabad,TS,600455,US,TENANT_OCCUPIED,13873090.11,3736110.76
455,455,LOC000455,555 Main Street,,Vijayawada,AP,600456,IN,VACANT,1456362.89,3051712.14
456,456,LOC000456,556 Main Street,Suite 7,Kochi,KL,600457,US,UNDER_CONSTRUCTION,10186182.09,4525568.69
457,457,LOC000457,557 Main Street,,Delhi,DL,600458,IN,OWNER_OCCUPIED,6080785.95,4004357.59
458,458,LOC000458,558 Main Street,,Ahmedabad,GJ,600459,US,TENANT_OCCUPIED,12337767.46,1793988.73
459,459,LOC000459,559 Main Street,Suite 10,Jaipur,RJ,600460,IN,VACANT,12914048.62,3123411.26
460,460,LOC000460,560 Main Street,,Kolkata,WB,600461,US,UNDER_CONSTRUCTION,13716406.94,3618595.46
461,461,LOC000461,561 Main Street,,Chennai,TN,600462,IN,OWNER_OCCUPIED,13354040.04,4199768.73
462,462,LOC000462,562 Main Street,Suite 13,Bengaluru,KA,600463,US,TENANT_OCCUPIED,12750838.02,4521848.34
463,463,LOC000463,563 Main Street,,Mumbai,MH,600464,IN,VACANT,13103641.87,1579217.78
464,464,LOC000464,564 Main Street,,Hyderabad,TS,600465,US,UNDER_CONSTRUCTION,9096052.21,2918890.34
465,465,LOC000465,565 Main Street,Suite 16,Vijayawada,AP,600466,IN,OWNER_OCCUPIED,14781015.47,496160.21
466,466,LOC000466,566 Main Street,,Kochi,KL,600467,US,TENANT_OCCUPIED,6254653.81,3750030.28
467,467,LOC000467,567 Main Street,,Delhi,DL,600468,IN,VACANT,3924981.37,704191.0
468,468,LOC000468,568 Main Street,Suite 19,Ahmedabad,GJ,600469,US,UNDER_CONSTRUCTION,11018451.3,4858873.43
469,469,LOC000469,569 Main Street,,Jaipur,RJ,600470,IN,OWNER_OCCUPIED,10851621.29,4571760.52
470,470,LOC000470,570 Main Street,,Kolkata,WB,600471,US,TENANT_OCCUPIED,16694216.08,1322001.92
471,471,LOC000471,571 Main Street,Suite 22,Chennai,TN,600472,IN,VACANT,16581451.34,2435146.76
472,472,LOC000472,572 Main Street,,Bengaluru,KA,600473,US,UNDER_CONSTRUCTION,16226525.63,3745468.79
473,473,LOC000473,573 Main Street,,Mumbai,MH,600474,IN,OWNER_OCCUPIED,7104947.45,620090.05
474,474,LOC000474,574 Main Street,Suite 25,Hyderabad,TS,600475,US,TENANT_OCCUPIED,19276419.21,746747.22
475,475,LOC000475,575 Main Street,,Vijayawada,AP,600476,IN,VACANT,19346754.08,4307695.95
476,476,LOC000476,576 Main Street,,Kochi,KL,600477,US,UNDER_CONSTRUCTION,14622225.89,4900714.1
477,477,LOC000477,577 Main Street,Suite 28,Delhi,DL,600478,IN,OWNER_OCCUPIED,19361760.07,4032708.84
478,478,LOC000478,578 Main Street,,Ahmedabad,GJ,600479,US,TENANT_OCCUPIED,7632613.46,3963875.74
479,479,LOC000479,579 Main Street,,Jaipur,RJ,600480,IN,VACANT,771413.77,2706032.93
480,480,LOC000480,580 Main Street,Suite 31,Kolkata,WB,600481,US,UNDER_CONSTRUCTION,9368327.54,3380500.49
481,481,LOC000481,581 Main Street,,Chennai,TN,600482,IN,OWNER_OCCUPIED,13610645.55,2943572.45
482,482,LOC000482,582 Main Street,,Bengaluru,KA,600483,US,TENANT_OCCUPIED,16537137.37,4704444.86
483,483,LOC000483,583 Main Street,Suite 34,Mumbai,MH,600484,IN,VACANT,2612748.99,1207418.42
484,484,LOC000484,584 Main Street,,Hyderabad,TS,600485,US,UNDER_CONSTRUCTION,987980.67,4426962.48
485,485,LOC000485,585 Main Street,,Vijayawada,AP,600486,IN,OWNER_OCCUPIED,11447443.95,4580516.75
486,486,LOC000486,586 Main Street,Suite 37,Kochi,KL,600487,US,TENANT_OCCUPIED,4816660.4,362924.35
487,487,LOC000487,587 Main Street,,Delhi,DL,600488,IN,VACANT,16565179.35,4551468.81
488,488,LOC000488,588 Main Street,,Ahmedabad,GJ,600489,US,UNDER_CONSTRUCTION,6392708.4,2071064.49
489,489,LOC000489,589 Main Street,Suite 40,Jaipur,RJ,600490,IN,OWNER_OCCUPIED,3225651.74,4733994.59
490,490,LOC000490,590 Main Street,,Kolkata,WB,600491,US,TENANT_OCCUPIED,6435109.39,2488491.86
491,491,LOC000491,591 Main Street,,Chennai,TN,600492,IN,VACANT,2395243.97,4441933.58
492,492,LOC000492,592 Main Street,Suite 43,Bengaluru,KA,600493,US,UNDER_CONSTRUCTION,3145448.95,2295536.6
493,493,LOC000493,593 Main Street,,Mumbai,MH,600494,IN,OWNER_OCCUPIED,13574481.27,3728543.6
494,494,LOC000494,594 Main Street,,Hyderabad,TS,600495,US,TENANT_OCCUPIED,18946494.67,2124677.43
495,495,LOC000495,595 Main Street,Suite 46,Vijayawada,AP,600496,IN,VACANT,14974245.79,814888.37
496,496,LOC000496,596 Main Street,,Kochi,KL,600497,US,UNDER_CONSTRUCTION,8590248.29,540157.09
497,497,LOC000497,597 Main Street,,Delhi,DL,600498,IN,OWNER_OCCUPIED,10042267.24,2070173.63
498,498,LOC000498,598 Main Street,Suite 49,Ahmedabad,GJ,600499,US,TENANT_OCCUPIED,19054669.74,211945.62
499,499,LOC000499,599 Main Street,,Jaipur,RJ,600500,IN,VACANT,7725334.2,2244746.28
500,500,LOC000500,600 Main Street,,Kolkata,WB,600501,US,UNDER_CONSTRUCTION,19035825.81,4284478.46
501,501,LOC000501,601 Main Street,Suite 2,Chennai,TN,600502,IN,OWNER_OCCUPIED,2437415.18,3444117.31
502,502,LOC000502,602 Main Street,,Bengaluru,KA,600503,US,TENANT_OCCUPIED,11117084.3,4890320.52
503,503,LOC000503,603 Main Street,,Mumbai,MH,600504,IN,VACANT,7494139.9,2020791.23
504,504,LOC000504,604 Main Street,Suite 5,Hyderabad,TS,600505,US,UNDER_CONSTRUCTION,4201266.96,654690.61
505,505,LOC000505,605 Main Street,,Vijayawada,AP,600506,IN,OWNER_OCCUPIED,17036647.18,2300850.97
506,506,LOC000506,606 Main Street,,Kochi,KL,600507,US,TENANT_OCCUPIED,13423990.39,3226437.11
507,507,LOC000507,607 Main Street,Suite 8,Delhi,DL,600508,IN,VACANT,12144346.21,155719.4
508,508,LOC000508,608 Main Street,,Ahmedabad,GJ,600509,US,UNDER_CONSTRUCTION,15842494.51,1255666.04
509,509,LOC000509,609 Main Street,,Jaipur,RJ,600510,IN,OWNER_OCCUPIED,2955515.76,2844660.98
510,510,LOC000510,610 Main Street,Suite 11,Kolkata,WB,600511,US,TENANT_OCCUPIED,1837897.98,3837529.01
511,511,LOC000511,611 Main Street,,Chennai,TN,600512,IN,VACANT,4539568.72,1118959.19
512,512,LOC000512,612 Main Street,,Bengaluru,KA,600513,US,UNDER_CONSTRUCTION,17459060.82,1676369.79
513,513,LOC000513,613 Main Street,Suite 14,Mumbai,MH,600514,IN,OWNER_OCCUPIED,3377306.51,4507628.63
514,514,LOC000514,614 Main Street,,Hyderabad,TS,600515,US,TENANT_OCCUPIED,555293.25,4299110.33
515,515,LOC000515,615 Main Street,,Vijayawada,AP,600516,IN,VACANT,3321415.62,693461.05
516,516,LOC000516,616 Main Street,Suite 17,Kochi,KL,600517,US,UNDER_CONSTRUCTION,5387756.84,913760.75
517,517,LOC000517,617 Main Street,,Delhi,DL,600518,IN,OWNER_OCCUPIED,13390624.03,177611.74
518,518,LOC000518,618 Main Street,,Ahmedabad,GJ,600519,US,TENANT_OCCUPIED,789776.38,3960424.09
519,519,LOC000519,619 Main Street,Suite 20,Jaipur,RJ,600520,IN,VACANT,5139666.32,1652668.74
520,520,LOC000520,620 Main Street,,Kolkata,WB,600521,US,UNDER_CONSTRUCTION,3897800.93,309375.14
521,521,LOC000521,621 Main Street,,Chennai,TN,600522,IN,OWNER_OCCUPIED,14963502.11,2654123.36
522,522,LOC000522,622 Main Street,Suite 23,Bengaluru,KA,600523,US,TENANT_OCCUPIED,15040472.86,2407417.53
523,523,LOC000523,623 Main Street,,Mumbai,MH,600524,IN,VACANT,15671332.27,2590527.89
524,524,LOC000524,624 Main Street,,Hyderabad,TS,600525,US,UNDER_CONSTRUCTION,2626553.2,2544001.51
525,525,LOC000525,625 Main Street,Suite 26,Vijayawada,AP,600526,IN,OWNER_OCCUPIED,18935605.04,264656.93
526,526,LOC000526,626 Main Street,,Kochi,KL,600527,US,TENANT_OCCUPIED,15772926.42,4341555.49
527,527,LOC000527,627 Main Street,,Delhi,DL,600528,IN,VACANT,10668298.69,2317310.48
528,528,LOC000528,628 Main Street,Suite 29,Ahmedabad,GJ,600529,US,UNDER_CONSTRUCTION,19298510.57,351085.77
529,529,LOC000529,629 Main Street,,Jaipur,RJ,600530,IN,OWNER_OCCUPIED,9840147.26,2038005.41
530,530,LOC000530,630 Main Street,,Kolkata,WB,600531,US,TENANT_OCCUPIED,13878901.17,2476830.83
531,531,LOC000531,631 Main Street,Suite 32,Chennai,TN,600532,IN,VACANT,18239166.17,413779.04
532,532,LOC000532,632 Main Street,,Bengaluru,KA,600533,US,UNDER_CONSTRUCTION,2075414.31,3061072.25
533,533,LOC000533,633 Main Street,,Mumbai,MH,600534,IN,OWNER_OCCUPIED,1780803.55,1411329.2
534,534,LOC000534,634 Main Street,Suite 35,Hyderabad,TS,600535,US,TENANT_OCCUPIED,12844996.12,2764364.35
535,535,LOC000535,635 Main Street,,Vijayawada,AP,600536,IN,VACANT,6841116.14,4973407.39
536,536,LOC000536,636 Main Street,,Kochi,KL,600537,US,UNDER_CONSTRUCTION,10845858.33,2295891.32
537,537,LOC000537,637 Main Street,Suite 38,Delhi,DL,600538,IN,OWNER_OCCUPIED,12305822.43,540933.39
538,538,LOC000538,638 Main Street,,Ahmedabad,GJ,600539,US,TENANT_OCCUPIED,14184698.66,4271324.05
539,539,LOC000539,639 Main Street,,Jaipur,RJ,600540,IN,VACANT,13192874.97,3856365.51
540,540,LOC000540,640 Main Street,Suite 41,Kolkata,WB,600541,US,UNDER_CONSTRUCTION,14556378.37,1114364.18
541,541,LOC000541,641 Main Street,,Chennai,TN,600542,IN,OWNER_OCCUPIED,9305320.86,1181043.19
542,542,LOC000542,642 Main Street,,Bengaluru,KA,600543,US,TENANT_OCCUPIED,7109166.57,2294819.57
543,543,LOC000543,643 Main Street,Suite 44,Mumbai,MH,600544,IN,VACANT,8611798.18,520674.9
544,544,LOC000544,644 Main Street,,Hyderabad,TS,600545,US,UNDER_CONSTRUCTION,8821898.12,3342283.92
545,545,LOC000545,645 Main Street,,Vijayawada,AP,600546,IN,OWNER_OCCUPIED,7798869.96,805562.68
546,546,LOC000546,646 Main Street,Suite 47,Kochi,KL,600547,US,TENANT_OCCUPIED,18498208.2,382309.88
547,547,LOC000547,647 Main Street,,Delhi,DL,600548,IN,VACANT,16719551.83,511489.0
548,548,LOC000548,648 Main Street,,Ahmedabad,GJ,600549,US,UNDER_CONSTRUCTION,2383006.44,3707040.19
549,549,LOC000549,649 Main Street,Suite 50,Jaipur,RJ,600550,IN,OWNER_OCCUPIED,16329501.06,2804035.14
550,550,LOC000550,650 Main Street,,Kolkata,WB,600551,US,TENANT_OCCUPIED,11936069.11,2829852.75
551,551,LOC000551,651 Main Street,,Chennai,TN,600552,IN,VACANT,6928096.64,655044.86
552,552,LOC000552,652 Main Street,Suite 3,Bengaluru,KA,600553,US,UNDER_CONSTRUCTION,7395162.55,3343435.57
553,553,LOC000553,653 Main Street,,Mumbai,MH,600554,IN,OWNER_OCCUPIED,15130542.88,4347056.14
554,554,LOC000554,654 Main Street,,Hyderabad,TS,600555,US,TENANT_OCCUPIED,14560683.24,4843573.2
555,555,LOC000555,655 Main Street,Suite 6,Vijayawada,AP,600556,IN,VACANT,12207996.78,1790648.62
556,556,LOC000556,656 Main Street,,Kochi,KL,600557,US,UNDER_CONSTRUCTION,11769411.11,1103057.09
557,557,LOC000557,657 Main Street,,Delhi,DL,600558,IN,OWNER_OCCUPIED,13306357.91,1160012.1
558,558,LOC000558,658 Main Street,Suite 9,Ahmedabad,GJ,600559,US,TENANT_OCCUPIED,2610258.45,4234598.42
559,559,LOC000559,659 Main Street,,Jaipur,RJ,600560,IN,VACANT,7667440.49,3824897.88
560,560,LOC000560,660 Main Street,,Kolkata,WB,600561,US,UNDER_CONSTRUCTION,11694950.08,4045745.79
561,561,LOC000561,661 Main Street,Suite 12,Chennai,TN,600562,IN,OWNER_OCCUPIED,16980525.65,4874005.68
562,562,LOC000562,662 Main Street,,Bengaluru,KA,600563,US,TENANT_OCCUPIED,16459323.76,3087187.74
563,563,LOC000563,663 Main Street,,Mumbai,MH,600564,IN,VACANT,13032633.69,179956.47
564,564,LOC000564,664 Main Street,Suite 15,Hyderabad,TS,600565,US,UNDER_CONSTRUCTION,18617143.67,4155830.91
565,565,LOC000565,665 Main Street,,Vijayawada,AP,600566,IN,OWNER_OCCUPIED,5715230.64,943059.56
566,566,LOC000566,666 Main Street,,Kochi,KL,600567,US,TENANT_OCCUPIED,14202626.07,1579474.21
567,567,LOC000567,667 Main Street,Suite 18,Delhi,DL,600568,IN,VACANT,7126580.81,80223.66
568,568,LOC000568,668 Main Street,,Ahmedabad,GJ,600569,US,UNDER_CONSTRUCTION,17462322.78,2853289.42
569,569,LOC000569,669 Main Street,,Jaipur,RJ,600570,IN,OWNER_OCCUPIED,8315294.71,752279.54
570,570,LOC000570,670 Main Street,Suite 21,Kolkata,WB,600571,US,TENANT_OCCUPIED,12846854.25,201752.64
571,571,LOC000571,671 Main Street,,Chennai,TN,600572,IN,VACANT,15049179.36,1114907.76
572,572,LOC000572,672 Main Street,,Bengaluru,KA,600573,US,UNDER_CONSTRUCTION,8686733.63,1737435.11
573,573,LOC000573,673 Main Street,Suite 24,Mumbai,MH,600574,IN,OWNER_OCCUPIED,7716035.3,3621900.04
574,574,LOC000574,674 Main Street,,Hyderabad,TS,600575,US,TENANT_OCCUPIED,15648294.59,2859588.11
575,575,LOC000575,675 Main Street,,Vijayawada,AP,600576,IN,VACANT,2156662.28,310413.69
576,576,LOC000576,676 Main Street,Suite 27,Kochi,KL,600577,US,UNDER_CONSTRUCTION,3569492.99,3108299.0
577,577,LOC000577,677 Main Street,,Delhi,DL,600578,IN,OWNER_OCCUPIED,13642389.86,1396909.08
578,578,LOC000578,678 Main Street,,Ahmedabad,GJ,600579,US,TENANT_OCCUPIED,13407804.51,2454025.44
579,579,LOC000579,679 Main Street,Suite 30,Jaipur,RJ,600580,IN,VACANT,9119861.64,1402175.88
580,580,LOC000580,680 Main Street,,Kolkata,WB,600581,US,UNDER_CONSTRUCTION,15221391.3,613396.67
581,581,LOC000581,681 Main Street,,Chennai,TN,600582,IN,OWNER_OCCUPIED,8883315.85,1452070.03
582,582,LOC000582,682 Main Street,Suite 33,Bengaluru,KA,600583,US,TENANT_OCCUPIED,13730481.97,2458832.13
583,583,LOC000583,683 Main Street,,Mumbai,MH,600584,IN,VACANT,13509084.9,274815.94
584,584,LOC000584,684 Main Street,,Hyderabad,TS,600585,US,UNDER_CONSTRUCTION,8207636.22,3016658.54
585,585,LOC000585,685 Main Street,Suite 36,Vijayawada,AP,600586,IN,OWNER_OCCUPIED,649898.18,1542025.84
586,586,LOC000586,686 Main Street,,Kochi,KL,600587,US,TENANT_OCCUPIED,4619062.59,729312.29
587,587,LOC000587,687 Main Street,,Delhi,DL,600588,IN,VACANT,5482630.33,1674205.66
588,588,LOC000588,688 Main Street,Suite 39,Ahmedabad,GJ,600589,US,UNDER_CONSTRUCTION,650733.18,3747719.91
589,589,LOC000589,689 Main Street,,Jaipur,RJ,600590,IN,OWNER_OCCUPIED,3926048.64,1932026.86
590,590,LOC000590,690 Main Street,,Kolkata,WB,600591,US,TENANT_OCCUPIED,14221589.64,2526298.62
591,591,LOC000591,691 Main Street,Suite 42,Chennai,TN,600592,IN,VACANT,16750406.95,4040690.92
592,592,LOC000592,692 Main Street,,Bengaluru,KA,600593,US,UNDER_CONSTRUCTION,1905472.18,4315733.59
593,593,LOC000593,693 Main Street,,Mumbai,MH,600594,IN,OWNER_OCCUPIED,1324894.1,142770.61
594,594,LOC000594,694 Main Street,Suite 45,Hyderabad,TS,600595,US,TENANT_OCCUPIED,18462667.47,4317444.57
595,595,LOC000595,695 Main Street,,Vijayawada,AP,600596,IN,VACANT,11727303.63,2888328.42
596,596,LOC000596,696 Main Street,,Kochi,KL,600597,US,UNDER_CONSTRUCTION,14335229.75,2117585.1
597,597,LOC000597,697 Main Street,Suite 48,Delhi,DL,600598,IN,OWNER_OCCUPIED,2745880.77,153239.97
598,598,LOC000598,698 Main Street,,Ahmedabad,GJ,600599,US,TENANT_OCCUPIED,6832979.5,4016544.66
599,599,LOC000599,699 Main Street,,Jaipur,RJ,600600,IN,VACANT,12553442.63,4168528.27
600,600,LOC000600,700 Main Street,Suite 1,Kolkata,WB,600601,US,UNDER_CONSTRUCTION,18435510.16,486242.91
601,601,LOC000601,701 Main Street,,Chennai,TN,600602,IN,OWNER_OCCUPIED,16967445.02,1254416.55
602,602,LOC000602,702 Main Street,,Bengaluru,KA,600603,US,TENANT_OCCUPIED,11982990.12,2643614.59
603,603,LOC000603,703 Main Street,Suite 4,Mumbai,MH,600604,IN,VACANT,8217450.59,1585859.08
604,604,LOC000604,704 Main Street,,Hyderabad,TS,600605,US,UNDER_CONSTRUCTION,7120508.98,1698689.68
605,605,LOC000605,705 Main Street,,Vijayawada,AP,600606,IN,OWNER_OCCUPIED,3778587.81,2576892.26
606,606,LOC000606,706 Main Street,Suite 7,Kochi,KL,600607,US,TENANT_OCCUPIED,2723519.48,2574262.71
607,607,LOC000607,707 Main Street,,Delhi,DL,600608,IN,VACANT,18165493.27,1779407.56
608,608,LOC000608,708 Main Street,,Ahmedabad,GJ,600609,US,UNDER_CONSTRUCTION,14683892.56,4103795.58
609,609,LOC000609,709 Main Street,Suite 10,Jaipur,RJ,600610,IN,OWNER_OCCUPIED,16393221.61,1219530.8
610,610,LOC000610,710 Main Street,,Kolkata,WB,600611,US,TENANT_OCCUPIED,3355662.26,1026495.42
611,611,LOC000611,711 Main Street,,Chennai,TN,600612,IN,VACANT,12246780.21,3813065.71
612,612,LOC000612,712 Main Street,Suite 13,Bengaluru,KA,600613,US,UNDER_CONSTRUCTION,13282425.71,926873.34
613,613,LOC000613,713 Main Street,,Mumbai,MH,600614,IN,OWNER_OCCUPIED,15570537.74,2495879.27
614,614,LOC000614,714 Main Street,,Hyderabad,TS,600615,US,TENANT_OCCUPIED,15211693.59,3811391.89
615,615,LOC000615,715 Main Street,Suite 16,Vijayawada,AP,600616,IN,VACANT,9253652.51,4624563.58
616,616,LOC000616,716 Main Street,,Kochi,KL,600617,US,UNDER_CONSTRUCTION,11507589.78,3194726.68
617,617,LOC000617,717 Main Street,,Delhi,DL,600618,IN,OWNER_OCCUPIED,12678174.7,4328022.03
618,618,LOC000618,718 Main Street,Suite 19,Ahmedabad,GJ,600619,US,TENANT_OCCUPIED,12730739.43,797239.14
619,619,LOC000619,719 Main Street,,Jaipur,RJ,600620,IN,VACANT,1831582.04,2238929.92
620,620,LOC000620,720 Main Street,,Kolkata,WB,600621,US,UNDER_CONSTRUCTION,6404998.49,1409634.65
621,621,LOC000621,721 Main Street,Suite 22,Chennai,TN,600622,IN,OWNER_OCCUPIED,1595356.34,2561317.58
622,622,LOC000622,722 Main Street,,Bengaluru,KA,600623,US,TENANT_OCCUPIED,6552953.09,2286973.63
623,623,LOC000623,723 Main Street,,Mumbai,MH,600624,IN,VACANT,1609355.99,4166898.33
624,624,LOC000624,724 Main Street,Suite 25,Hyderabad,TS,600625,US,UNDER_CONSTRUCTION,1996254.52,4328037.67
625,625,LOC000625,725 Main Street,,Vijayawada,AP,600626,IN,OWNER_OCCUPIED,17178220.74,3094291.52
626,626,LOC000626,726 Main Street,,Kochi,KL,600627,US,TENANT_OCCUPIED,10387822.44,2340422.71
627,627,LOC000627,727 Main Street,Suite 28,Delhi,DL,600628,IN,VACANT,11309169.24,3969498.1
628,628,LOC000628,728 Main Street,,Ahmedabad,GJ,600629,US,UNDER_CONSTRUCTION,17969596.93,2276181.83
629,629,LOC000629,729 Main Street,,Jaipur,RJ,600630,IN,OWNER_OCCUPIED,16291410.4,3276595.4
630,630,LOC000630,730 Main Street,Suite 31,Kolkata,WB,600631,US,TENANT_OCCUPIED,6769771.88,2404363.69
631,631,LOC000631,731 Main Street,,Chennai,TN,600632,IN,VACANT,3441791.0,356274.82
632,632,LOC000632,732 Main Street,,Bengaluru,KA,600633,US,UNDER_CONSTRUCTION,2518286.61,4500677.83
633,633,LOC000633,733 Main Street,Suite 34,Mumbai,MH,600634,IN,OWNER_OCCUPIED,7197036.63,3585861.97
634,634,LOC000634,734 Main Street,,Hyderabad,TS,600635,US,TENANT_OCCUPIED,10338705.53,904166.61
635,635,LOC000635,735 Main Street,,Vijayawada,AP,600636,IN,VACANT,5331002.61,2216903.46
636,636,LOC000636,736 Main Street,Suite 37,Kochi,KL,600637,US,UNDER_CONSTRUCTION,9068724.94,2637602.77
637,637,LOC000637,737 Main Street,,Delhi,DL,600638,IN,OWNER_OCCUPIED,3595551.06,1895617.31
638,638,LOC000638,738 Main Street,,Ahmedabad,GJ,600639,US,TENANT_OCCUPIED,6016424.78,2073408.52
639,639,LOC000639,739 Main Street,Suite 40,Jaipur,RJ,600640,IN,VACANT,7098159.36,3009535.02
640,640,LOC000640,740 Main Street,,Kolkata,WB,600641,US,UNDER_CONSTRUCTION,15889925.17,3254161.52
641,641,LOC000641,741 Main Street,,Chennai,TN,600642,IN,OWNER_OCCUPIED,1785281.16,517804.44
642,642,LOC000642,742 Main Street,Suite 43,Bengaluru,KA,600643,US,TENANT_OCCUPIED,13728397.22,1456527.52
643,643,LOC000643,743 Main Street,,Mumbai,MH,600644,IN,VACANT,14612806.27,3299992.23
644,644,LOC000644,744 Main Street,,Hyderabad,TS,600645,US,UNDER_CONSTRUCTION,18173682.59,4372734.33
645,645,LOC000645,745 Main Street,Suite 46,Vijayawada,AP,600646,IN,OWNER_OCCUPIED,7000559.7,2934560.6
646,646,LOC000646,746 Main Street,,Kochi,KL,600647,US,TENANT_OCCUPIED,3257853.42,1781612.9
647,647,LOC000647,747 Main Street,,Delhi,DL,600648,IN,VACANT,19370081.9,3507475.82
648,648,LOC000648,748 Main Street,Suite 49,Ahmedabad,GJ,600649,US,UNDER_CONSTRUCTION,8143180.69,2995454.08
649,649,LOC000649,749 Main Street,,Jaipur,RJ,600650,IN,OWNER_OCCUPIED,18791042.89,1582430.34
650,650,LOC000650,750 Main Street,,Kolkata,WB,600651,US,TENANT_OCCUPIED,7845246.47,3968726.69
651,651,LOC000651,751 Main Street,Suite 2,Chennai,TN,600652,IN,VACANT,16357103.28,3367076.18
652,652,LOC000652,752 Main Street,,Bengaluru,KA,600653,US,UNDER_CONSTRUCTION,16664699.97,3706934.63
653,653,LOC000653,753 Main Street,,Mumbai,MH,600654,IN,OWNER_OCCUPIED,13865581.59,2655647.03
654,654,LOC000654,754 Main Street,Suite 5,Hyderabad,TS,600655,US,TENANT_OCCUPIED,13097484.0,2145861.51
655,655,LOC000655,755 Main Street,,Vijayawada,AP,600656,IN,VACANT,7555647.88,1844858.46
656,656,LOC000656,756 Main Street,,Kochi,KL,600657,US,UNDER_CONSTRUCTION,4015127.0,1110253.67
657,657,LOC000657,757 Main Street,Suite 8,Delhi,DL,600658,IN,OWNER_OCCUPIED,18979531.22,2457041.06
658,658,LOC000658,758 Main Street,,Ahmedabad,GJ,600659,US,TENANT_OCCUPIED,4917589.41,730948.5
659,659,LOC000659,759 Main Street,,Jaipur,RJ,600660,IN,VACANT,2004719.14,4229920.52
660,660,LOC000660,760 Main Street,Suite 11,Kolkata,WB,600661,US,UNDER_CONSTRUCTION,2472244.89,3865829.87
661,661,LOC000661,761 Main Street,,Chennai,TN,600662,IN,OWNER_OCCUPIED,16784836.62,4424226.72
662,662,LOC000662,762 Main Street,,Bengaluru,KA,600663,US,TENANT_OCCUPIED,1236076.1,1716983.64
663,663,LOC000663,763 Main Street,Suite 14,Mumbai,MH,600664,IN,VACANT,15442998.29,698692.76
664,664,LOC000664,764 Main Street,,Hyderabad,TS,600665,US,UNDER_CONSTRUCTION,7846037.48,853123.7
665,665,LOC000665,765 Main Street,,Vijayawada,AP,600666,IN,OWNER_OCCUPIED,16711228.61,3866934.18
666,666,LOC000666,766 Main Street,Suite 17,Kochi,KL,600667,US,TENANT_OCCUPIED,16276352.53,869418.87
667,667,LOC000667,767 Main Street,,Delhi,DL,600668,IN,VACANT,9034631.4,2083750.13
668,668,LOC000668,768 Main Street,,Ahmedabad,GJ,600669,US,UNDER_CONSTRUCTION,13689076.98,1225774.5
669,669,LOC000669,769 Main Street,Suite 20,Jaipur,RJ,600670,IN,OWNER_OCCUPIED,9161874.84,1460393.27
670,670,LOC000670,770 Main Street,,Kolkata,WB,600671,US,TENANT_OCCUPIED,15096462.1,2272193.42
671,671,LOC000671,771 Main Street,,Chennai,TN,600672,IN,VACANT,10913217.42,1581866.09
672,672,LOC000672,772 Main Street,Suite 23,Bengaluru,KA,600673,US,UNDER_CONSTRUCTION,16268165.49,2371627.24
673,673,LOC000673,773 Main Street,,Mumbai,MH,600674,IN,OWNER_OCCUPIED,16784711.16,1870812.74
674,674,LOC000674,774 Main Street,,Hyderabad,TS,600675,US,TENANT_OCCUPIED,18969038.32,4922976.98
675,675,LOC000675,775 Main Street,Suite 26,Vijayawada,AP,600676,IN,VACANT,9502759.58,1444770.08
676,676,LOC000676,776 Main Street,,Kochi,KL,600677,US,UNDER_CONSTRUCTION,7946512.47,2660925.95
677,677,LOC000677,777 Main Street,,Delhi,DL,600678,IN,OWNER_OCCUPIED,19342228.99,4093611.64
678,678,LOC000678,778 Main Street,Suite 29,Ahmedabad,GJ,600679,US,TENANT_OCCUPIED,16124554.87,735072.75
679,679,LOC000679,779 Main Street,,Jaipur,RJ,600680,IN,VACANT,5375062.63,3223836.23
680,680,LOC000680,780 Main Street,,Kolkata,WB,600681,US,UNDER_CONSTRUCTION,17545280.43,2794976.69
681,681,LOC000681,781 Main Street,Suite 32,Chennai,TN,600682,IN,OWNER_OCCUPIED,2500499.77,4237166.77
682,682,LOC000682,782 Main Street,,Bengaluru,KA,600683,US,TENANT_OCCUPIED,17097737.94,1461061.92
683,683,LOC000683,783 Main Street,,Mumbai,MH,600684,IN,VACANT,15380778.19,1400316.93
684,684,LOC000684,784 Main Street,Suite 35,Hyderabad,TS,600685,US,UNDER_CONSTRUCTION,18153471.08,779375.85
685,685,LOC000685,785 Main Street,,Vijayawada,AP,600686,IN,OWNER_OCCUPIED,9030714.92,4734745.65
686,686,LOC000686,786 Main Street,,Kochi,KL,600687,US,TENANT_OCCUPIED,4829741.13,2283083.55
687,687,LOC000687,787 Main Street,Suite 38,Delhi,DL,600688,IN,VACANT,7316909.02,182017.44
688,688,LOC000688,788 Main Street,,Ahmedabad,GJ,600689,US,UNDER_CONSTRUCTION,1538509.3,2534935.22
689,689,LOC000689,789 Main Street,,Jaipur,RJ,600690,IN,OWNER_OCCUPIED,5097672.44,4972900.49
690,690,LOC000690,790 Main Street,Suite 41,Kolkata,WB,600691,US,TENANT_OCCUPIED,7810797.13,189528.35
691,691,LOC000691,791 Main Street,,Chennai,TN,600692,IN,VACANT,18651105.14,4203922.62
692,692,LOC000692,792 Main Street,,Bengaluru,KA,600693,US,UNDER_CONSTRUCTION,13174233.34,3967334.16
693,693,LOC000693,793 Main Street,Suite 44,Mumbai,MH,600694,IN,OWNER_OCCUPIED,3183191.96,1470053.02
694,694,LOC000694,794 Main Street,,Hyderabad,TS,600695,US,TENANT_OCCUPIED,16680350.87,3495556.34
695,695,LOC000695,795 Main Street,,Vijayawada,AP,600696,IN,VACANT,3206457.49,3542404.07
696,696,LOC000696,796 Main Street,Suite 47,Kochi,KL,600697,US,UNDER_CONSTRUCTION,9247728.74,75993.43
697,697,LOC000697,797 Main Street,,Delhi,DL,600698,IN,OWNER_OCCUPIED,2044902.54,1316823.45
698,698,LOC000698,798 Main Street,,Ahmedabad,GJ,600699,US,TENANT_OCCUPIED,16781780.44,2766581.01
699,699,LOC000699,799 Main Street,Suite 50,Jaipur,RJ,600700,IN,VACANT,14681078.31,2662468.95
700,700,LOC000700,800 Main Street,,Kolkata,WB,600701,US,UNDER_CONSTRUCTION,2668143.78,1476102.81
701,701,LOC000701,801 Main Street,,Chennai,TN,600702,IN,OWNER_OCCUPIED,6372448.29,286359.76
702,702,LOC000702,802 Main Street,Suite 3,Bengaluru,KA,600703,US,TENANT_OCCUPIED,8686598.1,3979800.59
703,703,LOC000703,803 Main Street,,Mumbai,MH,600704,IN,VACANT,9413715.52,598746.58
704,704,LOC000704,804 Main Street,,Hyderabad,TS,600705,US,UNDER_CONSTRUCTION,18150364.27,3003858.26
705,705,LOC000705,805 Main Street,Suite 6,Vijayawada,AP,600706,IN,OWNER_OCCUPIED,820489.37,2601109.86
706,706,LOC000706,806 Main Street,,Kochi,KL,600707,US,TENANT_OCCUPIED,5217793.62,760705.36
707,707,LOC000707,807 Main Street,,Delhi,DL,600708,IN,VACANT,8870158.42,3093307.43
708,708,LOC000708,808 Main Street,Suite 9,Ahmedabad,GJ,600709,US,UNDER_CONSTRUCTION,5191002.66,2112009.6
709,709,LOC000709,809 Main Street,,Jaipur,RJ,600710,IN,OWNER_OCCUPIED,13455240.38,473789.08
710,710,LOC000710,810 Main Street,,Kolkata,WB,600711,US,TENANT_OCCUPIED,19505762.57,385012.65
711,711,LOC000711,811 Main Street,Suite 12,Chennai,TN,600712,IN,VACANT,10758159.18,2561272.1
712,712,LOC000712,812 Main Street,,Bengaluru,KA,600713,US,UNDER_CONSTRUCTION,19772463.97,2793052.16
713,713,LOC000713,813 Main Street,,Mumbai,MH,600714,IN,OWNER_OCCUPIED,8113847.78,2377168.64
714,714,LOC000714,814 Main Street,Suite 15,Hyderabad,TS,600715,US,TENANT_OCCUPIED,12895580.43,4906145.14
715,715,LOC000715,815 Main Street,,Vijayawada,AP,600716,IN,VACANT,5446180.09,130399.04
716,716,LOC000716,816 Main Street,,Kochi,KL,600717,US,UNDER_CONSTRUCTION,15876140.32,1756772.34
717,717,LOC000717,817 Main Street,Suite 18,Delhi,DL,600718,IN,OWNER_OCCUPIED,14792349.92,3159871.96
718,718,LOC000718,818 Main Street,,Ahmedabad,GJ,600719,US,TENANT_OCCUPIED,15544276.8,3689175.57
719,719,LOC000719,819 Main Street,,Jaipur,RJ,600720,IN,VACANT,6984112.86,269461.66
720,720,LOC000720,820 Main Street,Suite 21,Kolkata,WB,600721,US,UNDER_CONSTRUCTION,11147268.03,4076868.88
721,721,LOC000721,821 Main Street,,Chennai,TN,600722,IN,OWNER_OCCUPIED,3914237.98,3906755.84
722,722,LOC000722,822 Main Street,,Bengaluru,KA,600723,US,TENANT_OCCUPIED,9560146.55,3492176.8
723,723,LOC000723,823 Main Street,Suite 24,Mumbai,MH,600724,IN,VACANT,12818849.03,4066913.53
724,724,LOC000724,824 Main Street,,Hyderabad,TS,600725,US,UNDER_CONSTRUCTION,1730460.47,3892142.48
725,725,LOC000725,825 Main Street,,Vijayawada,AP,600726,IN,OWNER_OCCUPIED,9424751.76,1502540.73
726,726,LOC000726,826 Main Street,Suite 27,Kochi,KL,600727,US,TENANT_OCCUPIED,1354222.38,1037375.68
727,727,LOC000727,827 Main Street,,Delhi,DL,600728,IN,VACANT,1317165.87,4670186.35
728,728,LOC000728,828 Main Street,,Ahmedabad,GJ,600729,US,UNDER_CONSTRUCTION,10549979.99,4946157.38
729,729,LOC000729,829 Main Street,Suite 30,Jaipur,RJ,600730,IN,OWNER_OCCUPIED,11089098.6,1303903.14
730,730,LOC000730,830 Main Street,,Kolkata,WB,600731,US,TENANT_OCCUPIED,15189172.92,995961.98
731,731,LOC000731,831 Main Street,,Chennai,TN,600732,IN,VACANT,7460996.43,3915165.76
732,732,LOC000732,832 Main Street,Suite 33,Bengaluru,KA,600733,US,UNDER_CONSTRUCTION,17383066.4,1693027.2
733,733,LOC000733,833 Main Street,,Mumbai,MH,600734,IN,OWNER_OCCUPIED,2927262.66,1871694.91
734,734,LOC000734,834 Main Street,,Hyderabad,TS,600735,US,TENANT_OCCUPIED,17844987.08,3729373.14
735,735,LOC000735,835 Main Street,Suite 36,Vijayawada,AP,600736,IN,VACANT,17945431.15,1963891.6
736,736,LOC000736,836 Main Street,,Kochi,KL,600737,US,UNDER_CONSTRUCTION,19487609.89,2506205.97
737,737,LOC000737,837 Main Street,,Delhi,DL,600738,IN,OWNER_OCCUPIED,10201706.15,4625336.81
738,738,LOC000738,838 Main Street,Suite 39,Ahmedabad,GJ,600739,US,TENANT_OCCUPIED,10625879.14,4015683.03
739,739,LOC000739,839 Main Street,,Jaipur,RJ,600740,IN,VACANT,14678085.82,440688.68
740,740,LOC000740,840 Main Street,,Kolkata,WB,600741,US,UNDER_CONSTRUCTION,12247839.33,4120589.33
741,741,LOC000741,841 Main Street,Suite 42,Chennai,TN,600742,IN,OWNER_OCCUPIED,11136750.75,1639996.57
742,742,LOC000742,842 Main Street,,Bengaluru,KA,600743,US,TENANT_OCCUPIED,2061343.77,3321550.15
743,743,LOC000743,843 Main Street,,Mumbai,MH,600744,IN,VACANT,6476669.19,3032977.06
744,744,LOC000744,844 Main Street,Suite 45,Hyderabad,TS,600745,US,UNDER_CONSTRUCTION,8809263.42,3464335.8
745,745,LOC000745,845 Main Street,,Vijayawada,AP,600746,IN,OWNER_OCCUPIED,7355166.18,259658.06
746,746,LOC000746,846 Main Street,,Kochi,KL,600747,US,TENANT_OCCUPIED,17465724.91,1795168.59
747,747,LOC000747,847 Main Street,Suite 48,Delhi,DL,600748,IN,VACANT,19963936.66,1409049.03
748,748,LOC000748,848 Main Street,,Ahmedabad,GJ,600749,US,UNDER_CONSTRUCTION,19610531.94,4742126.67
749,749,LOC000749,849 Main Street,,Jaipur,RJ,600750,IN,OWNER_OCCUPIED,1963302.72,3205687.06
750,750,LOC000750,850 Main Street,Suite 1,Kolkata,WB,600751,US,TENANT_OCCUPIED,7584567.05,4015425.08
751,751,LOC000751,851 Main Street,,Chennai,TN,600752,IN,VACANT,13748506.85,4766307.51
752,752,LOC000752,852 Main Street,,Bengaluru,KA,600753,US,UNDER_CONSTRUCTION,3284199.63,3057485.87
753,753,LOC000753,853 Main Street,Suite 4,Mumbai,MH,600754,IN,OWNER_OCCUPIED,15735583.41,222254.88
754,754,LOC000754,854 Main Street,,Hyderabad,TS,600755,US,TENANT_OCCUPIED,1811050.58,3903651.1
755,755,LOC000755,855 Main Street,,Vijayawada,AP,600756,IN,VACANT,7643405.23,1945129.29
756,756,LOC000756,856 Main Street,Suite 7,Kochi,KL,600757,US,UNDER_CONSTRUCTION,11561270.51,3045219.4
757,757,LOC000757,857 Main Street,,Delhi,DL,600758,IN,OWNER_OCCUPIED,13741710.11,4746676.47
758,758,LOC000758,858 Main Street,,Ahmedabad,GJ,600759,US,TENANT_OCCUPIED,7754260.88,3827268.14
759,759,LOC000759,859 Main Street,Suite 10,Jaipur,RJ,600760,IN,VACANT,11691474.68,2670826.41
760,760,LOC000760,860 Main Street,,Kolkata,WB,600761,US,UNDER_CONSTRUCTION,8261663.9,3265325.65
761,761,LOC000761,861 Main Street,,Chennai,TN,600762,IN,OWNER_OCCUPIED,5367427.24,611570.63
762,762,LOC000762,862 Main Street,Suite 13,Bengaluru,KA,600763,US,TENANT_OCCUPIED,14845659.76,2520267.6
763,763,LOC000763,863 Main Street,,Mumbai,MH,600764,IN,VACANT,8046253.91,2830279.92
764,764,LOC000764,864 Main Street,,Hyderabad,TS,600765,US,UNDER_CONSTRUCTION,5604645.19,1338434.37
765,765,LOC000765,865 Main Street,Suite 16,Vijayawada,AP,600766,IN,OWNER_OCCUPIED,9202325.69,4982007.31
766,766,LOC000766,866 Main Street,,Kochi,KL,600767,US,TENANT_OCCUPIED,6068749.12,4586570.6
767,767,LOC000767,867 Main Street,,Delhi,DL,600768,IN,VACANT,10078403.81,657055.24
768,768,LOC000768,868 Main Street,Suite 19,Ahmedabad,GJ,600769,US,UNDER_CONSTRUCTION,17130112.66,2287611.29
769,769,LOC000769,869 Main Street,,Jaipur,RJ,600770,IN,OWNER_OCCUPIED,18024241.1,2253300.4
770,770,LOC000770,870 Main Street,,Kolkata,WB,600771,US,TENANT_OCCUPIED,2211919.45,3425549.84
771,771,LOC000771,871 Main Street,Suite 22,Chennai,TN,600772,IN,VACANT,16987663.77,1631959.47
772,772,LOC000772,872 Main Street,,Bengaluru,KA,600773,US,UNDER_CONSTRUCTION,7274793.25,371448.44
773,773,LOC000773,873 Main Street,,Mumbai,MH,600774,IN,OWNER_OCCUPIED,11072341.54,4462091.83
774,774,LOC000774,874 Main Street,Suite 25,Hyderabad,TS,600775,US,TENANT_OCCUPIED,17101559.99,3573455.06
775,775,LOC000775,875 Main Street,,Vijayawada,AP,600776,IN,VACANT,18582826.91,3206615.11
776,776,LOC000776,876 Main Street,,Kochi,KL,600777,US,UNDER_CONSTRUCTION,15977079.48,2568340.94
777,777,LOC000777,877 Main Street,Suite 28,Delhi,DL,600778,IN,OWNER_OCCUPIED,2866567.87,1044852.84
778,778,LOC000778,878 Main Street,,Ahmedabad,GJ,600779,US,TENANT_OCCUPIED,3208099.0,3962346.65
779,779,LOC000779,879 Main Street,,Jaipur,RJ,600780,IN,VACANT,1012538.52,2792406.11
780,780,LOC000780,880 Main Street,Suite 31,Kolkata,WB,600781,US,UNDER_CONSTRUCTION,7693767.73,4028125.55
781,781,LOC000781,881 Main Street,,Chennai,TN,600782,IN,OWNER_OCCUPIED,11257115.21,3079144.39
782,782,LOC000782,882 Main Street,,Bengaluru,KA,600783,US,TENANT_OCCUPIED,2181201.89,1580989.05
783,783,LOC000783,883 Main Street,Suite 34,Mumbai,MH,600784,IN,VACANT,19992103.36,3608404.82
784,784,LOC000784,884 Main Street,,Hyderabad,TS,600785,US,UNDER_CONSTRUCTION,10751065.27,3857364.52
785,785,LOC000785,885 Main Street,,Vijayawada,AP,600786,IN,OWNER_OCCUPIED,16555118.29,415066.03
786,786,LOC000786,886 Main Street,Suite 37,Kochi,KL,600787,US,TENANT_OCCUPIED,19461404.76,3229576.02
787,787,LOC000787,887 Main Street,,Delhi,DL,600788,IN,VACANT,9274502.67,3416539.5
788,788,LOC000788,888 Main Street,,Ahmedabad,GJ,600789,US,UNDER_CONSTRUCTION,7218038.22,4395902.75
789,789,LOC000789,889 Main Street,Suite 40,Jaipur,RJ,600790,IN,OWNER_OCCUPIED,15715127.11,3216979.95
790,790,LOC000790,890 Main Street,,Kolkata,WB,600791,US,TENANT_OCCUPIED,4048281.16,4833009.84
791,791,LOC000791,891 Main Street,,Chennai,TN,600792,IN,VACANT,8936056.59,4558025.74
792,792,LOC000792,892 Main Street,Suite 43,Bengaluru,KA,600793,US,UNDER_CONSTRUCTION,1580550.58,664597.55
793,793,LOC000793,893 Main Street,,Mumbai,MH,600794,IN,OWNER_OCCUPIED,3483801.6,865052.55
794,794,LOC000794,894 Main Street,,Hyderabad,TS,600795,US,TENANT_OCCUPIED,6791884.65,3561194.06
795,795,LOC000795,895 Main Street,Suite 46,Vijayawada,AP,600796,IN,VACANT,7247450.11,4707475.07
796,796,LOC000796,896 Main Street,,Kochi,KL,600797,US,UNDER_CONSTRUCTION,17951055.38,4237371.85
797,797,LOC000797,897 Main Street,,Delhi,DL,600798,IN,OWNER_OCCUPIED,5386803.53,3193532.6
798,798,LOC000798,898 Main Street,Suite 49,Ahmedabad,GJ,600799,US,TENANT_OCCUPIED,11241407.6,669592.96
799,799,LOC000799,899 Main Street,,Jaipur,RJ,600800,IN,VACANT,6405079.82,2690716.25
800,800,LOC000800,900 Main Street,,Kolkata,WB,600801,US,UNDER_CONSTRUCTION,10300176.32,884747.71
801,801,LOC000801,901 Main Street,Suite 2,Chennai,TN,600802,IN,OWNER_OCCUPIED,18861336.26,813261.62
802,802,LOC000802,902 Main Street,,Bengaluru,KA,600803,US,TENANT_OCCUPIED,13345291.03,3617132.2
803,803,LOC000803,903 Main Street,,Mumbai,MH,600804,IN,VACANT,12300208.7,4220523.52
804,804,LOC000804,904 Main Street,Suite 5,Hyderabad,TS,600805,US,UNDER_CONSTRUCTION,11490551.67,4134919.52
805,805,LOC000805,905 Main Street,,Vijayawada,AP,600806,IN,OWNER_OCCUPIED,1053283.01,275035.93
806,806,LOC000806,906 Main Street,,Kochi,KL,600807,US,TENANT_OCCUPIED,13008347.81,2905017.6
807,807,LOC000807,907 Main Street,Suite 8,Delhi,DL,600808,IN,VACANT,13197034.56,3846447.05
808,808,LOC000808,908 Main Street,,Ahmedabad,GJ,600809,US,UNDER_CONSTRUCTION,8623442.28,3213006.4
809,809,LOC000809,909 Main Street,,Jaipur,RJ,600810,IN,OWNER_OCCUPIED,10211742.17,3154461.85
810,810,LOC000810,910 Main Street,Suite 11,Kolkata,WB,600811,US,TENANT_OCCUPIED,6148597.31,4785418.34
811,811,LOC000811,911 Main Street,,Chennai,TN,600812,IN,VACANT,9917423.95,4033206.36
812,812,LOC000812,912 Main Street,,Bengaluru,KA,600813,US,UNDER_CONSTRUCTION,13857321.4,1522297.66
813,813,LOC000813,913 Main Street,Suite 14,Mumbai,MH,600814,IN,OWNER_OCCUPIED,1922974.0,346569.51
814,814,LOC000814,914 Main Street,,Hyderabad,TS,600815,US,TENANT_OCCUPIED,9072307.25,2447043.09
815,815,LOC000815,915 Main Street,,Vijayawada,AP,600816,IN,VACANT,4478448.76,3052968.3
816,816,LOC000816,916 Main Street,Suite 17,Kochi,KL,600817,US,UNDER_CONSTRUCTION,6595358.74,3605896.28
817,817,LOC000817,917 Main Street,,Delhi,DL,600818,IN,OWNER_OCCUPIED,14816895.22,4310847.96
818,818,LOC000818,918 Main Street,,Ahmedabad,GJ,600819,US,TENANT_OCCUPIED,19519795.49,697292.45
819,819,LOC000819,919 Main Street,Suite 20,Jaipur,RJ,600820,IN,VACANT,7725533.86,2830173.52
820,820,LOC000820,920 Main Street,,Kolkata,WB,600821,US,UNDER_CONSTRUCTION,6722759.78,2359039.21
821,821,LOC000821,921 Main Street,,Chennai,TN,600822,IN,OWNER_OCCUPIED,5715697.65,1277198.47
822,822,LOC000822,922 Main Street,Suite 23,Bengaluru,KA,600823,US,TENANT_OCCUPIED,2387827.22,1486549.42
823,823,LOC000823,923 Main Street,,Mumbai,MH,600824,IN,VACANT,7990921.75,3096118.35
824,824,LOC000824,924 Main Street,,Hyderabad,TS,600825,US,UNDER_CONSTRUCTION,5341270.47,4333272.13
825,825,LOC000825,925 Main Street,Suite 26,Vijayawada,AP,600826,IN,OWNER_OCCUPIED,3614143.41,1670807.31
826,826,LOC000826,926 Main Street,,Kochi,KL,600827,US,TENANT_OCCUPIED,11764897.24,1597938.86
827,827,LOC000827,927 Main Street,,Delhi,DL,600828,IN,VACANT,15380866.82,2516414.43
828,828,LOC000828,928 Main Street,Suite 29,Ahmedabad,GJ,600829,US,UNDER_CONSTRUCTION,10537134.37,2518860.56
829,829,LOC000829,929 Main Street,,Jaipur,RJ,600830,IN,OWNER_OCCUPIED,6516539.4,164722.68
830,830,LOC000830,930 Main Street,,Kolkata,WB,600831,US,TENANT_OCCUPIED,18932039.68,2551950.09
831,831,LOC000831,931 Main Street,Suite 32,Chennai,TN,600832,IN,VACANT,19350389.3,1114964.89
832,832,LOC000832,932 Main Street,,Bengaluru,KA,600833,US,UNDER_CONSTRUCTION,7381454.23,300175.0
833,833,LOC000833,933 Main Street,,Mumbai,MH,600834,IN,OWNER_OCCUPIED,10150436.97,4417580.41
834,834,LOC000834,934 Main Street,Suite 35,Hyderabad,TS,600835,US,TENANT_OCCUPIED,13258070.72,2379404.92
835,835,LOC000835,935 Main Street,,Vijayawada,AP,600836,IN,VACANT,10965469.61,4243503.21
836,836,LOC000836,936 Main Street,,Kochi,KL,600837,US,UNDER_CONSTRUCTION,8903091.5,4418155.87
837,837,LOC000837,937 Main Street,Suite 38,Delhi,DL,600838,IN,OWNER_OCCUPIED,14686407.24,3831090.98
838,838,LOC000838,938 Main Street,,Ahmedabad,GJ,600839,US,TENANT_OCCUPIED,7635778.37,2032879.02
839,839,LOC000839,939 Main Street,,Jaipur,RJ,600840,IN,VACANT,11620492.06,1013543.74
840,840,LOC000840,940 Main Street,Suite 41,Kolkata,WB,600841,US,UNDER_CONSTRUCTION,11287847.07,413982.16
841,841,LOC000841,941 Main Street,,Chennai,TN,600842,IN,OWNER_OCCUPIED,10332982.82,3833800.37
842,842,LOC000842,942 Main Street,,Bengaluru,KA,600843,US,TENANT_OCCUPIED,5954553.21,4945998.97
843,843,LOC000843,943 Main Street,Suite 44,Mumbai,MH,600844,IN,VACANT,13767773.48,638114.55
844,844,LOC000844,944 Main Street,,Hyderabad,TS,600845,US,UNDER_CONSTRUCTION,19514114.9,1999823.38
845,845,LOC000845,945 Main Street,,Vijayawada,AP,600846,IN,OWNER_OCCUPIED,16000495.95,1728472.23
846,846,LOC000846,946 Main Street,Suite 47,Kochi,KL,600847,US,TENANT_OCCUPIED,18809497.06,3787077.6
847,847,LOC000847,947 Main Street,,Delhi,DL,600848,IN,VACANT,4381628.69,2570156.46
848,848,LOC000848,948 Main Street,,Ahmedabad,GJ,600849,US,UNDER_CONSTRUCTION,10251519.12,274251.59
849,849,LOC000849,949 Main Street,Suite 50,Jaipur,RJ,600850,IN,OWNER_OCCUPIED,3172209.28,1698551.49
850,850,LOC000850,950 Main Street,,Kolkata,WB,600851,US,TENANT_OCCUPIED,9738010.93,2312093.37
851,851,LOC000851,951 Main Street,,Chennai,TN,600852,IN,VACANT,12322080.19,2601753.37
852,852,LOC000852,952 Main Street,Suite 3,Bengaluru,KA,600853,US,UNDER_CONSTRUCTION,6895334.03,3084687.2
853,853,LOC000853,953 Main Street,,Mumbai,MH,600854,IN,OWNER_OCCUPIED,3668789.89,4953547.9
854,854,LOC000854,954 Main Street,,Hyderabad,TS,600855,US,TENANT_OCCUPIED,14916727.53,1531210.0
855,855,LOC000855,955 Main Street,Suite 6,Vijayawada,AP,600856,IN,VACANT,7059282.32,4150032.46
856,856,LOC000856,956 Main Street,,Kochi,KL,600857,US,UNDER_CONSTRUCTION,10880626.68,3558262.04
857,857,LOC000857,957 Main Street,,Delhi,DL,600858,IN,OWNER_OCCUPIED,6345916.01,4087956.72
858,858,LOC000858,958 Main Street,Suite 9,Ahmedabad,GJ,600859,US,TENANT_OCCUPIED,7682977.29,3385341.64
859,859,LOC000859,959 Main Street,,Jaipur,RJ,600860,IN,VACANT,19608011.61,2939325.6
860,860,LOC000860,960 Main Street,,Kolkata,WB,600861,US,UNDER_CONSTRUCTION,16036718.87,3640354.85
861,861,LOC000861,961 Main Street,Suite 12,Chennai,TN,600862,IN,OWNER_OCCUPIED,13916851.2,181903.42
862,862,LOC000862,962 Main Street,,Bengaluru,KA,600863,US,TENANT_OCCUPIED,9754509.17,4836999.95
863,863,LOC000863,963 Main Street,,Mumbai,MH,600864,IN,VACANT,15766627.83,3892002.02
864,864,LOC000864,964 Main Street,Suite 15,Hyderabad,TS,600865,US,UNDER_CONSTRUCTION,11763870.72,3620930.56
865,865,LOC000865,965 Main Street,,Vijayawada,AP,600866,IN,OWNER_OCCUPIED,11878703.9,894034.71
866,866,LOC000866,966 Main Street,,Kochi,KL,600867,US,TENANT_OCCUPIED,12765992.2,3117692.24
867,867,LOC000867,967 Main Street,Suite 18,Delhi,DL,600868,IN,VACANT,16902758.94,781489.76
868,868,LOC000868,968 Main Street,,Ahmedabad,GJ,600869,US,UNDER_CONSTRUCTION,13774174.45,206274.04
869,869,LOC000869,969 Main Street,,Jaipur,RJ,600870,IN,OWNER_OCCUPIED,18990000.83,593982.83
870,870,LOC000870,970 Main Street,Suite 21,Kolkata,WB,600871,US,TENANT_OCCUPIED,869278.67,1602777.79
871,871,LOC000871,971 Main Street,,Chennai,TN,600872,IN,VACANT,3452909.53,3467976.29
872,872,LOC000872,972 Main Street,,Bengaluru,KA,600873,US,UNDER_CONSTRUCTION,8502359.48,3886112.89
873,873,LOC000873,973 Main Street,Suite 24,Mumbai,MH,600874,IN,OWNER_OCCUPIED,18450158.52,4370447.66
874,874,LOC000874,974 Main Street,,Hyderabad,TS,600875,US,TENANT_OCCUPIED,14848826.79,358292.37
875,875,LOC000875,975 Main Street,,Vijayawada,AP,600876,IN,VACANT,3192608.47,1076341.44
876,876,LOC000876,976 Main Street,Suite 27,Kochi,KL,600877,US,UNDER_CONSTRUCTION,6838465.92,3328022.66
877,877,LOC000877,977 Main Street,,Delhi,DL,600878,IN,OWNER_OCCUPIED,10746804.45,1603075.36
878,878,LOC000878,978 Main Street,,Ahmedabad,GJ,600879,US,TENANT_OCCUPIED,3877057.27,4565014.6
879,879,LOC000879,979 Main Street,Suite 30,Jaipur,RJ,600880,IN,VACANT,7175376.84,1803720.59
880,880,LOC000880,980 Main Street,,Kolkata,WB,600881,US,UNDER_CONSTRUCTION,15553800.79,3618576.58
881,881,LOC000881,981 Main Street,,Chennai,TN,600882,IN,OWNER_OCCUPIED,13044527.45,3481900.88
882,882,LOC000882,982 Main Street,Suite 33,Bengaluru,KA,600883,US,TENANT_OCCUPIED,12396493.31,1001707.64
883,883,LOC000883,983 Main Street,,Mumbai,MH,600884,IN,VACANT,5307123.14,2812528.92
884,884,LOC000884,984 Main Street,,Hyderabad,TS,600885,US,UNDER_CONSTRUCTION,4884907.24,4865907.61
885,885,LOC000885,985 Main Street,Suite 36,Vijayawada,AP,600886,IN,OWNER_OCCUPIED,6303484.02,1480570.48
886,886,LOC000886,986 Main Street,,Kochi,KL,600887,US,TENANT_OCCUPIED,4541917.0,3539691.89
887,887,LOC000887,987 Main Street,,Delhi,DL,600888,IN,VACANT,6682294.53,1776575.71
888,888,LOC000888,988 Main Street,Suite 39,Ahmedabad,GJ,600889,US,UNDER_CONSTRUCTION,18707157.31,3987256.51
889,889,LOC000889,989 Main Street,,Jaipur,RJ,600890,IN,OWNER_OCCUPIED,5832421.97,653276.82
890,890,LOC000890,990 Main Street,,Kolkata,WB,600891,US,TENANT_OCCUPIED,13694133.79,1929486.22
891,891,LOC000891,991 Main Street,Suite 42,Chennai,TN,600892,IN,VACANT,19613130.48,4100968.43
892,892,LOC000892,992 Main Street,,Bengaluru,KA,600893,US,UNDER_CONSTRUCTION,19114872.84,4032848.38
893,893,LOC000893,993 Main Street,,Mumbai,MH,600894,IN,OWNER_OCCUPIED,6163826.71,1473770.19
894,894,LOC000894,994 Main Street,Suite 45,Hyderabad,TS,600895,US,TENANT_OCCUPIED,14425755.11,1764499.39
895,895,LOC000895,995 Main Street,,Vijayawada,AP,600896,IN,VACANT,9126334.18,1319397.68
896,896,LOC000896,996 Main Street,,Kochi,KL,600897,US,UNDER_CONSTRUCTION,9842045.63,1050236.64
897,897,LOC000897,997 Main Street,Suite 48,Delhi,DL,600898,IN,OWNER_OCCUPIED,11002269.51,4668468.47
898,898,LOC000898,998 Main Street,,Ahmedabad,GJ,600899,US,TENANT_OCCUPIED,14075340.36,729501.13
899,899,LOC000899,999 Main Street,,Jaipur,RJ,600900,IN,VACANT,12505702.17,2954810.97
900,900,LOC000900,100 Main Street,Suite 1,Kolkata,WB,600901,US,UNDER_CONSTRUCTION,5227931.75,3365678.13
901,901,LOC000901,101 Main Street,,Chennai,TN,600902,IN,OWNER_OCCUPIED,10855309.05,3207825.64
902,902,LOC000902,102 Main Street,,Bengaluru,KA,600903,US,TENANT_OCCUPIED,1523576.58,2095841.76
903,903,LOC000903,103 Main Street,Suite 4,Mumbai,MH,600904,IN,VACANT,14488482.1,547697.28
904,904,LOC000904,104 Main Street,,Hyderabad,TS,600905,US,UNDER_CONSTRUCTION,15529938.13,75648.16
905,905,LOC000905,105 Main Street,,Vijayawada,AP,600906,IN,OWNER_OCCUPIED,11231875.03,4649043.42
906,906,LOC000906,106 Main Street,Suite 7,Kochi,KL,600907,US,TENANT_OCCUPIED,8434695.31,4678408.89
907,907,LOC000907,107 Main Street,,Delhi,DL,600908,IN,VACANT,17628792.62,2413370.18
908,908,LOC000908,108 Main Street,,Ahmedabad,GJ,600909,US,UNDER_CONSTRUCTION,4389391.51,4821374.49
909,909,LOC000909,109 Main Street,Suite 10,Jaipur,RJ,600910,IN,OWNER_OCCUPIED,6762770.19,3247194.69
910,910,LOC000910,110 Main Street,,Kolkata,WB,600911,US,TENANT_OCCUPIED,18204770.7,492830.57
911,911,LOC000911,111 Main Street,,Chennai,TN,600912,IN,VACANT,11695600.39,2699003.77
912,912,LOC000912,112 Main Street,Suite 13,Bengaluru,KA,600913,US,UNDER_CONSTRUCTION,14600794.73,4686513.43
913,913,LOC000913,113 Main Street,,Mumbai,MH,600914,IN,OWNER_OCCUPIED,18307979.65,916570.64
914,914,LOC000914,114 Main Street,,Hyderabad,TS,600915,US,TENANT_OCCUPIED,17703776.98,920154.1
915,915,LOC000915,115 Main Street,Suite 16,Vijayawada,AP,600916,IN,VACANT,18432878.83,4986000.43
916,916,LOC000916,116 Main Street,,Kochi,KL,600917,US,UNDER_CONSTRUCTION,8241394.2,2502150.29
917,917,LOC000917,117 Main Street,,Delhi,DL,600918,IN,OWNER_OCCUPIED,18763870.52,4812550.33
918,918,LOC000918,118 Main Street,Suite 19,Ahmedabad,GJ,600919,US,TENANT_OCCUPIED,18557774.11,4389878.68
919,919,LOC000919,119 Main Street,,Jaipur,RJ,600920,IN,VACANT,680709.79,2861411.25
920,920,LOC000920,120 Main Street,,Kolkata,WB,600921,US,UNDER_CONSTRUCTION,2592363.47,4915819.75
921,921,LOC000921,121 Main Street,Suite 22,Chennai,TN,600922,IN,OWNER_OCCUPIED,6048952.22,4946042.38
922,922,LOC000922,122 Main Street,,Bengaluru,KA,600923,US,TENANT_OCCUPIED,11094359.43,2494866.48
923,923,LOC000923,123 Main Street,,Mumbai,MH,600924,IN,VACANT,18801929.78,4262745.71
924,924,LOC000924,124 Main Street,Suite 25,Hyderabad,TS,600925,US,UNDER_CONSTRUCTION,9626405.0,1004416.42
925,925,LOC000925,125 Main Street,,Vijayawada,AP,600926,IN,OWNER_OCCUPIED,2696611.84,854346.6
926,926,LOC000926,126 Main Street,,Kochi,KL,600927,US,TENANT_OCCUPIED,9448832.19,1323461.16
927,927,LOC000927,127 Main Street,Suite 28,Delhi,DL,600928,IN,VACANT,4130881.85,3696258.58
928,928,LOC000928,128 Main Street,,Ahmedabad,GJ,600929,US,UNDER_CONSTRUCTION,15919969.46,2860517.05
929,929,LOC000929,129 Main Street,,Jaipur,RJ,600930,IN,OWNER_OCCUPIED,15267013.63,918699.82
930,930,LOC000930,130 Main Street,Suite 31,Kolkata,WB,600931,US,TENANT_OCCUPIED,17194856.83,4490361.67
931,931,LOC000931,131 Main Street,,Chennai,TN,600932,IN,VACANT,16626301.59,2600639.26
932,932,LOC000932,132 Main Street,,Bengaluru,KA,600933,US,UNDER_CONSTRUCTION,2191386.51,3362816.47
933,933,LOC000933,133 Main Street,Suite 34,Mumbai,MH,600934,IN,OWNER_OCCUPIED,4103233.42,746028.78
934,934,LOC000934,134 Main Street,,Hyderabad,TS,600935,US,TENANT_OCCUPIED,6810232.57,1277833.06
935,935,LOC000935,135 Main Street,,Vijayawada,AP,600936,IN,VACANT,5585312.9,1215830.2
936,936,LOC000936,136 Main Street,Suite 37,Kochi,KL,600937,US,UNDER_CONSTRUCTION,15198254.71,4772472.37
937,937,LOC000937,137 Main Street,,Delhi,DL,600938,IN,OWNER_OCCUPIED,6387943.87,3628268.52
938,938,LOC000938,138 Main Street,,Ahmedabad,GJ,600939,US,TENANT_OCCUPIED,722996.82,3285732.67
939,939,LOC000939,139 Main Street,Suite 40,Jaipur,RJ,600940,IN,VACANT,14008987.51,357515.44
940,940,LOC000940,140 Main Street,,Kolkata,WB,600941,US,UNDER_CONSTRUCTION,2805384.53,1568691.39
941,941,LOC000941,141 Main Street,,Chennai,TN,600942,IN,OWNER_OCCUPIED,8405623.95,2537476.33
942,942,LOC000942,142 Main Street,Suite 43,Bengaluru,KA,600943,US,TENANT_OCCUPIED,17954808.21,3532607.32
943,943,LOC000943,143 Main Street,,Mumbai,MH,600944,IN,VACANT,6564069.99,631207.94
944,944,LOC000944,144 Main Street,,Hyderabad,TS,600945,US,UNDER_CONSTRUCTION,18364542.52,1510436.12
945,945,LOC000945,145 Main Street,Suite 46,Vijayawada,AP,600946,IN,OWNER_OCCUPIED,12485196.24,1134686.57
946,946,LOC000946,146 Main Street,,Kochi,KL,600947,US,TENANT_OCCUPIED,3104591.25,808268.55
947,947,LOC000947,147 Main Street,,Delhi,DL,600948,IN,VACANT,15080829.32,3048407.79
948,948,LOC000948,148 Main Street,Suite 49,Ahmedabad,GJ,600949,US,UNDER_CONSTRUCTION,8608989.5,2768710.82
949,949,LOC000949,149 Main Street,,Jaipur,RJ,600950,IN,OWNER_OCCUPIED,9681147.5,2710712.55
950,950,LOC000950,150 Main Street,,Kolkata,WB,600951,US,TENANT_OCCUPIED,13449841.57,1131137.53
951,951,LOC000951,151 Main Street,Suite 2,Chennai,TN,600952,IN,VACANT,5325575.87,3785960.77
952,952,LOC000952,152 Main Street,,Bengaluru,KA,600953,US,UNDER_CONSTRUCTION,17526133.64,455258.02
953,953,LOC000953,153 Main Street,,Mumbai,MH,600954,IN,OWNER_OCCUPIED,9211585.56,3533642.32
954,954,LOC000954,154 Main Street,Suite 5,Hyderabad,TS,600955,US,TENANT_OCCUPIED,2023003.08,2842635.18
955,955,LOC000955,155 Main Street,,Vijayawada,AP,600956,IN,VACANT,1704281.93,2760863.78
956,956,LOC000956,156 Main Street,,Kochi,KL,600957,US,UNDER_CONSTRUCTION,10356997.59,2884873.29
957,957,LOC000957,157 Main Street,Suite 8,Delhi,DL,600958,IN,OWNER_OCCUPIED,3422121.44,1674182.31
958,958,LOC000958,158 Main Street,,Ahmedabad,GJ,600959,US,TENANT_OCCUPIED,10646660.05,625388.11
959,959,LOC000959,159 Main Street,,Jaipur,RJ,600960,IN,VACANT,4505328.97,2936581.01
960,960,LOC000960,160 Main Street,Suite 11,Kolkata,WB,600961,US,UNDER_CONSTRUCTION,2273362.07,2576358.0
961,961,LOC000961,161 Main Street,,Chennai,TN,600962,IN,OWNER_OCCUPIED,16269495.62,2294489.89
962,962,LOC000962,162 Main Street,,Bengaluru,KA,600963,US,TENANT_OCCUPIED,10508332.94,2311152.45
963,963,LOC000963,163 Main Street,Suite 14,Mumbai,MH,600964,IN,VACANT,1625867.23,2338772.61
964,964,LOC000964,164 Main Street,,Hyderabad,TS,600965,US,UNDER_CONSTRUCTION,16234849.37,3630236.4
965,965,LOC000965,165 Main Street,,Vijayawada,AP,600966,IN,OWNER_OCCUPIED,8220999.84,4091443.47
966,966,LOC000966,166 Main Street,Suite 17,Kochi,KL,600967,US,TENANT_OCCUPIED,15043187.42,2912640.76
967,967,LOC000967,167 Main Street,,Delhi,DL,600968,IN,VACANT,1383151.15,1755417.89
968,968,LOC000968,168 Main Street,,Ahmedabad,GJ,600969,US,UNDER_CONSTRUCTION,1743318.29,4970912.12
969,969,LOC000969,169 Main Street,Suite 20,Jaipur,RJ,600970,IN,OWNER_OCCUPIED,18724364.58,391644.77
970,970,LOC000970,170 Main Street,,Kolkata,WB,600971,US,TENANT_OCCUPIED,18708623.47,207087.61
971,971,LOC000971,171 Main Street,,Chennai,TN,600972,IN,VACANT,8472905.25,3856411.71
972,972,LOC000972,172 Main Street,Suite 23,Bengaluru,KA,600973,US,UNDER_CONSTRUCTION,15433639.82,4892749.76
973,973,LOC000973,173 Main Street,,Mumbai,MH,600974,IN,OWNER_OCCUPIED,13094675.95,2130791.6
974,974,LOC000974,174 Main Street,,Hyderabad,TS,600975,US,TENANT_OCCUPIED,19860703.67,1943274.11
975,975,LOC000975,175 Main Street,Suite 26,Vijayawada,AP,600976,IN,VACANT,17457595.56,4538498.19
976,976,LOC000976,176 Main Street,,Kochi,KL,600977,US,UNDER_CONSTRUCTION,7825087.91,3429515.25
977,977,LOC000977,177 Main Street,,Delhi,DL,600978,IN,OWNER_OCCUPIED,13404954.49,2719536.31
978,978,LOC000978,178 Main Street,Suite 29,Ahmedabad,GJ,600979,US,TENANT_OCCUPIED,13243914.92,1771460.94
979,979,LOC000979,179 Main Street,,Jaipur,RJ,600980,IN,VACANT,3980235.77,2709429.51
980,980,LOC000980,180 Main Street,,Kolkata,WB,600981,US,UNDER_CONSTRUCTION,10812429.52,3652897.8
981,981,LOC000981,181 Main Street,Suite 32,Chennai,TN,600982,IN,OWNER_OCCUPIED,4842459.21,67192.81
982,982,LOC000982,182 Main Street,,Bengaluru,KA,600983,US,TENANT_OCCUPIED,943338.88,1526896.79
983,983,LOC000983,183 Main Street,,Mumbai,MH,600984,IN,VACANT,13633247.23,2745004.43
984,984,LOC000984,184 Main Street,Suite 35,Hyderabad,TS,600985,US,UNDER_CONSTRUCTION,10872705.37,4125634.17
985,985,LOC000985,185 Main Street,,Vijayawada,AP,600986,IN,OWNER_OCCUPIED,5326484.75,1763490.69
986,986,LOC000986,186 Main Street,,Kochi,KL,600987,US,TENANT_OCCUPIED,5875169.69,4690181.29
987,987,LOC000987,187 Main Street,Suite 38,Delhi,DL,600988,IN,VACANT,14637966.95,608580.96
988,988,LOC000988,188 Main Street,,Ahmedabad,GJ,600989,US,UNDER_CONSTRUCTION,16284824.58,2125240.96
989,989,LOC000989,189 Main Street,,Jaipur,RJ,600990,IN,OWNER_OCCUPIED,15438042.62,4424595.28
990,990,LOC000990,190 Main Street,Suite 41,Kolkata,WB,600991,US,TENANT_OCCUPIED,805093.03,1070104.03
991,991,LOC000991,191 Main Street,,Chennai,TN,600992,IN,VACANT,2467485.91,216202.56
992,992,LOC000992,192 Main Street,,Bengaluru,KA,600993,US,UNDER_CONSTRUCTION,12156805.49,3531267.02
993,993,LOC000993,193 Main Street,Suite 44,Mumbai,MH,600994,IN,OWNER_OCCUPIED,1449188.26,3715678.34
994,994,LOC000994,194 Main Street,,Hyderabad,TS,600995,US,TENANT_OCCUPIED,8344174.34,1209979.43
995,995,LOC000995,195 Main Street,,Vijayawada,AP,600996,IN,VACANT,4736749.6,4325464.7
996,996,LOC000996,196 Main Street,Suite 47,Kochi,KL,600997,US,UNDER_CONSTRUCTION,1600658.68,2544284.45
997,997,LOC000997,197 Main Street,,Delhi,DL,600998,IN,OWNER_OCCUPIED,6140637.3,4088141.97
998,998,LOC000998,198 Main Street,,Ahmedabad,GJ,600999,US,TENANT_OCCUPIED,14764590.92,1628573.3
999,999,LOC000999,199 Main Street,Suite 50,Jaipur,RJ,601000,IN,VACANT,12159394.65,3379032.91
1000,1000,LOC001000,200 Main Street,,Kolkata,WB,601001,US,UNDER_CONSTRUCTION,6752969.75,1543733.95
1001,1001,LOC001001,201 Main Street,,Chennai,TN,601002,IN,OWNER_OCCUPIED,3293578.47,3318051.5
1002,1002,LOC001002,202 Main Street,Suite 3,Bengaluru,KA,601003,US,TENANT_OCCUPIED,4810333.44,1537479.72
1003,1003,LOC001003,203 Main Street,,Mumbai,MH,601004,IN,VACANT,1688673.92,4745175.26
1004,1004,LOC001004,204 Main Street,,Hyderabad,TS,601005,US,UNDER_CONSTRUCTION,17654420.87,4562309.44
1005,1005,LOC001005,205 Main Street,Suite 6,Vijayawada,AP,601006,IN,OWNER_OCCUPIED,12706866.18,2164642.88
1006,1006,LOC001006,206 Main Street,,Kochi,KL,601007,US,TENANT_OCCUPIED,10164605.36,4862836.66
1007,1007,LOC001007,207 Main Street,,Delhi,DL,601008,IN,VACANT,18860934.99,3373145.5
1008,1008,LOC001008,208 Main Street,Suite 9,Ahmedabad,GJ,601009,US,UNDER_CONSTRUCTION,15823189.62,1627735.56
1009,1009,LOC001009,209 Main Street,,Jaipur,RJ,601010,IN,OWNER_OCCUPIED,8618330.35,788627.16
1010,1010,LOC001010,210 Main Street,,Kolkata,WB,601011,US,TENANT_OCCUPIED,7840973.68,3784359.68
1011,1011,LOC001011,211 Main Street,Suite 12,Chennai,TN,601012,IN,VACANT,9733617.0,4254237.61
1012,1012,LOC001012,212 Main Street,,Bengaluru,KA,601013,US,UNDER_CONSTRUCTION,6364360.17,3552505.15
1013,1013,LOC001013,213 Main Street,,Mumbai,MH,601014,IN,OWNER_OCCUPIED,16212635.12,4577968.81
1014,1014,LOC001014,214 Main Street,Suite 15,Hyderabad,TS,601015,US,TENANT_OCCUPIED,11466526.02,4840541.63
1015,1015,LOC001015,215 Main Street,,Vijayawada,AP,601016,IN,VACANT,11367091.78,713759.12
1016,1016,LOC001016,216 Main Street,,Kochi,KL,601017,US,UNDER_CONSTRUCTION,5235741.06,1056516.83
1017,1017,LOC001017,217 Main Street,Suite 18,Delhi,DL,601018,IN,OWNER_OCCUPIED,13110764.11,4615019.22
1018,1018,LOC001018,218 Main Street,,Ahmedabad,GJ,601019,US,TENANT_OCCUPIED,17019101.03,507696.78
1019,1019,LOC001019,219 Main Street,,Jaipur,RJ,601020,IN,VACANT,14629401.89,992884.01
1020,1020,LOC001020,220 Main Street,Suite 21,Kolkata,WB,601021,US,UNDER_CONSTRUCTION,5735000.96,3384676.01
1021,1021,LOC001021,221 Main Street,,Chennai,TN,601022,IN,OWNER_OCCUPIED,12256979.88,4374421.27
1022,1022,LOC001022,222 Main Street,,Bengaluru,KA,601023,US,TENANT_OCCUPIED,4169184.23,3820397.27
1023,1023,LOC001023,223 Main Street,Suite 24,Mumbai,MH,601024,IN,VACANT,14623952.18,2816309.86
1024,1024,LOC001024,224 Main Street,,Hyderabad,TS,601025,US,UNDER_CONSTRUCTION,9848187.03,4353895.57
1025,1025,LOC001025,225 Main Street,,Vijayawada,AP,601026,IN,OWNER_OCCUPIED,6992804.06,4787247.81
1026,1026,LOC001026,226 Main Street,Suite 27,Kochi,KL,601027,US,TENANT_OCCUPIED,799007.27,4688940.83
1027,1027,LOC001027,227 Main Street,,Delhi,DL,601028,IN,VACANT,19260512.34,630715.19
1028,1028,LOC001028,228 Main Street,,Ahmedabad,GJ,601029,US,UNDER_CONSTRUCTION,19991654.14,2420658.34
1029,1029,LOC001029,229 Main Street,Suite 30,Jaipur,RJ,601030,IN,OWNER_OCCUPIED,5230567.05,3041787.59
1030,1030,LOC001030,230 Main Street,,Kolkata,WB,601031,US,TENANT_OCCUPIED,4488006.29,4579875.97
1031,1031,LOC001031,231 Main Street,,Chennai,TN,601032,IN,VACANT,11265546.2,3888793.72
1032,1032,LOC001032,232 Main Street,Suite 33,Bengaluru,KA,601033,US,UNDER_CONSTRUCTION,7922904.02,2691568.13
1033,1033,LOC001033,233 Main Street,,Mumbai,MH,601034,IN,OWNER_OCCUPIED,7505561.33,1344730.06
1034,1034,LOC001034,234 Main Street,,Hyderabad,TS,601035,US,TENANT_OCCUPIED,10499922.53,2511522.6
1035,1035,LOC001035,235 Main Street,Suite 36,Vijayawada,AP,601036,IN,VACANT,2422860.52,4907526.36
1036,1036,LOC001036,236 Main Street,,Kochi,KL,601037,US,UNDER_CONSTRUCTION,9655063.23,4206669.35
1037,1037,LOC001037,237 Main Street,,Delhi,DL,601038,IN,OWNER_OCCUPIED,18329444.73,1884989.36
1038,1038,LOC001038,238 Main Street,Suite 39,Ahmedabad,GJ,601039,US,TENANT_OCCUPIED,8571638.33,2834497.4
1039,1039,LOC001039,239 Main Street,,Jaipur,RJ,601040,IN,VACANT,4814844.92,772317.43
1040,1040,LOC001040,240 Main Street,,Kolkata,WB,601041,US,UNDER_CONSTRUCTION,5585095.14,4677053.34
1041,1041,LOC001041,241 Main Street,Suite 42,Chennai,TN,601042,IN,OWNER_OCCUPIED,11793287.06,2117011.46
1042,1042,LOC001042,242 Main Street,,Bengaluru,KA,601043,US,TENANT_OCCUPIED,3472022.5,1682833.17
1043,1043,LOC001043,243 Main Street,,Mumbai,MH,601044,IN,VACANT,7906875.61,4175145.44
1044,1044,LOC001044,244 Main Street,Suite 45,Hyderabad,TS,601045,US,UNDER_CONSTRUCTION,10236378.91,3290309.43
1045,1045,LOC001045,245 Main Street,,Vijayawada,AP,601046,IN,OWNER_OCCUPIED,13854508.94,1323767.45
1046,1046,LOC001046,246 Main Street,,Kochi,KL,601047,US,TENANT_OCCUPIED,16521042.82,4834215.92
1047,1047,LOC001047,247 Main Street,Suite 48,Delhi,DL,601048,IN,VACANT,13013041.86,2478448.13
1048,1048,LOC001048,248 Main Street,,Ahmedabad,GJ,601049,US,UNDER_CONSTRUCTION,3780556.1,3985128.8
1049,1049,LOC001049,249 Main Street,,Jaipur,RJ,601050,IN,OWNER_OCCUPIED,3800681.36,3615551.98
1050,1050,LOC001050,250 Main Street,Suite 1,Kolkata,WB,601051,US,TENANT_OCCUPIED,10022168.26,4588651.98
1051,1051,LOC001051,251 Main Street,,Chennai,TN,601052,IN,VACANT,11071668.68,3226956.84
1052,1052,LOC001052,252 Main Street,,Bengaluru,KA,601053,US,UNDER_CONSTRUCTION,1645275.01,217427.6
1053,1053,LOC001053,253 Main Street,Suite 4,Mumbai,MH,601054,IN,OWNER_OCCUPIED,17010598.97,4728681.15
1054,1054,LOC001054,254 Main Street,,Hyderabad,TS,601055,US,TENANT_OCCUPIED,13530203.1,3833477.28
1055,1055,LOC001055,255 Main Street,,Vijayawada,AP,601056,IN,VACANT,8541648.34,4220596.35
1056,1056,LOC001056,256 Main Street,Suite 7,Kochi,KL,601057,US,UNDER_CONSTRUCTION,5012951.15,3550489.34
1057,1057,LOC001057,257 Main Street,,Delhi,DL,601058,IN,OWNER_OCCUPIED,678258.5,2553377.95
1058,1058,LOC001058,258 Main Street,,Ahmedabad,GJ,601059,US,TENANT_OCCUPIED,7777413.51,3108284.42
1059,1059,LOC001059,259 Main Street,Suite 10,Jaipur,RJ,601060,IN,VACANT,13501717.23,3101770.84
1060,1060,LOC001060,260 Main Street,,Kolkata,WB,601061,US,UNDER_CONSTRUCTION,9922481.0,2464879.2
1061,1061,LOC001061,261 Main Street,,Chennai,TN,601062,IN,OWNER_OCCUPIED,628940.96,2780635.63
1062,1062,LOC001062,262 Main Street,Suite 13,Bengaluru,KA,601063,US,TENANT_OCCUPIED,731093.88,2670617.35
1063,1063,LOC001063,263 Main Street,,Mumbai,MH,601064,IN,VACANT,5857444.38,4888522.77
1064,1064,LOC001064,264 Main Street,,Hyderabad,TS,601065,US,UNDER_CONSTRUCTION,834280.65,4075128.24
1065,1065,LOC001065,265 Main Street,Suite 16,Vijayawada,AP,601066,IN,OWNER_OCCUPIED,13643642.57,4040530.11
1066,1066,LOC001066,266 Main Street,,Kochi,KL,601067,US,TENANT_OCCUPIED,18240580.64,579731.32
1067,1067,LOC001067,267 Main Street,,Delhi,DL,601068,IN,VACANT,2378120.86,787042.55
1068,1068,LOC001068,268 Main Street,Suite 19,Ahmedabad,GJ,601069,US,UNDER_CONSTRUCTION,4242675.11,2655957.13
1069,1069,LOC001069,269 Main Street,,Jaipur,RJ,601070,IN,OWNER_OCCUPIED,16396680.62,1373257.45
1070,1070,LOC001070,270 Main Street,,Kolkata,WB,601071,US,TENANT_OCCUPIED,8239480.24,1896605.34
1071,1071,LOC001071,271 Main Street,Suite 22,Chennai,TN,601072,IN,VACANT,8417534.49,2846760.8
1072,1072,LOC001072,272 Main Street,,Bengaluru,KA,601073,US,UNDER_CONSTRUCTION,19809544.12,1167993.4
1073,1073,LOC001073,273 Main Street,,Mumbai,MH,601074,IN,OWNER_OCCUPIED,13838811.7,4246942.16
1074,1074,LOC001074,274 Main Street,Suite 25,Hyderabad,TS,601075,US,TENANT_OCCUPIED,13247846.53,4298184.84
1075,1075,LOC001075,275 Main Street,,Vijayawada,AP,601076,IN,VACANT,15311924.08,512827.5
1076,1076,LOC001076,276 Main Street,,Kochi,KL,601077,US,UNDER_CONSTRUCTION,7895648.43,2785872.13
1077,1077,LOC001077,277 Main Street,Suite 28,Delhi,DL,601078,IN,OWNER_OCCUPIED,1594241.31,96778.35
1078,1078,LOC001078,278 Main Street,,Ahmedabad,GJ,601079,US,TENANT_OCCUPIED,3841979.72,2524299.05
1079,1079,LOC001079,279 Main Street,,Jaipur,RJ,601080,IN,VACANT,8961238.21,3932662.74
1080,1080,LOC001080,280 Main Street,Suite 31,Kolkata,WB,601081,US,UNDER_CONSTRUCTION,11534204.25,4296903.55
1081,1081,LOC001081,281 Main Street,,Chennai,TN,601082,IN,OWNER_OCCUPIED,2359555.79,2664387.97
1082,1082,LOC001082,282 Main Street,,Bengaluru,KA,601083,US,TENANT_OCCUPIED,1329759.27,1096514.43
1083,1083,LOC001083,283 Main Street,Suite 34,Mumbai,MH,601084,IN,VACANT,17428279.37,4443393.82
1084,1084,LOC001084,284 Main Street,,Hyderabad,TS,601085,US,UNDER_CONSTRUCTION,9772255.61,280481.76
1085,1085,LOC001085,285 Main Street,,Vijayawada,AP,601086,IN,OWNER_OCCUPIED,1949787.17,4631644.81
1086,1086,LOC001086,286 Main Street,Suite 37,Kochi,KL,601087,US,TENANT_OCCUPIED,18036577.19,2839373.83
1087,1087,LOC001087,287 Main Street,,Delhi,DL,601088,IN,VACANT,1141584.71,4647393.49
1088,1088,LOC001088,288 Main Street,,Ahmedabad,GJ,601089,US,UNDER_CONSTRUCTION,6632451.52,4809272.49
1089,1089,LOC001089,289 Main Street,Suite 40,Jaipur,RJ,601090,IN,OWNER_OCCUPIED,11947204.03,3773659.63
1090,1090,LOC001090,290 Main Street,,Kolkata,WB,601091,US,TENANT_OCCUPIED,14397872.3,2021565.3
1091,1091,LOC001091,291 Main Street,,Chennai,TN,601092,IN,VACANT,2000281.08,854128.74
1092,1092,LOC001092,292 Main Street,Suite 43,Bengaluru,KA,601093,US,UNDER_CONSTRUCTION,5189207.79,4181520.27
1093,1093,LOC001093,293 Main Street,,Mumbai,MH,601094,IN,OWNER_OCCUPIED,8088553.84,4487802.55
1094,1094,LOC001094,294 Main Street,,Hyderabad,TS,601095,US,TENANT_OCCUPIED,6968731.87,3790265.86
1095,1095,LOC001095,295 Main Street,Suite 46,Vijayawada,AP,601096,IN,VACANT,3229036.59,4942965.89
1096,1096,LOC001096,296 Main Street,,Kochi,KL,601097,US,UNDER_CONSTRUCTION,14621189.62,2528924.62
1097,1097,LOC001097,297 Main Street,,Delhi,DL,601098,IN,OWNER_OCCUPIED,19499304.89,315797.34
1098,1098,LOC001098,298 Main Street,Suite 49,Ahmedabad,GJ,601099,US,TENANT_OCCUPIED,9023220.93,4201439.56
1099,1099,LOC001099,299 Main Street,,Jaipur,RJ,601100,IN,VACANT,7141558.56,3856577.98
1100,1100,LOC001100,300 Main Street,,Kolkata,WB,601101,US,UNDER_CONSTRUCTION,19119738.74,2013680.09
1101,1101,LOC001101,301 Main Street,Suite 2,Chennai,TN,601102,IN,OWNER_OCCUPIED,15584320.86,196647.01
1102,1102,LOC001102,302 Main Street,,Bengaluru,KA,601103,US,TENANT_OCCUPIED,5829877.06,4963300.1
1103,1103,LOC001103,303 Main Street,,Mumbai,MH,601104,IN,VACANT,10066767.39,1811265.43
1104,1104,LOC001104,304 Main Street,Suite 5,Hyderabad,TS,601105,US,UNDER_CONSTRUCTION,18852285.48,2187647.33
1105,1105,LOC001105,305 Main Street,,Vijayawada,AP,601106,IN,OWNER_OCCUPIED,13754049.73,3320325.94
1106,1106,LOC001106,306 Main Street,,Kochi,KL,601107,US,TENANT_OCCUPIED,2171035.29,3112148.66
1107,1107,LOC001107,307 Main Street,Suite 8,Delhi,DL,601108,IN,VACANT,16062075.89,3579887.24
1108,1108,LOC001108,308 Main Street,,Ahmedabad,GJ,601109,US,UNDER_CONSTRUCTION,2099741.19,813393.77
1109,1109,LOC001109,309 Main Street,,Jaipur,RJ,601110,IN,OWNER_OCCUPIED,14377704.52,3187809.37
1110,1110,LOC001110,310 Main Street,Suite 11,Kolkata,WB,601111,US,TENANT_OCCUPIED,14923278.14,1617557.23
1111,1111,LOC001111,311 Main Street,,Chennai,TN,601112,IN,VACANT,2577742.9,75716.35
1112,1112,LOC001112,312 Main Street,,Bengaluru,KA,601113,US,UNDER_CONSTRUCTION,6511215.38,1831591.61
1113,1113,LOC001113,313 Main Street,Suite 14,Mumbai,MH,601114,IN,OWNER_OCCUPIED,5760445.64,705909.67
1114,1114,LOC001114,314 Main Street,,Hyderabad,TS,601115,US,TENANT_OCCUPIED,4154139.78,2271776.2
1115,1115,LOC001115,315 Main Street,,Vijayawada,AP,601116,IN,VACANT,11317430.01,2069818.67
1116,1116,LOC001116,316 Main Street,Suite 17,Kochi,KL,601117,US,UNDER_CONSTRUCTION,1012107.13,1801875.72
1117,1117,LOC001117,317 Main Street,,Delhi,DL,601118,IN,OWNER_OCCUPIED,2314753.08,3010316.8
1118,1118,LOC001118,318 Main Street,,Ahmedabad,GJ,601119,US,TENANT_OCCUPIED,6826391.45,1956927.69
1119,1119,LOC001119,319 Main Street,Suite 20,Jaipur,RJ,601120,IN,VACANT,6191023.35,1969607.82
1120,1120,LOC001120,320 Main Street,,Kolkata,WB,601121,US,UNDER_CONSTRUCTION,2151640.58,4510623.42
1121,1121,LOC001121,321 Main Street,,Chennai,TN,601122,IN,OWNER_OCCUPIED,18151547.7,4891956.67
1122,1122,LOC001122,322 Main Street,Suite 23,Bengaluru,KA,601123,US,TENANT_OCCUPIED,11653228.4,889435.47
1123,1123,LOC001123,323 Main Street,,Mumbai,MH,601124,IN,VACANT,7924274.46,737258.29
1124,1124,LOC001124,324 Main Street,,Hyderabad,TS,601125,US,UNDER_CONSTRUCTION,6372059.67,2490963.51
1125,1125,LOC001125,325 Main Street,Suite 26,Vijayawada,AP,601126,IN,OWNER_OCCUPIED,1733709.43,2201647.53
1126,1126,LOC001126,326 Main Street,,Kochi,KL,601127,US,TENANT_OCCUPIED,8711495.63,2446945.0
1127,1127,LOC001127,327 Main Street,,Delhi,DL,601128,IN,VACANT,1999966.55,1295913.7
1128,1128,LOC001128,328 Main Street,Suite 29,Ahmedabad,GJ,601129,US,UNDER_CONSTRUCTION,5308506.33,3143916.75
1129,1129,LOC001129,329 Main Street,,Jaipur,RJ,601130,IN,OWNER_OCCUPIED,12079224.76,1017963.71
1130,1130,LOC001130,330 Main Street,,Kolkata,WB,601131,US,TENANT_OCCUPIED,2585961.17,1558057.08
1131,1131,LOC001131,331 Main Street,Suite 32,Chennai,TN,601132,IN,VACANT,19002057.52,1694475.22
1132,1132,LOC001132,332 Main Street,,Bengaluru,KA,601133,US,UNDER_CONSTRUCTION,12593747.66,4030178.49
1133,1133,LOC001133,333 Main Street,,Mumbai,MH,601134,IN,OWNER_OCCUPIED,6926063.47,1706944.31
1134,1134,LOC001134,334 Main Street,Suite 35,Hyderabad,TS,601135,US,TENANT_OCCUPIED,16401771.67,4304566.91
1135,1135,LOC001135,335 Main Street,,Vijayawada,AP,601136,IN,VACANT,19497394.84,723816.13
1136,1136,LOC001136,336 Main Street,,Kochi,KL,601137,US,UNDER_CONSTRUCTION,6752970.53,4739030.66
1137,1137,LOC001137,337 Main Street,Suite 38,Delhi,DL,601138,IN,OWNER_OCCUPIED,4416604.03,1605207.24
1138,1138,LOC001138,338 Main Street,,Ahmedabad,GJ,601139,US,TENANT_OCCUPIED,19309205.15,4845189.85
1139,1139,LOC001139,339 Main Street,,Jaipur,RJ,601140,IN,VACANT,6183238.96,3490040.95
1140,1140,LOC001140,340 Main Street,Suite 41,Kolkata,WB,601141,US,UNDER_CONSTRUCTION,10074642.6,2900602.44
1141,1141,LOC001141,341 Main Street,,Chennai,TN,601142,IN,OWNER_OCCUPIED,5227273.79,1911473.75
1142,1142,LOC001142,342 Main Street,,Bengaluru,KA,601143,US,TENANT_OCCUPIED,16421643.05,1995028.89
1143,1143,LOC001143,343 Main Street,Suite 44,Mumbai,MH,601144,IN,VACANT,2720812.56,2841060.02
1144,1144,LOC001144,344 Main Street,,Hyderabad,TS,601145,US,UNDER_CONSTRUCTION,12048427.17,2750863.97
1145,1145,LOC001145,345 Main Street,,Vijayawada,AP,601146,IN,OWNER_OCCUPIED,13793396.35,2772990.83
1146,1146,LOC001146,346 Main Street,Suite 47,Kochi,KL,601147,US,TENANT_OCCUPIED,19083589.92,2335030.0
1147,1147,LOC001147,347 Main Street,,Delhi,DL,601148,IN,VACANT,14313157.5,2220352.02
1148,1148,LOC001148,348 Main Street,,Ahmedabad,GJ,601149,US,UNDER_CONSTRUCTION,6180958.56,3479534.63
1149,1149,LOC001149,349 Main Street,Suite 50,Jaipur,RJ,601150,IN,OWNER_OCCUPIED,16469828.58,3988501.34
1150,1150,LOC001150,350 Main Street,,Kolkata,WB,601151,US,TENANT_OCCUPIED,8478261.01,2521550.92
1151,1151,LOC001151,351 Main Street,,Chennai,TN,601152,IN,VACANT,12850052.77,1248004.78
1152,1152,LOC001152,352 Main Street,Suite 3,Bengaluru,KA,601153,US,UNDER_CONSTRUCTION,13343927.89,3590420.14
1153,1153,LOC001153,353 Main Street,,Mumbai,MH,601154,IN,OWNER_OCCUPIED,15886996.88,416127.42
1154,1154,LOC001154,354 Main Street,,Hyderabad,TS,601155,US,TENANT_OCCUPIED,19818661.98,2422211.76
1155,1155,LOC001155,355 Main Street,Suite 6,Vijayawada,AP,601156,IN,VACANT,8315699.4,2557732.58
1156,1156,LOC001156,356 Main Street,,Kochi,KL,601157,US,UNDER_CONSTRUCTION,18447647.6,3473958.89
1157,1157,LOC001157,357 Main Street,,Delhi,DL,601158,IN,OWNER_OCCUPIED,11101081.47,3964068.54
1158,1158,LOC001158,358 Main Street,Suite 9,Ahmedabad,GJ,601159,US,TENANT_OCCUPIED,7510825.11,4482732.5
1159,1159,LOC001159,359 Main Street,,Jaipur,RJ,601160,IN,VACANT,10969666.73,3208992.82
1160,1160,LOC001160,360 Main Street,,Kolkata,WB,601161,US,UNDER_CONSTRUCTION,2157147.71,3856322.54
1161,1161,LOC001161,361 Main Street,Suite 12,Chennai,TN,601162,IN,OWNER_OCCUPIED,13323232.07,1807293.66
1162,1162,LOC001162,362 Main Street,,Bengaluru,KA,601163,US,TENANT_OCCUPIED,13116497.04,269268.63
1163,1163,LOC001163,363 Main Street,,Mumbai,MH,601164,IN,VACANT,19680360.02,3403485.88
1164,1164,LOC001164,364 Main Street,Suite 15,Hyderabad,TS,601165,US,UNDER_CONSTRUCTION,8292546.05,3775779.75
1165,1165,LOC001165,365 Main Street,,Vijayawada,AP,601166,IN,OWNER_OCCUPIED,19331477.17,2180754.94
1166,1166,LOC001166,366 Main Street,,Kochi,KL,601167,US,TENANT_OCCUPIED,705681.57,1330754.93
1167,1167,LOC001167,367 Main Street,Suite 18,Delhi,DL,601168,IN,VACANT,10458186.69,2618048.95
1168,1168,LOC001168,368 Main Street,,Ahmedabad,GJ,601169,US,UNDER_CONSTRUCTION,11820106.76,2897415.22
1169,1169,LOC001169,369 Main Street,,Jaipur,RJ,601170,IN,OWNER_OCCUPIED,9192681.75,1986114.13
1170,1170,LOC001170,370 Main Street,Suite 21,Kolkata,WB,601171,US,TENANT_OCCUPIED,15560673.53,2963520.28
1171,1171,LOC001171,371 Main Street,,Chennai,TN,601172,IN,VACANT,10259082.74,1757588.57
1172,1172,LOC001172,372 Main Street,,Bengaluru,KA,601173,US,UNDER_CONSTRUCTION,978971.73,567519.32
1173,1173,LOC001173,373 Main Street,Suite 24,Mumbai,MH,601174,IN,OWNER_OCCUPIED,8611520.86,4810552.94
1174,1174,LOC001174,374 Main Street,,Hyderabad,TS,601175,US,TENANT_OCCUPIED,2763352.09,4706346.98
1175,1175,LOC001175,375 Main Street,,Vijayawada,AP,601176,IN,VACANT,3262665.95,1593857.2
1176,1176,LOC001176,376 Main Street,Suite 27,Kochi,KL,601177,US,UNDER_CONSTRUCTION,9378986.39,1073993.26
1177,1177,LOC001177,377 Main Street,,Delhi,DL,601178,IN,OWNER_OCCUPIED,9917056.98,2407004.53
1178,1178,LOC001178,378 Main Street,,Ahmedabad,GJ,601179,US,TENANT_OCCUPIED,9044235.8,3498978.16
1179,1179,LOC001179,379 Main Street,Suite 30,Jaipur,RJ,601180,IN,VACANT,6718734.75,1536307.21
1180,1180,LOC001180,380 Main Street,,Kolkata,WB,601181,US,UNDER_CONSTRUCTION,16298625.77,619672.07
1181,1181,LOC001181,381 Main Street,,Chennai,TN,601182,IN,OWNER_OCCUPIED,17059010.16,3257451.09
1182,1182,LOC001182,382 Main Street,Suite 33,Bengaluru,KA,601183,US,TENANT_OCCUPIED,13704216.99,863552.76
1183,1183,LOC001183,383 Main Street,,Mumbai,MH,601184,IN,VACANT,19686059.18,1257369.09
1184,1184,LOC001184,384 Main Street,,Hyderabad,TS,601185,US,UNDER_CONSTRUCTION,3901838.04,842671.77
1185,1185,LOC001185,385 Main Street,Suite 36,Vijayawada,AP,601186,IN,OWNER_OCCUPIED,11417054.57,4794389.98
1186,1186,LOC001186,386 Main Street,,Kochi,KL,601187,US,TENANT_OCCUPIED,5021183.17,2054984.81
1187,1187,LOC001187,387 Main Street,,Delhi,DL,601188,IN,VACANT,4096809.62,3220370.44
1188,1188,LOC001188,388 Main Street,Suite 39,Ahmedabad,GJ,601189,US,UNDER_CONSTRUCTION,8926621.82,194501.76
1189,1189,LOC001189,389 Main Street,,Jaipur,RJ,601190,IN,OWNER_OCCUPIED,12475085.28,1026755.96
1190,1190,LOC001190,390 Main Street,,Kolkata,WB,601191,US,TENANT_OCCUPIED,12047961.59,1974737.11
1191,1191,LOC001191,391 Main Street,Suite 42,Chennai,TN,601192,IN,VACANT,14242344.51,1068633.17
1192,1192,LOC001192,392 Main Street,,Bengaluru,KA,601193,US,UNDER_CONSTRUCTION,15170347.16,4053212.45
1193,1193,LOC001193,393 Main Street,,Mumbai,MH,601194,IN,OWNER_OCCUPIED,1719993.15,553672.64
1194,1194,LOC001194,394 Main Street,Suite 45,Hyderabad,TS,601195,US,TENANT_OCCUPIED,17503596.94,975451.19
1195,1195,LOC001195,395 Main Street,,Vijayawada,AP,601196,IN,VACANT,6856705.78,2314874.59
1196,1196,LOC001196,396 Main Street,,Kochi,KL,601197,US,UNDER_CONSTRUCTION,5615891.21,4320050.91
1197,1197,LOC001197,397 Main Street,Suite 48,Delhi,DL,601198,IN,OWNER_OCCUPIED,10790442.88,3213587.5
1198,1198,LOC001198,398 Main Street,,Ahmedabad,GJ,601199,US,TENANT_OCCUPIED,12140931.17,3075976.68
1199,1199,LOC001199,399 Main Street,,Jaipur,RJ,601200,IN,VACANT,11946591.93,1772226.96
1200,1200,LOC001200,400 Main Street,Suite 1,Kolkata,WB,601201,US,UNDER_CONSTRUCTION,16987597.15,3105945.26
1201,1201,LOC001201,401 Main Street,,Chennai,TN,601202,IN,OWNER_OCCUPIED,16367895.96,3544642.39
1202,1202,LOC001202,402 Main Street,,Bengaluru,KA,601203,US,TENANT_OCCUPIED,6300174.28,3091698.35
1203,1203,LOC001203,403 Main Street,Suite 4,Mumbai,MH,601204,IN,VACANT,2152663.39,713041.46
1204,1204,LOC001204,404 Main Street,,Hyderabad,TS,601205,US,UNDER_CONSTRUCTION,2798302.23,1561631.01
1205,1205,LOC001205,405 Main Street,,Vijayawada,AP,601206,IN,OWNER_OCCUPIED,4069368.11,3482510.88
1206,1206,LOC001206,406 Main Street,Suite 7,Kochi,KL,601207,US,TENANT_OCCUPIED,10461084.95,2120283.58
1207,1207,LOC001207,407 Main Street,,Delhi,DL,601208,IN,VACANT,3188412.32,1949364.32
1208,1208,LOC001208,408 Main Street,,Ahmedabad,GJ,601209,US,UNDER_CONSTRUCTION,4122197.14,3195733.13
1209,1209,LOC001209,409 Main Street,Suite 10,Jaipur,RJ,601210,IN,OWNER_OCCUPIED,14021942.07,3244037.47
1210,1210,LOC001210,410 Main Street,,Kolkata,WB,601211,US,TENANT_OCCUPIED,19998041.27,2796817.25
1211,1211,LOC001211,411 Main Street,,Chennai,TN,601212,IN,VACANT,10048019.51,744467.85
1212,1212,LOC001212,412 Main Street,Suite 13,Bengaluru,KA,601213,US,UNDER_CONSTRUCTION,6634310.29,2282454.81
1213,1213,LOC001213,413 Main Street,,Mumbai,MH,601214,IN,OWNER_OCCUPIED,1545419.62,1827243.9
1214,1214,LOC001214,414 Main Street,,Hyderabad,TS,601215,US,TENANT_OCCUPIED,686877.07,725846.84
1215,1215,LOC001215,415 Main Street,Suite 16,Vijayawada,AP,601216,IN,VACANT,16396710.84,4820953.99
1216,1216,LOC001216,416 Main Street,,Kochi,KL,601217,US,UNDER_CONSTRUCTION,10356041.38,2500100.75
1217,1217,LOC001217,417 Main Street,,Delhi,DL,601218,IN,OWNER_OCCUPIED,13851585.08,2107370.65
1218,1218,LOC001218,418 Main Street,Suite 19,Ahmedabad,GJ,601219,US,TENANT_OCCUPIED,16877890.14,2469062.58
1219,1219,LOC001219,419 Main Street,,Jaipur,RJ,601220,IN,VACANT,2112077.2,202760.49
1220,1220,LOC001220,420 Main Street,,Kolkata,WB,601221,US,UNDER_CONSTRUCTION,15340604.06,1495845.05
1221,1221,LOC001221,421 Main Street,Suite 22,Chennai,TN,601222,IN,OWNER_OCCUPIED,5859631.91,2711162.66
1222,1222,LOC001222,422 Main Street,,Bengaluru,KA,601223,US,TENANT_OCCUPIED,3780075.06,2313740.87
1223,1223,LOC001223,423 Main Street,,Mumbai,MH,601224,IN,VACANT,14979105.91,3841301.8
1224,1224,LOC001224,424 Main Street,Suite 25,Hyderabad,TS,601225,US,UNDER_CONSTRUCTION,11219660.6,610394.43
1225,1225,LOC001225,425 Main Street,,Vijayawada,AP,601226,IN,OWNER_OCCUPIED,2727029.7,3886809.49
1226,1226,LOC001226,426 Main Street,,Kochi,KL,601227,US,TENANT_OCCUPIED,16554014.76,1865965.77
1227,1227,LOC001227,427 Main Street,Suite 28,Delhi,DL,601228,IN,VACANT,16540913.09,255972.09
1228,1228,LOC001228,428 Main Street,,Ahmedabad,GJ,601229,US,UNDER_CONSTRUCTION,14520114.7,2754448.71
1229,1229,LOC001229,429 Main Street,,Jaipur,RJ,601230,IN,OWNER_OCCUPIED,19800626.69,556961.37
1230,1230,LOC001230,430 Main Street,Suite 31,Kolkata,WB,601231,US,TENANT_OCCUPIED,16686378.97,3769160.2
1231,1231,LOC001231,431 Main Street,,Chennai,TN,601232,IN,VACANT,6305324.23,4996597.71
1232,1232,LOC001232,432 Main Street,,Bengaluru,KA,601233,US,UNDER_CONSTRUCTION,9269780.69,1775456.04
1233,1233,LOC001233,433 Main Street,Suite 34,Mumbai,MH,601234,IN,OWNER_OCCUPIED,16426207.41,2223396.02
1234,1234,LOC001234,434 Main Street,,Hyderabad,TS,601235,US,TENANT_OCCUPIED,19882174.84,3889376.67
1235,1235,LOC001235,435 Main Street,,Vijayawada,AP,601236,IN,VACANT,5120448.08,4062978.45
1236,1236,LOC001236,436 Main Street,Suite 37,Kochi,KL,601237,US,UNDER_CONSTRUCTION,11964515.99,1785622.66
1237,1237,LOC001237,437 Main Street,,Delhi,DL,601238,IN,OWNER_OCCUPIED,14359702.21,3182214.62
1238,1238,LOC001238,438 Main Street,,Ahmedabad,GJ,601239,US,TENANT_OCCUPIED,3736641.54,739213.08
1239,1239,LOC001239,439 Main Street,Suite 40,Jaipur,RJ,601240,IN,VACANT,4529083.3,1074366.47
1240,1240,LOC001240,440 Main Street,,Kolkata,WB,601241,US,UNDER_CONSTRUCTION,1657477.76,1786536.62
1241,1241,LOC001241,441 Main Street,,Chennai,TN,601242,IN,OWNER_OCCUPIED,5981157.87,2716904.3
1242,1242,LOC001242,442 Main Street,Suite 43,Bengaluru,KA,601243,US,TENANT_OCCUPIED,6811245.51,3535066.12
1243,1243,LOC001243,443 Main Street,,Mumbai,MH,601244,IN,VACANT,6141998.25,1373348.18
1244,1244,LOC001244,444 Main Street,,Hyderabad,TS,601245,US,UNDER_CONSTRUCTION,17231328.48,4928167.1
1245,1245,LOC001245,445 Main Street,Suite 46,Vijayawada,AP,601246,IN,OWNER_OCCUPIED,13746336.66,521364.56
1246,1246,LOC001246,446 Main Street,,Kochi,KL,601247,US,TENANT_OCCUPIED,19274053.9,3939170.69
1247,1247,LOC001247,447 Main Street,,Delhi,DL,601248,IN,VACANT,18415989.88,4962806.82
1248,1248,LOC001248,448 Main Street,Suite 49,Ahmedabad,GJ,601249,US,UNDER_CONSTRUCTION,17407428.01,678096.43
1249,1249,LOC001249,449 Main Street,,Jaipur,RJ,601250,IN,OWNER_OCCUPIED,17388536.5,1285902.35
1250,1250,LOC001250,450 Main Street,,Kolkata,WB,601251,US,TENANT_OCCUPIED,14372199.55,4150984.92
1251,1251,LOC001251,451 Main Street,Suite 2,Chennai,TN,601252,IN,VACANT,15348734.96,3397361.04
1252,1252,LOC001252,452 Main Street,,Bengaluru,KA,601253,US,UNDER_CONSTRUCTION,10044445.16,2908256.37
1253,1253,LOC001253,453 Main Street,,Mumbai,MH,601254,IN,OWNER_OCCUPIED,5739984.47,2100414.19
1254,1254,LOC001254,454 Main Street,Suite 5,Hyderabad,TS,601255,US,TENANT_OCCUPIED,9313838.59,3186457.43
1255,1255,LOC001255,455 Main Street,,Vijayawada,AP,601256,IN,VACANT,17662439.09,510819.18
1256,1256,LOC001256,456 Main Street,,Kochi,KL,601257,US,UNDER_CONSTRUCTION,10554462.71,1427217.15
1257,1257,LOC001257,457 Main Street,Suite 8,Delhi,DL,601258,IN,OWNER_OCCUPIED,18758554.22,1876902.31
1258,1258,LOC001258,458 Main Street,,Ahmedabad,GJ,601259,US,TENANT_OCCUPIED,19029954.54,1670081.94
1259,1259,LOC001259,459 Main Street,,Jaipur,RJ,601260,IN,VACANT,548225.16,3881969.69
1260,1260,LOC001260,460 Main Street,Suite 11,Kolkata,WB,601261,US,UNDER_CONSTRUCTION,14788118.52,3668113.09
1261,1261,LOC001261,461 Main Street,,Chennai,TN,601262,IN,OWNER_OCCUPIED,9439760.51,3337511.91
1262,1262,LOC001262,462 Main Street,,Bengaluru,KA,601263,US,TENANT_OCCUPIED,7485343.22,363486.9
1263,1263,LOC001263,463 Main Street,Suite 14,Mumbai,MH,601264,IN,VACANT,10921277.06,1128258.18
1264,1264,LOC001264,464 Main Street,,Hyderabad,TS,601265,US,UNDER_CONSTRUCTION,8878040.46,1098664.76
1265,1265,LOC001265,465 Main Street,,Vijayawada,AP,601266,IN,OWNER_OCCUPIED,5736468.35,4150300.9
1266,1266,LOC001266,466 Main Street,Suite 17,Kochi,KL,601267,US,TENANT_OCCUPIED,7086225.53,2910771.52
1267,1267,LOC001267,467 Main Street,,Delhi,DL,601268,IN,VACANT,11539771.16,2452422.62
1268,1268,LOC001268,468 Main Street,,Ahmedabad,GJ,601269,US,UNDER_CONSTRUCTION,7202922.6,3428632.03
1269,1269,LOC001269,469 Main Street,Suite 20,Jaipur,RJ,601270,IN,OWNER_OCCUPIED,1443980.59,542894.97
1270,1270,LOC001270,470 Main Street,,Kolkata,WB,601271,US,TENANT_OCCUPIED,15785850.36,2324929.73
1271,1271,LOC001271,471 Main Street,,Chennai,TN,601272,IN,VACANT,2922624.99,4295375.42
1272,1272,LOC001272,472 Main Street,Suite 23,Bengaluru,KA,601273,US,UNDER_CONSTRUCTION,9105076.0,53345.86
1273,1273,LOC001273,473 Main Street,,Mumbai,MH,601274,IN,OWNER_OCCUPIED,19181619.5,1051475.12
1274,1274,LOC001274,474 Main Street,,Hyderabad,TS,601275,US,TENANT_OCCUPIED,13927541.7,702969.78
1275,1275,LOC001275,475 Main Street,Suite 26,Vijayawada,AP,601276,IN,VACANT,13174945.39,836938.44
1276,1276,LOC001276,476 Main Street,,Kochi,KL,601277,US,UNDER_CONSTRUCTION,18688148.47,1406396.32
1277,1277,LOC001277,477 Main Street,,Delhi,DL,601278,IN,OWNER_OCCUPIED,13264465.31,1289426.93
1278,1278,LOC001278,478 Main Street,Suite 29,Ahmedabad,GJ,601279,US,TENANT_OCCUPIED,7750953.47,4523811.33
1279,1279,LOC001279,479 Main Street,,Jaipur,RJ,601280,IN,VACANT,3727739.04,2011890.76
1280,1280,LOC001280,480 Main Street,,Kolkata,WB,601281,US,UNDER_CONSTRUCTION,6457430.27,3512234.79
1281,1281,LOC001281,481 Main Street,Suite 32,Chennai,TN,601282,IN,OWNER_OCCUPIED,5065804.91,3294651.88
1282,1282,LOC001282,482 Main Street,,Bengaluru,KA,601283,US,TENANT_OCCUPIED,14222111.78,55377.2
1283,1283,LOC001283,483 Main Street,,Mumbai,MH,601284,IN,VACANT,9797730.81,706863.97
1284,1284,LOC001284,484 Main Street,Suite 35,Hyderabad,TS,601285,US,UNDER_CONSTRUCTION,4910721.8,3415914.49
1285,1285,LOC001285,485 Main Street,,Vijayawada,AP,601286,IN,OWNER_OCCUPIED,681095.48,3493205.68
1286,1286,LOC001286,486 Main Street,,Kochi,KL,601287,US,TENANT_OCCUPIED,16433626.02,4941366.8
1287,1287,LOC001287,487 Main Street,Suite 38,Delhi,DL,601288,IN,VACANT,8735121.71,704267.0
1288,1288,LOC001288,488 Main Street,,Ahmedabad,GJ,601289,US,UNDER_CONSTRUCTION,1881151.96,1946196.13
1289,1289,LOC001289,489 Main Street,,Jaipur,RJ,601290,IN,OWNER_OCCUPIED,14749885.94,557014.49
1290,1290,LOC001290,490 Main Street,Suite 41,Kolkata,WB,601291,US,TENANT_OCCUPIED,6610353.81,4410895.53
1291,1291,LOC001291,491 Main Street,,Chennai,TN,601292,IN,VACANT,3174021.25,3878629.39
1292,1292,LOC001292,492 Main Street,,Bengaluru,KA,601293,US,UNDER_CONSTRUCTION,15186577.12,709073.84
1293,1293,LOC001293,493 Main Street,Suite 44,Mumbai,MH,601294,IN,OWNER_OCCUPIED,19862333.03,757122.68
1294,1294,LOC001294,494 Main Street,,Hyderabad,TS,601295,US,TENANT_OCCUPIED,10844911.39,91949.97
1295,1295,LOC001295,495 Main Street,,Vijayawada,AP,601296,IN,VACANT,13175394.16,2228492.13
1296,1296,LOC001296,496 Main Street,Suite 47,Kochi,KL,601297,US,UNDER_CONSTRUCTION,14587424.51,3158996.19
1297,1297,LOC001297,497 Main Street,,Delhi,DL,601298,IN,OWNER_OCCUPIED,3451795.55,2087963.98
1298,1298,LOC001298,498 Main Street,,Ahmedabad,GJ,601299,US,TENANT_OCCUPIED,13888040.31,4306814.5
1299,1299,LOC001299,499 Main Street,Suite 50,Jaipur,RJ,601300,IN,VACANT,2190416.65,547302.31
1300,1300,LOC001300,500 Main Street,,Kolkata,WB,601301,US,UNDER_CONSTRUCTION,15172690.11,2968390.89
1301,1301,LOC001301,501 Main Street,,Chennai,TN,601302,IN,OWNER_OCCUPIED,7988622.23,4818081.12
1302,1302,LOC001302,502 Main Street,Suite 3,Bengaluru,KA,601303,US,TENANT_OCCUPIED,6632821.53,742159.43
1303,1303,LOC001303,503 Main Street,,Mumbai,MH,601304,IN,VACANT,5900869.31,467031.14
1304,1304,LOC001304,504 Main Street,,Hyderabad,TS,601305,US,UNDER_CONSTRUCTION,11291234.32,3020038.94
1305,1305,LOC001305,505 Main Street,Suite 6,Vijayawada,AP,601306,IN,OWNER_OCCUPIED,12348065.43,3905899.78
1306,1306,LOC001306,506 Main Street,,Kochi,KL,601307,US,TENANT_OCCUPIED,13964283.46,4247065.92
1307,1307,LOC001307,507 Main Street,,Delhi,DL,601308,IN,VACANT,13338904.72,1543164.2
1308,1308,LOC001308,508 Main Street,Suite 9,Ahmedabad,GJ,601309,US,UNDER_CONSTRUCTION,10596107.99,2572136.7
1309,1309,LOC001309,509 Main Street,,Jaipur,RJ,601310,IN,OWNER_OCCUPIED,15082951.0,1512933.15
1310,1310,LOC001310,510 Main Street,,Kolkata,WB,601311,US,TENANT_OCCUPIED,1564098.05,4494667.17
1311,1311,LOC001311,511 Main Street,Suite 12,Chennai,TN,601312,IN,VACANT,19116094.47,2499694.21
1312,1312,LOC001312,512 Main Street,,Bengaluru,KA,601313,US,UNDER_CONSTRUCTION,2698501.42,2522933.58
1313,1313,LOC001313,513 Main Street,,Mumbai,MH,601314,IN,OWNER_OCCUPIED,12081630.48,2665018.18
1314,1314,LOC001314,514 Main Street,Suite 15,Hyderabad,TS,601315,US,TENANT_OCCUPIED,19565090.48,4935068.54
1315,1315,LOC001315,515 Main Street,,Vijayawada,AP,601316,IN,VACANT,18711525.83,703315.26
1316,1316,LOC001316,516 Main Street,,Kochi,KL,601317,US,UNDER_CONSTRUCTION,17285873.08,2863482.92
1317,1317,LOC001317,517 Main Street,Suite 18,Delhi,DL,601318,IN,OWNER_OCCUPIED,7625543.03,3430563.14
1318,1318,LOC001318,518 Main Street,,Ahmedabad,GJ,601319,US,TENANT_OCCUPIED,15373155.79,4774542.27
1319,1319,LOC001319,519 Main Street,,Jaipur,RJ,601320,IN,VACANT,15522157.46,132612.54
1320,1320,LOC001320,520 Main Street,Suite 21,Kolkata,WB,601321,US,UNDER_CONSTRUCTION,1816885.1,1347817.12
1321,1321,LOC001321,521 Main Street,,Chennai,TN,601322,IN,OWNER_OCCUPIED,1276623.81,349320.85
1322,1322,LOC001322,522 Main Street,,Bengaluru,KA,601323,US,TENANT_OCCUPIED,15891154.98,2557722.49
1323,1323,LOC001323,523 Main Street,Suite 24,Mumbai,MH,601324,IN,VACANT,12757128.57,2530192.38
1324,1324,LOC001324,524 Main Street,,Hyderabad,TS,601325,US,UNDER_CONSTRUCTION,8600923.89,3523962.66
1325,1325,LOC001325,525 Main Street,,Vijayawada,AP,601326,IN,OWNER_OCCUPIED,2107342.33,2705995.84
1326,1326,LOC001326,526 Main Street,Suite 27,Kochi,KL,601327,US,TENANT_OCCUPIED,12512917.59,1423465.29
1327,1327,LOC001327,527 Main Street,,Delhi,DL,601328,IN,VACANT,6543184.27,2580958.26
1328,1328,LOC001328,528 Main Street,,Ahmedabad,GJ,601329,US,UNDER_CONSTRUCTION,4462351.13,4049897.4
1329,1329,LOC001329,529 Main Street,Suite 30,Jaipur,RJ,601330,IN,OWNER_OCCUPIED,10959608.37,1984120.94
1330,1330,LOC001330,530 Main Street,,Kolkata,WB,601331,US,TENANT_OCCUPIED,12868737.82,4180906.02
1331,1331,LOC001331,531 Main Street,,Chennai,TN,601332,IN,VACANT,13780585.85,377269.66
1332,1332,LOC001332,532 Main Street,Suite 33,Bengaluru,KA,601333,US,UNDER_CONSTRUCTION,14124179.69,3663293.97
1333,1333,LOC001333,533 Main Street,,Mumbai,MH,601334,IN,OWNER_OCCUPIED,17006128.25,336634.42
1334,1334,LOC001334,534 Main Street,,Hyderabad,TS,601335,US,TENANT_OCCUPIED,2181149.57,2200693.76
1335,1335,LOC001335,535 Main Street,Suite 36,Vijayawada,AP,601336,IN,VACANT,9340750.92,3063720.4
1336,1336,LOC001336,536 Main Street,,Kochi,KL,601337,US,UNDER_CONSTRUCTION,6531156.25,3721382.87
1337,1337,LOC001337,537 Main Street,,Delhi,DL,601338,IN,OWNER_OCCUPIED,14942834.51,641242.88
1338,1338,LOC001338,538 Main Street,Suite 39,Ahmedabad,GJ,601339,US,TENANT_OCCUPIED,14304061.84,3522423.08
1339,1339,LOC001339,539 Main Street,,Jaipur,RJ,601340,IN,VACANT,3694736.3,4767430.2
1340,1340,LOC001340,540 Main Street,,Kolkata,WB,601341,US,UNDER_CONSTRUCTION,10698604.57,3925786.15
1341,1341,LOC001341,541 Main Street,Suite 42,Chennai,TN,601342,IN,OWNER_OCCUPIED,14554927.6,876466.62
1342,1342,LOC001342,542 Main Street,,Bengaluru,KA,601343,US,TENANT_OCCUPIED,2975146.85,3916563.7
1343,1343,LOC001343,543 Main Street,,Mumbai,MH,601344,IN,VACANT,5740907.48,4437753.06
1344,1344,LOC001344,544 Main Street,Suite 45,Hyderabad,TS,601345,US,UNDER_CONSTRUCTION,15542890.66,195313.44
1345,1345,LOC001345,545 Main Street,,Vijayawada,AP,601346,IN,OWNER_OCCUPIED,16238603.01,1396303.95
1346,1346,LOC001346,546 Main Street,,Kochi,KL,601347,US,TENANT_OCCUPIED,1745503.79,3576000.08
1347,1347,LOC001347,547 Main Street,Suite 48,Delhi,DL,601348,IN,VACANT,11744707.66,431496.65
1348,1348,LOC001348,548 Main Street,,Ahmedabad,GJ,601349,US,UNDER_CONSTRUCTION,9376356.66,1832613.28
1349,1349,LOC001349,549 Main Street,,Jaipur,RJ,601350,IN,OWNER_OCCUPIED,10242395.11,2856086.33
1350,1350,LOC001350,550 Main Street,Suite 1,Kolkata,WB,601351,US,TENANT_OCCUPIED,7669911.67,1312824.6
1351,1351,LOC001351,551 Main Street,,Chennai,TN,601352,IN,VACANT,2506645.84,2890865.91
1352,1352,LOC001352,552 Main Street,,Bengaluru,KA,601353,US,UNDER_CONSTRUCTION,14594178.28,1180601.89
1353,1353,LOC001353,553 Main Street,Suite 4,Mumbai,MH,601354,IN,OWNER_OCCUPIED,10422085.26,267987.64
1354,1354,LOC001354,554 Main Street,,Hyderabad,TS,601355,US,TENANT_OCCUPIED,17327105.65,1260529.68
1355,1355,LOC001355,555 Main Street,,Vijayawada,AP,601356,IN,VACANT,9699409.5,1945748.4
1356,1356,LOC001356,556 Main Street,Suite 7,Kochi,KL,601357,US,UNDER_CONSTRUCTION,3426651.03,4659242.38
1357,1357,LOC001357,557 Main Street,,Delhi,DL,601358,IN,OWNER_OCCUPIED,17220961.36,2786680.7
1358,1358,LOC001358,558 Main Street,,Ahmedabad,GJ,601359,US,TENANT_OCCUPIED,18321979.56,3716295.85
1359,1359,LOC001359,559 Main Street,Suite 10,Jaipur,RJ,601360,IN,VACANT,8677701.44,1642919.97
1360,1360,LOC001360,560 Main Street,,Kolkata,WB,601361,US,UNDER_CONSTRUCTION,8617003.67,3615425.21
1361,1361,LOC001361,561 Main Street,,Chennai,TN,601362,IN,OWNER_OCCUPIED,5789530.18,435541.0
1362,1362,LOC001362,562 Main Street,Suite 13,Bengaluru,KA,601363,US,TENANT_OCCUPIED,7769759.25,2535102.67
1363,1363,LOC001363,563 Main Street,,Mumbai,MH,601364,IN,VACANT,18087849.68,937754.53
1364,1364,LOC001364,564 Main Street,,Hyderabad,TS,601365,US,UNDER_CONSTRUCTION,16184591.38,4907998.63
1365,1365,LOC001365,565 Main Street,Suite 16,Vijayawada,AP,601366,IN,OWNER_OCCUPIED,19104548.45,391185.87
1366,1366,LOC001366,566 Main Street,,Kochi,KL,601367,US,TENANT_OCCUPIED,9569336.47,1447419.01
1367,1367,LOC001367,567 Main Street,,Delhi,DL,601368,IN,VACANT,16974506.83,1670139.56
1368,1368,LOC001368,568 Main Street,Suite 19,Ahmedabad,GJ,601369,US,UNDER_CONSTRUCTION,11285282.21,89447.41
1369,1369,LOC001369,569 Main Street,,Jaipur,RJ,601370,IN,OWNER_OCCUPIED,4413087.49,2840843.37
1370,1370,LOC001370,570 Main Street,,Kolkata,WB,601371,US,TENANT_OCCUPIED,6426231.49,3132451.74
1371,1371,LOC001371,571 Main Street,Suite 22,Chennai,TN,601372,IN,VACANT,9546570.47,2978870.13
1372,1372,LOC001372,572 Main Street,,Bengaluru,KA,601373,US,UNDER_CONSTRUCTION,10120533.18,3874435.65
1373,1373,LOC001373,573 Main Street,,Mumbai,MH,601374,IN,OWNER_OCCUPIED,4310737.27,4507194.32
1374,1374,LOC001374,574 Main Street,Suite 25,Hyderabad,TS,601375,US,TENANT_OCCUPIED,15329403.3,1263378.03
1375,1375,LOC001375,575 Main Street,,Vijayawada,AP,601376,IN,VACANT,624368.71,2079678.74
1376,1376,LOC001376,576 Main Street,,Kochi,KL,601377,US,UNDER_CONSTRUCTION,5043455.97,1764797.3
1377,1377,LOC001377,577 Main Street,Suite 28,Delhi,DL,601378,IN,OWNER_OCCUPIED,16871693.13,4392133.14
1378,1378,LOC001378,578 Main Street,,Ahmedabad,GJ,601379,US,TENANT_OCCUPIED,19044310.11,57237.1
1379,1379,LOC001379,579 Main Street,,Jaipur,RJ,601380,IN,VACANT,13317425.08,4252579.64
1380,1380,LOC001380,580 Main Street,Suite 31,Kolkata,WB,601381,US,UNDER_CONSTRUCTION,14680693.26,564547.65
1381,1381,LOC001381,581 Main Street,,Chennai,TN,601382,IN,OWNER_OCCUPIED,10831382.54,1228929.59
1382,1382,LOC001382,582 Main Street,,Bengaluru,KA,601383,US,TENANT_OCCUPIED,10094563.1,346480.62
1383,1383,LOC001383,583 Main Street,Suite 34,Mumbai,MH,601384,IN,VACANT,19940705.77,3572679.75
1384,1384,LOC001384,584 Main Street,,Hyderabad,TS,601385,US,UNDER_CONSTRUCTION,2314019.45,4610308.29
1385,1385,LOC001385,585 Main Street,,Vijayawada,AP,601386,IN,OWNER_OCCUPIED,17997105.7,2622808.13
1386,1386,LOC001386,586 Main Street,Suite 37,Kochi,KL,601387,US,TENANT_OCCUPIED,14166514.74,1893835.27
1387,1387,LOC001387,587 Main Street,,Delhi,DL,601388,IN,VACANT,19503818.41,470266.97
1388,1388,LOC001388,588 Main Street,,Ahmedabad,GJ,601389,US,UNDER_CONSTRUCTION,2363751.6,710893.56
1389,1389,LOC001389,589 Main Street,Suite 40,Jaipur,RJ,601390,IN,OWNER_OCCUPIED,16489276.39,420410.9
1390,1390,LOC001390,590 Main Street,,Kolkata,WB,601391,US,TENANT_OCCUPIED,11572504.2,2203165.25
1391,1391,LOC001391,591 Main Street,,Chennai,TN,601392,IN,VACANT,19302256.36,1222020.09
1392,1392,LOC001392,592 Main Street,Suite 43,Bengaluru,KA,601393,US,UNDER_CONSTRUCTION,5589323.31,1609294.13
1393,1393,LOC001393,593 Main Street,,Mumbai,MH,601394,IN,OWNER_OCCUPIED,16115928.03,3518591.75
1394,1394,LOC001394,594 Main Street,,Hyderabad,TS,601395,US,TENANT_OCCUPIED,14839380.94,1624385.71
1395,1395,LOC001395,595 Main Street,Suite 46,Vijayawada,AP,601396,IN,VACANT,5803139.5,419702.81
1396,1396,LOC001396,596 Main Street,,Kochi,KL,601397,US,UNDER_CONSTRUCTION,4452896.21,3910688.06
1397,1397,LOC001397,597 Main Street,,Delhi,DL,601398,IN,OWNER_OCCUPIED,11901806.7,819282.23
1398,1398,LOC001398,598 Main Street,Suite 49,Ahmedabad,GJ,601399,US,TENANT_OCCUPIED,3705312.12,2356972.81
1399,1399,LOC001399,599 Main Street,,Jaipur,RJ,601400,IN,VACANT,8426994.76,2702826.52
1400,1400,LOC001400,600 Main Street,,Kolkata,WB,601401,US,UNDER_CONSTRUCTION,19310377.08,1077799.32
1401,1401,LOC001401,601 Main Street,Suite 2,Chennai,TN,601402,IN,OWNER_OCCUPIED,6512000.51,1361789.24
1402,1402,LOC001402,602 Main Street,,Bengaluru,KA,601403,US,TENANT_OCCUPIED,2838314.35,830196.12
1403,1403,LOC001403,603 Main Street,,Mumbai,MH,601404,IN,VACANT,13878069.44,4140614.11
1404,1404,LOC001404,604 Main Street,Suite 5,Hyderabad,TS,601405,US,UNDER_CONSTRUCTION,14089120.67,249632.55
1405,1405,LOC001405,605 Main Street,,Vijayawada,AP,601406,IN,OWNER_OCCUPIED,16800532.64,1672578.61
1406,1406,LOC001406,606 Main Street,,Kochi,KL,601407,US,TENANT_OCCUPIED,2278651.62,1278683.01
1407,1407,LOC001407,607 Main Street,Suite 8,Delhi,DL,601408,IN,VACANT,7436983.73,2591625.39
1408,1408,LOC001408,608 Main Street,,Ahmedabad,GJ,601409,US,UNDER_CONSTRUCTION,13705075.85,1337825.62
1409,1409,LOC001409,609 Main Street,,Jaipur,RJ,601410,IN,OWNER_OCCUPIED,19818194.1,203856.36
1410,1410,LOC001410,610 Main Street,Suite 11,Kolkata,WB,601411,US,TENANT_OCCUPIED,8385648.42,2288395.79
1411,1411,LOC001411,611 Main Street,,Chennai,TN,601412,IN,VACANT,15087529.72,1286770.51
1412,1412,LOC001412,612 Main Street,,Bengaluru,KA,601413,US,UNDER_CONSTRUCTION,9509843.35,4029288.93
1413,1413,LOC001413,613 Main Street,Suite 14,Mumbai,MH,601414,IN,OWNER_OCCUPIED,3225964.27,109186.77
1414,1414,LOC001414,614 Main Street,,Hyderabad,TS,601415,US,TENANT_OCCUPIED,16692260.47,4913707.83
1415,1415,LOC001415,615 Main Street,,Vijayawada,AP,601416,IN,VACANT,3048947.13,4127183.41
1416,1416,LOC001416,616 Main Street,Suite 17,Kochi,KL,601417,US,UNDER_CONSTRUCTION,7758675.0,3169972.87
1417,1417,LOC001417,617 Main Street,,Delhi,DL,601418,IN,OWNER_OCCUPIED,13071357.81,2932502.82
1418,1418,LOC001418,618 Main Street,,Ahmedabad,GJ,601419,US,TENANT_OCCUPIED,5547002.72,4073098.1
1419,1419,LOC001419,619 Main Street,Suite 20,Jaipur,RJ,601420,IN,VACANT,925103.56,369136.58
1420,1420,LOC001420,620 Main Street,,Kolkata,WB,601421,US,UNDER_CONSTRUCTION,18098673.6,2244985.05
1421,1421,LOC001421,621 Main Street,,Chennai,TN,601422,IN,OWNER_OCCUPIED,3011435.21,4530135.95
1422,1422,LOC001422,622 Main Street,Suite 23,Bengaluru,KA,601423,US,TENANT_OCCUPIED,16672445.46,1691171.96
1423,1423,LOC001423,623 Main Street,,Mumbai,MH,601424,IN,VACANT,1332578.22,2331924.86
1424,1424,LOC001424,624 Main Street,,Hyderabad,TS,601425,US,UNDER_CONSTRUCTION,3775789.57,2890726.79
1425,1425,LOC001425,625 Main Street,Suite 26,Vijayawada,AP,601426,IN,OWNER_OCCUPIED,16522865.33,2005243.51
1426,1426,LOC001426,626 Main Street,,Kochi,KL,601427,US,TENANT_OCCUPIED,1074904.71,3431903.94
1427,1427,LOC001427,627 Main Street,,Delhi,DL,601428,IN,VACANT,3869740.63,1112844.72
1428,1428,LOC001428,628 Main Street,Suite 29,Ahmedabad,GJ,601429,US,UNDER_CONSTRUCTION,4149446.72,1435280.04
1429,1429,LOC001429,629 Main Street,,Jaipur,RJ,601430,IN,OWNER_OCCUPIED,17726764.08,221514.75
1430,1430,LOC001430,630 Main Street,,Kolkata,WB,601431,US,TENANT_OCCUPIED,12573942.7,1266634.66
1431,1431,LOC001431,631 Main Street,Suite 32,Chennai,TN,601432,IN,VACANT,6254550.68,2089361.42
1432,1432,LOC001432,632 Main Street,,Bengaluru,KA,601433,US,UNDER_CONSTRUCTION,11238428.97,351846.39
1433,1433,LOC001433,633 Main Street,,Mumbai,MH,601434,IN,OWNER_OCCUPIED,5955631.76,729318.28
1434,1434,LOC001434,634 Main Street,Suite 35,Hyderabad,TS,601435,US,TENANT_OCCUPIED,4389427.23,4429029.96
1435,1435,LOC001435,635 Main Street,,Vijayawada,AP,601436,IN,VACANT,10753374.14,3172234.22
1436,1436,LOC001436,636 Main Street,,Kochi,KL,601437,US,UNDER_CONSTRUCTION,16142277.61,3984488.91
1437,1437,LOC001437,637 Main Street,Suite 38,Delhi,DL,601438,IN,OWNER_OCCUPIED,19793370.51,3920483.05
1438,1438,LOC001438,638 Main Street,,Ahmedabad,GJ,601439,US,TENANT_OCCUPIED,7502686.14,2745363.14
1439,1439,LOC001439,639 Main Street,,Jaipur,RJ,601440,IN,VACANT,9951249.97,4567751.23
1440,1440,LOC001440,640 Main Street,Suite 41,Kolkata,WB,601441,US,UNDER_CONSTRUCTION,10296668.48,1972487.31
1441,1441,LOC001441,641 Main Street,,Chennai,TN,601442,IN,OWNER_OCCUPIED,4006409.54,1628443.96
1442,1442,LOC001442,642 Main Street,,Bengaluru,KA,601443,US,TENANT_OCCUPIED,4770893.67,4484035.67
1443,1443,LOC001443,643 Main Street,Suite 44,Mumbai,MH,601444,IN,VACANT,15681496.49,340026.59
1444,1444,LOC001444,644 Main Street,,Hyderabad,TS,601445,US,UNDER_CONSTRUCTION,19834860.81,2670689.85
1445,1445,LOC001445,645 Main Street,,Vijayawada,AP,601446,IN,OWNER_OCCUPIED,15453422.28,4998048.45
1446,1446,LOC001446,646 Main Street,Suite 47,Kochi,KL,601447,US,TENANT_OCCUPIED,19492607.3,545664.97
1447,1447,LOC001447,647 Main Street,,Delhi,DL,601448,IN,VACANT,13308856.22,1369308.66
1448,1448,LOC001448,648 Main Street,,Ahmedabad,GJ,601449,US,UNDER_CONSTRUCTION,16417560.65,4590434.44
1449,1449,LOC001449,649 Main Street,Suite 50,Jaipur,RJ,601450,IN,OWNER_OCCUPIED,1590218.79,4982140.64
1450,1450,LOC001450,650 Main Street,,Kolkata,WB,601451,US,TENANT_OCCUPIED,4778525.93,4240200.2
1451,1451,LOC001451,651 Main Street,,Chennai,TN,601452,IN,VACANT,16049118.4,1806282.94
1452,1452,LOC001452,652 Main Street,Suite 3,Bengaluru,KA,601453,US,UNDER_CONSTRUCTION,16864833.92,4233843.47
1453,1453,LOC001453,653 Main Street,,Mumbai,MH,601454,IN,OWNER_OCCUPIED,3933957.17,2982971.57
1454,1454,LOC001454,654 Main Street,,Hyderabad,TS,601455,US,TENANT_OCCUPIED,16221099.39,3503251.49
1455,1455,LOC001455,655 Main Street,Suite 6,Vijayawada,AP,601456,IN,VACANT,18322610.08,189622.52
1456,1456,LOC001456,656 Main Street,,Kochi,KL,601457,US,UNDER_CONSTRUCTION,14160935.67,4740415.74
1457,1457,LOC001457,657 Main Street,,Delhi,DL,601458,IN,OWNER_OCCUPIED,11490326.49,2837389.01
1458,1458,LOC001458,658 Main Street,Suite 9,Ahmedabad,GJ,601459,US,TENANT_OCCUPIED,4170556.47,4940630.74
1459,1459,LOC001459,659 Main Street,,Jaipur,RJ,601460,IN,VACANT,17691714.02,2486522.28
1460,1460,LOC001460,660 Main Street,,Kolkata,WB,601461,US,UNDER_CONSTRUCTION,6526534.91,2477660.28
1461,1461,LOC001461,661 Main Street,Suite 12,Chennai,TN,601462,IN,OWNER_OCCUPIED,2260018.85,1201485.62
1462,1462,LOC001462,662 Main Street,,Bengaluru,KA,601463,US,TENANT_OCCUPIED,4766774.36,2655920.15
1463,1463,LOC001463,663 Main Street,,Mumbai,MH,601464,IN,VACANT,513328.18,4593586.12
1464,1464,LOC001464,664 Main Street,Suite 15,Hyderabad,TS,601465,US,UNDER_CONSTRUCTION,4428555.48,695923.25
1465,1465,LOC001465,665 Main Street,,Vijayawada,AP,601466,IN,OWNER_OCCUPIED,14480283.84,4597964.9
1466,1466,LOC001466,666 Main Street,,Kochi,KL,601467,US,TENANT_OCCUPIED,16963539.69,1651764.62
1467,1467,LOC001467,667 Main Street,Suite 18,Delhi,DL,601468,IN,VACANT,927301.48,2953715.42
1468,1468,LOC001468,668 Main Street,,Ahmedabad,GJ,601469,US,UNDER_CONSTRUCTION,18385870.88,3883114.17
1469,1469,LOC001469,669 Main Street,,Jaipur,RJ,601470,IN,OWNER_OCCUPIED,17006377.31,4310313.86
1470,1470,LOC001470,670 Main Street,Suite 21,Kolkata,WB,601471,US,TENANT_OCCUPIED,19230895.63,1899274.36
1471,1471,LOC001471,671 Main Street,,Chennai,TN,601472,IN,VACANT,18867502.66,2008198.03
1472,1472,LOC001472,672 Main Street,,Bengaluru,KA,601473,US,UNDER_CONSTRUCTION,2470127.32,1543737.51
1473,1473,LOC001473,673 Main Street,Suite 24,Mumbai,MH,601474,IN,OWNER_OCCUPIED,3160807.54,829644.24
1474,1474,LOC001474,674 Main Street,,Hyderabad,TS,601475,US,TENANT_OCCUPIED,18999523.87,3969620.5
1475,1475,LOC001475,675 Main Street,,Vijayawada,AP,601476,IN,VACANT,19232910.96,3263442.31
1476,1476,LOC001476,676 Main Street,Suite 27,Kochi,KL,601477,US,UNDER_CONSTRUCTION,3896952.08,4845277.34
1477,1477,LOC001477,677 Main Street,,Delhi,DL,601478,IN,OWNER_OCCUPIED,14024427.77,4647783.78
1478,1478,LOC001478,678 Main Street,,Ahmedabad,GJ,601479,US,TENANT_OCCUPIED,15846339.96,1155024.21
1479,1479,LOC001479,679 Main Street,Suite 30,Jaipur,RJ,601480,IN,VACANT,11984528.04,917990.57
1480,1480,LOC001480,680 Main Street,,Kolkata,WB,601481,US,UNDER_CONSTRUCTION,6483052.97,3458067.28
1481,1481,LOC001481,681 Main Street,,Chennai,TN,601482,IN,OWNER_OCCUPIED,2983293.11,3657713.23
1482,1482,LOC001482,682 Main Street,Suite 33,Bengaluru,KA,601483,US,TENANT_OCCUPIED,19001368.03,4746055.89
1483,1483,LOC001483,683 Main Street,,Mumbai,MH,601484,IN,VACANT,8136227.83,4971701.5
1484,1484,LOC001484,684 Main Street,,Hyderabad,TS,601485,US,UNDER_CONSTRUCTION,19321086.84,210294.58
1485,1485,LOC001485,685 Main Street,Suite 36,Vijayawada,AP,601486,IN,OWNER_OCCUPIED,12246579.02,4609139.17
1486,1486,LOC001486,686 Main Street,,Kochi,KL,601487,US,TENANT_OCCUPIED,19366867.87,1143431.49
1487,1487,LOC001487,687 Main Street,,Delhi,DL,601488,IN,VACANT,11528229.8,4686604.58
1488,1488,LOC001488,688 Main Street,Suite 39,Ahmedabad,GJ,601489,US,UNDER_CONSTRUCTION,3242545.68,3739449.47
1489,1489,LOC001489,689 Main Street,,Jaipur,RJ,601490,IN,OWNER_OCCUPIED,5140920.54,4912779.29
1490,1490,LOC001490,690 Main Street,,Kolkata,WB,601491,US,TENANT_OCCUPIED,3773804.63,4432335.25
1491,1491,LOC001491,691 Main Street,Suite 42,Chennai,TN,601492,IN,VACANT,2230157.25,3559380.78
1492,1492,LOC001492,692 Main Street,,Bengaluru,KA,601493,US,UNDER_CONSTRUCTION,12962502.41,4438934.9
1493,1493,LOC001493,693 Main Street,,Mumbai,MH,601494,IN,OWNER_OCCUPIED,9209283.71,1362801.58
1494,1494,LOC001494,694 Main Street,Suite 45,Hyderabad,TS,601495,US,TENANT_OCCUPIED,5366046.83,385584.16
1495,1495,LOC001495,695 Main Street,,Vijayawada,AP,601496,IN,VACANT,5504829.86,584771.28
1496,1496,LOC001496,696 Main Street,,Kochi,KL,601497,US,UNDER_CONSTRUCTION,524982.57,1960388.63
1497,1497,LOC001497,697 Main Street,Suite 48,Delhi,DL,601498,IN,OWNER_OCCUPIED,14785397.64,4847054.03
1498,1498,LOC001498,698 Main Street,,Ahmedabad,GJ,601499,US,TENANT_OCCUPIED,17748763.95,2490755.87
1499,1499,LOC001499,699 Main Street,,Jaipur,RJ,601500,IN,VACANT,7884895.21,2752818.64
1500,1500,LOC001500,700 Main Street,Suite 1,Kolkata,WB,601501,US,UNDER_CONSTRUCTION,2477856.91,2423471.79
1501,1501,LOC001501,701 Main Street,,Chennai,TN,601502,IN,OWNER_OCCUPIED,17348989.05,3272299.34
1502,1502,LOC001502,702 Main Street,,Bengaluru,KA,601503,US,TENANT_OCCUPIED,13899627.88,855149.73
1503,1503,LOC001503,703 Main Street,Suite 4,Mumbai,MH,601504,IN,VACANT,1937333.1,4236524.3
1504,1504,LOC001504,704 Main Street,,Hyderabad,TS,601505,US,UNDER_CONSTRUCTION,6250717.96,1627648.69
1505,1505,LOC001505,705 Main Street,,Vijayawada,AP,601506,IN,OWNER_OCCUPIED,19057411.56,417291.99
1506,1506,LOC001506,706 Main Street,Suite 7,Kochi,KL,601507,US,TENANT_OCCUPIED,3817051.46,1908516.53
1507,1507,LOC001507,707 Main Street,,Delhi,DL,601508,IN,VACANT,14773709.16,2757878.98
1508,1508,LOC001508,708 Main Street,,Ahmedabad,GJ,601509,US,UNDER_CONSTRUCTION,18013421.38,510868.19
1509,1509,LOC001509,709 Main Street,Suite 10,Jaipur,RJ,601510,IN,OWNER_OCCUPIED,12083595.61,3087541.39
1510,1510,LOC001510,710 Main Street,,Kolkata,WB,601511,US,TENANT_OCCUPIED,9913367.34,203416.36
1511,1511,LOC001511,711 Main Street,,Chennai,TN,601512,IN,VACANT,18877624.03,866736.11
1512,1512,LOC001512,712 Main Street,Suite 13,Bengaluru,KA,601513,US,UNDER_CONSTRUCTION,17850188.77,827663.7
1513,1513,LOC001513,713 Main Street,,Mumbai,MH,601514,IN,OWNER_OCCUPIED,2474527.31,1067474.86
1514,1514,LOC001514,714 Main Street,,Hyderabad,TS,601515,US,TENANT_OCCUPIED,4204693.02,3501123.68
1515,1515,LOC001515,715 Main Street,Suite 16,Vijayawada,AP,601516,IN,VACANT,14579743.04,3663371.33
1516,1516,LOC001516,716 Main Street,,Kochi,KL,601517,US,UNDER_CONSTRUCTION,5672663.0,1443539.21
1517,1517,LOC001517,717 Main Street,,Delhi,DL,601518,IN,OWNER_OCCUPIED,5132191.56,295695.44
1518,1518,LOC001518,718 Main Street,Suite 19,Ahmedabad,GJ,601519,US,TENANT_OCCUPIED,11649511.25,4207279.8
1519,1519,LOC001519,719 Main Street,,Jaipur,RJ,601520,IN,VACANT,3495003.72,1836103.16
1520,1520,LOC001520,720 Main Street,,Kolkata,WB,601521,US,UNDER_CONSTRUCTION,8838316.17,1508019.77
1521,1521,LOC001521,721 Main Street,Suite 22,Chennai,TN,601522,IN,OWNER_OCCUPIED,13409394.41,3021066.86
1522,1522,LOC001522,722 Main Street,,Bengaluru,KA,601523,US,TENANT_OCCUPIED,4393658.61,177391.68
1523,1523,LOC001523,723 Main Street,,Mumbai,MH,601524,IN,VACANT,3831227.74,1494466.76
1524,1524,LOC001524,724 Main Street,Suite 25,Hyderabad,TS,601525,US,UNDER_CONSTRUCTION,2097753.85,4226656.92
1525,1525,LOC001525,725 Main Street,,Vijayawada,AP,601526,IN,OWNER_OCCUPIED,6512891.3,2017463.38
1526,1526,LOC001526,726 Main Street,,Kochi,KL,601527,US,TENANT_OCCUPIED,10037387.84,3322148.27
1527,1527,LOC001527,727 Main Street,Suite 28,Delhi,DL,601528,IN,VACANT,2277169.11,2743423.84
1528,1528,LOC001528,728 Main Street,,Ahmedabad,GJ,601529,US,UNDER_CONSTRUCTION,4105183.8,4433188.83
1529,1529,LOC001529,729 Main Street,,Jaipur,RJ,601530,IN,OWNER_OCCUPIED,7703332.47,2256587.59
1530,1530,LOC001530,730 Main Street,Suite 31,Kolkata,WB,601531,US,TENANT_OCCUPIED,5634271.35,2352036.88
1531,1531,LOC001531,731 Main Street,,Chennai,TN,601532,IN,VACANT,4911724.47,1379381.87
1532,1532,LOC001532,732 Main Street,,Bengaluru,KA,601533,US,UNDER_CONSTRUCTION,1701967.71,3773563.95
1533,1533,LOC001533,733 Main Street,Suite 34,Mumbai,MH,601534,IN,OWNER_OCCUPIED,13515634.95,474251.19
1534,1534,LOC001534,734 Main Street,,Hyderabad,TS,601535,US,TENANT_OCCUPIED,7203932.04,2730172.58
1535,1535,LOC001535,735 Main Street,,Vijayawada,AP,601536,IN,VACANT,19428757.97,2969145.89
1536,1536,LOC001536,736 Main Street,Suite 37,Kochi,KL,601537,US,UNDER_CONSTRUCTION,11295237.17,4211945.97
1537,1537,LOC001537,737 Main Street,,Delhi,DL,601538,IN,OWNER_OCCUPIED,16458901.69,2122228.77
1538,1538,LOC001538,738 Main Street,,Ahmedabad,GJ,601539,US,TENANT_OCCUPIED,10942531.03,4341125.37
1539,1539,LOC001539,739 Main Street,Suite 40,Jaipur,RJ,601540,IN,VACANT,9759075.57,4414186.65
1540,1540,LOC001540,740 Main Street,,Kolkata,WB,601541,US,UNDER_CONSTRUCTION,9787114.48,440827.5
1541,1541,LOC001541,741 Main Street,,Chennai,TN,601542,IN,OWNER_OCCUPIED,18104155.43,3585813.21
1542,1542,LOC001542,742 Main Street,Suite 43,Bengaluru,KA,601543,US,TENANT_OCCUPIED,10290978.67,4507252.55
1543,1543,LOC001543,743 Main Street,,Mumbai,MH,601544,IN,VACANT,16108781.57,3403797.68
1544,1544,LOC001544,744 Main Street,,Hyderabad,TS,601545,US,UNDER_CONSTRUCTION,12595325.73,645395.28
1545,1545,LOC001545,745 Main Street,Suite 46,Vijayawada,AP,601546,IN,OWNER_OCCUPIED,15265180.73,905750.92
1546,1546,LOC001546,746 Main Street,,Kochi,KL,601547,US,TENANT_OCCUPIED,19695175.81,4862216.15
1547,1547,LOC001547,747 Main Street,,Delhi,DL,601548,IN,VACANT,16264984.07,674620.69
1548,1548,LOC001548,748 Main Street,Suite 49,Ahmedabad,GJ,601549,US,UNDER_CONSTRUCTION,8755810.54,4941985.68
1549,1549,LOC001549,749 Main Street,,Jaipur,RJ,601550,IN,OWNER_OCCUPIED,8990168.29,4986482.67
1550,1550,LOC001550,750 Main Street,,Kolkata,WB,601551,US,TENANT_OCCUPIED,12730911.14,4178835.19
1551,1551,LOC001551,751 Main Street,Suite 2,Chennai,TN,601552,IN,VACANT,5528784.02,4558482.2
1552,1552,LOC001552,752 Main Street,,Bengaluru,KA,601553,US,UNDER_CONSTRUCTION,18326391.77,381709.17
1553,1553,LOC001553,753 Main Street,,Mumbai,MH,601554,IN,OWNER_OCCUPIED,8067933.48,2016907.22
1554,1554,LOC001554,754 Main Street,Suite 5,Hyderabad,TS,601555,US,TENANT_OCCUPIED,6859472.7,1417194.06
1555,1555,LOC001555,755 Main Street,,Vijayawada,AP,601556,IN,VACANT,9434065.03,4373657.95
1556,1556,LOC001556,756 Main Street,,Kochi,KL,601557,US,UNDER_CONSTRUCTION,15837737.46,3134136.75
1557,1557,LOC001557,757 Main Street,Suite 8,Delhi,DL,601558,IN,OWNER_OCCUPIED,10689959.2,2126989.48
1558,1558,LOC001558,758 Main Street,,Ahmedabad,GJ,601559,US,TENANT_OCCUPIED,8581626.78,783588.72
1559,1559,LOC001559,759 Main Street,,Jaipur,RJ,601560,IN,VACANT,11964715.6,3803968.07
1560,1560,LOC001560,760 Main Street,Suite 11,Kolkata,WB,601561,US,UNDER_CONSTRUCTION,18823174.71,4628394.43
1561,1561,LOC001561,761 Main Street,,Chennai,TN,601562,IN,OWNER_OCCUPIED,11472333.31,549902.69
1562,1562,LOC001562,762 Main Street,,Bengaluru,KA,601563,US,TENANT_OCCUPIED,6078810.65,2701385.73
1563,1563,LOC001563,763 Main Street,Suite 14,Mumbai,MH,601564,IN,VACANT,7205448.98,2083905.68
1564,1564,LOC001564,764 Main Street,,Hyderabad,TS,601565,US,UNDER_CONSTRUCTION,7969347.72,2453644.72
1565,1565,LOC001565,765 Main Street,,Vijayawada,AP,601566,IN,OWNER_OCCUPIED,12374761.96,235455.07
1566,1566,LOC001566,766 Main Street,Suite 17,Kochi,KL,601567,US,TENANT_OCCUPIED,5870575.77,762070.72
1567,1567,LOC001567,767 Main Street,,Delhi,DL,601568,IN,VACANT,12368777.65,3483623.2
1568,1568,LOC001568,768 Main Street,,Ahmedabad,GJ,601569,US,UNDER_CONSTRUCTION,1256259.38,4453392.36
1569,1569,LOC001569,769 Main Street,Suite 20,Jaipur,RJ,601570,IN,OWNER_OCCUPIED,6964134.48,1226017.5
1570,1570,LOC001570,770 Main Street,,Kolkata,WB,601571,US,TENANT_OCCUPIED,15042121.49,4608133.17
1571,1571,LOC001571,771 Main Street,,Chennai,TN,601572,IN,VACANT,17992111.56,150152.8
1572,1572,LOC001572,772 Main Street,Suite 23,Bengaluru,KA,601573,US,UNDER_CONSTRUCTION,16439025.54,1550122.02
1573,1573,LOC001573,773 Main Street,,Mumbai,MH,601574,IN,OWNER_OCCUPIED,5966759.74,2483515.11
1574,1574,LOC001574,774 Main Street,,Hyderabad,TS,601575,US,TENANT_OCCUPIED,14075565.47,536176.08
1575,1575,LOC001575,775 Main Street,Suite 26,Vijayawada,AP,601576,IN,VACANT,17443550.49,715208.33
1576,1576,LOC001576,776 Main Street,,Kochi,KL,601577,US,UNDER_CONSTRUCTION,19497278.78,2243397.54
1577,1577,LOC001577,777 Main Street,,Delhi,DL,601578,IN,OWNER_OCCUPIED,16603554.97,1383628.91
1578,1578,LOC001578,778 Main Street,Suite 29,Ahmedabad,GJ,601579,US,TENANT_OCCUPIED,8627068.19,3245496.32
1579,1579,LOC001579,779 Main Street,,Jaipur,RJ,601580,IN,VACANT,4164745.97,1096382.99
1580,1580,LOC001580,780 Main Street,,Kolkata,WB,601581,US,UNDER_CONSTRUCTION,16567403.97,3717676.75
1581,1581,LOC001581,781 Main Street,Suite 32,Chennai,TN,601582,IN,OWNER_OCCUPIED,15310119.26,4342585.4
1582,1582,LOC001582,782 Main Street,,Bengaluru,KA,601583,US,TENANT_OCCUPIED,16509839.15,2600585.03
1583,1583,LOC001583,783 Main Street,,Mumbai,MH,601584,IN,VACANT,3599962.63,1590059.31
1584,1584,LOC001584,784 Main Street,Suite 35,Hyderabad,TS,601585,US,UNDER_CONSTRUCTION,10382507.87,721466.61
1585,1585,LOC001585,785 Main Street,,Vijayawada,AP,601586,IN,OWNER_OCCUPIED,17100259.15,4402696.33
1586,1586,LOC001586,786 Main Street,,Kochi,KL,601587,US,TENANT_OCCUPIED,1064489.11,1004179.06
1587,1587,LOC001587,787 Main Street,Suite 38,Delhi,DL,601588,IN,VACANT,16742133.69,4193034.55
1588,1588,LOC001588,788 Main Street,,Ahmedabad,GJ,601589,US,UNDER_CONSTRUCTION,5365060.1,2309420.9
1589,1589,LOC001589,789 Main Street,,Jaipur,RJ,601590,IN,OWNER_OCCUPIED,18401605.85,3537938.03
1590,1590,LOC001590,790 Main Street,Suite 41,Kolkata,WB,601591,US,TENANT_OCCUPIED,5842561.22,4126356.14
1591,1591,LOC001591,791 Main Street,,Chennai,TN,601592,IN,VACANT,10349964.31,3195278.55
1592,1592,LOC001592,792 Main Street,,Bengaluru,KA,601593,US,UNDER_CONSTRUCTION,2915520.75,201287.8
1593,1593,LOC001593,793 Main Street,Suite 44,Mumbai,MH,601594,IN,OWNER_OCCUPIED,7763101.85,2990515.79
1594,1594,LOC001594,794 Main Street,,Hyderabad,TS,601595,US,TENANT_OCCUPIED,3962882.04,4358879.82
1595,1595,LOC001595,795 Main Street,,Vijayawada,AP,601596,IN,VACANT,11944164.84,1781311.51
1596,1596,LOC001596,796 Main Street,Suite 47,Kochi,KL,601597,US,UNDER_CONSTRUCTION,3688515.48,4477735.01
1597,1597,LOC001597,797 Main Street,,Delhi,DL,601598,IN,OWNER_OCCUPIED,15104742.12,3459810.16
1598,1598,LOC001598,798 Main Street,,Ahmedabad,GJ,601599,US,TENANT_OCCUPIED,6058852.84,1963500.07
1599,1599,LOC001599,799 Main Street,Suite 50,Jaipur,RJ,601600,IN,VACANT,3676694.41,2882677.4
1600,1600,LOC001600,800 Main Street,,Kolkata,WB,601601,US,UNDER_CONSTRUCTION,19315893.38,4292700.38
1601,1601,LOC001601,801 Main Street,,Chennai,TN,601602,IN,OWNER_OCCUPIED,13123907.89,3404591.47
1602,1602,LOC001602,802 Main Street,Suite 3,Bengaluru,KA,601603,US,TENANT_OCCUPIED,5747129.8,2077060.62
1603,1603,LOC001603,803 Main Street,,Mumbai,MH,601604,IN,VACANT,891020.97,3912503.14
1604,1604,LOC001604,804 Main Street,,Hyderabad,TS,601605,US,UNDER_CONSTRUCTION,15467668.2,94045.03
1605,1605,LOC001605,805 Main Street,Suite 6,Vijayawada,AP,601606,IN,OWNER_OCCUPIED,18274551.04,3254489.19
1606,1606,LOC001606,806 Main Street,,Kochi,KL,601607,US,TENANT_OCCUPIED,12222268.03,91895.45
1607,1607,LOC001607,807 Main Street,,Delhi,DL,601608,IN,VACANT,5421613.61,4035173.57
1608,1608,LOC001608,808 Main Street,Suite 9,Ahmedabad,GJ,601609,US,UNDER_CONSTRUCTION,6456464.12,4836770.99
1609,1609,LOC001609,809 Main Street,,Jaipur,RJ,601610,IN,OWNER_OCCUPIED,13033436.07,2147843.66
1610,1610,LOC001610,810 Main Street,,Kolkata,WB,601611,US,TENANT_OCCUPIED,7841271.32,1776110.54
1611,1611,LOC001611,811 Main Street,Suite 12,Chennai,TN,601612,IN,VACANT,5413974.83,2360155.18
1612,1612,LOC001612,812 Main Street,,Bengaluru,KA,601613,US,UNDER_CONSTRUCTION,13705325.05,4130338.57
1613,1613,LOC001613,813 Main Street,,Mumbai,MH,601614,IN,OWNER_OCCUPIED,8244474.53,556444.91
1614,1614,LOC001614,814 Main Street,Suite 15,Hyderabad,TS,601615,US,TENANT_OCCUPIED,10474517.49,3328659.49
1615,1615,LOC001615,815 Main Street,,Vijayawada,AP,601616,IN,VACANT,16944037.03,1902437.33
1616,1616,LOC001616,816 Main Street,,Kochi,KL,601617,US,UNDER_CONSTRUCTION,13123171.34,3064798.02
1617,1617,LOC001617,817 Main Street,Suite 18,Delhi,DL,601618,IN,OWNER_OCCUPIED,6320280.56,585117.43
1618,1618,LOC001618,818 Main Street,,Ahmedabad,GJ,601619,US,TENANT_OCCUPIED,1744822.55,4942386.78
1619,1619,LOC001619,819 Main Street,,Jaipur,RJ,601620,IN,VACANT,12991597.54,4314383.42
1620,1620,LOC001620,820 Main Street,Suite 21,Kolkata,WB,601621,US,UNDER_CONSTRUCTION,5592364.7,3569914.19
1621,1621,LOC001621,821 Main Street,,Chennai,TN,601622,IN,OWNER_OCCUPIED,17901289.05,1529016.0
1622,1622,LOC001622,822 Main Street,,Bengaluru,KA,601623,US,TENANT_OCCUPIED,3423621.28,3839098.22
1623,1623,LOC001623,823 Main Street,Suite 24,Mumbai,MH,601624,IN,VACANT,18043897.37,4036877.62
1624,1624,LOC001624,824 Main Street,,Hyderabad,TS,601625,US,UNDER_CONSTRUCTION,16146093.02,3020164.84
1625,1625,LOC001625,825 Main Street,,Vijayawada,AP,601626,IN,OWNER_OCCUPIED,13380341.31,3419740.96
1626,1626,LOC001626,826 Main Street,Suite 27,Kochi,KL,601627,US,TENANT_OCCUPIED,14565022.35,3294232.82
1627,1627,LOC001627,827 Main Street,,Delhi,DL,601628,IN,VACANT,19950647.44,1334160.05
1628,1628,LOC001628,828 Main Street,,Ahmedabad,GJ,601629,US,UNDER_CONSTRUCTION,8662030.88,1971960.86
1629,1629,LOC001629,829 Main Street,Suite 30,Jaipur,RJ,601630,IN,OWNER_OCCUPIED,1188720.59,3554941.35
1630,1630,LOC001630,830 Main Street,,Kolkata,WB,601631,US,TENANT_OCCUPIED,11654827.46,990080.04
1631,1631,LOC001631,831 Main Street,,Chennai,TN,601632,IN,VACANT,14667722.59,1150697.81
1632,1632,LOC001632,832 Main Street,Suite 33,Bengaluru,KA,601633,US,UNDER_CONSTRUCTION,10925384.48,3935240.42
1633,1633,LOC001633,833 Main Street,,Mumbai,MH,601634,IN,OWNER_OCCUPIED,18177266.86,3375748.96
1634,1634,LOC001634,834 Main Street,,Hyderabad,TS,601635,US,TENANT_OCCUPIED,10392639.68,4234825.26
1635,1635,LOC001635,835 Main Street,Suite 36,Vijayawada,AP,601636,IN,VACANT,16892454.54,4388649.18
1636,1636,LOC001636,836 Main Street,,Kochi,KL,601637,US,UNDER_CONSTRUCTION,4032149.23,533135.17
1637,1637,LOC001637,837 Main Street,,Delhi,DL,601638,IN,OWNER_OCCUPIED,2994910.72,1330326.66
1638,1638,LOC001638,838 Main Street,Suite 39,Ahmedabad,GJ,601639,US,TENANT_OCCUPIED,16262705.45,3826445.18
1639,1639,LOC001639,839 Main Street,,Jaipur,RJ,601640,IN,VACANT,4069832.96,3414576.23
1640,1640,LOC001640,840 Main Street,,Kolkata,WB,601641,US,UNDER_CONSTRUCTION,7044833.03,492034.12
1641,1641,LOC001641,841 Main Street,Suite 42,Chennai,TN,601642,IN,OWNER_OCCUPIED,7428026.22,3733839.15
1642,1642,LOC001642,842 Main Street,,Bengaluru,KA,601643,US,TENANT_OCCUPIED,6488162.79,3951047.66
1643,1643,LOC001643,843 Main Street,,Mumbai,MH,601644,IN,VACANT,6960684.17,1339768.22
1644,1644,LOC001644,844 Main Street,Suite 45,Hyderabad,TS,601645,US,UNDER_CONSTRUCTION,6233996.87,4263508.75
1645,1645,LOC001645,845 Main Street,,Vijayawada,AP,601646,IN,OWNER_OCCUPIED,9675463.07,4338647.18
1646,1646,LOC001646,846 Main Street,,Kochi,KL,601647,US,TENANT_OCCUPIED,11879705.08,4724289.87
1647,1647,LOC001647,847 Main Street,Suite 48,Delhi,DL,601648,IN,VACANT,1888706.88,4452659.0
1648,1648,LOC001648,848 Main Street,,Ahmedabad,GJ,601649,US,UNDER_CONSTRUCTION,10259308.8,4344113.89
1649,1649,LOC001649,849 Main Street,,Jaipur,RJ,601650,IN,OWNER_OCCUPIED,7942549.79,1526860.98
1650,1650,LOC001650,850 Main Street,Suite 1,Kolkata,WB,601651,US,TENANT_OCCUPIED,1554208.43,4278486.86
1651,1651,LOC001651,851 Main Street,,Chennai,TN,601652,IN,VACANT,3178622.55,1041468.12
1652,1652,LOC001652,852 Main Street,,Bengaluru,KA,601653,US,UNDER_CONSTRUCTION,8479241.01,2868547.76
1653,1653,LOC001653,853 Main Street,Suite 4,Mumbai,MH,601654,IN,OWNER_OCCUPIED,18179108.22,2314978.59
1654,1654,LOC001654,854 Main Street,,Hyderabad,TS,601655,US,TENANT_OCCUPIED,6669477.42,3592558.86
1655,1655,LOC001655,855 Main Street,,Vijayawada,AP,601656,IN,VACANT,15689352.96,2463525.19
1656,1656,LOC001656,856 Main Street,Suite 7,Kochi,KL,601657,US,UNDER_CONSTRUCTION,12805139.06,925280.12
1657,1657,LOC001657,857 Main Street,,Delhi,DL,601658,IN,OWNER_OCCUPIED,12872729.9,73331.83
1658,1658,LOC001658,858 Main Street,,Ahmedabad,GJ,601659,US,TENANT_OCCUPIED,5833793.31,3817906.74
1659,1659,LOC001659,859 Main Street,Suite 10,Jaipur,RJ,601660,IN,VACANT,3787812.25,3834194.49
1660,1660,LOC001660,860 Main Street,,Kolkata,WB,601661,US,UNDER_CONSTRUCTION,10046753.27,3829667.38
1661,1661,LOC001661,861 Main Street,,Chennai,TN,601662,IN,OWNER_OCCUPIED,2216806.2,3091674.71
1662,1662,LOC001662,862 Main Street,Suite 13,Bengaluru,KA,601663,US,TENANT_OCCUPIED,12853007.04,2046797.73
1663,1663,LOC001663,863 Main Street,,Mumbai,MH,601664,IN,VACANT,19323892.88,1947416.28
1664,1664,LOC001664,864 Main Street,,Hyderabad,TS,601665,US,UNDER_CONSTRUCTION,1235643.71,1037100.54
1665,1665,LOC001665,865 Main Street,Suite 16,Vijayawada,AP,601666,IN,OWNER_OCCUPIED,7775477.41,119681.74
1666,1666,LOC001666,866 Main Street,,Kochi,KL,601667,US,TENANT_OCCUPIED,6783156.11,4174481.9
1667,1667,LOC001667,867 Main Street,,Delhi,DL,601668,IN,VACANT,4216245.84,3399903.3
1668,1668,LOC001668,868 Main Street,Suite 19,Ahmedabad,GJ,601669,US,UNDER_CONSTRUCTION,12720395.11,1281674.46
1669,1669,LOC001669,869 Main Street,,Jaipur,RJ,601670,IN,OWNER_OCCUPIED,14023732.57,1754531.38
1670,1670,LOC001670,870 Main Street,,Kolkata,WB,601671,US,TENANT_OCCUPIED,3014150.61,1948574.86
1671,1671,LOC001671,871 Main Street,Suite 22,Chennai,TN,601672,IN,VACANT,11979078.42,876749.93
1672,1672,LOC001672,872 Main Street,,Bengaluru,KA,601673,US,UNDER_CONSTRUCTION,16564954.68,1526101.15
1673,1673,LOC001673,873 Main Street,,Mumbai,MH,601674,IN,OWNER_OCCUPIED,6171141.94,3652767.96
1674,1674,LOC001674,874 Main Street,Suite 25,Hyderabad,TS,601675,US,TENANT_OCCUPIED,12129213.41,1722284.0
1675,1675,LOC001675,875 Main Street,,Vijayawada,AP,601676,IN,VACANT,17815493.85,4977588.43
1676,1676,LOC001676,876 Main Street,,Kochi,KL,601677,US,UNDER_CONSTRUCTION,7183290.37,4511849.69
1677,1677,LOC001677,877 Main Street,Suite 28,Delhi,DL,601678,IN,OWNER_OCCUPIED,7505392.28,982708.87
1678,1678,LOC001678,878 Main Street,,Ahmedabad,GJ,601679,US,TENANT_OCCUPIED,18987644.9,4595116.77
1679,1679,LOC001679,879 Main Street,,Jaipur,RJ,601680,IN,VACANT,8366137.07,1180670.51
1680,1680,LOC001680,880 Main Street,Suite 31,Kolkata,WB,601681,US,UNDER_CONSTRUCTION,14679792.15,699468.59
1681,1681,LOC001681,881 Main Street,,Chennai,TN,601682,IN,OWNER_OCCUPIED,14814494.08,2968979.53
1682,1682,LOC001682,882 Main Street,,Bengaluru,KA,601683,US,TENANT_OCCUPIED,3795202.47,1864627.68
1683,1683,LOC001683,883 Main Street,Suite 34,Mumbai,MH,601684,IN,VACANT,13185537.41,234948.97
1684,1684,LOC001684,884 Main Street,,Hyderabad,TS,601685,US,UNDER_CONSTRUCTION,17592610.68,1316156.41
1685,1685,LOC001685,885 Main Street,,Vijayawada,AP,601686,IN,OWNER_OCCUPIED,10927301.97,290505.46
1686,1686,LOC001686,886 Main Street,Suite 37,Kochi,KL,601687,US,TENANT_OCCUPIED,19896264.56,3326751.08
1687,1687,LOC001687,887 Main Street,,Delhi,DL,601688,IN,VACANT,13244568.56,147721.74
1688,1688,LOC001688,888 Main Street,,Ahmedabad,GJ,601689,US,UNDER_CONSTRUCTION,13950120.09,2113039.05
1689,1689,LOC001689,889 Main Street,Suite 40,Jaipur,RJ,601690,IN,OWNER_OCCUPIED,7914948.38,2759047.8
1690,1690,LOC001690,890 Main Street,,Kolkata,WB,601691,US,TENANT_OCCUPIED,9750728.6,807979.14
1691,1691,LOC001691,891 Main Street,,Chennai,TN,601692,IN,VACANT,14056244.57,3170041.13
1692,1692,LOC001692,892 Main Street,Suite 43,Bengaluru,KA,601693,US,UNDER_CONSTRUCTION,6371770.87,3325239.65
1693,1693,LOC001693,893 Main Street,,Mumbai,MH,601694,IN,OWNER_OCCUPIED,13418417.83,1386386.89
1694,1694,LOC001694,894 Main Street,,Hyderabad,TS,601695,US,TENANT_OCCUPIED,12309869.57,728959.44
1695,1695,LOC001695,895 Main Street,Suite 46,Vijayawada,AP,601696,IN,VACANT,16697728.05,569325.47
1696,1696,LOC001696,896 Main Street,,Kochi,KL,601697,US,UNDER_CONSTRUCTION,14515941.38,632786.11
1697,1697,LOC001697,897 Main Street,,Delhi,DL,601698,IN,OWNER_OCCUPIED,2723244.78,576005.36
1698,1698,LOC001698,898 Main Street,Suite 49,Ahmedabad,GJ,601699,US,TENANT_OCCUPIED,4373609.9,1038759.46
1699,1699,LOC001699,899 Main Street,,Jaipur,RJ,601700,IN,VACANT,5628381.35,2639573.23
1700,1700,LOC001700,900 Main Street,,Kolkata,WB,601701,US,UNDER_CONSTRUCTION,4432627.2,3532011.91
1701,1701,LOC001701,901 Main Street,Suite 2,Chennai,TN,601702,IN,OWNER_OCCUPIED,6259348.42,245058.25
1702,1702,LOC001702,902 Main Street,,Bengaluru,KA,601703,US,TENANT_OCCUPIED,10178916.91,1078085.22
1703,1703,LOC001703,903 Main Street,,Mumbai,MH,601704,IN,VACANT,18695924.72,1686487.9
1704,1704,LOC001704,904 Main Street,Suite 5,Hyderabad,TS,601705,US,UNDER_CONSTRUCTION,553390.98,3374584.01
1705,1705,LOC001705,905 Main Street,,Vijayawada,AP,601706,IN,OWNER_OCCUPIED,18184160.86,4184399.22
1706,1706,LOC001706,906 Main Street,,Kochi,KL,601707,US,TENANT_OCCUPIED,13545927.64,788265.24
1707,1707,LOC001707,907 Main Street,Suite 8,Delhi,DL,601708,IN,VACANT,2256612.13,2582941.47
1708,1708,LOC001708,908 Main Street,,Ahmedabad,GJ,601709,US,UNDER_CONSTRUCTION,14609490.53,551387.87
1709,1709,LOC001709,909 Main Street,,Jaipur,RJ,601710,IN,OWNER_OCCUPIED,5489896.0,1194243.42
1710,1710,LOC001710,910 Main Street,Suite 11,Kolkata,WB,601711,US,TENANT_OCCUPIED,19778985.65,1515309.78
1711,1711,LOC001711,911 Main Street,,Chennai,TN,601712,IN,VACANT,9553408.47,544054.13
1712,1712,LOC001712,912 Main Street,,Bengaluru,KA,601713,US,UNDER_CONSTRUCTION,3906685.27,245250.37
1713,1713,LOC001713,913 Main Street,Suite 14,Mumbai,MH,601714,IN,OWNER_OCCUPIED,6166059.96,4017900.71
1714,1714,LOC001714,914 Main Street,,Hyderabad,TS,601715,US,TENANT_OCCUPIED,6597788.59,3705773.97
1715,1715,LOC001715,915 Main Street,,Vijayawada,AP,601716,IN,VACANT,2352470.17,3803109.82
1716,1716,LOC001716,916 Main Street,Suite 17,Kochi,KL,601717,US,UNDER_CONSTRUCTION,1394837.2,4267393.69
1717,1717,LOC001717,917 Main Street,,Delhi,DL,601718,IN,OWNER_OCCUPIED,13435423.04,894035.77
1718,1718,LOC001718,918 Main Street,,Ahmedabad,GJ,601719,US,TENANT_OCCUPIED,7471784.38,2216686.86
1719,1719,LOC001719,919 Main Street,Suite 20,Jaipur,RJ,601720,IN,VACANT,12625237.15,4398453.91
1720,1720,LOC001720,920 Main Street,,Kolkata,WB,601721,US,UNDER_CONSTRUCTION,2312550.65,4084073.23
1721,1721,LOC001721,921 Main Street,,Chennai,TN,601722,IN,OWNER_OCCUPIED,4065953.7,2033848.7
1722,1722,LOC001722,922 Main Street,Suite 23,Bengaluru,KA,601723,US,TENANT_OCCUPIED,19265043.64,1395573.8
1723,1723,LOC001723,923 Main Street,,Mumbai,MH,601724,IN,VACANT,8021452.05,4260824.31
1724,1724,LOC001724,924 Main Street,,Hyderabad,TS,601725,US,UNDER_CONSTRUCTION,16098032.39,3261790.1
1725,1725,LOC001725,925 Main Street,Suite 26,Vijayawada,AP,601726,IN,OWNER_OCCUPIED,16039736.36,609629.95
1726,1726,LOC001726,926 Main Street,,Kochi,KL,601727,US,TENANT_OCCUPIED,14075312.53,340299.66
1727,1727,LOC001727,927 Main Street,,Delhi,DL,601728,IN,VACANT,18878106.27,839007.22
1728,1728,LOC001728,928 Main Street,Suite 29,Ahmedabad,GJ,601729,US,UNDER_CONSTRUCTION,8612540.47,2974214.0
1729,1729,LOC001729,929 Main Street,,Jaipur,RJ,601730,IN,OWNER_OCCUPIED,16144163.29,3408046.02
1730,1730,LOC001730,930 Main Street,,Kolkata,WB,601731,US,TENANT_OCCUPIED,4034580.93,1929766.36
1731,1731,LOC001731,931 Main Street,Suite 32,Chennai,TN,601732,IN,VACANT,7492678.84,192640.34
1732,1732,LOC001732,932 Main Street,,Bengaluru,KA,601733,US,UNDER_CONSTRUCTION,13847050.6,4200755.56
1733,1733,LOC001733,933 Main Street,,Mumbai,MH,601734,IN,OWNER_OCCUPIED,19482169.31,696743.88
1734,1734,LOC001734,934 Main Street,Suite 35,Hyderabad,TS,601735,US,TENANT_OCCUPIED,18447760.72,609040.52
1735,1735,LOC001735,935 Main Street,,Vijayawada,AP,601736,IN,VACANT,8520043.14,277563.01
1736,1736,LOC001736,936 Main Street,,Kochi,KL,601737,US,UNDER_CONSTRUCTION,5601450.91,1605477.83
1737,1737,LOC001737,937 Main Street,Suite 38,Delhi,DL,601738,IN,OWNER_OCCUPIED,14239079.44,3405748.16
1738,1738,LOC001738,938 Main Street,,Ahmedabad,GJ,601739,US,TENANT_OCCUPIED,15466810.01,2904412.59
1739,1739,LOC001739,939 Main Street,,Jaipur,RJ,601740,IN,VACANT,11517738.4,4890583.01
1740,1740,LOC001740,940 Main Street,Suite 41,Kolkata,WB,601741,US,UNDER_CONSTRUCTION,13561964.99,1724588.18
1741,1741,LOC001741,941 Main Street,,Chennai,TN,601742,IN,OWNER_OCCUPIED,10700511.92,3517871.91
1742,1742,LOC001742,942 Main Street,,Bengaluru,KA,601743,US,TENANT_OCCUPIED,2357221.7,3325480.65
1743,1743,LOC001743,943 Main Street,Suite 44,Mumbai,MH,601744,IN,VACANT,5347251.4,1761459.96
1744,1744,LOC001744,944 Main Street,,Hyderabad,TS,601745,US,UNDER_CONSTRUCTION,13687763.58,1955139.26
1745,1745,LOC001745,945 Main Street,,Vijayawada,AP,601746,IN,OWNER_OCCUPIED,16861143.91,2813803.97
1746,1746,LOC001746,946 Main Street,Suite 47,Kochi,KL,601747,US,TENANT_OCCUPIED,19761936.68,320102.27
1747,1747,LOC001747,947 Main Street,,Delhi,DL,601748,IN,VACANT,13046274.97,826790.5
1748,1748,LOC001748,948 Main Street,,Ahmedabad,GJ,601749,US,UNDER_CONSTRUCTION,17052488.71,4266762.2
1749,1749,LOC001749,949 Main Street,Suite 50,Jaipur,RJ,601750,IN,OWNER_OCCUPIED,17453604.87,420582.95
1750,1750,LOC001750,950 Main Street,,Kolkata,WB,601751,US,TENANT_OCCUPIED,10087135.24,1242414.49
1751,1751,LOC001751,951 Main Street,,Chennai,TN,601752,IN,VACANT,19417828.45,299236.04
1752,1752,LOC001752,952 Main Street,Suite 3,Bengaluru,KA,601753,US,UNDER_CONSTRUCTION,4842777.2,3234420.71
1753,1753,LOC001753,953 Main Street,,Mumbai,MH,601754,IN,OWNER_OCCUPIED,8363901.37,1213250.0
1754,1754,LOC001754,954 Main Street,,Hyderabad,TS,601755,US,TENANT_OCCUPIED,9452344.6,4016243.37
1755,1755,LOC001755,955 Main Street,Suite 6,Vijayawada,AP,601756,IN,VACANT,9237922.42,4290116.66
1756,1756,LOC001756,956 Main Street,,Kochi,KL,601757,US,UNDER_CONSTRUCTION,9217828.34,637598.92
1757,1757,LOC001757,957 Main Street,,Delhi,DL,601758,IN,OWNER_OCCUPIED,10198780.29,3284196.37
1758,1758,LOC001758,958 Main Street,Suite 9,Ahmedabad,GJ,601759,US,TENANT_OCCUPIED,2501544.77,2091075.81
1759,1759,LOC001759,959 Main Street,,Jaipur,RJ,601760,IN,VACANT,11364054.72,50840.09
1760,1760,LOC001760,960 Main Street,,Kolkata,WB,601761,US,UNDER_CONSTRUCTION,2272463.16,3040806.22
1761,1761,LOC001761,961 Main Street,Suite 12,Chennai,TN,601762,IN,OWNER_OCCUPIED,12571790.0,1557759.89
1762,1762,LOC001762,962 Main Street,,Bengaluru,KA,601763,US,TENANT_OCCUPIED,10412585.94,1073913.68
1763,1763,LOC001763,963 Main Street,,Mumbai,MH,601764,IN,VACANT,13593750.23,4754257.89
1764,1764,LOC001764,964 Main Street,Suite 15,Hyderabad,TS,601765,US,UNDER_CONSTRUCTION,7585178.31,318662.31
1765,1765,LOC001765,965 Main Street,,Vijayawada,AP,601766,IN,OWNER_OCCUPIED,4846903.23,2299576.91
1766,1766,LOC001766,966 Main Street,,Kochi,KL,601767,US,TENANT_OCCUPIED,11422941.48,3117801.95
1767,1767,LOC001767,967 Main Street,Suite 18,Delhi,DL,601768,IN,VACANT,9726106.78,3302977.67
1768,1768,LOC001768,968 Main Street,,Ahmedabad,GJ,601769,US,UNDER_CONSTRUCTION,14460313.26,614415.62
1769,1769,LOC001769,969 Main Street,,Jaipur,RJ,601770,IN,OWNER_OCCUPIED,15306739.05,1147648.18
1770,1770,LOC001770,970 Main Street,Suite 21,Kolkata,WB,601771,US,TENANT_OCCUPIED,7156463.73,4157925.23
1771,1771,LOC001771,971 Main Street,,Chennai,TN,601772,IN,VACANT,19306456.83,1495318.64
1772,1772,LOC001772,972 Main Street,,Bengaluru,KA,601773,US,UNDER_CONSTRUCTION,10678709.19,3525375.46
1773,1773,LOC001773,973 Main Street,Suite 24,Mumbai,MH,601774,IN,OWNER_OCCUPIED,1392673.14,862569.07
1774,1774,LOC001774,974 Main Street,,Hyderabad,TS,601775,US,TENANT_OCCUPIED,3238759.15,3598437.76
1775,1775,LOC001775,975 Main Street,,Vijayawada,AP,601776,IN,VACANT,14570402.36,579459.45
1776,1776,LOC001776,976 Main Street,Suite 27,Kochi,KL,601777,US,UNDER_CONSTRUCTION,12411609.44,978339.83
1777,1777,LOC001777,977 Main Street,,Delhi,DL,601778,IN,OWNER_OCCUPIED,18639217.05,1994837.63
1778,1778,LOC001778,978 Main Street,,Ahmedabad,GJ,601779,US,TENANT_OCCUPIED,9412397.16,3918031.0
1779,1779,LOC001779,979 Main Street,Suite 30,Jaipur,RJ,601780,IN,VACANT,14477364.33,583440.45
1780,1780,LOC001780,980 Main Street,,Kolkata,WB,601781,US,UNDER_CONSTRUCTION,8582171.73,4636801.33
1781,1781,LOC001781,981 Main Street,,Chennai,TN,601782,IN,OWNER_OCCUPIED,16830591.63,2964614.98
1782,1782,LOC001782,982 Main Street,Suite 33,Bengaluru,KA,601783,US,TENANT_OCCUPIED,15556830.89,2279997.75
1783,1783,LOC001783,983 Main Street,,Mumbai,MH,601784,IN,VACANT,13339905.55,4783142.09
1784,1784,LOC001784,984 Main Street,,Hyderabad,TS,601785,US,UNDER_CONSTRUCTION,3125402.28,2519201.78
1785,1785,LOC001785,985 Main Street,Suite 36,Vijayawada,AP,601786,IN,OWNER_OCCUPIED,10842104.78,290429.45
1786,1786,LOC001786,986 Main Street,,Kochi,KL,601787,US,TENANT_OCCUPIED,18738511.48,4202139.75
1787,1787,LOC001787,987 Main Street,,Delhi,DL,601788,IN,VACANT,9917173.29,2566247.85
1788,1788,LOC001788,988 Main Street,Suite 39,Ahmedabad,GJ,601789,US,UNDER_CONSTRUCTION,18462665.12,927152.07
1789,1789,LOC001789,989 Main Street,,Jaipur,RJ,601790,IN,OWNER_OCCUPIED,11781810.52,3665948.58
1790,1790,LOC001790,990 Main Street,,Kolkata,WB,601791,US,TENANT_OCCUPIED,3003444.75,1967657.62
1791,1791,LOC001791,991 Main Street,Suite 42,Chennai,TN,601792,IN,VACANT,12210647.43,4419344.52
1792,1792,LOC001792,992 Main Street,,Bengaluru,KA,601793,US,UNDER_CONSTRUCTION,10330147.33,1954080.06
1793,1793,LOC001793,993 Main Street,,Mumbai,MH,601794,IN,OWNER_OCCUPIED,19600264.82,4583755.7
1794,1794,LOC001794,994 Main Street,Suite 45,Hyderabad,TS,601795,US,TENANT_OCCUPIED,15366305.8,1404299.61
1795,1795,LOC001795,995 Main Street,,Vijayawada,AP,601796,IN,VACANT,19290073.98,4853933.67
1796,1796,LOC001796,996 Main Street,,Kochi,KL,601797,US,UNDER_CONSTRUCTION,9330491.27,710190.56
1797,1797,LOC001797,997 Main Street,Suite 48,Delhi,DL,601798,IN,OWNER_OCCUPIED,8548536.72,3515070.71
1798,1798,LOC001798,998 Main Street,,Ahmedabad,GJ,601799,US,TENANT_OCCUPIED,15094323.88,1529620.02
1799,1799,LOC001799,999 Main Street,,Jaipur,RJ,601800,IN,VACANT,14179139.05,4310502.35
1800,1800,LOC001800,100 Main Street,Suite 1,Kolkata,WB,601801,US,UNDER_CONSTRUCTION,14381549.95,4680784.78
1801,1801,LOC001801,101 Main Street,,Chennai,TN,601802,IN,OWNER_OCCUPIED,12835374.05,1044400.96
1802,1802,LOC001802,102 Main Street,,Bengaluru,KA,601803,US,TENANT_OCCUPIED,12671267.99,1488368.5
1803,1803,LOC001803,103 Main Street,Suite 4,Mumbai,MH,601804,IN,VACANT,7233224.83,3378249.88
1804,1804,LOC001804,104 Main Street,,Hyderabad,TS,601805,US,UNDER_CONSTRUCTION,19636042.18,3267927.62
1805,1805,LOC001805,105 Main Street,,Vijayawada,AP,601806,IN,OWNER_OCCUPIED,19187365.83,2544272.52
1806,1806,LOC001806,106 Main Street,Suite 7,Kochi,KL,601807,US,TENANT_OCCUPIED,14039083.49,1645787.92
1807,1807,LOC001807,107 Main Street,,Delhi,DL,601808,IN,VACANT,2750402.42,1793577.12
1808,1808,LOC001808,108 Main Street,,Ahmedabad,GJ,601809,US,UNDER_CONSTRUCTION,9867213.49,2874659.06
1809,1809,LOC001809,109 Main Street,Suite 10,Jaipur,RJ,601810,IN,OWNER_OCCUPIED,13509566.14,2116515.77
1810,1810,LOC001810,110 Main Street,,Kolkata,WB,601811,US,TENANT_OCCUPIED,15083440.11,4214877.05
1811,1811,LOC001811,111 Main Street,,Chennai,TN,601812,IN,VACANT,6075595.61,4244140.4
1812,1812,LOC001812,112 Main Street,Suite 13,Bengaluru,KA,601813,US,UNDER_CONSTRUCTION,16261943.2,2637513.43
1813,1813,LOC001813,113 Main Street,,Mumbai,MH,601814,IN,OWNER_OCCUPIED,992806.75,769367.22
1814,1814,LOC001814,114 Main Street,,Hyderabad,TS,601815,US,TENANT_OCCUPIED,13569956.49,1039516.97
1815,1815,LOC001815,115 Main Street,Suite 16,Vijayawada,AP,601816,IN,VACANT,15128607.86,846630.2
1816,1816,LOC001816,116 Main Street,,Kochi,KL,601817,US,UNDER_CONSTRUCTION,6089003.19,1290276.99
1817,1817,LOC001817,117 Main Street,,Delhi,DL,601818,IN,OWNER_OCCUPIED,16867945.38,3468444.51
1818,1818,LOC001818,118 Main Street,Suite 19,Ahmedabad,GJ,601819,US,TENANT_OCCUPIED,6255241.04,3780290.04
1819,1819,LOC001819,119 Main Street,,Jaipur,RJ,601820,IN,VACANT,1129974.47,4079429.78
1820,1820,LOC001820,120 Main Street,,Kolkata,WB,601821,US,UNDER_CONSTRUCTION,2498360.12,4346775.1
1821,1821,LOC001821,121 Main Street,Suite 22,Chennai,TN,601822,IN,OWNER_OCCUPIED,14920103.36,4330965.35
1822,1822,LOC001822,122 Main Street,,Bengaluru,KA,601823,US,TENANT_OCCUPIED,14977048.35,2828289.24
1823,1823,LOC001823,123 Main Street,,Mumbai,MH,601824,IN,VACANT,5133111.72,3932320.51
1824,1824,LOC001824,124 Main Street,Suite 25,Hyderabad,TS,601825,US,UNDER_CONSTRUCTION,16077024.17,1473811.34
1825,1825,LOC001825,125 Main Street,,Vijayawada,AP,601826,IN,OWNER_OCCUPIED,13457624.59,4636099.82
1826,1826,LOC001826,126 Main Street,,Kochi,KL,601827,US,TENANT_OCCUPIED,8057315.65,4785674.75
1827,1827,LOC001827,127 Main Street,Suite 28,Delhi,DL,601828,IN,VACANT,19528543.08,1597637.21
1828,1828,LOC001828,128 Main Street,,Ahmedabad,GJ,601829,US,UNDER_CONSTRUCTION,11266429.65,114177.93
1829,1829,LOC001829,129 Main Street,,Jaipur,RJ,601830,IN,OWNER_OCCUPIED,5401152.0,3121780.39
1830,1830,LOC001830,130 Main Street,Suite 31,Kolkata,WB,601831,US,TENANT_OCCUPIED,15728035.41,4357084.56
1831,1831,LOC001831,131 Main Street,,Chennai,TN,601832,IN,VACANT,16684677.9,4561857.57
1832,1832,LOC001832,132 Main Street,,Bengaluru,KA,601833,US,UNDER_CONSTRUCTION,14240266.84,3255780.31
1833,1833,LOC001833,133 Main Street,Suite 34,Mumbai,MH,601834,IN,OWNER_OCCUPIED,15224600.25,2755744.93
1834,1834,LOC001834,134 Main Street,,Hyderabad,TS,601835,US,TENANT_OCCUPIED,12266046.06,3891926.39
1835,1835,LOC001835,135 Main Street,,Vijayawada,AP,601836,IN,VACANT,19303651.55,1506179.72
1836,1836,LOC001836,136 Main Street,Suite 37,Kochi,KL,601837,US,UNDER_CONSTRUCTION,3959805.02,3429161.32
1837,1837,LOC001837,137 Main Street,,Delhi,DL,601838,IN,OWNER_OCCUPIED,4146043.34,910285.9
1838,1838,LOC001838,138 Main Street,,Ahmedabad,GJ,601839,US,TENANT_OCCUPIED,10520013.63,1917131.22
1839,1839,LOC001839,139 Main Street,Suite 40,Jaipur,RJ,601840,IN,VACANT,8855902.38,2805163.17
1840,1840,LOC001840,140 Main Street,,Kolkata,WB,601841,US,UNDER_CONSTRUCTION,3036297.34,2940730.99
1841,1841,LOC001841,141 Main Street,,Chennai,TN,601842,IN,OWNER_OCCUPIED,5472814.89,1686285.8
1842,1842,LOC001842,142 Main Street,Suite 43,Bengaluru,KA,601843,US,TENANT_OCCUPIED,14338941.28,816288.2
1843,1843,LOC001843,143 Main Street,,Mumbai,MH,601844,IN,VACANT,3497215.98,1647018.65
1844,1844,LOC001844,144 Main Street,,Hyderabad,TS,601845,US,UNDER_CONSTRUCTION,1491681.1,4665290.23
1845,1845,LOC001845,145 Main Street,Suite 46,Vijayawada,AP,601846,IN,OWNER_OCCUPIED,12504369.18,3326356.54
1846,1846,LOC001846,146 Main Street,,Kochi,KL,601847,US,TENANT_OCCUPIED,10065743.35,2884751.1
1847,1847,LOC001847,147 Main Street,,Delhi,DL,601848,IN,VACANT,7482668.97,3930955.67
1848,1848,LOC001848,148 Main Street,Suite 49,Ahmedabad,GJ,601849,US,UNDER_CONSTRUCTION,6698250.6,1138811.98
1849,1849,LOC001849,149 Main Street,,Jaipur,RJ,601850,IN,OWNER_OCCUPIED,4085447.4,387473.52
1850,1850,LOC001850,150 Main Street,,Kolkata,WB,601851,US,TENANT_OCCUPIED,10350236.83,2108859.66
1851,1851,LOC001851,151 Main Street,Suite 2,Chennai,TN,601852,IN,VACANT,10972201.07,505130.49
1852,1852,LOC001852,152 Main Street,,Bengaluru,KA,601853,US,UNDER_CONSTRUCTION,4813362.58,1106101.36
1853,1853,LOC001853,153 Main Street,,Mumbai,MH,601854,IN,OWNER_OCCUPIED,6971728.54,1835949.23
1854,1854,LOC001854,154 Main Street,Suite 5,Hyderabad,TS,601855,US,TENANT_OCCUPIED,4759683.07,3775645.66
1855,1855,LOC001855,155 Main Street,,Vijayawada,AP,601856,IN,VACANT,10844728.46,4983323.86
1856,1856,LOC001856,156 Main Street,,Kochi,KL,601857,US,UNDER_CONSTRUCTION,16561923.82,4906609.33
1857,1857,LOC001857,157 Main Street,Suite 8,Delhi,DL,601858,IN,OWNER_OCCUPIED,671672.08,3361245.42
1858,1858,LOC001858,158 Main Street,,Ahmedabad,GJ,601859,US,TENANT_OCCUPIED,9190511.3,4527257.47
1859,1859,LOC001859,159 Main Street,,Jaipur,RJ,601860,IN,VACANT,12467171.39,3124601.9
1860,1860,LOC001860,160 Main Street,Suite 11,Kolkata,WB,601861,US,UNDER_CONSTRUCTION,19198487.91,3428629.24
1861,1861,LOC001861,161 Main Street,,Chennai,TN,601862,IN,OWNER_OCCUPIED,6758271.7,4583865.53
1862,1862,LOC001862,162 Main Street,,Bengaluru,KA,601863,US,TENANT_OCCUPIED,18927259.57,1960085.88
1863,1863,LOC001863,163 Main Street,Suite 14,Mumbai,MH,601864,IN,VACANT,11034627.6,1450003.52
1864,1864,LOC001864,164 Main Street,,Hyderabad,TS,601865,US,UNDER_CONSTRUCTION,18271050.57,4119439.87
1865,1865,LOC001865,165 Main Street,,Vijayawada,AP,601866,IN,OWNER_OCCUPIED,7811681.82,4023942.85
1866,1866,LOC001866,166 Main Street,Suite 17,Kochi,KL,601867,US,TENANT_OCCUPIED,9188359.5,267065.72
1867,1867,LOC001867,167 Main Street,,Delhi,DL,601868,IN,VACANT,18016491.37,1002936.32
1868,1868,LOC001868,168 Main Street,,Ahmedabad,GJ,601869,US,UNDER_CONSTRUCTION,10520946.65,4743648.51
1869,1869,LOC001869,169 Main Street,Suite 20,Jaipur,RJ,601870,IN,OWNER_OCCUPIED,3764198.78,4783567.22
1870,1870,LOC001870,170 Main Street,,Kolkata,WB,601871,US,TENANT_OCCUPIED,10990509.2,86286.4
1871,1871,LOC001871,171 Main Street,,Chennai,TN,601872,IN,VACANT,1776700.53,3368158.87
1872,1872,LOC001872,172 Main Street,Suite 23,Bengaluru,KA,601873,US,UNDER_CONSTRUCTION,15584854.19,4331506.74
1873,1873,LOC001873,173 Main Street,,Mumbai,MH,601874,IN,OWNER_OCCUPIED,8772084.31,564437.71
1874,1874,LOC001874,174 Main Street,,Hyderabad,TS,601875,US,TENANT_OCCUPIED,10986207.17,3528577.19
1875,1875,LOC001875,175 Main Street,Suite 26,Vijayawada,AP,601876,IN,VACANT,19536366.47,3887273.37
1876,1876,LOC001876,176 Main Street,,Kochi,KL,601877,US,UNDER_CONSTRUCTION,13107942.61,4701768.0
1877,1877,LOC001877,177 Main Street,,Delhi,DL,601878,IN,OWNER_OCCUPIED,15064371.1,811085.16
1878,1878,LOC001878,178 Main Street,Suite 29,Ahmedabad,GJ,601879,US,TENANT_OCCUPIED,9454892.09,1691991.11
1879,1879,LOC001879,179 Main Street,,Jaipur,RJ,601880,IN,VACANT,2206657.51,318626.95
1880,1880,LOC001880,180 Main Street,,Kolkata,WB,601881,US,UNDER_CONSTRUCTION,15987188.35,2812516.82
1881,1881,LOC001881,181 Main Street,Suite 32,Chennai,TN,601882,IN,OWNER_OCCUPIED,11711764.74,1176845.89
1882,1882,LOC001882,182 Main Street,,Bengaluru,KA,601883,US,TENANT_OCCUPIED,5543635.2,1970761.39
1883,1883,LOC001883,183 Main Street,,Mumbai,MH,601884,IN,VACANT,12789236.66,2193473.92
1884,1884,LOC001884,184 Main Street,Suite 35,Hyderabad,TS,601885,US,UNDER_CONSTRUCTION,829373.88,3382828.73
1885,1885,LOC001885,185 Main Street,,Vijayawada,AP,601886,IN,OWNER_OCCUPIED,10929270.22,3225042.6
1886,1886,LOC001886,186 Main Street,,Kochi,KL,601887,US,TENANT_OCCUPIED,12557812.5,3792004.95
1887,1887,LOC001887,187 Main Street,Suite 38,Delhi,DL,601888,IN,VACANT,11919356.26,3519366.06
1888,1888,LOC001888,188 Main Street,,Ahmedabad,GJ,601889,US,UNDER_CONSTRUCTION,1915494.17,4643836.36
1889,1889,LOC001889,189 Main Street,,Jaipur,RJ,601890,IN,OWNER_OCCUPIED,2569643.07,3945114.89
1890,1890,LOC001890,190 Main Street,Suite 41,Kolkata,WB,601891,US,TENANT_OCCUPIED,6376338.84,478200.85
1891,1891,LOC001891,191 Main Street,,Chennai,TN,601892,IN,VACANT,15422847.7,2216496.94
1892,1892,LOC001892,192 Main Street,,Bengaluru,KA,601893,US,UNDER_CONSTRUCTION,8204708.54,3320579.67
1893,1893,LOC001893,193 Main Street,Suite 44,Mumbai,MH,601894,IN,OWNER_OCCUPIED,9742759.71,2690665.43
1894,1894,LOC001894,194 Main Street,,Hyderabad,TS,601895,US,TENANT_OCCUPIED,3159438.48,1985413.2
1895,1895,LOC001895,195 Main Street,,Vijayawada,AP,601896,IN,VACANT,16050949.95,2751336.12
1896,1896,LOC001896,196 Main Street,Suite 47,Kochi,KL,601897,US,UNDER_CONSTRUCTION,19222618.17,763173.91
1897,1897,LOC001897,197 Main Street,,Delhi,DL,601898,IN,OWNER_OCCUPIED,13707136.39,4575136.14
1898,1898,LOC001898,198 Main Street,,Ahmedabad,GJ,601899,US,TENANT_OCCUPIED,16002833.88,3660156.65
1899,1899,LOC001899,199 Main Street,Suite 50,Jaipur,RJ,601900,IN,VACANT,7776045.04,4749852.26
1900,1900,LOC001900,200 Main Street,,Kolkata,WB,601901,US,UNDER_CONSTRUCTION,11293721.66,2797595.24
1901,1901,LOC001901,201 Main Street,,Chennai,TN,601902,IN,OWNER_OCCUPIED,2903085.6,74897.7
1902,1902,LOC001902,202 Main Street,Suite 3,Bengaluru,KA,601903,US,TENANT_OCCUPIED,12134770.31,2708902.64
1903,1903,LOC001903,203 Main Street,,Mumbai,MH,601904,IN,VACANT,18966098.09,1558221.2
1904,1904,LOC001904,204 Main Street,,Hyderabad,TS,601905,US,UNDER_CONSTRUCTION,15091783.44,4522554.56
1905,1905,LOC001905,205 Main Street,Suite 6,Vijayawada,AP,601906,IN,OWNER_OCCUPIED,7205107.17,2092639.76
1906,1906,LOC001906,206 Main Street,,Kochi,KL,601907,US,TENANT_OCCUPIED,13095664.32,2587135.84
1907,1907,LOC001907,207 Main Street,,Delhi,DL,601908,IN,VACANT,3638609.97,1142900.45
1908,1908,LOC001908,208 Main Street,Suite 9,Ahmedabad,GJ,601909,US,UNDER_CONSTRUCTION,16777593.15,1011914.77
1909,1909,LOC001909,209 Main Street,,Jaipur,RJ,601910,IN,OWNER_OCCUPIED,4036480.7,4008317.27
1910,1910,LOC001910,210 Main Street,,Kolkata,WB,601911,US,TENANT_OCCUPIED,17118896.99,4264369.23
1911,1911,LOC001911,211 Main Street,Suite 12,Chennai,TN,601912,IN,VACANT,18681212.38,4971849.6
1912,1912,LOC001912,212 Main Street,,Bengaluru,KA,601913,US,UNDER_CONSTRUCTION,9494671.47,2770839.82
1913,1913,LOC001913,213 Main Street,,Mumbai,MH,601914,IN,OWNER_OCCUPIED,6167727.02,383445.65
1914,1914,LOC001914,214 Main Street,Suite 15,Hyderabad,TS,601915,US,TENANT_OCCUPIED,2414946.83,3641666.82
1915,1915,LOC001915,215 Main Street,,Vijayawada,AP,601916,IN,VACANT,10000213.0,1687712.11
1916,1916,LOC001916,216 Main Street,,Kochi,KL,601917,US,UNDER_CONSTRUCTION,3000195.36,3294591.25
1917,1917,LOC001917,217 Main Street,Suite 18,Delhi,DL,601918,IN,OWNER_OCCUPIED,2450878.62,3116603.1
1918,1918,LOC001918,218 Main Street,,Ahmedabad,GJ,601919,US,TENANT_OCCUPIED,18052312.52,1623040.39
1919,1919,LOC001919,219 Main Street,,Jaipur,RJ,601920,IN,VACANT,9287596.58,3100895.03
1920,1920,LOC001920,220 Main Street,Suite 21,Kolkata,WB,601921,US,UNDER_CONSTRUCTION,6460672.04,2941641.17
1921,1921,LOC001921,221 Main Street,,Chennai,TN,601922,IN,OWNER_OCCUPIED,11528264.15,1854242.51
1922,1922,LOC001922,222 Main Street,,Bengaluru,KA,601923,US,TENANT_OCCUPIED,6668496.61,2170121.6
1923,1923,LOC001923,223 Main Street,Suite 24,Mumbai,MH,601924,IN,VACANT,594221.71,1268566.94
1924,1924,LOC001924,224 Main Street,,Hyderabad,TS,601925,US,UNDER_CONSTRUCTION,4819751.23,3712090.27
1925,1925,LOC001925,225 Main Street,,Vijayawada,AP,601926,IN,OWNER_OCCUPIED,9004419.29,4208544.79
1926,1926,LOC001926,226 Main Street,Suite 27,Kochi,KL,601927,US,TENANT_OCCUPIED,3118963.73,3678215.34
1927,1927,LOC001927,227 Main Street,,Delhi,DL,601928,IN,VACANT,17618773.68,2341099.46
1928,1928,LOC001928,228 Main Street,,Ahmedabad,GJ,601929,US,UNDER_CONSTRUCTION,7495461.24,1562085.39
1929,1929,LOC001929,229 Main Street,Suite 30,Jaipur,RJ,601930,IN,OWNER_OCCUPIED,11257600.61,920062.3
1930,1930,LOC001930,230 Main Street,,Kolkata,WB,601931,US,TENANT_OCCUPIED,12329239.49,4216875.33
1931,1931,LOC001931,231 Main Street,,Chennai,TN,601932,IN,VACANT,17244916.28,743008.26
1932,1932,LOC001932,232 Main Street,Suite 33,Bengaluru,KA,601933,US,UNDER_CONSTRUCTION,11003051.72,1353011.52
1933,1933,LOC001933,233 Main Street,,Mumbai,MH,601934,IN,OWNER_OCCUPIED,17783548.73,428488.77
1934,1934,LOC001934,234 Main Street,,Hyderabad,TS,601935,US,TENANT_OCCUPIED,1970299.16,142219.96
1935,1935,LOC001935,235 Main Street,Suite 36,Vijayawada,AP,601936,IN,VACANT,10389977.07,204411.44
1936,1936,LOC001936,236 Main Street,,Kochi,KL,601937,US,UNDER_CONSTRUCTION,11846864.56,2055415.61
1937,1937,LOC001937,237 Main Street,,Delhi,DL,601938,IN,OWNER_OCCUPIED,12005708.08,4536202.71
1938,1938,LOC001938,238 Main Street,Suite 39,Ahmedabad,GJ,601939,US,TENANT_OCCUPIED,11256082.97,2740173.15
1939,1939,LOC001939,239 Main Street,,Jaipur,RJ,601940,IN,VACANT,19975199.41,2386914.56
1940,1940,LOC001940,240 Main Street,,Kolkata,WB,601941,US,UNDER_CONSTRUCTION,15616346.16,1860802.22
1941,1941,LOC001941,241 Main Street,Suite 42,Chennai,TN,601942,IN,OWNER_OCCUPIED,4854479.63,3872116.98
1942,1942,LOC001942,242 Main Street,,Bengaluru,KA,601943,US,TENANT_OCCUPIED,14797923.13,1490445.84
1943,1943,LOC001943,243 Main Street,,Mumbai,MH,601944,IN,VACANT,9561672.27,2576539.37
1944,1944,LOC001944,244 Main Street,Suite 45,Hyderabad,TS,601945,US,UNDER_CONSTRUCTION,8237310.57,2535727.98
1945,1945,LOC001945,245 Main Street,,Vijayawada,AP,601946,IN,OWNER_OCCUPIED,13422230.54,4247510.11
1946,1946,LOC001946,246 Main Street,,Kochi,KL,601947,US,TENANT_OCCUPIED,16227531.11,3089478.08
1947,1947,LOC001947,247 Main Street,Suite 48,Delhi,DL,601948,IN,VACANT,3733949.26,2594976.57
1948,1948,LOC001948,248 Main Street,,Ahmedabad,GJ,601949,US,UNDER_CONSTRUCTION,9201298.65,936768.66
1949,1949,LOC001949,249 Main Street,,Jaipur,RJ,601950,IN,OWNER_OCCUPIED,18999880.72,3314095.87
1950,1950,LOC001950,250 Main Street,Suite 1,Kolkata,WB,601951,US,TENANT_OCCUPIED,19370843.42,3692803.05
1951,1951,LOC001951,251 Main Street,,Chennai,TN,601952,IN,VACANT,9928316.61,1826037.92
1952,1952,LOC001952,252 Main Street,,Bengaluru,KA,601953,US,UNDER_CONSTRUCTION,4766972.79,2463828.63
1953,1953,LOC001953,253 Main Street,Suite 4,Mumbai,MH,601954,IN,OWNER_OCCUPIED,1725792.65,1878704.17
1954,1954,LOC001954,254 Main Street,,Hyderabad,TS,601955,US,TENANT_OCCUPIED,1334764.6,1073531.67
1955,1955,LOC001955,255 Main Street,,Vijayawada,AP,601956,IN,VACANT,18200658.81,1838194.25
1956,1956,LOC001956,256 Main Street,Suite 7,Kochi,KL,601957,US,UNDER_CONSTRUCTION,9658647.47,2300485.08
1957,1957,LOC001957,257 Main Street,,Delhi,DL,601958,IN,OWNER_OCCUPIED,1405530.42,4903919.42
1958,1958,LOC001958,258 Main Street,,Ahmedabad,GJ,601959,US,TENANT_OCCUPIED,6819386.65,3533494.45
1959,1959,LOC001959,259 Main Street,Suite 10,Jaipur,RJ,601960,IN,VACANT,10666771.63,4156753.42
1960,1960,LOC001960,260 Main Street,,Kolkata,WB,601961,US,UNDER_CONSTRUCTION,16780009.19,1353414.54
1961,1961,LOC001961,261 Main Street,,Chennai,TN,601962,IN,OWNER_OCCUPIED,11114826.21,910556.59
1962,1962,LOC001962,262 Main Street,Suite 13,Bengaluru,KA,601963,US,TENANT_OCCUPIED,13246668.61,1858219.05
1963,1963,LOC001963,263 Main Street,,Mumbai,MH,601964,IN,VACANT,13240062.66,4185571.88
1964,1964,LOC001964,264 Main Street,,Hyderabad,TS,601965,US,UNDER_CONSTRUCTION,10574926.5,1912827.47
1965,1965,LOC001965,265 Main Street,Suite 16,Vijayawada,AP,601966,IN,OWNER_OCCUPIED,18191227.32,2606040.32
1966,1966,LOC001966,266 Main Street,,Kochi,KL,601967,US,TENANT_OCCUPIED,7381511.15,4345211.14
1967,1967,LOC001967,267 Main Street,,Delhi,DL,601968,IN,VACANT,9993800.47,2436444.94
1968,1968,LOC001968,268 Main Street,Suite 19,Ahmedabad,GJ,601969,US,UNDER_CONSTRUCTION,12282114.12,2534093.07
1969,1969,LOC001969,269 Main Street,,Jaipur,RJ,601970,IN,OWNER_OCCUPIED,3209881.99,869748.82
1970,1970,LOC001970,270 Main Street,,Kolkata,WB,601971,US,TENANT_OCCUPIED,2003220.4,3235211.16
1971,1971,LOC001971,271 Main Street,Suite 22,Chennai,TN,601972,IN,VACANT,4624583.53,975183.1
1972,1972,LOC001972,272 Main Street,,Bengaluru,KA,601973,US,UNDER_CONSTRUCTION,7563347.41,3600648.41
1973,1973,LOC001973,273 Main Street,,Mumbai,MH,601974,IN,OWNER_OCCUPIED,2807439.35,1190214.35
1974,1974,LOC001974,274 Main Street,Suite 25,Hyderabad,TS,601975,US,TENANT_OCCUPIED,16317866.27,3615265.51
1975,1975,LOC001975,275 Main Street,,Vijayawada,AP,601976,IN,VACANT,9889574.66,2420132.48
1976,1976,LOC001976,276 Main Street,,Kochi,KL,601977,US,UNDER_CONSTRUCTION,4608727.05,848168.99
1977,1977,LOC001977,277 Main Street,Suite 28,Delhi,DL,601978,IN,OWNER_OCCUPIED,16750617.43,161107.89
1978,1978,LOC001978,278 Main Street,,Ahmedabad,GJ,601979,US,TENANT_OCCUPIED,1341314.46,2888758.23
1979,1979,LOC001979,279 Main Street,,Jaipur,RJ,601980,IN,VACANT,3642018.24,3166225.1
1980,1980,LOC001980,280 Main Street,Suite 31,Kolkata,WB,601981,US,UNDER_CONSTRUCTION,1264221.87,2882733.03
1981,1981,LOC001981,281 Main Street,,Chennai,TN,601982,IN,OWNER_OCCUPIED,1590284.08,1328385.25
1982,1982,LOC001982,282 Main Street,,Bengaluru,KA,601983,US,TENANT_OCCUPIED,4010732.02,4793279.77
1983,1983,LOC001983,283 Main Street,Suite 34,Mumbai,MH,601984,IN,VACANT,12187471.69,2839843.28
1984,1984,LOC001984,284 Main Street,,Hyderabad,TS,601985,US,UNDER_CONSTRUCTION,863090.69,3611759.13
1985,1985,LOC001985,285 Main Street,,Vijayawada,AP,601986,IN,OWNER_OCCUPIED,13404028.72,1453100.4
1986,1986,LOC001986,286 Main Street,Suite 37,Kochi,KL,601987,US,TENANT_OCCUPIED,2172095.8,2273556.64
1987,1987,LOC001987,287 Main Street,,Delhi,DL,601988,IN,VACANT,19859128.56,4343146.88
1988,1988,LOC001988,288 Main Street,,Ahmedabad,GJ,601989,US,UNDER_CONSTRUCTION,3826052.29,4160299.69
1989,1989,LOC001989,289 Main Street,Suite 40,Jaipur,RJ,601990,IN,OWNER_OCCUPIED,12216354.93,3983349.55
1990,1990,LOC001990,290 Main Street,,Kolkata,WB,601991,US,TENANT_OCCUPIED,16498837.01,950326.55
1991,1991,LOC001991,291 Main Street,,Chennai,TN,601992,IN,VACANT,13363150.63,1359377.46
1992,1992,LOC001992,292 Main Street,Suite 43,Bengaluru,KA,601993,US,UNDER_CONSTRUCTION,14621642.56,1746222.81
1993,1993,LOC001993,293 Main Street,,Mumbai,MH,601994,IN,OWNER_OCCUPIED,9342667.83,2973450.16
1994,1994,LOC001994,294 Main Street,,Hyderabad,TS,601995,US,TENANT_OCCUPIED,4981368.85,1958036.32
1995,1995,LOC001995,295 Main Street,Suite 46,Vijayawada,AP,601996,IN,VACANT,2617117.22,1051625.32
1996,1996,LOC001996,296 Main Street,,Kochi,KL,601997,US,UNDER_CONSTRUCTION,17262037.99,2546579.65
1997,1997,LOC001997,297 Main Street,,Delhi,DL,601998,IN,OWNER_OCCUPIED,8686002.75,790327.91
1998,1998,LOC001998,298 Main Street,Suite 49,Ahmedabad,GJ,601999,US,TENANT_OCCUPIED,2377822.25,2405552.47
1999,1999,LOC001999,299 Main Street,,Jaipur,RJ,602000,IN,VACANT,12487589.3,243230.99
2000,2000,LOC002000,300 Main Street,,Kolkata,WB,602001,US,UNDER_CONSTRUCTION,15785430.58,2541479.58
