policy_period_id,policy_id,job_id,term_number,effective_date,expiration_date,period_status,written_date,transaction_effective_date
1,1,1,1,2022-01-02,2023-01-02,ACTIVE,2021-12-22,2021-12-22
2,2,2,2,2022-01-03,2023-01-03,EXPIRED,2022-01-02,2022-01-07
3,3,3,3,2022-01-04,2023-01-04,CANCELLED,2021-12-30,2021-12-31
4,4,4,4,2022-01-05,2023-01-05,ENDED,2022-01-01,2022-01-02
5,5,5,5,2022-01-06,2023-01-06,ACTIVE,2021-12-25,2021-12-25
6,6,6,1,2022-01-07,2023-01-07,EXPIRED,2021-12-27,2022-01-01
7,7,7,2,2022-01-08,2023-01-08,CANCELLED,2021-12-24,2021-12-28
8,8,8,3,2022-01-09,2023-01-09,ENDED,2022-01-07,2022-01-11
9,9,9,4,2022-01-10,2023-01-10,ACTIVE,2022-01-03,2022-01-03
10,10,10,5,2022-01-11,2023-01-11,EXPIRED,2022-01-10,2022-01-10
11,11,11,1,2022-01-12,2023-01-12,CANCELLED,2022-01-08,2022-01-09
12,12,12,2,2022-01-13,2023-01-13,ENDED,2022-01-04,2022-01-08
13,13,13,3,2022-01-14,2023-01-14,ACTIVE,2022-01-13,2022-01-17
14,14,14,4,2022-01-15,2023-01-15,EXPIRED,2022-01-11,2022-01-16
15,15,15,5,2022-01-16,2023-01-16,CANCELLED,2022-01-05,2022-01-10
16,16,16,1,2022-01-17,2023-01-17,ENDED,2022-01-08,2022-01-11
17,17,17,2,2022-01-18,2023-01-18,ACTIVE,2022-01-14,2022-01-17
18,18,18,3,2022-01-19,2023-01-19,EXPIRED,2022-01-09,2022-01-11
19,19,19,4,2022-01-20,2023-01-20,CANCELLED,2022-01-07,2022-01-07
20,20,20,5,2022-01-21,2023-01-21,ENDED,2022-01-08,2022-01-09
21,21,21,1,2022-01-22,2023-01-22,ACTIVE,2022-01-10,2022-01-13
22,22,22,2,2022-01-23,2023-01-23,EXPIRED,2022-01-17,2022-01-19
23,23,23,3,2022-01-24,2023-01-24,CANCELLED,2022-01-21,2022-01-22
24,24,24,4,2022-01-25,2023-01-25,ENDED,2022-01-12,2022-01-14
25,25,25,5,2022-01-26,2023-01-26,ACTIVE,2022-01-24,2022-01-24
26,26,26,1,2022-01-27,2023-01-27,EXPIRED,2022-01-20,2022-01-20
27,27,27,2,2022-01-28,2023-01-28,CANCELLED,2022-01-22,2022-01-24
28,28,28,3,2022-01-29,2023-01-29,ENDED,2022-01-19,2022-01-21
29,29,29,4,2022-01-30,2023-01-30,ACTIVE,2022-01-17,2022-01-17
30,30,30,5,2022-01-31,2023-01-31,EXPIRED,2022-01-19,2022-01-22
31,31,31,1,2022-02-01,2023-02-01,CANCELLED,2022-01-23,2022-01-23
32,32,32,2,2022-02-02,2023-02-02,ENDED,2022-01-18,2022-01-21
33,33,33,3,2022-02-03,2023-02-03,ACTIVE,2022-02-01,2022-02-05
34,34,34,4,2022-02-04,2023-02-04,EXPIRED,2022-01-30,2022-02-04
35,35,35,5,2022-02-05,2023-02-05,CANCELLED,2022-01-26,2022-01-28
36,36,36,1,2022-02-06,2023-02-06,ENDED,2022-01-27,2022-01-28
37,37,37,2,2022-02-07,2023-02-07,ACTIVE,2022-01-26,2022-01-26
38,38,38,3,2022-02-08,2023-02-08,EXPIRED,2022-02-07,2022-02-12
39,39,39,4,2022-02-09,2023-02-09,CANCELLED,2022-02-05,2022-02-07
40,40,40,5,2022-02-10,2023-02-10,ENDED,2022-02-08,2022-02-09
41,41,41,1,2022-02-11,2023-02-11,ACTIVE,2022-01-28,2022-01-28
42,42,42,2,2022-02-12,2023-02-12,EXPIRED,2022-02-05,2022-02-07
43,43,43,3,2022-02-13,2023-02-13,CANCELLED,2022-02-05,2022-02-10
44,44,44,4,2022-02-14,2023-02-14,ENDED,2022-01-31,2022-02-02
45,45,45,5,2022-02-15,2023-02-15,ACTIVE,2022-02-12,2022-02-14
46,46,46,1,2022-02-16,2023-02-16,EXPIRED,2022-02-10,2022-02-11
47,47,47,2,2022-02-17,2023-02-17,CANCELLED,2022-02-06,2022-02-08
48,48,48,3,2022-02-18,2023-02-18,ENDED,2022-02-06,2022-02-11
49,49,49,4,2022-02-19,2023-02-19,ACTIVE,2022-02-08,2022-02-08
50,50,50,5,2022-02-20,2023-02-20,EXPIRED,2022-02-10,2022-02-15
51,51,51,1,2022-02-21,2023-02-21,CANCELLED,2022-02-18,2022-02-22
52,52,52,2,2022-02-22,2023-02-22,ENDED,2022-02-10,2022-02-11
53,53,53,3,2022-02-23,2023-02-23,ACTIVE,2022-02-20,2022-02-23
54,54,54,4,2022-02-24,2023-02-24,EXPIRED,2022-02-17,2022-02-19
55,55,55,5,2022-02-25,2023-02-25,CANCELLED,2022-02-10,2022-02-15
56,56,56,1,2022-02-26,2023-02-26,ENDED,2022-02-14,2022-02-18
57,57,57,2,2022-02-27,2023-02-27,ACTIVE,2022-02-23,2022-02-28
58,58,58,3,2022-02-28,2023-02-28,EXPIRED,2022-02-22,2022-02-22
59,59,59,4,2022-03-01,2023-03-01,CANCELLED,2022-02-25,2022-02-25
60,60,60,5,2022-03-02,2023-03-02,ENDED,2022-02-17,2022-02-19
61,61,61,1,2022-03-03,2023-03-03,ACTIVE,2022-02-24,2022-02-26
62,62,62,2,2022-03-04,2023-03-04,EXPIRED,2022-03-02,2022-03-03
63,63,63,3,2022-03-05,2023-03-05,CANCELLED,2022-02-18,2022-02-22
64,64,64,4,2022-03-06,2023-03-06,ENDED,2022-02-19,2022-02-24
65,65,65,5,2022-03-07,2023-03-07,ACTIVE,2022-03-01,2022-03-02
66,66,66,1,2022-03-08,2023-03-08,EXPIRED,2022-02-25,2022-02-28
67,67,67,2,2022-03-09,2023-03-09,CANCELLED,2022-03-02,2022-03-07
68,68,68,3,2022-03-10,2023-03-10,ENDED,2022-03-02,2022-03-03
69,69,69,4,2022-03-11,2023-03-11,ACTIVE,2022-03-06,2022-03-07
70,70,70,5,2022-03-12,2023-03-12,EXPIRED,2022-03-08,2022-03-13
71,71,71,1,2022-03-13,2023-03-13,CANCELLED,2022-03-04,2022-03-08
72,72,72,2,2022-03-14,2023-03-14,ENDED,2022-03-09,2022-03-14
73,73,73,3,2022-03-15,2023-03-15,ACTIVE,2022-03-05,2022-03-08
74,74,74,4,2022-03-16,2023-03-16,EXPIRED,2022-03-01,2022-03-05
75,75,75,5,2022-03-17,2023-03-17,CANCELLED,2022-03-10,2022-03-12
76,76,76,1,2022-03-18,2023-03-18,ENDED,2022-03-14,2022-03-15
77,77,77,2,2022-03-19,2023-03-19,ACTIVE,2022-03-10,2022-03-13
78,78,78,3,2022-03-20,2023-03-20,EXPIRED,2022-03-18,2022-03-18
79,79,79,4,2022-03-21,2023-03-21,CANCELLED,2022-03-07,2022-03-07
80,80,80,5,2022-03-22,2023-03-22,ENDED,2022-03-19,2022-03-24
81,81,81,1,2022-03-23,2023-03-23,ACTIVE,2022-03-20,2022-03-25
82,82,82,2,2022-03-24,2023-03-24,EXPIRED,2022-03-17,2022-03-21
83,83,83,3,2022-03-25,2023-03-25,CANCELLED,2022-03-23,2022-03-26
84,84,84,4,2022-03-26,2023-03-26,ENDED,2022-03-19,2022-03-23
85,85,85,5,2022-03-27,2023-03-27,ACTIVE,2022-03-19,2022-03-23
86,86,86,1,2022-03-28,2023-03-28,EXPIRED,2022-03-23,2022-03-27
87,87,87,2,2022-03-29,2023-03-29,CANCELLED,2022-03-15,2022-03-15
88,88,88,3,2022-03-30,2023-03-30,ENDED,2022-03-19,2022-03-24
89,89,89,4,2022-03-31,2023-03-31,ACTIVE,2022-03-29,2022-04-03
90,90,90,5,2022-04-01,2023-04-01,EXPIRED,2022-03-17,2022-03-21
91,91,91,1,2022-04-02,2023-04-02,CANCELLED,2022-03-20,2022-03-22
92,92,92,2,2022-04-03,2023-04-03,ENDED,2022-03-21,2022-03-26
93,93,93,3,2022-04-04,2023-04-04,ACTIVE,2022-03-29,2022-03-29
94,94,94,4,2022-04-05,2023-04-05,EXPIRED,2022-03-31,2022-04-03
95,95,95,5,2022-04-06,2023-04-06,CANCELLED,2022-04-03,2022-04-06
96,96,96,1,2022-04-07,2023-04-07,ENDED,2022-04-06,2022-04-11
97,97,97,2,2022-04-08,2023-04-08,ACTIVE,2022-03-24,2022-03-29
98,98,98,3,2022-04-09,2023-04-09,EXPIRED,2022-04-04,2022-04-08
99,99,99,4,2022-04-10,2023-04-10,CANCELLED,2022-03-28,2022-03-29
100,100,100,5,2022-04-11,2023-04-11,ENDED,2022-04-02,2022-04-02
101,101,101,1,2022-04-12,2023-04-12,ACTIVE,2022-03-29,2022-04-03
102,102,102,2,2022-04-13,2023-04-13,EXPIRED,2022-04-08,2022-04-13
103,103,103,3,2022-04-14,2023-04-14,CANCELLED,2022-04-05,2022-04-09
104,104,104,4,2022-04-15,2023-04-15,ENDED,2022-04-11,2022-04-12
105,105,105,5,2022-04-16,2023-04-16,ACTIVE,2022-04-10,2022-04-11
106,106,106,1,2022-04-17,2023-04-17,EXPIRED,2022-04-08,2022-04-12
107,107,107,2,2022-04-18,2023-04-18,CANCELLED,2022-04-03,2022-04-03
108,108,108,3,2022-04-19,2023-04-19,ENDED,2022-04-09,2022-04-11
109,109,109,4,2022-04-20,2023-04-20,ACTIVE,2022-04-12,2022-04-12
110,110,110,5,2022-04-21,2023-04-21,EXPIRED,2022-04-19,2022-04-21
111,111,111,1,2022-04-22,2023-04-22,CANCELLED,2022-04-07,2022-04-09
112,112,112,2,2022-04-23,2023-04-23,ENDED,2022-04-19,2022-04-19
113,113,113,3,2022-04-24,2023-04-24,ACTIVE,2022-04-20,2022-04-24
114,114,114,4,2022-04-25,2023-04-25,EXPIRED,2022-04-23,2022-04-23
115,115,115,5,2022-04-26,2023-04-26,CANCELLED,2022-04-14,2022-04-17
116,116,116,1,2022-04-27,2023-04-27,ENDED,2022-04-13,2022-04-13
117,117,117,2,2022-04-28,2023-04-28,ACTIVE,2022-04-15,2022-04-19
118,118,118,3,2022-04-29,2023-04-29,EXPIRED,2022-04-16,2022-04-17
119,119,119,4,2022-04-30,2023-04-30,CANCELLED,2022-04-27,2022-05-02
120,120,120,5,2022-05-01,2023-05-01,ENDED,2022-04-23,2022-04-27
121,121,121,1,2022-05-02,2023-05-02,ACTIVE,2022-04-29,2022-05-01
122,122,122,2,2022-05-03,2023-05-03,EXPIRED,2022-04-24,2022-04-28
123,123,123,3,2022-05-04,2023-05-04,CANCELLED,2022-04-27,2022-04-28
124,124,124,4,2022-05-05,2023-05-05,ENDED,2022-04-20,2022-04-24
125,125,125,5,2022-05-06,2023-05-06,ACTIVE,2022-04-23,2022-04-28
126,126,126,1,2022-05-07,2023-05-07,EXPIRED,2022-04-25,2022-04-26
127,127,127,2,2022-05-08,2023-05-08,CANCELLED,2022-04-26,2022-04-28
128,128,128,3,2022-05-09,2023-05-09,ENDED,2022-05-02,2022-05-07
129,129,129,4,2022-05-10,2023-05-10,ACTIVE,2022-04-29,2022-05-01
130,130,130,5,2022-05-11,2023-05-11,EXPIRED,2022-05-03,2022-05-07
131,131,131,1,2022-05-12,2023-05-12,CANCELLED,2022-05-04,2022-05-04
132,132,132,2,2022-05-13,2023-05-13,ENDED,2022-05-09,2022-05-10
133,133,133,3,2022-05-14,2023-05-14,ACTIVE,2022-05-12,2022-05-14
134,134,134,4,2022-05-15,2023-05-15,EXPIRED,2022-05-14,2022-05-18
135,135,135,5,2022-05-16,2023-05-16,CANCELLED,2022-05-07,2022-05-08
136,136,136,1,2022-05-17,2023-05-17,ENDED,2022-05-07,2022-05-08
137,137,137,2,2022-05-18,2023-05-18,ACTIVE,2022-05-17,2022-05-17
138,138,138,3,2022-05-19,2023-05-19,EXPIRED,2022-05-07,2022-05-12
139,139,139,4,2022-05-20,2023-05-20,CANCELLED,2022-05-19,2022-05-20
140,140,140,5,2022-05-21,2023-05-21,ENDED,2022-05-19,2022-05-19
141,141,141,1,2022-05-22,2023-05-22,ACTIVE,2022-05-08,2022-05-10
142,142,142,2,2022-05-23,2023-05-23,EXPIRED,2022-05-21,2022-05-25
143,143,143,3,2022-05-24,2023-05-24,CANCELLED,2022-05-20,2022-05-22
144,144,144,4,2022-05-25,2023-05-25,ENDED,2022-05-14,2022-05-17
145,145,145,5,2022-05-26,2023-05-26,ACTIVE,2022-05-22,2022-05-26
146,146,146,1,2022-05-27,2023-05-27,EXPIRED,2022-05-24,2022-05-29
147,147,147,2,2022-05-28,2023-05-28,CANCELLED,2022-05-13,2022-05-17
148,148,148,3,2022-05-29,2023-05-29,ENDED,2022-05-19,2022-05-22
149,149,149,4,2022-05-30,2023-05-30,ACTIVE,2022-05-26,2022-05-29
150,150,150,5,2022-05-31,2023-05-31,EXPIRED,2022-05-18,2022-05-21
151,151,151,1,2022-06-01,2023-06-01,CANCELLED,2022-05-28,2022-05-28
152,152,152,2,2022-06-02,2023-06-02,ENDED,2022-05-31,2022-06-05
153,153,153,3,2022-06-03,2023-06-03,ACTIVE,2022-05-27,2022-05-29
154,154,154,4,2022-06-04,2023-06-04,EXPIRED,2022-05-28,2022-05-31
155,155,155,5,2022-06-05,2023-06-05,CANCELLED,2022-05-28,2022-06-02
156,156,156,1,2022-06-06,2023-06-06,ENDED,2022-06-05,2022-06-10
157,157,157,2,2022-06-07,2023-06-07,ACTIVE,2022-05-27,2022-06-01
158,158,158,3,2022-06-08,2023-06-08,EXPIRED,2022-06-06,2022-06-06
159,159,159,4,2022-06-09,2023-06-09,CANCELLED,2022-06-02,2022-06-07
160,160,160,5,2022-06-10,2023-06-10,ENDED,2022-06-04,2022-06-04
161,161,161,1,2022-06-11,2023-06-11,ACTIVE,2022-06-07,2022-06-08
162,162,162,2,2022-06-12,2023-06-12,EXPIRED,2022-06-08,2022-06-12
163,163,163,3,2022-06-13,2023-06-13,CANCELLED,2022-06-05,2022-06-06
164,164,164,4,2022-06-14,2023-06-14,ENDED,2022-06-07,2022-06-08
165,165,165,5,2022-06-15,2023-06-15,ACTIVE,2022-06-10,2022-06-13
166,166,166,1,2022-06-16,2023-06-16,EXPIRED,2022-06-12,2022-06-12
167,167,167,2,2022-06-17,2023-06-17,CANCELLED,2022-06-09,2022-06-13
168,168,168,3,2022-06-18,2023-06-18,ENDED,2022-06-16,2022-06-16
169,169,169,4,2022-06-19,2023-06-19,ACTIVE,2022-06-08,2022-06-12
170,170,170,5,2022-06-20,2023-06-20,EXPIRED,2022-06-06,2022-06-06
171,171,171,1,2022-06-21,2023-06-21,CANCELLED,2022-06-19,2022-06-20
172,172,172,2,2022-06-22,2023-06-22,ENDED,2022-06-19,2022-06-22
173,173,173,3,2022-06-23,2023-06-23,ACTIVE,2022-06-15,2022-06-18
174,174,174,4,2022-06-24,2023-06-24,EXPIRED,2022-06-20,2022-06-23
175,175,175,5,2022-06-25,2023-06-25,CANCELLED,2022-06-10,2022-06-10
176,176,176,1,2022-06-26,2023-06-26,ENDED,2022-06-23,2022-06-26
177,177,177,2,2022-06-27,2023-06-27,ACTIVE,2022-06-26,2022-06-29
178,178,178,3,2022-06-28,2023-06-28,EXPIRED,2022-06-23,2022-06-26
179,179,179,4,2022-06-29,2023-06-29,CANCELLED,2022-06-24,2022-06-27
180,180,180,5,2022-06-30,2023-06-30,ENDED,2022-06-18,2022-06-23
181,181,181,1,2022-07-01,2023-07-01,ACTIVE,2022-06-18,2022-06-22
182,182,182,2,2022-07-02,2023-07-02,EXPIRED,2022-06-21,2022-06-26
183,183,183,3,2022-07-03,2023-07-03,CANCELLED,2022-06-25,2022-06-26
184,184,184,4,2022-07-04,2023-07-04,ENDED,2022-06-30,2022-07-02
185,185,185,5,2022-07-05,2023-07-05,ACTIVE,2022-07-01,2022-07-01
186,186,186,1,2022-07-06,2023-07-06,EXPIRED,2022-06-26,2022-07-01
187,187,187,2,2022-07-07,2023-07-07,CANCELLED,2022-06-28,2022-06-28
188,188,188,3,2022-07-08,2023-07-08,ENDED,2022-06-26,2022-06-28
189,189,189,4,2022-07-09,2023-07-09,ACTIVE,2022-07-08,2022-07-08
190,190,190,5,2022-07-10,2023-07-10,EXPIRED,2022-06-30,2022-07-03
191,191,191,1,2022-07-11,2023-07-11,CANCELLED,2022-07-02,2022-07-06
192,192,192,2,2022-07-12,2023-07-12,ENDED,2022-07-09,2022-07-09
193,193,193,3,2022-07-13,2023-07-13,ACTIVE,2022-07-04,2022-07-04
194,194,194,4,2022-07-14,2023-07-14,EXPIRED,2022-06-30,2022-07-01
195,195,195,5,2022-07-15,2023-07-15,CANCELLED,2022-07-13,2022-07-17
196,196,196,1,2022-07-16,2023-07-16,ENDED,2022-07-14,2022-07-19
197,197,197,2,2022-07-17,2023-07-17,ACTIVE,2022-07-03,2022-07-04
198,198,198,3,2022-07-18,2023-07-18,EXPIRED,2022-07-11,2022-07-11
199,199,199,4,2022-07-19,2023-07-19,CANCELLED,2022-07-04,2022-07-08
200,200,200,5,2022-07-20,2023-07-20,ENDED,2022-07-16,2022-07-20
201,201,201,1,2022-07-21,2023-07-21,ACTIVE,2022-07-11,2022-07-11
202,202,202,2,2022-07-22,2023-07-22,EXPIRED,2022-07-12,2022-07-12
203,203,203,3,2022-07-23,2023-07-23,CANCELLED,2022-07-16,2022-07-21
204,204,204,4,2022-07-24,2023-07-24,ENDED,2022-07-14,2022-07-18
205,205,205,5,2022-07-25,2023-07-25,ACTIVE,2022-07-16,2022-07-18
206,206,206,1,2022-07-26,2023-07-26,EXPIRED,2022-07-11,2022-07-13
207,207,207,2,2022-07-27,2023-07-27,CANCELLED,2022-07-23,2022-07-28
208,208,208,3,2022-07-28,2023-07-28,ENDED,2022-07-16,2022-07-18
209,209,209,4,2022-07-29,2023-07-29,ACTIVE,2022-07-25,2022-07-27
210,210,210,5,2022-07-30,2023-07-30,EXPIRED,2022-07-23,2022-07-24
211,211,211,1,2022-07-31,2023-07-31,CANCELLED,2022-07-20,2022-07-25
212,212,212,2,2022-08-01,2023-08-01,ENDED,2022-07-27,2022-07-30
213,213,213,3,2022-08-02,2023-08-02,ACTIVE,2022-07-27,2022-07-27
214,214,214,4,2022-08-03,2023-08-03,EXPIRED,2022-08-02,2022-08-05
215,215,215,5,2022-08-04,2023-08-04,CANCELLED,2022-07-25,2022-07-29
216,216,216,1,2022-08-05,2023-08-05,ENDED,2022-08-03,2022-08-03
217,217,217,2,2022-08-06,2023-08-06,ACTIVE,2022-07-28,2022-07-29
218,218,218,3,2022-08-07,2023-08-07,EXPIRED,2022-07-29,2022-07-31
219,219,219,4,2022-08-08,2023-08-08,CANCELLED,2022-08-05,2022-08-07
220,220,220,5,2022-08-09,2023-08-09,ENDED,2022-07-25,2022-07-25
221,221,221,1,2022-08-10,2023-08-10,ACTIVE,2022-07-26,2022-07-27
222,222,222,2,2022-08-11,2023-08-11,EXPIRED,2022-08-05,2022-08-07
223,223,223,3,2022-08-12,2023-08-12,CANCELLED,2022-08-09,2022-08-12
224,224,224,4,2022-08-13,2023-08-13,ENDED,2022-07-30,2022-08-03
225,225,225,5,2022-08-14,2023-08-14,ACTIVE,2022-08-02,2022-08-04
226,226,226,1,2022-08-15,2023-08-15,EXPIRED,2022-08-05,2022-08-10
227,227,227,2,2022-08-16,2023-08-16,CANCELLED,2022-08-07,2022-08-07
228,228,228,3,2022-08-17,2023-08-17,ENDED,2022-08-06,2022-08-10
229,229,229,4,2022-08-18,2023-08-18,ACTIVE,2022-08-13,2022-08-18
230,230,230,5,2022-08-19,2023-08-19,EXPIRED,2022-08-17,2022-08-18
231,231,231,1,2022-08-20,2023-08-20,CANCELLED,2022-08-15,2022-08-15
232,232,232,2,2022-08-21,2023-08-21,ENDED,2022-08-06,2022-08-06
233,233,233,3,2022-08-22,2023-08-22,ACTIVE,2022-08-10,2022-08-14
234,234,234,4,2022-08-23,2023-08-23,EXPIRED,2022-08-20,2022-08-22
235,235,235,5,2022-08-24,2023-08-24,CANCELLED,2022-08-19,2022-08-23
236,236,236,1,2022-08-25,2023-08-25,ENDED,2022-08-21,2022-08-26
237,237,237,2,2022-08-26,2023-08-26,ACTIVE,2022-08-20,2022-08-21
238,238,238,3,2022-08-27,2023-08-27,EXPIRED,2022-08-16,2022-08-21
239,239,239,4,2022-08-28,2023-08-28,CANCELLED,2022-08-14,2022-08-16
240,240,240,5,2022-08-29,2023-08-29,ENDED,2022-08-20,2022-08-23
241,241,241,1,2022-08-30,2023-08-30,ACTIVE,2022-08-25,2022-08-25
242,242,242,2,2022-08-31,2023-08-31,EXPIRED,2022-08-29,2022-09-03
243,243,243,3,2022-09-01,2023-09-01,CANCELLED,2022-08-25,2022-08-27
244,244,244,4,2022-09-02,2023-09-02,ENDED,2022-09-01,2022-09-01
245,245,245,5,2022-09-03,2023-09-03,ACTIVE,2022-08-28,2022-08-29
246,246,246,1,2022-09-04,2023-09-04,EXPIRED,2022-08-24,2022-08-26
247,247,247,2,2022-09-05,2023-09-05,CANCELLED,2022-09-02,2022-09-07
248,248,248,3,2022-09-06,2023-09-06,ENDED,2022-08-29,2022-09-02
249,249,249,4,2022-09-07,2023-09-07,ACTIVE,2022-08-26,2022-08-29
250,250,250,5,2022-09-08,2023-09-08,EXPIRED,2022-08-30,2022-08-30
251,251,251,1,2022-09-09,2023-09-09,CANCELLED,2022-09-07,2022-09-07
252,252,252,2,2022-09-10,2023-09-10,ENDED,2022-08-26,2022-08-31
253,253,253,3,2022-09-11,2023-09-11,ACTIVE,2022-08-27,2022-08-28
254,254,254,4,2022-09-12,2023-09-12,EXPIRED,2022-09-03,2022-09-03
255,255,255,5,2022-09-13,2023-09-13,CANCELLED,2022-08-30,2022-09-01
256,256,256,1,2022-09-14,2023-09-14,ENDED,2022-09-04,2022-09-08
257,257,257,2,2022-09-15,2023-09-15,ACTIVE,2022-09-12,2022-09-15
258,258,258,3,2022-09-16,2023-09-16,EXPIRED,2022-09-13,2022-09-13
259,259,259,4,2022-09-17,2023-09-17,CANCELLED,2022-09-12,2022-09-14
260,260,260,5,2022-09-18,2023-09-18,ENDED,2022-09-03,2022-09-03
261,261,261,1,2022-09-19,2023-09-19,ACTIVE,2022-09-04,2022-09-06
262,262,262,2,2022-09-20,2023-09-20,EXPIRED,2022-09-16,2022-09-21
263,263,263,3,2022-09-21,2023-09-21,CANCELLED,2022-09-17,2022-09-22
264,264,264,4,2022-09-22,2023-09-22,ENDED,2022-09-20,2022-09-22
265,265,265,5,2022-09-23,2023-09-23,ACTIVE,2022-09-10,2022-09-14
266,266,266,1,2022-09-24,2023-09-24,EXPIRED,2022-09-09,2022-09-12
267,267,267,2,2022-09-25,2023-09-25,CANCELLED,2022-09-15,2022-09-20
268,268,268,3,2022-09-26,2023-09-26,ENDED,2022-09-23,2022-09-24
269,269,269,4,2022-09-27,2023-09-27,ACTIVE,2022-09-13,2022-09-14
270,270,270,5,2022-09-28,2023-09-28,EXPIRED,2022-09-15,2022-09-16
271,271,271,1,2022-09-29,2023-09-29,CANCELLED,2022-09-14,2022-09-17
272,272,272,2,2022-09-30,2023-09-30,ENDED,2022-09-29,2022-09-30
273,273,273,3,2022-10-01,2023-10-01,ACTIVE,2022-09-19,2022-09-21
274,274,274,4,2022-10-02,2023-10-02,EXPIRED,2022-09-19,2022-09-22
275,275,275,5,2022-10-03,2023-10-03,CANCELLED,2022-09-20,2022-09-25
276,276,276,1,2022-10-04,2023-10-04,ENDED,2022-09-20,2022-09-25
277,277,277,2,2022-10-05,2023-10-05,ACTIVE,2022-09-22,2022-09-23
278,278,278,3,2022-10-06,2023-10-06,EXPIRED,2022-10-01,2022-10-02
279,279,279,4,2022-10-07,2023-10-07,CANCELLED,2022-09-24,2022-09-29
280,280,280,5,2022-10-08,2023-10-08,ENDED,2022-10-06,2022-10-09
281,281,281,1,2022-10-09,2023-10-09,ACTIVE,2022-09-25,2022-09-25
282,282,282,2,2022-10-10,2023-10-10,EXPIRED,2022-09-26,2022-09-29
283,283,283,3,2022-10-11,2023-10-11,CANCELLED,2022-10-07,2022-10-08
284,284,284,4,2022-10-12,2023-10-12,ENDED,2022-09-28,2022-10-01
285,285,285,5,2022-10-13,2023-10-13,ACTIVE,2022-10-07,2022-10-09
286,286,286,1,2022-10-14,2023-10-14,EXPIRED,2022-09-30,2022-10-01
287,287,287,2,2022-10-15,2023-10-15,CANCELLED,2022-10-11,2022-10-11
288,288,288,3,2022-10-16,2023-10-16,ENDED,2022-10-05,2022-10-06
289,289,289,4,2022-10-17,2023-10-17,ACTIVE,2022-10-10,2022-10-12
290,290,290,5,2022-10-18,2023-10-18,EXPIRED,2022-10-13,2022-10-13
291,291,291,1,2022-10-19,2023-10-19,CANCELLED,2022-10-06,2022-10-08
292,292,292,2,2022-10-20,2023-10-20,ENDED,2022-10-14,2022-10-19
293,293,293,3,2022-10-21,2023-10-21,ACTIVE,2022-10-12,2022-10-15
294,294,294,4,2022-10-22,2023-10-22,EXPIRED,2022-10-11,2022-10-15
295,295,295,5,2022-10-23,2023-10-23,CANCELLED,2022-10-17,2022-10-17
296,296,296,1,2022-10-24,2023-10-24,ENDED,2022-10-22,2022-10-24
297,297,297,2,2022-10-25,2023-10-25,ACTIVE,2022-10-22,2022-10-26
298,298,298,3,2022-10-26,2023-10-26,EXPIRED,2022-10-21,2022-10-21
299,299,299,4,2022-10-27,2023-10-27,CANCELLED,2022-10-25,2022-10-29
300,300,300,5,2022-10-28,2023-10-28,ENDED,2022-10-21,2022-10-23
301,301,301,1,2022-10-29,2023-10-29,ACTIVE,2022-10-17,2022-10-19
302,302,302,2,2022-10-30,2023-10-30,EXPIRED,2022-10-23,2022-10-27
303,303,303,3,2022-10-31,2023-10-31,CANCELLED,2022-10-22,2022-10-22
304,304,304,4,2022-11-01,2023-11-01,ENDED,2022-10-25,2022-10-29
305,305,305,5,2022-11-02,2023-11-02,ACTIVE,2022-10-29,2022-10-31
306,306,306,1,2022-11-03,2023-11-03,EXPIRED,2022-11-02,2022-11-07
307,307,307,2,2022-11-04,2023-11-04,CANCELLED,2022-10-28,2022-10-28
308,308,308,3,2022-11-05,2023-11-05,ENDED,2022-10-27,2022-10-31
309,309,309,4,2022-11-06,2023-11-06,ACTIVE,2022-10-26,2022-10-31
310,310,310,5,2022-11-07,2023-11-07,EXPIRED,2022-10-26,2022-10-31
311,311,311,1,2022-11-08,2023-11-08,CANCELLED,2022-10-28,2022-10-29
312,312,312,2,2022-11-09,2023-11-09,ENDED,2022-11-03,2022-11-06
313,313,313,3,2022-11-10,2023-11-10,ACTIVE,2022-11-08,2022-11-13
314,314,314,4,2022-11-11,2023-11-11,EXPIRED,2022-10-27,2022-10-29
315,315,315,5,2022-11-12,2023-11-12,CANCELLED,2022-11-02,2022-11-04
316,316,316,1,2022-11-13,2023-11-13,ENDED,2022-11-02,2022-11-02
317,317,317,2,2022-11-14,2023-11-14,ACTIVE,2022-11-02,2022-11-04
318,318,318,3,2022-11-15,2023-11-15,EXPIRED,2022-11-06,2022-11-08
319,319,319,4,2022-11-16,2023-11-16,CANCELLED,2022-11-05,2022-11-08
320,320,320,5,2022-11-17,2023-11-17,ENDED,2022-11-11,2022-11-14
321,321,321,1,2022-11-18,2023-11-18,ACTIVE,2022-11-06,2022-11-08
322,322,322,2,2022-11-19,2023-11-19,EXPIRED,2022-11-10,2022-11-11
323,323,323,3,2022-11-20,2023-11-20,CANCELLED,2022-11-16,2022-11-19
324,324,324,4,2022-11-21,2023-11-21,ENDED,2022-11-10,2022-11-13
325,325,325,5,2022-11-22,2023-11-22,ACTIVE,2022-11-11,2022-11-16
326,326,326,1,2022-11-23,2023-11-23,EXPIRED,2022-11-08,2022-11-09
327,327,327,2,2022-11-24,2023-11-24,CANCELLED,2022-11-14,2022-11-18
328,328,328,3,2022-11-25,2023-11-25,ENDED,2022-11-20,2022-11-23
329,329,329,4,2022-11-26,2023-11-26,ACTIVE,2022-11-17,2022-11-17
330,330,330,5,2022-11-27,2023-11-27,EXPIRED,2022-11-22,2022-11-24
331,331,331,1,2022-11-28,2023-11-28,CANCELLED,2022-11-24,2022-11-27
332,332,332,2,2022-11-29,2023-11-29,ENDED,2022-11-16,2022-11-20
333,333,333,3,2022-11-30,2023-11-30,ACTIVE,2022-11-20,2022-11-25
334,334,334,4,2022-12-01,2023-12-01,EXPIRED,2022-11-25,2022-11-28
335,335,335,5,2022-12-02,2023-12-02,CANCELLED,2022-11-24,2022-11-27
336,336,336,1,2022-12-03,2023-12-03,ENDED,2022-11-22,2022-11-23
337,337,337,2,2022-12-04,2023-12-04,ACTIVE,2022-11-25,2022-11-28
338,338,338,3,2022-12-05,2023-12-05,EXPIRED,2022-11-22,2022-11-27
339,339,339,4,2022-12-06,2023-12-06,CANCELLED,2022-12-03,2022-12-08
340,340,340,5,2022-12-07,2023-12-07,ENDED,2022-12-05,2022-12-07
341,341,341,1,2022-12-08,2023-12-08,ACTIVE,2022-11-29,2022-12-04
342,342,342,2,2022-12-09,2023-12-09,EXPIRED,2022-11-28,2022-12-02
343,343,343,3,2022-12-10,2023-12-10,CANCELLED,2022-12-04,2022-12-04
344,344,344,4,2022-12-11,2023-12-11,ENDED,2022-11-27,2022-11-28
345,345,345,5,2022-12-12,2023-12-12,ACTIVE,2022-12-01,2022-12-03
346,346,346,1,2022-12-13,2023-12-13,EXPIRED,2022-12-09,2022-12-10
347,347,347,2,2022-12-14,2023-12-14,CANCELLED,2022-12-11,2022-12-11
348,348,348,3,2022-12-15,2023-12-15,ENDED,2022-12-14,2022-12-15
349,349,349,4,2022-12-16,2023-12-16,ACTIVE,2022-12-08,2022-12-12
350,350,350,5,2022-12-17,2023-12-17,EXPIRED,2022-12-03,2022-12-03
351,351,351,1,2022-12-18,2023-12-18,CANCELLED,2022-12-10,2022-12-13
352,352,352,2,2022-12-19,2023-12-19,ENDED,2022-12-04,2022-12-09
353,353,353,3,2022-12-20,2023-12-20,ACTIVE,2022-12-10,2022-12-11
354,354,354,4,2022-12-21,2023-12-21,EXPIRED,2022-12-09,2022-12-14
355,355,355,5,2022-12-22,2023-12-22,CANCELLED,2022-12-15,2022-12-18
356,356,356,1,2022-12-23,2023-12-23,ENDED,2022-12-16,2022-12-17
357,357,357,2,2022-12-24,2023-12-24,ACTIVE,2022-12-21,2022-12-26
358,358,358,3,2022-12-25,2023-12-25,EXPIRED,2022-12-13,2022-12-13
359,359,359,4,2022-12-26,2023-12-26,CANCELLED,2022-12-11,2022-12-11
360,360,360,5,2022-12-27,2023-12-27,ENDED,2022-12-14,2022-12-17
361,361,361,1,2022-12-28,2023-12-28,ACTIVE,2022-12-24,2022-12-25
362,362,362,2,2022-12-29,2023-12-29,EXPIRED,2022-12-16,2022-12-21
363,363,363,3,2022-12-30,2023-12-30,CANCELLED,2022-12-21,2022-12-24
364,364,364,4,2022-12-31,2023-12-31,ENDED,2022-12-30,2023-01-03
365,365,365,5,2023-01-01,2024-01-01,ACTIVE,2022-12-28,2022-12-28
366,366,366,1,2023-01-02,2024-01-02,EXPIRED,2022-12-25,2022-12-26
367,367,367,2,2023-01-03,2024-01-03,CANCELLED,2022-12-21,2022-12-24
368,368,368,3,2023-01-04,2024-01-04,ENDED,2022-12-24,2022-12-28
369,369,369,4,2023-01-05,2024-01-05,ACTIVE,2022-12-27,2022-12-31
370,370,370,5,2023-01-06,2024-01-06,EXPIRED,2022-12-31,2023-01-03
371,371,371,1,2023-01-07,2024-01-07,CANCELLED,2022-12-28,2023-01-02
372,372,372,2,2023-01-08,2024-01-08,ENDED,2022-12-24,2022-12-28
373,373,373,3,2023-01-09,2024-01-09,ACTIVE,2023-01-02,2023-01-06
374,374,374,4,2023-01-10,2024-01-10,EXPIRED,2023-01-02,2023-01-03
375,375,375,5,2023-01-11,2024-01-11,CANCELLED,2022-12-30,2023-01-02
376,376,376,1,2023-01-12,2024-01-12,ENDED,2023-01-04,2023-01-06
377,377,377,2,2023-01-13,2024-01-13,ACTIVE,2022-12-31,2023-01-01
378,378,378,3,2023-01-14,2024-01-14,EXPIRED,2022-12-31,2023-01-05
379,379,379,4,2023-01-15,2024-01-15,CANCELLED,2023-01-10,2023-01-14
380,380,380,5,2023-01-16,2024-01-16,ENDED,2023-01-08,2023-01-13
381,381,381,1,2023-01-17,2024-01-17,ACTIVE,2023-01-13,2023-01-15
382,382,382,2,2023-01-18,2024-01-18,EXPIRED,2023-01-10,2023-01-10
383,383,383,3,2023-01-19,2024-01-19,CANCELLED,2023-01-07,2023-01-09
384,384,384,4,2023-01-20,2024-01-20,ENDED,2023-01-16,2023-01-18
385,385,385,5,2023-01-21,2024-01-21,ACTIVE,2023-01-15,2023-01-17
386,386,386,1,2023-01-22,2024-01-22,EXPIRED,2023-01-07,2023-01-11
387,387,387,2,2023-01-23,2024-01-23,CANCELLED,2023-01-21,2023-01-22
388,388,388,3,2023-01-24,2024-01-24,ENDED,2023-01-21,2023-01-22
389,389,389,4,2023-01-25,2024-01-25,ACTIVE,2023-01-18,2023-01-23
390,390,390,5,2023-01-26,2024-01-26,EXPIRED,2023-01-23,2023-01-28
391,391,391,1,2023-01-27,2024-01-27,CANCELLED,2023-01-23,2023-01-23
392,392,392,2,2023-01-28,2024-01-28,ENDED,2023-01-21,2023-01-24
393,393,393,3,2023-01-29,2024-01-29,ACTIVE,2023-01-23,2023-01-27
394,394,394,4,2023-01-30,2024-01-30,EXPIRED,2023-01-22,2023-01-25
395,395,395,5,2023-01-31,2024-01-31,CANCELLED,2023-01-30,2023-01-31
396,396,396,1,2023-02-01,2024-02-01,ENDED,2023-01-18,2023-01-21
397,397,397,2,2023-02-02,2024-02-02,ACTIVE,2023-01-26,2023-01-30
398,398,398,3,2023-02-03,2024-02-03,EXPIRED,2023-01-22,2023-01-22
399,399,399,4,2023-02-04,2024-02-04,CANCELLED,2023-01-21,2023-01-25
400,400,400,5,2023-02-05,2024-02-05,ENDED,2023-01-29,2023-02-01
401,401,401,1,2023-02-06,2024-02-06,ACTIVE,2023-02-05,2023-02-07
402,402,402,2,2023-02-07,2024-02-07,EXPIRED,2023-02-02,2023-02-05
403,403,403,3,2023-02-08,2024-02-08,CANCELLED,2023-01-25,2023-01-28
404,404,404,4,2023-02-09,2024-02-09,ENDED,2023-01-31,2023-02-05
405,405,405,5,2023-02-10,2024-02-10,ACTIVE,2023-01-29,2023-02-02
406,406,406,1,2023-02-11,2024-02-11,EXPIRED,2023-01-29,2023-02-02
407,407,407,2,2023-02-12,2024-02-12,CANCELLED,2023-01-28,2023-01-29
408,408,408,3,2023-02-13,2024-02-13,ENDED,2023-02-05,2023-02-06
409,409,409,4,2023-02-14,2024-02-14,ACTIVE,2023-02-09,2023-02-12
410,410,410,5,2023-02-15,2024-02-15,EXPIRED,2023-02-07,2023-02-07
411,411,411,1,2023-02-16,2024-02-16,CANCELLED,2023-02-09,2023-02-11
412,412,412,2,2023-02-17,2024-02-17,ENDED,2023-02-06,2023-02-11
413,413,413,3,2023-02-18,2024-02-18,ACTIVE,2023-02-05,2023-02-08
414,414,414,4,2023-02-19,2024-02-19,EXPIRED,2023-02-07,2023-02-08
415,415,415,5,2023-02-20,2024-02-20,CANCELLED,2023-02-06,2023-02-09
416,416,416,1,2023-02-21,2024-02-21,ENDED,2023-02-06,2023-02-07
417,417,417,2,2023-02-22,2024-02-22,ACTIVE,2023-02-12,2023-02-16
418,418,418,3,2023-02-23,2024-02-23,EXPIRED,2023-02-22,2023-02-25
419,419,419,4,2023-02-24,2024-02-24,CANCELLED,2023-02-14,2023-02-18
420,420,420,5,2023-02-25,2024-02-25,ENDED,2023-02-14,2023-02-14
421,421,421,1,2023-02-26,2024-02-26,ACTIVE,2023-02-24,2023-03-01
422,422,422,2,2023-02-27,2024-02-27,EXPIRED,2023-02-20,2023-02-21
423,423,423,3,2023-02-28,2024-02-28,CANCELLED,2023-02-14,2023-02-17
424,424,424,4,2023-03-01,2024-02-29,ENDED,2023-02-26,2023-02-26
425,425,425,5,2023-03-02,2024-03-01,ACTIVE,2023-02-25,2023-02-28
426,426,426,1,2023-03-03,2024-03-02,EXPIRED,2023-02-25,2023-02-26
427,427,427,2,2023-03-04,2024-03-03,CANCELLED,2023-02-24,2023-02-26
428,428,428,3,2023-03-05,2024-03-04,ENDED,2023-02-27,2023-03-02
429,429,429,4,2023-03-06,2024-03-05,ACTIVE,2023-03-01,2023-03-04
430,430,430,5,2023-03-07,2024-03-06,EXPIRED,2023-03-02,2023-03-02
431,431,431,1,2023-03-08,2024-03-07,CANCELLED,2023-02-28,2023-02-28
432,432,432,2,2023-03-09,2024-03-08,ENDED,2023-02-25,2023-03-01
433,433,433,3,2023-03-10,2024-03-09,ACTIVE,2023-03-09,2023-03-11
434,434,434,4,2023-03-11,2024-03-10,EXPIRED,2023-03-07,2023-03-12
435,435,435,5,2023-03-12,2024-03-11,CANCELLED,2023-03-10,2023-03-15
436,436,436,1,2023-03-13,2024-03-12,ENDED,2023-03-12,2023-03-12
437,437,437,2,2023-03-14,2024-03-13,ACTIVE,2023-03-10,2023-03-11
438,438,438,3,2023-03-15,2024-03-14,EXPIRED,2023-03-01,2023-03-01
439,439,439,4,2023-03-16,2024-03-15,CANCELLED,2023-03-06,2023-03-07
440,440,440,5,2023-03-17,2024-03-16,ENDED,2023-03-13,2023-03-14
441,441,441,1,2023-03-18,2024-03-17,ACTIVE,2023-03-10,2023-03-15
442,442,442,2,2023-03-19,2024-03-18,EXPIRED,2023-03-17,2023-03-21
443,443,443,3,2023-03-20,2024-03-19,CANCELLED,2023-03-16,2023-03-19
444,444,444,4,2023-03-21,2024-03-20,ENDED,2023-03-09,2023-03-11
445,445,445,5,2023-03-22,2024-03-21,ACTIVE,2023-03-09,2023-03-11
446,446,446,1,2023-03-23,2024-03-22,EXPIRED,2023-03-20,2023-03-24
447,447,447,2,2023-03-24,2024-03-23,CANCELLED,2023-03-14,2023-03-19
448,448,448,3,2023-03-25,2024-03-24,ENDED,2023-03-13,2023-03-13
449,449,449,4,2023-03-26,2024-03-25,ACTIVE,2023-03-13,2023-03-14
450,450,450,5,2023-03-27,2024-03-26,EXPIRED,2023-03-22,2023-03-22
451,451,451,1,2023-03-28,2024-03-27,CANCELLED,2023-03-18,2023-03-18
452,452,452,2,2023-03-29,2024-03-28,ENDED,2023-03-14,2023-03-16
453,453,453,3,2023-03-30,2024-03-29,ACTIVE,2023-03-20,2023-03-25
454,454,454,4,2023-03-31,2024-03-30,EXPIRED,2023-03-16,2023-03-19
455,455,455,5,2023-04-01,2024-03-31,CANCELLED,2023-03-25,2023-03-30
456,456,456,1,2023-04-02,2024-04-01,ENDED,2023-03-29,2023-03-29
457,457,457,2,2023-04-03,2024-04-02,ACTIVE,2023-03-24,2023-03-29
458,458,458,3,2023-04-04,2024-04-03,EXPIRED,2023-03-21,2023-03-26
459,459,459,4,2023-04-05,2024-04-04,CANCELLED,2023-04-01,2023-04-01
460,460,460,5,2023-04-06,2024-04-05,ENDED,2023-03-25,2023-03-27
461,461,461,1,2023-04-07,2024-04-06,ACTIVE,2023-03-24,2023-03-29
462,462,462,2,2023-04-08,2024-04-07,EXPIRED,2023-03-29,2023-03-29
463,463,463,3,2023-04-09,2024-04-08,CANCELLED,2023-03-27,2023-03-31
464,464,464,4,2023-04-10,2024-04-09,ENDED,2023-03-28,2023-03-28
465,465,465,5,2023-04-11,2024-04-10,ACTIVE,2023-04-05,2023-04-09
466,466,466,1,2023-04-12,2024-04-11,EXPIRED,2023-04-05,2023-04-10
467,467,467,2,2023-04-13,2024-04-12,CANCELLED,2023-04-07,2023-04-07
468,468,468,3,2023-04-14,2024-04-13,ENDED,2023-04-05,2023-04-10
469,469,469,4,2023-04-15,2024-04-14,ACTIVE,2023-04-09,2023-04-09
470,470,470,5,2023-04-16,2024-04-15,EXPIRED,2023-04-02,2023-04-05
471,471,471,1,2023-04-17,2024-04-16,CANCELLED,2023-04-03,2023-04-06
472,472,472,2,2023-04-18,2024-04-17,ENDED,2023-04-16,2023-04-19
473,473,473,3,2023-04-19,2024-04-18,ACTIVE,2023-04-13,2023-04-18
474,474,474,4,2023-04-20,2024-04-19,EXPIRED,2023-04-05,2023-04-08
475,475,475,5,2023-04-21,2024-04-20,CANCELLED,2023-04-09,2023-04-10
476,476,476,1,2023-04-22,2024-04-21,ENDED,2023-04-15,2023-04-16
477,477,477,2,2023-04-23,2024-04-22,ACTIVE,2023-04-11,2023-04-15
478,478,478,3,2023-04-24,2024-04-23,EXPIRED,2023-04-13,2023-04-15
479,479,479,4,2023-04-25,2024-04-24,CANCELLED,2023-04-15,2023-04-19
480,480,480,5,2023-04-26,2024-04-25,ENDED,2023-04-13,2023-04-16
481,481,481,1,2023-04-27,2024-04-26,ACTIVE,2023-04-19,2023-04-22
482,482,482,2,2023-04-28,2024-04-27,EXPIRED,2023-04-14,2023-04-19
483,483,483,3,2023-04-29,2024-04-28,CANCELLED,2023-04-19,2023-04-21
484,484,484,4,2023-04-30,2024-04-29,ENDED,2023-04-24,2023-04-25
485,485,485,5,2023-05-01,2024-04-30,ACTIVE,2023-04-17,2023-04-17
486,486,486,1,2023-05-02,2024-05-01,EXPIRED,2023-04-27,2023-04-30
487,487,487,2,2023-05-03,2024-05-02,CANCELLED,2023-04-29,2023-05-02
488,488,488,3,2023-05-04,2024-05-03,ENDED,2023-04-24,2023-04-28
489,489,489,4,2023-05-05,2024-05-04,ACTIVE,2023-04-24,2023-04-27
490,490,490,5,2023-05-06,2024-05-05,EXPIRED,2023-04-30,2023-04-30
491,491,491,1,2023-05-07,2024-05-06,CANCELLED,2023-04-29,2023-05-01
492,492,492,2,2023-05-08,2024-05-07,ENDED,2023-05-05,2023-05-08
493,493,493,3,2023-05-09,2024-05-08,ACTIVE,2023-05-05,2023-05-07
494,494,494,4,2023-05-10,2024-05-09,EXPIRED,2023-04-27,2023-04-29
495,495,495,5,2023-05-11,2024-05-10,CANCELLED,2023-05-05,2023-05-07
496,496,496,1,2023-05-12,2024-05-11,ENDED,2023-04-27,2023-05-01
497,497,497,2,2023-05-13,2024-05-12,ACTIVE,2023-05-01,2023-05-03
498,498,498,3,2023-05-14,2024-05-13,EXPIRED,2023-05-05,2023-05-05
499,499,499,4,2023-05-15,2024-05-14,CANCELLED,2023-05-06,2023-05-07
500,500,500,5,2023-05-16,2024-05-15,ENDED,2023-05-14,2023-05-15
501,501,501,1,2023-05-17,2024-05-16,ACTIVE,2023-05-05,2023-05-08
502,502,502,2,2023-05-18,2024-05-17,EXPIRED,2023-05-10,2023-05-14
503,503,503,3,2023-05-19,2024-05-18,CANCELLED,2023-05-06,2023-05-07
504,504,504,4,2023-05-20,2024-05-19,ENDED,2023-05-08,2023-05-11
505,505,505,5,2023-05-21,2024-05-20,ACTIVE,2023-05-10,2023-05-15
506,506,506,1,2023-05-22,2024-05-21,EXPIRED,2023-05-14,2023-05-17
507,507,507,2,2023-05-23,2024-05-22,CANCELLED,2023-05-10,2023-05-10
508,508,508,3,2023-05-24,2024-05-23,ENDED,2023-05-22,2023-05-24
509,509,509,4,2023-05-25,2024-05-24,ACTIVE,2023-05-21,2023-05-24
510,510,510,5,2023-05-26,2024-05-25,EXPIRED,2023-05-14,2023-05-15
511,511,511,1,2023-05-27,2024-05-26,CANCELLED,2023-05-22,2023-05-27
512,512,512,2,2023-05-28,2024-05-27,ENDED,2023-05-18,2023-05-20
513,513,513,3,2023-05-29,2024-05-28,ACTIVE,2023-05-21,2023-05-25
514,514,514,4,2023-05-30,2024-05-29,EXPIRED,2023-05-21,2023-05-23
515,515,515,5,2023-05-31,2024-05-30,CANCELLED,2023-05-24,2023-05-29
516,516,516,1,2023-06-01,2024-05-31,ENDED,2023-05-23,2023-05-25
517,517,517,2,2023-06-02,2024-06-01,ACTIVE,2023-05-27,2023-06-01
518,518,518,3,2023-06-03,2024-06-02,EXPIRED,2023-05-26,2023-05-28
519,519,519,4,2023-06-04,2024-06-03,CANCELLED,2023-05-30,2023-06-01
520,520,520,5,2023-06-05,2024-06-04,ENDED,2023-06-01,2023-06-01
521,521,521,1,2023-06-06,2024-06-05,ACTIVE,2023-05-25,2023-05-26
522,522,522,2,2023-06-07,2024-06-06,EXPIRED,2023-06-01,2023-06-01
523,523,523,3,2023-06-08,2024-06-07,CANCELLED,2023-05-27,2023-05-31
524,524,524,4,2023-06-09,2024-06-08,ENDED,2023-05-27,2023-06-01
525,525,525,5,2023-06-10,2024-06-09,ACTIVE,2023-06-07,2023-06-08
526,526,526,1,2023-06-11,2024-06-10,EXPIRED,2023-06-07,2023-06-12
527,527,527,2,2023-06-12,2024-06-11,CANCELLED,2023-06-04,2023-06-06
528,528,528,3,2023-06-13,2024-06-12,ENDED,2023-06-01,2023-06-05
529,529,529,4,2023-06-14,2024-06-13,ACTIVE,2023-06-01,2023-06-05
530,530,530,5,2023-06-15,2024-06-14,EXPIRED,2023-06-05,2023-06-07
531,531,531,1,2023-06-16,2024-06-15,CANCELLED,2023-06-14,2023-06-15
532,532,532,2,2023-06-17,2024-06-16,ENDED,2023-06-12,2023-06-13
533,533,533,3,2023-06-18,2024-06-17,ACTIVE,2023-06-12,2023-06-13
534,534,534,4,2023-06-19,2024-06-18,EXPIRED,2023-06-14,2023-06-14
535,535,535,5,2023-06-20,2024-06-19,CANCELLED,2023-06-08,2023-06-12
536,536,536,1,2023-06-21,2024-06-20,ENDED,2023-06-18,2023-06-20
537,537,537,2,2023-06-22,2024-06-21,ACTIVE,2023-06-21,2023-06-21
538,538,538,3,2023-06-23,2024-06-22,EXPIRED,2023-06-14,2023-06-16
539,539,539,4,2023-06-24,2024-06-23,CANCELLED,2023-06-12,2023-06-13
540,540,540,5,2023-06-25,2024-06-24,ENDED,2023-06-14,2023-06-17
541,541,541,1,2023-06-26,2024-06-25,ACTIVE,2023-06-24,2023-06-24
542,542,542,2,2023-06-27,2024-06-26,EXPIRED,2023-06-17,2023-06-19
543,543,543,3,2023-06-28,2024-06-27,CANCELLED,2023-06-20,2023-06-23
544,544,544,4,2023-06-29,2024-06-28,ENDED,2023-06-21,2023-06-23
545,545,545,5,2023-06-30,2024-06-29,ACTIVE,2023-06-27,2023-06-27
546,546,546,1,2023-07-01,2024-06-30,EXPIRED,2023-06-26,2023-06-29
547,547,547,2,2023-07-02,2024-07-01,CANCELLED,2023-06-30,2023-06-30
548,548,548,3,2023-07-03,2024-07-02,ENDED,2023-06-26,2023-06-29
549,549,549,4,2023-07-04,2024-07-03,ACTIVE,2023-07-02,2023-07-06
550,550,550,5,2023-07-05,2024-07-04,EXPIRED,2023-06-24,2023-06-29
551,551,551,1,2023-07-06,2024-07-05,CANCELLED,2023-07-05,2023-07-06
552,552,552,2,2023-07-07,2024-07-06,ENDED,2023-07-04,2023-07-08
553,553,553,3,2023-07-08,2024-07-07,ACTIVE,2023-07-03,2023-07-03
554,554,554,4,2023-07-09,2024-07-08,EXPIRED,2023-07-05,2023-07-05
555,555,555,5,2023-07-10,2024-07-09,CANCELLED,2023-07-01,2023-07-04
556,556,556,1,2023-07-11,2024-07-10,ENDED,2023-07-01,2023-07-05
557,557,557,2,2023-07-12,2024-07-11,ACTIVE,2023-06-29,2023-07-03
558,558,558,3,2023-07-13,2024-07-12,EXPIRED,2023-07-09,2023-07-13
559,559,559,4,2023-07-14,2024-07-13,CANCELLED,2023-07-07,2023-07-10
560,560,560,5,2023-07-15,2024-07-14,ENDED,2023-06-30,2023-07-03
561,561,561,1,2023-07-16,2024-07-15,ACTIVE,2023-07-11,2023-07-15
562,562,562,2,2023-07-17,2024-07-16,EXPIRED,2023-07-10,2023-07-12
563,563,563,3,2023-07-18,2024-07-17,CANCELLED,2023-07-08,2023-07-12
564,564,564,4,2023-07-19,2024-07-18,ENDED,2023-07-18,2023-07-22
565,565,565,5,2023-07-20,2024-07-19,ACTIVE,2023-07-08,2023-07-08
566,566,566,1,2023-07-21,2024-07-20,EXPIRED,2023-07-08,2023-07-09
567,567,567,2,2023-07-22,2024-07-21,CANCELLED,2023-07-11,2023-07-12
568,568,568,3,2023-07-23,2024-07-22,ENDED,2023-07-18,2023-07-23
569,569,569,4,2023-07-24,2024-07-23,ACTIVE,2023-07-22,2023-07-23
570,570,570,5,2023-07-25,2024-07-24,EXPIRED,2023-07-21,2023-07-22
571,571,571,1,2023-07-26,2024-07-25,CANCELLED,2023-07-17,2023-07-17
572,572,572,2,2023-07-27,2024-07-26,ENDED,2023-07-24,2023-07-24
573,573,573,3,2023-07-28,2024-07-27,ACTIVE,2023-07-21,2023-07-24
574,574,574,4,2023-07-29,2024-07-28,EXPIRED,2023-07-17,2023-07-21
575,575,575,5,2023-07-30,2024-07-29,CANCELLED,2023-07-22,2023-07-24
576,576,576,1,2023-07-31,2024-07-30,ENDED,2023-07-30,2023-07-31
577,577,577,2,2023-08-01,2024-07-31,ACTIVE,2023-07-27,2023-08-01
578,578,578,3,2023-08-02,2024-08-01,EXPIRED,2023-07-28,2023-08-02
579,579,579,4,2023-08-03,2024-08-02,CANCELLED,2023-07-20,2023-07-23
580,580,580,5,2023-08-04,2024-08-03,ENDED,2023-08-02,2023-08-07
581,581,581,1,2023-08-05,2024-08-04,ACTIVE,2023-08-01,2023-08-03
582,582,582,2,2023-08-06,2024-08-05,EXPIRED,2023-07-24,2023-07-29
583,583,583,3,2023-08-07,2024-08-06,CANCELLED,2023-07-28,2023-08-02
584,584,584,4,2023-08-08,2024-08-07,ENDED,2023-07-26,2023-07-27
585,585,585,5,2023-08-09,2024-08-08,ACTIVE,2023-08-02,2023-08-02
586,586,586,1,2023-08-10,2024-08-09,EXPIRED,2023-08-01,2023-08-02
587,587,587,2,2023-08-11,2024-08-10,CANCELLED,2023-07-31,2023-08-01
588,588,588,3,2023-08-12,2024-08-11,ENDED,2023-07-28,2023-07-30
589,589,589,4,2023-08-13,2024-08-12,ACTIVE,2023-07-30,2023-07-31
590,590,590,5,2023-08-14,2024-08-13,EXPIRED,2023-08-12,2023-08-12
591,591,591,1,2023-08-15,2024-08-14,CANCELLED,2023-08-12,2023-08-14
592,592,592,2,2023-08-16,2024-08-15,ENDED,2023-08-06,2023-08-11
593,593,593,3,2023-08-17,2024-08-16,ACTIVE,2023-08-03,2023-08-07
594,594,594,4,2023-08-18,2024-08-17,EXPIRED,2023-08-03,2023-08-05
595,595,595,5,2023-08-19,2024-08-18,CANCELLED,2023-08-11,2023-08-11
596,596,596,1,2023-08-20,2024-08-19,ENDED,2023-08-12,2023-08-17
597,597,597,2,2023-08-21,2024-08-20,ACTIVE,2023-08-16,2023-08-21
598,598,598,3,2023-08-22,2024-08-21,EXPIRED,2023-08-15,2023-08-17
599,599,599,4,2023-08-23,2024-08-22,CANCELLED,2023-08-14,2023-08-18
600,600,600,5,2023-08-24,2024-08-23,ENDED,2023-08-16,2023-08-19
601,601,601,1,2023-08-25,2024-08-24,ACTIVE,2023-08-23,2023-08-27
602,602,602,2,2023-08-26,2024-08-25,EXPIRED,2023-08-25,2023-08-28
603,603,603,3,2023-08-27,2024-08-26,CANCELLED,2023-08-15,2023-08-17
604,604,604,4,2023-08-28,2024-08-27,ENDED,2023-08-18,2023-08-20
605,605,605,5,2023-08-29,2024-08-28,ACTIVE,2023-08-28,2023-08-28
606,606,606,1,2023-08-30,2024-08-29,EXPIRED,2023-08-26,2023-08-31
607,607,607,2,2023-08-31,2024-08-30,CANCELLED,2023-08-17,2023-08-21
608,608,608,3,2023-09-01,2024-08-31,ENDED,2023-08-22,2023-08-22
609,609,609,4,2023-09-02,2024-09-01,ACTIVE,2023-08-20,2023-08-25
610,610,610,5,2023-09-03,2024-09-02,EXPIRED,2023-08-20,2023-08-22
611,611,611,1,2023-09-04,2024-09-03,CANCELLED,2023-08-25,2023-08-25
612,612,612,2,2023-09-05,2024-09-04,ENDED,2023-08-23,2023-08-24
613,613,613,3,2023-09-06,2024-09-05,ACTIVE,2023-08-29,2023-09-02
614,614,614,4,2023-09-07,2024-09-06,EXPIRED,2023-08-27,2023-08-30
615,615,615,5,2023-09-08,2024-09-07,CANCELLED,2023-08-24,2023-08-26
616,616,616,1,2023-09-09,2024-09-08,ENDED,2023-09-06,2023-09-10
617,617,617,2,2023-09-10,2024-09-09,ACTIVE,2023-09-03,2023-09-08
618,618,618,3,2023-09-11,2024-09-10,EXPIRED,2023-08-28,2023-08-31
619,619,619,4,2023-09-12,2024-09-11,CANCELLED,2023-09-10,2023-09-13
620,620,620,5,2023-09-13,2024-09-12,ENDED,2023-09-07,2023-09-10
621,621,621,1,2023-09-14,2024-09-13,ACTIVE,2023-09-08,2023-09-10
622,622,622,2,2023-09-15,2024-09-14,EXPIRED,2023-09-04,2023-09-04
623,623,623,3,2023-09-16,2024-09-15,CANCELLED,2023-09-02,2023-09-03
624,624,624,4,2023-09-17,2024-09-16,ENDED,2023-09-11,2023-09-14
625,625,625,5,2023-09-18,2024-09-17,ACTIVE,2023-09-06,2023-09-09
626,626,626,1,2023-09-19,2024-09-18,EXPIRED,2023-09-14,2023-09-19
627,627,627,2,2023-09-20,2024-09-19,CANCELLED,2023-09-13,2023-09-17
628,628,628,3,2023-09-21,2024-09-20,ENDED,2023-09-20,2023-09-23
629,629,629,4,2023-09-22,2024-09-21,ACTIVE,2023-09-20,2023-09-22
630,630,630,5,2023-09-23,2024-09-22,EXPIRED,2023-09-18,2023-09-20
631,631,631,1,2023-09-24,2024-09-23,CANCELLED,2023-09-22,2023-09-25
632,632,632,2,2023-09-25,2024-09-24,ENDED,2023-09-11,2023-09-15
633,633,633,3,2023-09-26,2024-09-25,ACTIVE,2023-09-12,2023-09-12
634,634,634,4,2023-09-27,2024-09-26,EXPIRED,2023-09-16,2023-09-20
635,635,635,5,2023-09-28,2024-09-27,CANCELLED,2023-09-20,2023-09-23
636,636,636,1,2023-09-29,2024-09-28,ENDED,2023-09-28,2023-09-29
637,637,637,2,2023-09-30,2024-09-29,ACTIVE,2023-09-21,2023-09-23
638,638,638,3,2023-10-01,2024-09-30,EXPIRED,2023-09-21,2023-09-24
639,639,639,4,2023-10-02,2024-10-01,CANCELLED,2023-09-21,2023-09-24
640,640,640,5,2023-10-03,2024-10-02,ENDED,2023-09-20,2023-09-20
641,641,641,1,2023-10-04,2024-10-03,ACTIVE,2023-09-30,2023-10-02
642,642,642,2,2023-10-05,2024-10-04,EXPIRED,2023-09-26,2023-09-27
643,643,643,3,2023-10-06,2024-10-05,CANCELLED,2023-09-21,2023-09-23
644,644,644,4,2023-10-07,2024-10-06,ENDED,2023-09-29,2023-10-04
645,645,645,5,2023-10-08,2024-10-07,ACTIVE,2023-09-30,2023-09-30
646,646,646,1,2023-10-09,2024-10-08,EXPIRED,2023-10-08,2023-10-13
647,647,647,2,2023-10-10,2024-10-09,CANCELLED,2023-09-30,2023-10-01
648,648,648,3,2023-10-11,2024-10-10,ENDED,2023-09-29,2023-09-30
649,649,649,4,2023-10-12,2024-10-11,ACTIVE,2023-10-07,2023-10-11
650,650,650,5,2023-10-13,2024-10-12,EXPIRED,2023-10-12,2023-10-16
651,651,651,1,2023-10-14,2024-10-13,CANCELLED,2023-10-07,2023-10-07
652,652,652,2,2023-10-15,2024-10-14,ENDED,2023-10-11,2023-10-11
653,653,653,3,2023-10-16,2024-10-15,ACTIVE,2023-10-08,2023-10-08
654,654,654,4,2023-10-17,2024-10-16,EXPIRED,2023-10-06,2023-10-07
655,655,655,5,2023-10-18,2024-10-17,CANCELLED,2023-10-10,2023-10-15
656,656,656,1,2023-10-19,2024-10-18,ENDED,2023-10-14,2023-10-18
657,657,657,2,2023-10-20,2024-10-19,ACTIVE,2023-10-08,2023-10-10
658,658,658,3,2023-10-21,2024-10-20,EXPIRED,2023-10-14,2023-10-17
659,659,659,4,2023-10-22,2024-10-21,CANCELLED,2023-10-14,2023-10-15
660,660,660,5,2023-10-23,2024-10-22,ENDED,2023-10-15,2023-10-19
661,661,661,1,2023-10-24,2024-10-23,ACTIVE,2023-10-21,2023-10-24
662,662,662,2,2023-10-25,2024-10-24,EXPIRED,2023-10-21,2023-10-25
663,663,663,3,2023-10-26,2024-10-25,CANCELLED,2023-10-17,2023-10-22
664,664,664,4,2023-10-27,2024-10-26,ENDED,2023-10-12,2023-10-13
665,665,665,5,2023-10-28,2024-10-27,ACTIVE,2023-10-14,2023-10-14
666,666,666,1,2023-10-29,2024-10-28,EXPIRED,2023-10-24,2023-10-27
667,667,667,2,2023-10-30,2024-10-29,CANCELLED,2023-10-24,2023-10-28
668,668,668,3,2023-10-31,2024-10-30,ENDED,2023-10-26,2023-10-26
669,669,669,4,2023-11-01,2024-10-31,ACTIVE,2023-10-27,2023-11-01
670,670,670,5,2023-11-02,2024-11-01,EXPIRED,2023-10-28,2023-11-01
671,671,671,1,2023-11-03,2024-11-02,CANCELLED,2023-10-24,2023-10-29
672,672,672,2,2023-11-04,2024-11-03,ENDED,2023-10-27,2023-10-28
673,673,673,3,2023-11-05,2024-11-04,ACTIVE,2023-10-28,2023-11-01
674,674,674,4,2023-11-06,2024-11-05,EXPIRED,2023-10-29,2023-10-31
675,675,675,5,2023-11-07,2024-11-06,CANCELLED,2023-11-01,2023-11-05
676,676,676,1,2023-11-08,2024-11-07,ENDED,2023-10-26,2023-10-30
677,677,677,2,2023-11-09,2024-11-08,ACTIVE,2023-11-02,2023-11-05
678,678,678,3,2023-11-10,2024-11-09,EXPIRED,2023-10-26,2023-10-28
679,679,679,4,2023-11-11,2024-11-10,CANCELLED,2023-10-28,2023-10-29
680,680,680,5,2023-11-12,2024-11-11,ENDED,2023-10-31,2023-11-01
681,681,681,1,2023-11-13,2024-11-12,ACTIVE,2023-11-03,2023-11-06
682,682,682,2,2023-11-14,2024-11-13,EXPIRED,2023-11-10,2023-11-13
683,683,683,3,2023-11-15,2024-11-14,CANCELLED,2023-11-14,2023-11-16
684,684,684,4,2023-11-16,2024-11-15,ENDED,2023-11-04,2023-11-07
685,685,685,5,2023-11-17,2024-11-16,ACTIVE,2023-11-05,2023-11-08
686,686,686,1,2023-11-18,2024-11-17,EXPIRED,2023-11-11,2023-11-16
687,687,687,2,2023-11-19,2024-11-18,CANCELLED,2023-11-06,2023-11-11
688,688,688,3,2023-11-20,2024-11-19,ENDED,2023-11-17,2023-11-20
689,689,689,4,2023-11-21,2024-11-20,ACTIVE,2023-11-20,2023-11-21
690,690,690,5,2023-11-22,2024-11-21,EXPIRED,2023-11-13,2023-11-17
691,691,691,1,2023-11-23,2024-11-22,CANCELLED,2023-11-17,2023-11-17
692,692,692,2,2023-11-24,2024-11-23,ENDED,2023-11-10,2023-11-13
693,693,693,3,2023-11-25,2024-11-24,ACTIVE,2023-11-23,2023-11-27
694,694,694,4,2023-11-26,2024-11-25,EXPIRED,2023-11-11,2023-11-14
695,695,695,5,2023-11-27,2024-11-26,CANCELLED,2023-11-26,2023-12-01
696,696,696,1,2023-11-28,2024-11-27,ENDED,2023-11-25,2023-11-28
697,697,697,2,2023-11-29,2024-11-28,ACTIVE,2023-11-15,2023-11-20
698,698,698,3,2023-11-30,2024-11-29,EXPIRED,2023-11-27,2023-11-27
699,699,699,4,2023-12-01,2024-11-30,CANCELLED,2023-11-23,2023-11-25
700,700,700,5,2023-12-02,2024-12-01,ENDED,2023-11-26,2023-11-30
701,701,701,1,2023-12-03,2024-12-02,ACTIVE,2023-11-21,2023-11-24
702,702,702,2,2023-12-04,2024-12-03,EXPIRED,2023-11-23,2023-11-23
703,703,703,3,2023-12-05,2024-12-04,CANCELLED,2023-11-21,2023-11-23
704,704,704,4,2023-12-06,2024-12-05,ENDED,2023-11-22,2023-11-27
705,705,705,5,2023-12-07,2024-12-06,ACTIVE,2023-11-23,2023-11-27
706,706,706,1,2023-12-08,2024-12-07,EXPIRED,2023-12-01,2023-12-03
707,707,707,2,2023-12-09,2024-12-08,CANCELLED,2023-11-28,2023-12-03
708,708,708,3,2023-12-10,2024-12-09,ENDED,2023-11-25,2023-11-28
709,709,709,4,2023-12-11,2024-12-10,ACTIVE,2023-11-27,2023-12-01
710,710,710,5,2023-12-12,2024-12-11,EXPIRED,2023-12-11,2023-12-15
711,711,711,1,2023-12-13,2024-12-12,CANCELLED,2023-12-11,2023-12-12
712,712,712,2,2023-12-14,2024-12-13,ENDED,2023-12-03,2023-12-08
713,713,713,3,2023-12-15,2024-12-14,ACTIVE,2023-11-30,2023-12-02
714,714,714,4,2023-12-16,2024-12-15,EXPIRED,2023-12-12,2023-12-17
715,715,715,5,2023-12-17,2024-12-16,CANCELLED,2023-12-15,2023-12-18
716,716,716,1,2023-12-18,2024-12-17,ENDED,2023-12-16,2023-12-21
717,717,717,2,2023-12-19,2024-12-18,ACTIVE,2023-12-07,2023-12-07
718,718,718,3,2023-12-20,2024-12-19,EXPIRED,2023-12-12,2023-12-13
719,719,719,4,2023-12-21,2024-12-20,CANCELLED,2023-12-09,2023-12-11
720,720,720,5,2023-12-22,2024-12-21,ENDED,2023-12-07,2023-12-07
721,721,721,1,2023-12-23,2024-12-22,ACTIVE,2023-12-22,2023-12-24
722,722,722,2,2023-12-24,2024-12-23,EXPIRED,2023-12-11,2023-12-11
723,723,723,3,2023-12-25,2024-12-24,CANCELLED,2023-12-20,2023-12-22
724,724,724,4,2023-12-26,2024-12-25,ENDED,2023-12-20,2023-12-23
725,725,725,5,2023-12-27,2024-12-26,ACTIVE,2023-12-24,2023-12-25
726,726,726,1,2023-12-28,2024-12-27,EXPIRED,2023-12-19,2023-12-22
727,727,727,2,2023-12-29,2024-12-28,CANCELLED,2023-12-19,2023-12-24
728,728,728,3,2023-12-30,2024-12-29,ENDED,2023-12-17,2023-12-18
729,729,729,4,2023-12-31,2024-12-30,ACTIVE,2023-12-28,2023-12-29
730,730,730,5,2024-01-01,2024-12-31,EXPIRED,2023-12-30,2024-01-03
731,731,731,1,2024-01-02,2025-01-01,CANCELLED,2023-12-19,2023-12-22
732,732,732,2,2024-01-03,2025-01-02,ENDED,2023-12-24,2023-12-29
733,733,733,3,2024-01-04,2025-01-03,ACTIVE,2023-12-31,2024-01-03
734,734,734,4,2024-01-05,2025-01-04,EXPIRED,2023-12-21,2023-12-25
735,735,735,5,2024-01-06,2025-01-05,CANCELLED,2024-01-03,2024-01-04
736,736,736,1,2024-01-07,2025-01-06,ENDED,2023-12-30,2024-01-04
737,737,737,2,2024-01-08,2025-01-07,ACTIVE,2024-01-03,2024-01-06
738,738,738,3,2024-01-09,2025-01-08,EXPIRED,2024-01-04,2024-01-09
739,739,739,4,2024-01-10,2025-01-09,CANCELLED,2024-01-09,2024-01-12
740,740,740,5,2024-01-11,2025-01-10,ENDED,2023-12-27,2023-12-29
741,741,741,1,2024-01-12,2025-01-11,ACTIVE,2024-01-01,2024-01-05
742,742,742,2,2024-01-13,2025-01-12,EXPIRED,2024-01-10,2024-01-10
743,743,743,3,2024-01-14,2025-01-13,CANCELLED,2024-01-06,2024-01-08
744,744,744,4,2024-01-15,2025-01-14,ENDED,2024-01-05,2024-01-07
745,745,745,5,2024-01-16,2025-01-15,ACTIVE,2024-01-05,2024-01-08
746,746,746,1,2024-01-17,2025-01-16,EXPIRED,2024-01-05,2024-01-07
747,747,747,2,2024-01-18,2025-01-17,CANCELLED,2024-01-10,2024-01-12
748,748,748,3,2024-01-19,2025-01-18,ENDED,2024-01-15,2024-01-18
749,749,749,4,2024-01-20,2025-01-19,ACTIVE,2024-01-06,2024-01-09
750,750,750,5,2024-01-21,2025-01-20,EXPIRED,2024-01-19,2024-01-20
751,751,751,1,2024-01-22,2025-01-21,CANCELLED,2024-01-15,2024-01-19
752,752,752,2,2024-01-23,2025-01-22,ENDED,2024-01-17,2024-01-21
753,753,753,3,2024-01-24,2025-01-23,ACTIVE,2024-01-19,2024-01-24
754,754,754,4,2024-01-25,2025-01-24,EXPIRED,2024-01-20,2024-01-20
755,755,755,5,2024-01-26,2025-01-25,CANCELLED,2024-01-12,2024-01-17
756,756,756,1,2024-01-27,2025-01-26,ENDED,2024-01-20,2024-01-22
757,757,757,2,2024-01-28,2025-01-27,ACTIVE,2024-01-27,2024-01-31
758,758,758,3,2024-01-29,2025-01-28,EXPIRED,2024-01-15,2024-01-20
759,759,759,4,2024-01-30,2025-01-29,CANCELLED,2024-01-17,2024-01-22
760,760,760,5,2024-01-31,2025-01-30,ENDED,2024-01-30,2024-02-03
761,761,761,1,2024-02-01,2025-01-31,ACTIVE,2024-01-20,2024-01-23
762,762,762,2,2024-02-02,2025-02-01,EXPIRED,2024-01-19,2024-01-21
763,763,763,3,2024-02-03,2025-02-02,CANCELLED,2024-01-21,2024-01-22
764,764,764,4,2024-02-04,2025-02-03,ENDED,2024-01-25,2024-01-27
765,765,765,5,2024-02-05,2025-02-04,ACTIVE,2024-02-01,2024-02-06
766,766,766,1,2024-02-06,2025-02-05,EXPIRED,2024-02-02,2024-02-06
767,767,767,2,2024-02-07,2025-02-06,CANCELLED,2024-02-02,2024-02-07
768,768,768,3,2024-02-08,2025-02-07,ENDED,2024-01-26,2024-01-31
769,769,769,4,2024-02-09,2025-02-08,ACTIVE,2024-01-27,2024-02-01
770,770,770,5,2024-02-10,2025-02-09,EXPIRED,2024-01-30,2024-01-31
771,771,771,1,2024-02-11,2025-02-10,CANCELLED,2024-01-31,2024-01-31
772,772,772,2,2024-02-12,2025-02-11,ENDED,2024-01-28,2024-02-02
773,773,773,3,2024-02-13,2025-02-12,ACTIVE,2024-02-02,2024-02-02
774,774,774,4,2024-02-14,2025-02-13,EXPIRED,2024-02-09,2024-02-12
775,775,775,5,2024-02-15,2025-02-14,CANCELLED,2024-02-14,2024-02-18
776,776,776,1,2024-02-16,2025-02-15,ENDED,2024-02-10,2024-02-15
777,777,777,2,2024-02-17,2025-02-16,ACTIVE,2024-02-14,2024-02-14
778,778,778,3,2024-02-18,2025-02-17,EXPIRED,2024-02-03,2024-02-05
779,779,779,4,2024-02-19,2025-02-18,CANCELLED,2024-02-13,2024-02-18
780,780,780,5,2024-02-20,2025-02-19,ENDED,2024-02-13,2024-02-14
781,781,781,1,2024-02-21,2025-02-20,ACTIVE,2024-02-17,2024-02-18
782,782,782,2,2024-02-22,2025-02-21,EXPIRED,2024-02-09,2024-02-13
783,783,783,3,2024-02-23,2025-02-22,CANCELLED,2024-02-08,2024-02-10
784,784,784,4,2024-02-24,2025-02-23,ENDED,2024-02-15,2024-02-19
785,785,785,5,2024-02-25,2025-02-24,ACTIVE,2024-02-10,2024-02-12
786,786,786,1,2024-02-26,2025-02-25,EXPIRED,2024-02-12,2024-02-13
787,787,787,2,2024-02-27,2025-02-26,CANCELLED,2024-02-22,2024-02-25
788,788,788,3,2024-02-28,2025-02-27,ENDED,2024-02-15,2024-02-17
789,789,789,4,2024-02-29,2025-02-28,ACTIVE,2024-02-17,2024-02-19
790,790,790,5,2024-03-01,2025-03-01,EXPIRED,2024-02-17,2024-02-17
791,791,791,1,2024-03-02,2025-03-02,CANCELLED,2024-02-23,2024-02-23
792,792,792,2,2024-03-03,2025-03-03,ENDED,2024-02-29,2024-03-01
793,793,793,3,2024-03-04,2025-03-04,ACTIVE,2024-02-19,2024-02-24
794,794,794,4,2024-03-05,2025-03-05,EXPIRED,2024-02-22,2024-02-27
795,795,795,5,2024-03-06,2025-03-06,CANCELLED,2024-02-28,2024-03-03
796,796,796,1,2024-03-07,2025-03-07,ENDED,2024-03-01,2024-03-01
797,797,797,2,2024-03-08,2025-03-08,ACTIVE,2024-02-24,2024-02-27
798,798,798,3,2024-03-09,2025-03-09,EXPIRED,2024-03-08,2024-03-10
799,799,799,4,2024-03-10,2025-03-10,CANCELLED,2024-03-01,2024-03-01
800,800,800,5,2024-03-11,2025-03-11,ENDED,2024-03-03,2024-03-05
801,801,801,1,2024-03-12,2025-03-12,ACTIVE,2024-03-01,2024-03-06
802,802,802,2,2024-03-13,2025-03-13,EXPIRED,2024-03-02,2024-03-04
803,803,803,3,2024-03-14,2025-03-14,CANCELLED,2024-03-04,2024-03-07
804,804,804,4,2024-03-15,2025-03-15,ENDED,2024-03-01,2024-03-06
805,805,805,5,2024-03-16,2025-03-16,ACTIVE,2024-03-10,2024-03-10
806,806,806,1,2024-03-17,2025-03-17,EXPIRED,2024-03-06,2024-03-07
807,807,807,2,2024-03-18,2025-03-18,CANCELLED,2024-03-10,2024-03-10
808,808,808,3,2024-03-19,2025-03-19,ENDED,2024-03-09,2024-03-13
809,809,809,4,2024-03-20,2025-03-20,ACTIVE,2024-03-14,2024-03-18
810,810,810,5,2024-03-21,2025-03-21,EXPIRED,2024-03-17,2024-03-22
811,811,811,1,2024-03-22,2025-03-22,CANCELLED,2024-03-20,2024-03-25
812,812,812,2,2024-03-23,2025-03-23,ENDED,2024-03-09,2024-03-12
813,813,813,3,2024-03-24,2025-03-24,ACTIVE,2024-03-09,2024-03-14
814,814,814,4,2024-03-25,2025-03-25,EXPIRED,2024-03-20,2024-03-25
815,815,815,5,2024-03-26,2025-03-26,CANCELLED,2024-03-19,2024-03-19
816,816,816,1,2024-03-27,2025-03-27,ENDED,2024-03-24,2024-03-24
817,817,817,2,2024-03-28,2025-03-28,ACTIVE,2024-03-27,2024-03-29
818,818,818,3,2024-03-29,2025-03-29,EXPIRED,2024-03-21,2024-03-21
819,819,819,4,2024-03-30,2025-03-30,CANCELLED,2024-03-28,2024-03-29
820,820,820,5,2024-03-31,2025-03-31,ENDED,2024-03-16,2024-03-20
821,821,821,1,2024-04-01,2025-04-01,ACTIVE,2024-03-29,2024-04-01
822,822,822,2,2024-04-02,2025-04-02,EXPIRED,2024-03-25,2024-03-27
823,823,823,3,2024-04-03,2025-04-03,CANCELLED,2024-03-23,2024-03-28
824,824,824,4,2024-04-04,2025-04-04,ENDED,2024-03-23,2024-03-27
825,825,825,5,2024-04-05,2025-04-05,ACTIVE,2024-03-29,2024-04-02
826,826,826,1,2024-04-06,2025-04-06,EXPIRED,2024-03-25,2024-03-30
827,827,827,2,2024-04-07,2025-04-07,CANCELLED,2024-04-04,2024-04-07
828,828,828,3,2024-04-08,2025-04-08,ENDED,2024-03-28,2024-03-28
829,829,829,4,2024-04-09,2025-04-09,ACTIVE,2024-03-26,2024-03-29
830,830,830,5,2024-04-10,2025-04-10,EXPIRED,2024-03-31,2024-04-03
831,831,831,1,2024-04-11,2025-04-11,CANCELLED,2024-04-06,2024-04-06
832,832,832,2,2024-04-12,2025-04-12,ENDED,2024-03-31,2024-04-02
833,833,833,3,2024-04-13,2025-04-13,ACTIVE,2024-04-09,2024-04-12
834,834,834,4,2024-04-14,2025-04-14,EXPIRED,2024-04-06,2024-04-07
835,835,835,5,2024-04-15,2025-04-15,CANCELLED,2024-04-01,2024-04-03
836,836,836,1,2024-04-16,2025-04-16,ENDED,2024-04-14,2024-04-19
837,837,837,2,2024-04-17,2025-04-17,ACTIVE,2024-04-11,2024-04-15
838,838,838,3,2024-04-18,2025-04-18,EXPIRED,2024-04-03,2024-04-08
839,839,839,4,2024-04-19,2025-04-19,CANCELLED,2024-04-13,2024-04-13
840,840,840,5,2024-04-20,2025-04-20,ENDED,2024-04-13,2024-04-15
841,841,841,1,2024-04-21,2025-04-21,ACTIVE,2024-04-17,2024-04-17
842,842,842,2,2024-04-22,2025-04-22,EXPIRED,2024-04-08,2024-04-11
843,843,843,3,2024-04-23,2025-04-23,CANCELLED,2024-04-21,2024-04-26
844,844,844,4,2024-04-24,2025-04-24,ENDED,2024-04-20,2024-04-25
845,845,845,5,2024-04-25,2025-04-25,ACTIVE,2024-04-14,2024-04-18
846,846,846,1,2024-04-26,2025-04-26,EXPIRED,2024-04-25,2024-04-25
847,847,847,2,2024-04-27,2025-04-27,CANCELLED,2024-04-14,2024-04-16
848,848,848,3,2024-04-28,2025-04-28,ENDED,2024-04-24,2024-04-25
849,849,849,4,2024-04-29,2025-04-29,ACTIVE,2024-04-16,2024-04-20
850,850,850,5,2024-04-30,2025-04-30,EXPIRED,2024-04-26,2024-04-26
851,851,851,1,2024-05-01,2025-05-01,CANCELLED,2024-04-17,2024-04-21
852,852,852,2,2024-05-02,2025-05-02,ENDED,2024-04-28,2024-05-02
853,853,853,3,2024-05-03,2025-05-03,ACTIVE,2024-04-29,2024-04-30
854,854,854,4,2024-05-04,2025-05-04,EXPIRED,2024-04-28,2024-04-29
855,855,855,5,2024-05-05,2025-05-05,CANCELLED,2024-04-22,2024-04-26
856,856,856,1,2024-05-06,2025-05-06,ENDED,2024-05-05,2024-05-07
857,857,857,2,2024-05-07,2025-05-07,ACTIVE,2024-04-23,2024-04-24
858,858,858,3,2024-05-08,2025-05-08,EXPIRED,2024-05-05,2024-05-09
859,859,859,4,2024-05-09,2025-05-09,CANCELLED,2024-05-04,2024-05-05
860,860,860,5,2024-05-10,2025-05-10,ENDED,2024-05-08,2024-05-13
861,861,861,1,2024-05-11,2025-05-11,ACTIVE,2024-04-27,2024-04-27
862,862,862,2,2024-05-12,2025-05-12,EXPIRED,2024-05-09,2024-05-09
863,863,863,3,2024-05-13,2025-05-13,CANCELLED,2024-05-07,2024-05-08
864,864,864,4,2024-05-14,2025-05-14,ENDED,2024-05-04,2024-05-06
865,865,865,5,2024-05-15,2025-05-15,ACTIVE,2024-05-14,2024-05-15
866,866,866,1,2024-05-16,2025-05-16,EXPIRED,2024-05-11,2024-05-11
867,867,867,2,2024-05-17,2025-05-17,CANCELLED,2024-05-14,2024-05-19
868,868,868,3,2024-05-18,2025-05-18,ENDED,2024-05-11,2024-05-15
869,869,869,4,2024-05-19,2025-05-19,ACTIVE,2024-05-17,2024-05-22
870,870,870,5,2024-05-20,2025-05-20,EXPIRED,2024-05-18,2024-05-21
871,871,871,1,2024-05-21,2025-05-21,CANCELLED,2024-05-13,2024-05-15
872,872,872,2,2024-05-22,2025-05-22,ENDED,2024-05-13,2024-05-17
873,873,873,3,2024-05-23,2025-05-23,ACTIVE,2024-05-21,2024-05-24
874,874,874,4,2024-05-24,2025-05-24,EXPIRED,2024-05-15,2024-05-16
875,875,875,5,2024-05-25,2025-05-25,CANCELLED,2024-05-15,2024-05-15
876,876,876,1,2024-05-26,2025-05-26,ENDED,2024-05-14,2024-05-19
877,877,877,2,2024-05-27,2025-05-27,ACTIVE,2024-05-18,2024-05-20
878,878,878,3,2024-05-28,2025-05-28,EXPIRED,2024-05-20,2024-05-25
879,879,879,4,2024-05-29,2025-05-29,CANCELLED,2024-05-28,2024-05-28
880,880,880,5,2024-05-30,2025-05-30,ENDED,2024-05-22,2024-05-25
881,881,881,1,2024-05-31,2025-05-31,ACTIVE,2024-05-24,2024-05-29
882,882,882,2,2024-06-01,2025-06-01,EXPIRED,2024-05-30,2024-06-02
883,883,883,3,2024-06-02,2025-06-02,CANCELLED,2024-05-21,2024-05-24
884,884,884,4,2024-06-03,2025-06-03,ENDED,2024-06-01,2024-06-01
885,885,885,5,2024-06-04,2025-06-04,ACTIVE,2024-05-29,2024-06-02
886,886,886,1,2024-06-05,2025-06-05,EXPIRED,2024-06-02,2024-06-02
887,887,887,2,2024-06-06,2025-06-06,CANCELLED,2024-06-03,2024-06-05
888,888,888,3,2024-06-07,2025-06-07,ENDED,2024-05-28,2024-06-02
889,889,889,4,2024-06-08,2025-06-08,ACTIVE,2024-05-29,2024-06-02
890,890,890,5,2024-06-09,2025-06-09,EXPIRED,2024-05-28,2024-05-30
891,891,891,1,2024-06-10,2025-06-10,CANCELLED,2024-06-03,2024-06-07
892,892,892,2,2024-06-11,2025-06-11,ENDED,2024-06-02,2024-06-04
893,893,893,3,2024-06-12,2025-06-12,ACTIVE,2024-06-04,2024-06-08
894,894,894,4,2024-06-13,2025-06-13,EXPIRED,2024-06-03,2024-06-06
895,895,895,5,2024-06-14,2025-06-14,CANCELLED,2024-06-12,2024-06-17
896,896,896,1,2024-06-15,2025-06-15,ENDED,2024-06-13,2024-06-18
897,897,897,2,2024-06-16,2025-06-16,ACTIVE,2024-06-05,2024-06-09
898,898,898,3,2024-06-17,2025-06-17,EXPIRED,2024-06-05,2024-06-06
899,899,899,4,2024-06-18,2025-06-18,CANCELLED,2024-06-11,2024-06-14
900,900,900,5,2022-01-01,2023-01-01,ENDED,2021-12-17,2021-12-18
901,901,901,1,2022-01-02,2023-01-02,ACTIVE,2021-12-26,2021-12-28
902,902,902,2,2022-01-03,2023-01-03,EXPIRED,2021-12-20,2021-12-23
903,903,903,3,2022-01-04,2023-01-04,CANCELLED,2021-12-28,2021-12-31
904,904,904,4,2022-01-05,2023-01-05,ENDED,2021-12-24,2021-12-24
905,905,905,5,2022-01-06,2023-01-06,ACTIVE,2021-12-31,2022-01-03
906,906,906,1,2022-01-07,2023-01-07,EXPIRED,2022-01-01,2022-01-06
907,907,907,2,2022-01-08,2023-01-08,CANCELLED,2022-01-03,2022-01-05
908,908,908,3,2022-01-09,2023-01-09,ENDED,2022-01-06,2022-01-11
909,909,909,4,2022-01-10,2023-01-10,ACTIVE,2021-12-26,2021-12-29
910,910,910,5,2022-01-11,2023-01-11,EXPIRED,2022-01-09,2022-01-09
911,911,911,1,2022-01-12,2023-01-12,CANCELLED,2021-12-29,2021-12-29
912,912,912,2,2022-01-13,2023-01-13,ENDED,2022-01-11,2022-01-14
913,913,913,3,2022-01-14,2023-01-14,ACTIVE,2022-01-12,2022-01-17
914,914,914,4,2022-01-15,2023-01-15,EXPIRED,2022-01-03,2022-01-05
915,915,915,5,2022-01-16,2023-01-16,CANCELLED,2022-01-03,2022-01-04
916,916,916,1,2022-01-17,2023-01-17,ENDED,2022-01-08,2022-01-08
917,917,917,2,2022-01-18,2023-01-18,ACTIVE,2022-01-08,2022-01-12
918,918,918,3,2022-01-19,2023-01-19,EXPIRED,2022-01-10,2022-01-12
919,919,919,4,2022-01-20,2023-01-20,CANCELLED,2022-01-09,2022-01-09
920,920,920,5,2022-01-21,2023-01-21,ENDED,2022-01-14,2022-01-16
921,921,921,1,2022-01-22,2023-01-22,ACTIVE,2022-01-08,2022-01-13
922,922,922,2,2022-01-23,2023-01-23,EXPIRED,2022-01-10,2022-01-13
923,923,923,3,2022-01-24,2023-01-24,CANCELLED,2022-01-10,2022-01-15
924,924,924,4,2022-01-25,2023-01-25,ENDED,2022-01-24,2022-01-26
925,925,925,5,2022-01-26,2023-01-26,ACTIVE,2022-01-16,2022-01-18
926,926,926,1,2022-01-27,2023-01-27,EXPIRED,2022-01-21,2022-01-21
927,927,927,2,2022-01-28,2023-01-28,CANCELLED,2022-01-18,2022-01-22
928,928,928,3,2022-01-29,2023-01-29,ENDED,2022-01-25,2022-01-26
929,929,929,4,2022-01-30,2023-01-30,ACTIVE,2022-01-19,2022-01-22
930,930,930,5,2022-01-31,2023-01-31,EXPIRED,2022-01-27,2022-01-27
931,931,931,1,2022-02-01,2023-02-01,CANCELLED,2022-01-26,2022-01-30
932,932,932,2,2022-02-02,2023-02-02,ENDED,2022-01-27,2022-01-27
933,933,933,3,2022-02-03,2023-02-03,ACTIVE,2022-01-21,2022-01-23
934,934,934,4,2022-02-04,2023-02-04,EXPIRED,2022-01-25,2022-01-26
935,935,935,5,2022-02-05,2023-02-05,CANCELLED,2022-01-23,2022-01-26
936,936,936,1,2022-02-06,2023-02-06,ENDED,2022-01-23,2022-01-27
937,937,937,2,2022-02-07,2023-02-07,ACTIVE,2022-01-25,2022-01-29
938,938,938,3,2022-02-08,2023-02-08,EXPIRED,2022-01-29,2022-02-03
939,939,939,4,2022-02-09,2023-02-09,CANCELLED,2022-01-29,2022-02-02
940,940,940,5,2022-02-10,2023-02-10,ENDED,2022-02-09,2022-02-13
941,941,941,1,2022-02-11,2023-02-11,ACTIVE,2022-01-27,2022-02-01
942,942,942,2,2022-02-12,2023-02-12,EXPIRED,2022-01-29,2022-02-03
943,943,943,3,2022-02-13,2023-02-13,CANCELLED,2022-02-08,2022-02-08
944,944,944,4,2022-02-14,2023-02-14,ENDED,2022-02-11,2022-02-13
945,945,945,5,2022-02-15,2023-02-15,ACTIVE,2022-02-03,2022-02-05
946,946,946,1,2022-02-16,2023-02-16,EXPIRED,2022-02-01,2022-02-03
947,947,947,2,2022-02-17,2023-02-17,CANCELLED,2022-02-11,2022-02-11
948,948,948,3,2022-02-18,2023-02-18,ENDED,2022-02-15,2022-02-16
949,949,949,4,2022-02-19,2023-02-19,ACTIVE,2022-02-09,2022-02-14
950,950,950,5,2022-02-20,2023-02-20,EXPIRED,2022-02-13,2022-02-13
951,951,951,1,2022-02-21,2023-02-21,CANCELLED,2022-02-18,2022-02-23
952,952,952,2,2022-02-22,2023-02-22,ENDED,2022-02-11,2022-02-11
953,953,953,3,2022-02-23,2023-02-23,ACTIVE,2022-02-21,2022-02-26
954,954,954,4,2022-02-24,2023-02-24,EXPIRED,2022-02-15,2022-02-16
955,955,955,5,2022-02-25,2023-02-25,CANCELLED,2022-02-18,2022-02-21
956,956,956,1,2022-02-26,2023-02-26,ENDED,2022-02-18,2022-02-20
957,957,957,2,2022-02-27,2023-02-27,ACTIVE,2022-02-24,2022-02-26
958,958,958,3,2022-02-28,2023-02-28,EXPIRED,2022-02-23,2022-02-28
959,959,959,4,2022-03-01,2023-03-01,CANCELLED,2022-02-23,2022-02-27
960,960,960,5,2022-03-02,2023-03-02,ENDED,2022-02-20,2022-02-20
961,961,961,1,2022-03-03,2023-03-03,ACTIVE,2022-02-16,2022-02-16
962,962,962,2,2022-03-04,2023-03-04,EXPIRED,2022-03-01,2022-03-02
963,963,963,3,2022-03-05,2023-03-05,CANCELLED,2022-02-20,2022-02-24
964,964,964,4,2022-03-06,2023-03-06,ENDED,2022-03-05,2022-03-10
965,965,965,5,2022-03-07,2023-03-07,ACTIVE,2022-03-05,2022-03-07
966,966,966,1,2022-03-08,2023-03-08,EXPIRED,2022-02-28,2022-03-05
967,967,967,2,2022-03-09,2023-03-09,CANCELLED,2022-03-02,2022-03-05
968,968,968,3,2022-03-10,2023-03-10,ENDED,2022-02-28,2022-03-03
969,969,969,4,2022-03-11,2023-03-11,ACTIVE,2022-03-04,2022-03-06
970,970,970,5,2022-03-12,2023-03-12,EXPIRED,2022-03-08,2022-03-12
971,971,971,1,2022-03-13,2023-03-13,CANCELLED,2022-03-11,2022-03-13
972,972,972,2,2022-03-14,2023-03-14,ENDED,2022-03-07,2022-03-07
973,973,973,3,2022-03-15,2023-03-15,ACTIVE,2022-03-10,2022-03-15
974,974,974,4,2022-03-16,2023-03-16,EXPIRED,2022-03-05,2022-03-09
975,975,975,5,2022-03-17,2023-03-17,CANCELLED,2022-03-09,2022-03-13
976,976,976,1,2022-03-18,2023-03-18,ENDED,2022-03-07,2022-03-09
977,977,977,2,2022-03-19,2023-03-19,ACTIVE,2022-03-18,2022-03-19
978,978,978,3,2022-03-20,2023-03-20,EXPIRED,2022-03-13,2022-03-17
979,979,979,4,2022-03-21,2023-03-21,CANCELLED,2022-03-20,2022-03-20
980,980,980,5,2022-03-22,2023-03-22,ENDED,2022-03-18,2022-03-20
981,981,981,1,2022-03-23,2023-03-23,ACTIVE,2022-03-19,2022-03-20
982,982,982,2,2022-03-24,2023-03-24,EXPIRED,2022-03-11,2022-03-13
983,983,983,3,2022-03-25,2023-03-25,CANCELLED,2022-03-20,2022-03-22
984,984,984,4,2022-03-26,2023-03-26,ENDED,2022-03-24,2022-03-24
985,985,985,5,2022-03-27,2023-03-27,ACTIVE,2022-03-19,2022-03-24
986,986,986,1,2022-03-28,2023-03-28,EXPIRED,2022-03-21,2022-03-22
987,987,987,2,2022-03-29,2023-03-29,CANCELLED,2022-03-26,2022-03-29
988,988,988,3,2022-03-30,2023-03-30,ENDED,2022-03-21,2022-03-26
989,989,989,4,2022-03-31,2023-03-31,ACTIVE,2022-03-27,2022-03-31
990,990,990,5,2022-04-01,2023-04-01,EXPIRED,2022-03-23,2022-03-28
991,991,991,1,2022-04-02,2023-04-02,CANCELLED,2022-03-20,2022-03-22
992,992,992,2,2022-04-03,2023-04-03,ENDED,2022-04-01,2022-04-04
993,993,993,3,2022-04-04,2023-04-04,ACTIVE,2022-03-21,2022-03-26
994,994,994,4,2022-04-05,2023-04-05,EXPIRED,2022-04-04,2022-04-07
995,995,995,5,2022-04-06,2023-04-06,CANCELLED,2022-04-05,2022-04-08
996,996,996,1,2022-04-07,2023-04-07,ENDED,2022-03-23,2022-03-23
997,997,997,2,2022-04-08,2023-04-08,ACTIVE,2022-03-25,2022-03-27
998,998,998,3,2022-04-09,2023-04-09,EXPIRED,2022-03-30,2022-04-02
999,999,999,4,2022-04-10,2023-04-10,CANCELLED,2022-03-31,2022-04-03
1000,1000,1000,5,2022-04-11,2023-04-11,ENDED,2022-03-30,2022-04-04
1001,1001,1001,1,2022-04-12,2023-04-12,ACTIVE,2022-04-05,2022-04-07
1002,1002,1002,2,2022-04-13,2023-04-13,EXPIRED,2022-04-11,2022-04-14
1003,1003,1003,3,2022-04-14,2023-04-14,CANCELLED,2022-04-13,2022-04-15
1004,1004,1004,4,2022-04-15,2023-04-15,ENDED,2022-04-12,2022-04-16
1005,1005,1005,5,2022-04-16,2023-04-16,ACTIVE,2022-04-08,2022-04-13
1006,1006,1006,1,2022-04-17,2023-04-17,EXPIRED,2022-04-02,2022-04-04
1007,1007,1007,2,2022-04-18,2023-04-18,CANCELLED,2022-04-16,2022-04-19
1008,1008,1008,3,2022-04-19,2023-04-19,ENDED,2022-04-05,2022-04-05
1009,1009,1009,4,2022-04-20,2023-04-20,ACTIVE,2022-04-16,2022-04-19
1010,1010,1010,5,2022-04-21,2023-04-21,EXPIRED,2022-04-11,2022-04-14
1011,1011,1011,1,2022-04-22,2023-04-22,CANCELLED,2022-04-13,2022-04-13
1012,1012,1012,2,2022-04-23,2023-04-23,ENDED,2022-04-16,2022-04-18
1013,1013,1013,3,2022-04-24,2023-04-24,ACTIVE,2022-04-12,2022-04-14
1014,1014,1014,4,2022-04-25,2023-04-25,EXPIRED,2022-04-21,2022-04-23
1015,1015,1015,5,2022-04-26,2023-04-26,CANCELLED,2022-04-13,2022-04-14
1016,1016,1016,1,2022-04-27,2023-04-27,ENDED,2022-04-25,2022-04-29
1017,1017,1017,2,2022-04-28,2023-04-28,ACTIVE,2022-04-17,2022-04-17
1018,1018,1018,3,2022-04-29,2023-04-29,EXPIRED,2022-04-20,2022-04-24
1019,1019,1019,4,2022-04-30,2023-04-30,CANCELLED,2022-04-26,2022-04-28
1020,1020,1020,5,2022-05-01,2023-05-01,ENDED,2022-04-25,2022-04-30
1021,1021,1021,1,2022-05-02,2023-05-02,ACTIVE,2022-04-18,2022-04-23
1022,1022,1022,2,2022-05-03,2023-05-03,EXPIRED,2022-04-19,2022-04-20
1023,1023,1023,3,2022-05-04,2023-05-04,CANCELLED,2022-04-30,2022-04-30
1024,1024,1024,4,2022-05-05,2023-05-05,ENDED,2022-05-02,2022-05-04
1025,1025,1025,5,2022-05-06,2023-05-06,ACTIVE,2022-05-02,2022-05-03
1026,1026,1026,1,2022-05-07,2023-05-07,EXPIRED,2022-04-27,2022-04-28
1027,1027,1027,2,2022-05-08,2023-05-08,CANCELLED,2022-04-25,2022-04-30
1028,1028,1028,3,2022-05-09,2023-05-09,ENDED,2022-05-07,2022-05-08
1029,1029,1029,4,2022-05-10,2023-05-10,ACTIVE,2022-04-27,2022-05-02
1030,1030,1030,5,2022-05-11,2023-05-11,EXPIRED,2022-05-03,2022-05-06
1031,1031,1031,1,2022-05-12,2023-05-12,CANCELLED,2022-04-29,2022-05-03
1032,1032,1032,2,2022-05-13,2023-05-13,ENDED,2022-04-30,2022-05-04
1033,1033,1033,3,2022-05-14,2023-05-14,ACTIVE,2022-05-06,2022-05-11
1034,1034,1034,4,2022-05-15,2023-05-15,EXPIRED,2022-04-30,2022-05-04
1035,1035,1035,5,2022-05-16,2023-05-16,CANCELLED,2022-05-05,2022-05-10
1036,1036,1036,1,2022-05-17,2023-05-17,ENDED,2022-05-07,2022-05-09
1037,1037,1037,2,2022-05-18,2023-05-18,ACTIVE,2022-05-04,2022-05-09
1038,1038,1038,3,2022-05-19,2023-05-19,EXPIRED,2022-05-13,2022-05-14
1039,1039,1039,4,2022-05-20,2023-05-20,CANCELLED,2022-05-12,2022-05-12
1040,1040,1040,5,2022-05-21,2023-05-21,ENDED,2022-05-13,2022-05-16
1041,1041,1041,1,2022-05-22,2023-05-22,ACTIVE,2022-05-11,2022-05-13
1042,1042,1042,2,2022-05-23,2023-05-23,EXPIRED,2022-05-10,2022-05-12
1043,1043,1043,3,2022-05-24,2023-05-24,CANCELLED,2022-05-14,2022-05-14
1044,1044,1044,4,2022-05-25,2023-05-25,ENDED,2022-05-19,2022-05-23
1045,1045,1045,5,2022-05-26,2023-05-26,ACTIVE,2022-05-24,2022-05-26
1046,1046,1046,1,2022-05-27,2023-05-27,EXPIRED,2022-05-19,2022-05-22
1047,1047,1047,2,2022-05-28,2023-05-28,CANCELLED,2022-05-27,2022-05-27
1048,1048,1048,3,2022-05-29,2023-05-29,ENDED,2022-05-23,2022-05-25
1049,1049,1049,4,2022-05-30,2023-05-30,ACTIVE,2022-05-28,2022-06-02
1050,1050,1050,5,2022-05-31,2023-05-31,EXPIRED,2022-05-17,2022-05-17
1051,1051,1051,1,2022-06-01,2023-06-01,CANCELLED,2022-05-22,2022-05-26
1052,1052,1052,2,2022-06-02,2023-06-02,ENDED,2022-05-24,2022-05-27
1053,1053,1053,3,2022-06-03,2023-06-03,ACTIVE,2022-05-26,2022-05-30
1054,1054,1054,4,2022-06-04,2023-06-04,EXPIRED,2022-05-26,2022-05-31
1055,1055,1055,5,2022-06-05,2023-06-05,CANCELLED,2022-05-21,2022-05-21
1056,1056,1056,1,2022-06-06,2023-06-06,ENDED,2022-05-29,2022-06-02
1057,1057,1057,2,2022-06-07,2023-06-07,ACTIVE,2022-05-27,2022-05-28
1058,1058,1058,3,2022-06-08,2023-06-08,EXPIRED,2022-06-02,2022-06-06
1059,1059,1059,4,2022-06-09,2023-06-09,CANCELLED,2022-06-01,2022-06-05
1060,1060,1060,5,2022-06-10,2023-06-10,ENDED,2022-06-07,2022-06-07
1061,1061,1061,1,2022-06-11,2023-06-11,ACTIVE,2022-06-03,2022-06-03
1062,1062,1062,2,2022-06-12,2023-06-12,EXPIRED,2022-05-30,2022-06-01
1063,1063,1063,3,2022-06-13,2023-06-13,CANCELLED,2022-06-01,2022-06-01
1064,1064,1064,4,2022-06-14,2023-06-14,ENDED,2022-06-05,2022-06-10
1065,1065,1065,5,2022-06-15,2023-06-15,ACTIVE,2022-06-12,2022-06-12
1066,1066,1066,1,2022-06-16,2023-06-16,EXPIRED,2022-06-12,2022-06-17
1067,1067,1067,2,2022-06-17,2023-06-17,CANCELLED,2022-06-09,2022-06-12
1068,1068,1068,3,2022-06-18,2023-06-18,ENDED,2022-06-09,2022-06-13
1069,1069,1069,4,2022-06-19,2023-06-19,ACTIVE,2022-06-09,2022-06-10
1070,1070,1070,5,2022-06-20,2023-06-20,EXPIRED,2022-06-14,2022-06-16
1071,1071,1071,1,2022-06-21,2023-06-21,CANCELLED,2022-06-06,2022-06-08
1072,1072,1072,2,2022-06-22,2023-06-22,ENDED,2022-06-15,2022-06-18
1073,1073,1073,3,2022-06-23,2023-06-23,ACTIVE,2022-06-10,2022-06-12
1074,1074,1074,4,2022-06-24,2023-06-24,EXPIRED,2022-06-13,2022-06-17
1075,1075,1075,5,2022-06-25,2023-06-25,CANCELLED,2022-06-24,2022-06-29
1076,1076,1076,1,2022-06-26,2023-06-26,ENDED,2022-06-15,2022-06-17
1077,1077,1077,2,2022-06-27,2023-06-27,ACTIVE,2022-06-25,2022-06-27
1078,1078,1078,3,2022-06-28,2023-06-28,EXPIRED,2022-06-26,2022-06-30
1079,1079,1079,4,2022-06-29,2023-06-29,CANCELLED,2022-06-18,2022-06-21
1080,1080,1080,5,2022-06-30,2023-06-30,ENDED,2022-06-25,2022-06-27
1081,1081,1081,1,2022-07-01,2023-07-01,ACTIVE,2022-06-19,2022-06-24
1082,1082,1082,2,2022-07-02,2023-07-02,EXPIRED,2022-06-17,2022-06-21
1083,1083,1083,3,2022-07-03,2023-07-03,CANCELLED,2022-06-19,2022-06-20
1084,1084,1084,4,2022-07-04,2023-07-04,ENDED,2022-06-28,2022-06-28
1085,1085,1085,5,2022-07-05,2023-07-05,ACTIVE,2022-06-25,2022-06-30
1086,1086,1086,1,2022-07-06,2023-07-06,EXPIRED,2022-07-03,2022-07-05
1087,1087,1087,2,2022-07-07,2023-07-07,CANCELLED,2022-07-02,2022-07-07
1088,1088,1088,3,2022-07-08,2023-07-08,ENDED,2022-06-26,2022-07-01
1089,1089,1089,4,2022-07-09,2023-07-09,ACTIVE,2022-07-02,2022-07-03
1090,1090,1090,5,2022-07-10,2023-07-10,EXPIRED,2022-06-30,2022-07-05
1091,1091,1091,1,2022-07-11,2023-07-11,CANCELLED,2022-07-09,2022-07-11
1092,1092,1092,2,2022-07-12,2023-07-12,ENDED,2022-07-03,2022-07-06
1093,1093,1093,3,2022-07-13,2023-07-13,ACTIVE,2022-07-02,2022-07-04
1094,1094,1094,4,2022-07-14,2023-07-14,EXPIRED,2022-06-30,2022-07-01
1095,1095,1095,5,2022-07-15,2023-07-15,CANCELLED,2022-07-04,2022-07-09
1096,1096,1096,1,2022-07-16,2023-07-16,ENDED,2022-07-02,2022-07-07
1097,1097,1097,2,2022-07-17,2023-07-17,ACTIVE,2022-07-06,2022-07-10
1098,1098,1098,3,2022-07-18,2023-07-18,EXPIRED,2022-07-16,2022-07-21
1099,1099,1099,4,2022-07-19,2023-07-19,CANCELLED,2022-07-08,2022-07-11
1100,1100,1100,5,2022-07-20,2023-07-20,ENDED,2022-07-11,2022-07-13
1101,1101,1101,1,2022-07-21,2023-07-21,ACTIVE,2022-07-20,2022-07-22
1102,1102,1102,2,2022-07-22,2023-07-22,EXPIRED,2022-07-17,2022-07-18
1103,1103,1103,3,2022-07-23,2023-07-23,CANCELLED,2022-07-19,2022-07-21
1104,1104,1104,4,2022-07-24,2023-07-24,ENDED,2022-07-11,2022-07-14
1105,1105,1105,5,2022-07-25,2023-07-25,ACTIVE,2022-07-21,2022-07-22
1106,1106,1106,1,2022-07-26,2023-07-26,EXPIRED,2022-07-23,2022-07-24
1107,1107,1107,2,2022-07-27,2023-07-27,CANCELLED,2022-07-25,2022-07-27
1108,1108,1108,3,2022-07-28,2023-07-28,ENDED,2022-07-14,2022-07-14
1109,1109,1109,4,2022-07-29,2023-07-29,ACTIVE,2022-07-20,2022-07-24
1110,1110,1110,5,2022-07-30,2023-07-30,EXPIRED,2022-07-16,2022-07-21
1111,1111,1111,1,2022-07-31,2023-07-31,CANCELLED,2022-07-16,2022-07-20
1112,1112,1112,2,2022-08-01,2023-08-01,ENDED,2022-07-31,2022-08-05
1113,1113,1113,3,2022-08-02,2023-08-02,ACTIVE,2022-07-27,2022-07-31
1114,1114,1114,4,2022-08-03,2023-08-03,EXPIRED,2022-07-31,2022-08-04
1115,1115,1115,5,2022-08-04,2023-08-04,CANCELLED,2022-07-28,2022-07-29
1116,1116,1116,1,2022-08-05,2023-08-05,ENDED,2022-08-02,2022-08-03
1117,1117,1117,2,2022-08-06,2023-08-06,ACTIVE,2022-07-23,2022-07-28
1118,1118,1118,3,2022-08-07,2023-08-07,EXPIRED,2022-07-25,2022-07-29
1119,1119,1119,4,2022-08-08,2023-08-08,CANCELLED,2022-07-26,2022-07-27
1120,1120,1120,5,2022-08-09,2023-08-09,ENDED,2022-07-28,2022-07-31
1121,1121,1121,1,2022-08-10,2023-08-10,ACTIVE,2022-08-09,2022-08-12
1122,1122,1122,2,2022-08-11,2023-08-11,EXPIRED,2022-08-05,2022-08-10
1123,1123,1123,3,2022-08-12,2023-08-12,CANCELLED,2022-07-31,2022-08-01
1124,1124,1124,4,2022-08-13,2023-08-13,ENDED,2022-08-05,2022-08-09
1125,1125,1125,5,2022-08-14,2023-08-14,ACTIVE,2022-08-09,2022-08-14
1126,1126,1126,1,2022-08-15,2023-08-15,EXPIRED,2022-08-02,2022-08-05
1127,1127,1127,2,2022-08-16,2023-08-16,CANCELLED,2022-08-12,2022-08-16
1128,1128,1128,3,2022-08-17,2023-08-17,ENDED,2022-08-13,2022-08-15
1129,1129,1129,4,2022-08-18,2023-08-18,ACTIVE,2022-08-05,2022-08-08
1130,1130,1130,5,2022-08-19,2023-08-19,EXPIRED,2022-08-04,2022-08-05
1131,1131,1131,1,2022-08-20,2023-08-20,CANCELLED,2022-08-14,2022-08-19
1132,1132,1132,2,2022-08-21,2023-08-21,ENDED,2022-08-11,2022-08-14
1133,1133,1133,3,2022-08-22,2023-08-22,ACTIVE,2022-08-14,2022-08-16
1134,1134,1134,4,2022-08-23,2023-08-23,EXPIRED,2022-08-10,2022-08-13
1135,1135,1135,5,2022-08-24,2023-08-24,CANCELLED,2022-08-15,2022-08-19
1136,1136,1136,1,2022-08-25,2023-08-25,ENDED,2022-08-18,2022-08-19
1137,1137,1137,2,2022-08-26,2023-08-26,ACTIVE,2022-08-12,2022-08-13
1138,1138,1138,3,2022-08-27,2023-08-27,EXPIRED,2022-08-14,2022-08-18
1139,1139,1139,4,2022-08-28,2023-08-28,CANCELLED,2022-08-25,2022-08-27
1140,1140,1140,5,2022-08-29,2023-08-29,ENDED,2022-08-28,2022-09-02
1141,1141,1141,1,2022-08-30,2023-08-30,ACTIVE,2022-08-22,2022-08-24
1142,1142,1142,2,2022-08-31,2023-08-31,EXPIRED,2022-08-22,2022-08-22
1143,1143,1143,3,2022-09-01,2023-09-01,CANCELLED,2022-08-20,2022-08-24
1144,1144,1144,4,2022-09-02,2023-09-02,ENDED,2022-08-19,2022-08-19
1145,1145,1145,5,2022-09-03,2023-09-03,ACTIVE,2022-08-29,2022-08-29
1146,1146,1146,1,2022-09-04,2023-09-04,EXPIRED,2022-08-22,2022-08-23
1147,1147,1147,2,2022-09-05,2023-09-05,CANCELLED,2022-08-31,2022-09-03
1148,1148,1148,3,2022-09-06,2023-09-06,ENDED,2022-08-22,2022-08-26
1149,1149,1149,4,2022-09-07,2023-09-07,ACTIVE,2022-09-04,2022-09-07
1150,1150,1150,5,2022-09-08,2023-09-08,EXPIRED,2022-09-06,2022-09-07
1151,1151,1151,1,2022-09-09,2023-09-09,CANCELLED,2022-08-26,2022-08-29
1152,1152,1152,2,2022-09-10,2023-09-10,ENDED,2022-08-26,2022-08-28
1153,1153,1153,3,2022-09-11,2023-09-11,ACTIVE,2022-08-27,2022-08-27
1154,1154,1154,4,2022-09-12,2023-09-12,EXPIRED,2022-09-05,2022-09-05
1155,1155,1155,5,2022-09-13,2023-09-13,CANCELLED,2022-09-06,2022-09-10
1156,1156,1156,1,2022-09-14,2023-09-14,ENDED,2022-09-08,2022-09-09
1157,1157,1157,2,2022-09-15,2023-09-15,ACTIVE,2022-09-08,2022-09-08
1158,1158,1158,3,2022-09-16,2023-09-16,EXPIRED,2022-09-10,2022-09-11
1159,1159,1159,4,2022-09-17,2023-09-17,CANCELLED,2022-09-16,2022-09-18
1160,1160,1160,5,2022-09-18,2023-09-18,ENDED,2022-09-03,2022-09-03
1161,1161,1161,1,2022-09-19,2023-09-19,ACTIVE,2022-09-05,2022-09-10
1162,1162,1162,2,2022-09-20,2023-09-20,EXPIRED,2022-09-09,2022-09-11
1163,1163,1163,3,2022-09-21,2023-09-21,CANCELLED,2022-09-08,2022-09-09
1164,1164,1164,4,2022-09-22,2023-09-22,ENDED,2022-09-19,2022-09-19
1165,1165,1165,5,2022-09-23,2023-09-23,ACTIVE,2022-09-18,2022-09-21
1166,1166,1166,1,2022-09-24,2023-09-24,EXPIRED,2022-09-12,2022-09-13
1167,1167,1167,2,2022-09-25,2023-09-25,CANCELLED,2022-09-12,2022-09-17
1168,1168,1168,3,2022-09-26,2023-09-26,ENDED,2022-09-18,2022-09-21
1169,1169,1169,4,2022-09-27,2023-09-27,ACTIVE,2022-09-17,2022-09-17
1170,1170,1170,5,2022-09-28,2023-09-28,EXPIRED,2022-09-13,2022-09-13
1171,1171,1171,1,2022-09-29,2023-09-29,CANCELLED,2022-09-28,2022-09-30
1172,1172,1172,2,2022-09-30,2023-09-30,ENDED,2022-09-26,2022-09-27
1173,1173,1173,3,2022-10-01,2023-10-01,ACTIVE,2022-09-22,2022-09-27
1174,1174,1174,4,2022-10-02,2023-10-02,EXPIRED,2022-09-22,2022-09-26
1175,1175,1175,5,2022-10-03,2023-10-03,CANCELLED,2022-09-26,2022-09-26
1176,1176,1176,1,2022-10-04,2023-10-04,ENDED,2022-09-21,2022-09-23
1177,1177,1177,2,2022-10-05,2023-10-05,ACTIVE,2022-10-01,2022-10-03
1178,1178,1178,3,2022-10-06,2023-10-06,EXPIRED,2022-10-04,2022-10-04
1179,1179,1179,4,2022-10-07,2023-10-07,CANCELLED,2022-10-03,2022-10-06
1180,1180,1180,5,2022-10-08,2023-10-08,ENDED,2022-09-27,2022-10-01
1181,1181,1181,1,2022-10-09,2023-10-09,ACTIVE,2022-10-01,2022-10-01
1182,1182,1182,2,2022-10-10,2023-10-10,EXPIRED,2022-10-08,2022-10-11
1183,1183,1183,3,2022-10-11,2023-10-11,CANCELLED,2022-10-01,2022-10-05
1184,1184,1184,4,2022-10-12,2023-10-12,ENDED,2022-10-11,2022-10-16
1185,1185,1185,5,2022-10-13,2023-10-13,ACTIVE,2022-10-04,2022-10-08
1186,1186,1186,1,2022-10-14,2023-10-14,EXPIRED,2022-10-10,2022-10-15
1187,1187,1187,2,2022-10-15,2023-10-15,CANCELLED,2022-10-12,2022-10-14
1188,1188,1188,3,2022-10-16,2023-10-16,ENDED,2022-10-09,2022-10-09
1189,1189,1189,4,2022-10-17,2023-10-17,ACTIVE,2022-10-07,2022-10-09
1190,1190,1190,5,2022-10-18,2023-10-18,EXPIRED,2022-10-14,2022-10-18
1191,1191,1191,1,2022-10-19,2023-10-19,CANCELLED,2022-10-12,2022-10-13
1192,1192,1192,2,2022-10-20,2023-10-20,ENDED,2022-10-09,2022-10-14
1193,1193,1193,3,2022-10-21,2023-10-21,ACTIVE,2022-10-19,2022-10-23
1194,1194,1194,4,2022-10-22,2023-10-22,EXPIRED,2022-10-16,2022-10-16
1195,1195,1195,5,2022-10-23,2023-10-23,CANCELLED,2022-10-14,2022-10-18
1196,1196,1196,1,2022-10-24,2023-10-24,ENDED,2022-10-15,2022-10-19
1197,1197,1197,2,2022-10-25,2023-10-25,ACTIVE,2022-10-16,2022-10-16
1198,1198,1198,3,2022-10-26,2023-10-26,EXPIRED,2022-10-19,2022-10-22
1199,1199,1199,4,2022-10-27,2023-10-27,CANCELLED,2022-10-26,2022-10-31
1200,1200,1200,5,2022-10-28,2023-10-28,ENDED,2022-10-21,2022-10-23
1201,1201,1201,1,2022-10-29,2023-10-29,ACTIVE,2022-10-24,2022-10-29
1202,1202,1202,2,2022-10-30,2023-10-30,EXPIRED,2022-10-29,2022-10-31
1203,1203,1203,3,2022-10-31,2023-10-31,CANCELLED,2022-10-18,2022-10-18
1204,1204,1204,4,2022-11-01,2023-11-01,ENDED,2022-10-26,2022-10-27
1205,1205,1205,5,2022-11-02,2023-11-02,ACTIVE,2022-10-21,2022-10-26
1206,1206,1206,1,2022-11-03,2023-11-03,EXPIRED,2022-10-23,2022-10-23
1207,1207,1207,2,2022-11-04,2023-11-04,CANCELLED,2022-10-22,2022-10-26
1208,1208,1208,3,2022-11-05,2023-11-05,ENDED,2022-10-24,2022-10-26
1209,1209,1209,4,2022-11-06,2023-11-06,ACTIVE,2022-11-03,2022-11-03
1210,1210,1210,5,2022-11-07,2023-11-07,EXPIRED,2022-11-01,2022-11-05
1211,1211,1211,1,2022-11-08,2023-11-08,CANCELLED,2022-11-02,2022-11-07
1212,1212,1212,2,2022-11-09,2023-11-09,ENDED,2022-11-06,2022-11-11
1213,1213,1213,3,2022-11-10,2023-11-10,ACTIVE,2022-11-02,2022-11-07
1214,1214,1214,4,2022-11-11,2023-11-11,EXPIRED,2022-11-03,2022-11-08
1215,1215,1215,5,2022-11-12,2023-11-12,CANCELLED,2022-11-09,2022-11-10
1216,1216,1216,1,2022-11-13,2023-11-13,ENDED,2022-11-11,2022-11-16
1217,1217,1217,2,2022-11-14,2023-11-14,ACTIVE,2022-11-01,2022-11-04
1218,1218,1218,3,2022-11-15,2023-11-15,EXPIRED,2022-11-14,2022-11-16
1219,1219,1219,4,2022-11-16,2023-11-16,CANCELLED,2022-11-12,2022-11-12
1220,1220,1220,5,2022-11-17,2023-11-17,ENDED,2022-11-04,2022-11-05
1221,1221,1221,1,2022-11-18,2023-11-18,ACTIVE,2022-11-03,2022-11-03
1222,1222,1222,2,2022-11-19,2023-11-19,EXPIRED,2022-11-13,2022-11-15
1223,1223,1223,3,2022-11-20,2023-11-20,CANCELLED,2022-11-11,2022-11-14
1224,1224,1224,4,2022-11-21,2023-11-21,ENDED,2022-11-07,2022-11-11
1225,1225,1225,5,2022-11-22,2023-11-22,ACTIVE,2022-11-14,2022-11-16
1226,1226,1226,1,2022-11-23,2023-11-23,EXPIRED,2022-11-22,2022-11-27
1227,1227,1227,2,2022-11-24,2023-11-24,CANCELLED,2022-11-20,2022-11-22
1228,1228,1228,3,2022-11-25,2023-11-25,ENDED,2022-11-19,2022-11-19
1229,1229,1229,4,2022-11-26,2023-11-26,ACTIVE,2022-11-12,2022-11-17
1230,1230,1230,5,2022-11-27,2023-11-27,EXPIRED,2022-11-21,2022-11-23
1231,1231,1231,1,2022-11-28,2023-11-28,CANCELLED,2022-11-26,2022-11-28
1232,1232,1232,2,2022-11-29,2023-11-29,ENDED,2022-11-22,2022-11-25
1233,1233,1233,3,2022-11-30,2023-11-30,ACTIVE,2022-11-18,2022-11-21
1234,1234,1234,4,2022-12-01,2023-12-01,EXPIRED,2022-11-16,2022-11-19
1235,1235,1235,5,2022-12-02,2023-12-02,CANCELLED,2022-11-26,2022-11-27
1236,1236,1236,1,2022-12-03,2023-12-03,ENDED,2022-11-25,2022-11-30
1237,1237,1237,2,2022-12-04,2023-12-04,ACTIVE,2022-11-26,2022-11-28
1238,1238,1238,3,2022-12-05,2023-12-05,EXPIRED,2022-11-20,2022-11-24
1239,1239,1239,4,2022-12-06,2023-12-06,CANCELLED,2022-12-01,2022-12-01
1240,1240,1240,5,2022-12-07,2023-12-07,ENDED,2022-11-25,2022-11-28
1241,1241,1241,1,2022-12-08,2023-12-08,ACTIVE,2022-12-06,2022-12-09
1242,1242,1242,2,2022-12-09,2023-12-09,EXPIRED,2022-11-29,2022-11-30
1243,1243,1243,3,2022-12-10,2023-12-10,CANCELLED,2022-12-01,2022-12-03
1244,1244,1244,4,2022-12-11,2023-12-11,ENDED,2022-12-05,2022-12-05
1245,1245,1245,5,2022-12-12,2023-12-12,ACTIVE,2022-12-10,2022-12-12
1246,1246,1246,1,2022-12-13,2023-12-13,EXPIRED,2022-12-02,2022-12-04
1247,1247,1247,2,2022-12-14,2023-12-14,CANCELLED,2022-12-09,2022-12-12
1248,1248,1248,3,2022-12-15,2023-12-15,ENDED,2022-12-05,2022-12-10
1249,1249,1249,4,2022-12-16,2023-12-16,ACTIVE,2022-12-09,2022-12-10
1250,1250,1250,5,2022-12-17,2023-12-17,EXPIRED,2022-12-05,2022-12-08
1251,1251,1251,1,2022-12-18,2023-12-18,CANCELLED,2022-12-12,2022-12-15
1252,1252,1252,2,2022-12-19,2023-12-19,ENDED,2022-12-18,2022-12-23
1253,1253,1253,3,2022-12-20,2023-12-20,ACTIVE,2022-12-06,2022-12-08
1254,1254,1254,4,2022-12-21,2023-12-21,EXPIRED,2022-12-11,2022-12-14
1255,1255,1255,5,2022-12-22,2023-12-22,CANCELLED,2022-12-17,2022-12-22
1256,1256,1256,1,2022-12-23,2023-12-23,ENDED,2022-12-10,2022-12-10
1257,1257,1257,2,2022-12-24,2023-12-24,ACTIVE,2022-12-22,2022-12-27
1258,1258,1258,3,2022-12-25,2023-12-25,EXPIRED,2022-12-14,2022-12-17
1259,1259,1259,4,2022-12-26,2023-12-26,CANCELLED,2022-12-20,2022-12-24
1260,1260,1260,5,2022-12-27,2023-12-27,ENDED,2022-12-14,2022-12-19
1261,1261,1261,1,2022-12-28,2023-12-28,ACTIVE,2022-12-17,2022-12-18
1262,1262,1262,2,2022-12-29,2023-12-29,EXPIRED,2022-12-28,2022-12-29
1263,1263,1263,3,2022-12-30,2023-12-30,CANCELLED,2022-12-16,2022-12-20
1264,1264,1264,4,2022-12-31,2023-12-31,ENDED,2022-12-20,2022-12-23
1265,1265,1265,5,2023-01-01,2024-01-01,ACTIVE,2022-12-31,2023-01-01
1266,1266,1266,1,2023-01-02,2024-01-02,EXPIRED,2022-12-31,2023-01-01
1267,1267,1267,2,2023-01-03,2024-01-03,CANCELLED,2022-12-21,2022-12-26
1268,1268,1268,3,2023-01-04,2024-01-04,ENDED,2022-12-29,2022-12-31
1269,1269,1269,4,2023-01-05,2024-01-05,ACTIVE,2022-12-29,2023-01-02
1270,1270,1270,5,2023-01-06,2024-01-06,EXPIRED,2023-01-05,2023-01-09
1271,1271,1271,1,2023-01-07,2024-01-07,CANCELLED,2023-01-04,2023-01-09
1272,1272,1272,2,2023-01-08,2024-01-08,ENDED,2022-12-31,2023-01-02
1273,1273,1273,3,2023-01-09,2024-01-09,ACTIVE,2023-01-03,2023-01-06
1274,1274,1274,4,2023-01-10,2024-01-10,EXPIRED,2022-12-28,2022-12-28
1275,1275,1275,5,2023-01-11,2024-01-11,CANCELLED,2023-01-01,2023-01-02
1276,1276,1276,1,2023-01-12,2024-01-12,ENDED,2023-01-03,2023-01-05
1277,1277,1277,2,2023-01-13,2024-01-13,ACTIVE,2023-01-06,2023-01-08
1278,1278,1278,3,2023-01-14,2024-01-14,EXPIRED,2023-01-03,2023-01-05
1279,1279,1279,4,2023-01-15,2024-01-15,CANCELLED,2023-01-11,2023-01-11
1280,1280,1280,5,2023-01-16,2024-01-16,ENDED,2023-01-15,2023-01-20
1281,1281,1281,1,2023-01-17,2024-01-17,ACTIVE,2023-01-14,2023-01-17
1282,1282,1282,2,2023-01-18,2024-01-18,EXPIRED,2023-01-09,2023-01-12
1283,1283,1283,3,2023-01-19,2024-01-19,CANCELLED,2023-01-04,2023-01-08
1284,1284,1284,4,2023-01-20,2024-01-20,ENDED,2023-01-18,2023-01-20
1285,1285,1285,5,2023-01-21,2024-01-21,ACTIVE,2023-01-08,2023-01-10
1286,1286,1286,1,2023-01-22,2024-01-22,EXPIRED,2023-01-10,2023-01-13
1287,1287,1287,2,2023-01-23,2024-01-23,CANCELLED,2023-01-19,2023-01-23
1288,1288,1288,3,2023-01-24,2024-01-24,ENDED,2023-01-19,2023-01-24
1289,1289,1289,4,2023-01-25,2024-01-25,ACTIVE,2023-01-10,2023-01-13
1290,1290,1290,5,2023-01-26,2024-01-26,EXPIRED,2023-01-22,2023-01-22
1291,1291,1291,1,2023-01-27,2024-01-27,CANCELLED,2023-01-24,2023-01-24
1292,1292,1292,2,2023-01-28,2024-01-28,ENDED,2023-01-20,2023-01-21
1293,1293,1293,3,2023-01-29,2024-01-29,ACTIVE,2023-01-14,2023-01-19
1294,1294,1294,4,2023-01-30,2024-01-30,EXPIRED,2023-01-22,2023-01-22
1295,1295,1295,5,2023-01-31,2024-01-31,CANCELLED,2023-01-18,2023-01-23
1296,1296,1296,1,2023-02-01,2024-02-01,ENDED,2023-01-18,2023-01-20
1297,1297,1297,2,2023-02-02,2024-02-02,ACTIVE,2023-01-22,2023-01-24
1298,1298,1298,3,2023-02-03,2024-02-03,EXPIRED,2023-01-22,2023-01-22
1299,1299,1299,4,2023-02-04,2024-02-04,CANCELLED,2023-01-26,2023-01-30
1300,1300,1300,5,2023-02-05,2024-02-05,ENDED,2023-01-31,2023-02-02
1301,1301,1301,1,2023-02-06,2024-02-06,ACTIVE,2023-01-23,2023-01-24
1302,1302,1302,2,2023-02-07,2024-02-07,EXPIRED,2023-01-26,2023-01-31
1303,1303,1303,3,2023-02-08,2024-02-08,CANCELLED,2023-01-24,2023-01-29
1304,1304,1304,4,2023-02-09,2024-02-09,ENDED,2023-01-29,2023-01-30
1305,1305,1305,5,2023-02-10,2024-02-10,ACTIVE,2023-01-28,2023-01-30
1306,1306,1306,1,2023-02-11,2024-02-11,EXPIRED,2023-02-02,2023-02-03
1307,1307,1307,2,2023-02-12,2024-02-12,CANCELLED,2023-02-10,2023-02-11
1308,1308,1308,3,2023-02-13,2024-02-13,ENDED,2023-01-31,2023-02-01
1309,1309,1309,4,2023-02-14,2024-02-14,ACTIVE,2023-02-10,2023-02-13
1310,1310,1310,5,2023-02-15,2024-02-15,EXPIRED,2023-02-14,2023-02-16
1311,1311,1311,1,2023-02-16,2024-02-16,CANCELLED,2023-02-07,2023-02-11
1312,1312,1312,2,2023-02-17,2024-02-17,ENDED,2023-02-11,2023-02-14
1313,1313,1313,3,2023-02-18,2024-02-18,ACTIVE,2023-02-05,2023-02-09
1314,1314,1314,4,2023-02-19,2024-02-19,EXPIRED,2023-02-16,2023-02-20
1315,1315,1315,5,2023-02-20,2024-02-20,CANCELLED,2023-02-05,2023-02-05
1316,1316,1316,1,2023-02-21,2024-02-21,ENDED,2023-02-19,2023-02-21
1317,1317,1317,2,2023-02-22,2024-02-22,ACTIVE,2023-02-15,2023-02-20
1318,1318,1318,3,2023-02-23,2024-02-23,EXPIRED,2023-02-11,2023-02-14
1319,1319,1319,4,2023-02-24,2024-02-24,CANCELLED,2023-02-15,2023-02-18
1320,1320,1320,5,2023-02-25,2024-02-25,ENDED,2023-02-12,2023-02-15
1321,1321,1321,1,2023-02-26,2024-02-26,ACTIVE,2023-02-12,2023-02-16
1322,1322,1322,2,2023-02-27,2024-02-27,EXPIRED,2023-02-25,2023-02-26
1323,1323,1323,3,2023-02-28,2024-02-28,CANCELLED,2023-02-22,2023-02-27
1324,1324,1324,4,2023-03-01,2024-02-29,ENDED,2023-02-27,2023-03-02
1325,1325,1325,5,2023-03-02,2024-03-01,ACTIVE,2023-02-22,2023-02-27
1326,1326,1326,1,2023-03-03,2024-03-02,EXPIRED,2023-02-22,2023-02-24
1327,1327,1327,2,2023-03-04,2024-03-03,CANCELLED,2023-03-01,2023-03-05
1328,1328,1328,3,2023-03-05,2024-03-04,ENDED,2023-02-22,2023-02-26
1329,1329,1329,4,2023-03-06,2024-03-05,ACTIVE,2023-03-03,2023-03-04
1330,1330,1330,5,2023-03-07,2024-03-06,EXPIRED,2023-02-28,2023-03-04
1331,1331,1331,1,2023-03-08,2024-03-07,CANCELLED,2023-02-21,2023-02-21
1332,1332,1332,2,2023-03-09,2024-03-08,ENDED,2023-02-23,2023-02-23
1333,1333,1333,3,2023-03-10,2024-03-09,ACTIVE,2023-03-01,2023-03-02
1334,1334,1334,4,2023-03-11,2024-03-10,EXPIRED,2023-03-06,2023-03-07
1335,1335,1335,5,2023-03-12,2024-03-11,CANCELLED,2023-03-09,2023-03-11
1336,1336,1336,1,2023-03-13,2024-03-12,ENDED,2023-02-26,2023-03-03
1337,1337,1337,2,2023-03-14,2024-03-13,ACTIVE,2023-03-10,2023-03-12
1338,1338,1338,3,2023-03-15,2024-03-14,EXPIRED,2023-03-06,2023-03-08
1339,1339,1339,4,2023-03-16,2024-03-15,CANCELLED,2023-03-02,2023-03-02
1340,1340,1340,5,2023-03-17,2024-03-16,ENDED,2023-03-12,2023-03-13
1341,1341,1341,1,2023-03-18,2024-03-17,ACTIVE,2023-03-07,2023-03-11
1342,1342,1342,2,2023-03-19,2024-03-18,EXPIRED,2023-03-14,2023-03-15
1343,1343,1343,3,2023-03-20,2024-03-19,CANCELLED,2023-03-09,2023-03-11
1344,1344,1344,4,2023-03-21,2024-03-20,ENDED,2023-03-11,2023-03-15
1345,1345,1345,5,2023-03-22,2024-03-21,ACTIVE,2023-03-20,2023-03-24
1346,1346,1346,1,2023-03-23,2024-03-22,EXPIRED,2023-03-12,2023-03-13
1347,1347,1347,2,2023-03-24,2024-03-23,CANCELLED,2023-03-14,2023-03-18
1348,1348,1348,3,2023-03-25,2024-03-24,ENDED,2023-03-22,2023-03-23
1349,1349,1349,4,2023-03-26,2024-03-25,ACTIVE,2023-03-15,2023-03-19
1350,1350,1350,5,2023-03-27,2024-03-26,EXPIRED,2023-03-15,2023-03-19
1351,1351,1351,1,2023-03-28,2024-03-27,CANCELLED,2023-03-22,2023-03-26
1352,1352,1352,2,2023-03-29,2024-03-28,ENDED,2023-03-28,2023-03-28
1353,1353,1353,3,2023-03-30,2024-03-29,ACTIVE,2023-03-28,2023-03-28
1354,1354,1354,4,2023-03-31,2024-03-30,EXPIRED,2023-03-20,2023-03-24
1355,1355,1355,5,2023-04-01,2024-03-31,CANCELLED,2023-03-27,2023-04-01
1356,1356,1356,1,2023-04-02,2024-04-01,ENDED,2023-03-29,2023-04-02
1357,1357,1357,2,2023-04-03,2024-04-02,ACTIVE,2023-03-27,2023-03-31
1358,1358,1358,3,2023-04-04,2024-04-03,EXPIRED,2023-03-24,2023-03-24
1359,1359,1359,4,2023-04-05,2024-04-04,CANCELLED,2023-03-28,2023-04-02
1360,1360,1360,5,2023-04-06,2024-04-05,ENDED,2023-03-28,2023-03-30
1361,1361,1361,1,2023-04-07,2024-04-06,ACTIVE,2023-03-27,2023-03-29
1362,1362,1362,2,2023-04-08,2024-04-07,EXPIRED,2023-03-31,2023-04-01
1363,1363,1363,3,2023-04-09,2024-04-08,CANCELLED,2023-03-27,2023-04-01
1364,1364,1364,4,2023-04-10,2024-04-09,ENDED,2023-04-03,2023-04-05
1365,1365,1365,5,2023-04-11,2024-04-10,ACTIVE,2023-04-03,2023-04-03
1366,1366,1366,1,2023-04-12,2024-04-11,EXPIRED,2023-03-31,2023-03-31
1367,1367,1367,2,2023-04-13,2024-04-12,CANCELLED,2023-04-10,2023-04-13
1368,1368,1368,3,2023-04-14,2024-04-13,ENDED,2023-04-07,2023-04-10
1369,1369,1369,4,2023-04-15,2024-04-14,ACTIVE,2023-04-07,2023-04-08
1370,1370,1370,5,2023-04-16,2024-04-15,EXPIRED,2023-04-10,2023-04-14
1371,1371,1371,1,2023-04-17,2024-04-16,CANCELLED,2023-04-14,2023-04-16
1372,1372,1372,2,2023-04-18,2024-04-17,ENDED,2023-04-04,2023-04-09
1373,1373,1373,3,2023-04-19,2024-04-18,ACTIVE,2023-04-13,2023-04-18
1374,1374,1374,4,2023-04-20,2024-04-19,EXPIRED,2023-04-06,2023-04-08
1375,1375,1375,5,2023-04-21,2024-04-20,CANCELLED,2023-04-14,2023-04-15
1376,1376,1376,1,2023-04-22,2024-04-21,ENDED,2023-04-09,2023-04-11
1377,1377,1377,2,2023-04-23,2024-04-22,ACTIVE,2023-04-14,2023-04-18
1378,1378,1378,3,2023-04-24,2024-04-23,EXPIRED,2023-04-22,2023-04-24
1379,1379,1379,4,2023-04-25,2024-04-24,CANCELLED,2023-04-21,2023-04-24
1380,1380,1380,5,2023-04-26,2024-04-25,ENDED,2023-04-24,2023-04-26
1381,1381,1381,1,2023-04-27,2024-04-26,ACTIVE,2023-04-19,2023-04-20
1382,1382,1382,2,2023-04-28,2024-04-27,EXPIRED,2023-04-25,2023-04-25
1383,1383,1383,3,2023-04-29,2024-04-28,CANCELLED,2023-04-28,2023-04-30
1384,1384,1384,4,2023-04-30,2024-04-29,ENDED,2023-04-23,2023-04-27
1385,1385,1385,5,2023-05-01,2024-04-30,ACTIVE,2023-04-24,2023-04-25
1386,1386,1386,1,2023-05-02,2024-05-01,EXPIRED,2023-04-18,2023-04-19
1387,1387,1387,2,2023-05-03,2024-05-02,CANCELLED,2023-04-19,2023-04-21
1388,1388,1388,3,2023-05-04,2024-05-03,ENDED,2023-04-19,2023-04-23
1389,1389,1389,4,2023-05-05,2024-05-04,ACTIVE,2023-04-23,2023-04-25
1390,1390,1390,5,2023-05-06,2024-05-05,EXPIRED,2023-05-02,2023-05-03
1391,1391,1391,1,2023-05-07,2024-05-06,CANCELLED,2023-04-29,2023-05-03
1392,1392,1392,2,2023-05-08,2024-05-07,ENDED,2023-04-30,2023-05-03
1393,1393,1393,3,2023-05-09,2024-05-08,ACTIVE,2023-04-24,2023-04-26
1394,1394,1394,4,2023-05-10,2024-05-09,EXPIRED,2023-05-02,2023-05-02
1395,1395,1395,5,2023-05-11,2024-05-10,CANCELLED,2023-05-09,2023-05-12
1396,1396,1396,1,2023-05-12,2024-05-11,ENDED,2023-05-03,2023-05-06
1397,1397,1397,2,2023-05-13,2024-05-12,ACTIVE,2023-05-09,2023-05-10
1398,1398,1398,3,2023-05-14,2024-05-13,EXPIRED,2023-05-04,2023-05-06
1399,1399,1399,4,2023-05-15,2024-05-14,CANCELLED,2023-05-14,2023-05-14
1400,1400,1400,5,2023-05-16,2024-05-15,ENDED,2023-05-11,2023-05-14
1401,1401,1401,1,2023-05-17,2024-05-16,ACTIVE,2023-05-07,2023-05-12
1402,1402,1402,2,2023-05-18,2024-05-17,EXPIRED,2023-05-07,2023-05-10
1403,1403,1403,3,2023-05-19,2024-05-18,CANCELLED,2023-05-14,2023-05-18
1404,1404,1404,4,2023-05-20,2024-05-19,ENDED,2023-05-19,2023-05-19
1405,1405,1405,5,2023-05-21,2024-05-20,ACTIVE,2023-05-14,2023-05-15
1406,1406,1406,1,2023-05-22,2024-05-21,EXPIRED,2023-05-07,2023-05-09
1407,1407,1407,2,2023-05-23,2024-05-22,CANCELLED,2023-05-11,2023-05-13
1408,1408,1408,3,2023-05-24,2024-05-23,ENDED,2023-05-11,2023-05-14
1409,1409,1409,4,2023-05-25,2024-05-24,ACTIVE,2023-05-19,2023-05-19
1410,1410,1410,5,2023-05-26,2024-05-25,EXPIRED,2023-05-19,2023-05-19
1411,1411,1411,1,2023-05-27,2024-05-26,CANCELLED,2023-05-17,2023-05-21
1412,1412,1412,2,2023-05-28,2024-05-27,ENDED,2023-05-24,2023-05-26
1413,1413,1413,3,2023-05-29,2024-05-28,ACTIVE,2023-05-20,2023-05-22
1414,1414,1414,4,2023-05-30,2024-05-29,EXPIRED,2023-05-28,2023-05-31
1415,1415,1415,5,2023-05-31,2024-05-30,CANCELLED,2023-05-22,2023-05-25
1416,1416,1416,1,2023-06-01,2024-05-31,ENDED,2023-05-19,2023-05-23
1417,1417,1417,2,2023-06-02,2024-06-01,ACTIVE,2023-05-28,2023-06-01
1418,1418,1418,3,2023-06-03,2024-06-02,EXPIRED,2023-05-23,2023-05-27
1419,1419,1419,4,2023-06-04,2024-06-03,CANCELLED,2023-06-02,2023-06-03
1420,1420,1420,5,2023-06-05,2024-06-04,ENDED,2023-06-03,2023-06-06
1421,1421,1421,1,2023-06-06,2024-06-05,ACTIVE,2023-05-31,2023-06-02
1422,1422,1422,2,2023-06-07,2024-06-06,EXPIRED,2023-05-29,2023-05-31
1423,1423,1423,3,2023-06-08,2024-06-07,CANCELLED,2023-05-26,2023-05-27
1424,1424,1424,4,2023-06-09,2024-06-08,ENDED,2023-06-05,2023-06-09
1425,1425,1425,5,2023-06-10,2024-06-09,ACTIVE,2023-06-01,2023-06-04
1426,1426,1426,1,2023-06-11,2024-06-10,EXPIRED,2023-06-02,2023-06-02
1427,1427,1427,2,2023-06-12,2024-06-11,CANCELLED,2023-06-11,2023-06-11
1428,1428,1428,3,2023-06-13,2024-06-12,ENDED,2023-06-10,2023-06-15
1429,1429,1429,4,2023-06-14,2024-06-13,ACTIVE,2023-06-08,2023-06-11
1430,1430,1430,5,2023-06-15,2024-06-14,EXPIRED,2023-06-06,2023-06-09
1431,1431,1431,1,2023-06-16,2024-06-15,CANCELLED,2023-06-13,2023-06-17
1432,1432,1432,2,2023-06-17,2024-06-16,ENDED,2023-06-02,2023-06-06
1433,1433,1433,3,2023-06-18,2024-06-17,ACTIVE,2023-06-15,2023-06-17
1434,1434,1434,4,2023-06-19,2024-06-18,EXPIRED,2023-06-04,2023-06-08
1435,1435,1435,5,2023-06-20,2024-06-19,CANCELLED,2023-06-14,2023-06-15
1436,1436,1436,1,2023-06-21,2024-06-20,ENDED,2023-06-14,2023-06-18
1437,1437,1437,2,2023-06-22,2024-06-21,ACTIVE,2023-06-10,2023-06-12
1438,1438,1438,3,2023-06-23,2024-06-22,EXPIRED,2023-06-13,2023-06-15
1439,1439,1439,4,2023-06-24,2024-06-23,CANCELLED,2023-06-15,2023-06-19
1440,1440,1440,5,2023-06-25,2024-06-24,ENDED,2023-06-16,2023-06-19
1441,1441,1441,1,2023-06-26,2024-06-25,ACTIVE,2023-06-14,2023-06-18
1442,1442,1442,2,2023-06-27,2024-06-26,EXPIRED,2023-06-22,2023-06-25
1443,1443,1443,3,2023-06-28,2024-06-27,CANCELLED,2023-06-14,2023-06-14
1444,1444,1444,4,2023-06-29,2024-06-28,ENDED,2023-06-23,2023-06-25
1445,1445,1445,5,2023-06-30,2024-06-29,ACTIVE,2023-06-19,2023-06-19
1446,1446,1446,1,2023-07-01,2024-06-30,EXPIRED,2023-06-24,2023-06-28
1447,1447,1447,2,2023-07-02,2024-07-01,CANCELLED,2023-06-27,2023-07-02
1448,1448,1448,3,2023-07-03,2024-07-02,ENDED,2023-06-19,2023-06-24
1449,1449,1449,4,2023-07-04,2024-07-03,ACTIVE,2023-06-23,2023-06-23
1450,1450,1450,5,2023-07-05,2024-07-04,EXPIRED,2023-06-25,2023-06-28
1451,1451,1451,1,2023-07-06,2024-07-05,CANCELLED,2023-07-01,2023-07-06
1452,1452,1452,2,2023-07-07,2024-07-06,ENDED,2023-06-24,2023-06-28
1453,1453,1453,3,2023-07-08,2024-07-07,ACTIVE,2023-06-28,2023-06-29
1454,1454,1454,4,2023-07-09,2024-07-08,EXPIRED,2023-06-27,2023-06-27
1455,1455,1455,5,2023-07-10,2024-07-09,CANCELLED,2023-06-30,2023-07-03
1456,1456,1456,1,2023-07-11,2024-07-10,ENDED,2023-07-08,2023-07-12
1457,1457,1457,2,2023-07-12,2024-07-11,ACTIVE,2023-07-01,2023-07-06
1458,1458,1458,3,2023-07-13,2024-07-12,EXPIRED,2023-07-03,2023-07-06
1459,1459,1459,4,2023-07-14,2024-07-13,CANCELLED,2023-07-11,2023-07-16
1460,1460,1460,5,2023-07-15,2024-07-14,ENDED,2023-07-11,2023-07-11
1461,1461,1461,1,2023-07-16,2024-07-15,ACTIVE,2023-07-06,2023-07-11
1462,1462,1462,2,2023-07-17,2024-07-16,EXPIRED,2023-07-15,2023-07-16
1463,1463,1463,3,2023-07-18,2024-07-17,CANCELLED,2023-07-17,2023-07-20
1464,1464,1464,4,2023-07-19,2024-07-18,ENDED,2023-07-13,2023-07-16
1465,1465,1465,5,2023-07-20,2024-07-19,ACTIVE,2023-07-17,2023-07-20
1466,1466,1466,1,2023-07-21,2024-07-20,EXPIRED,2023-07-09,2023-07-10
1467,1467,1467,2,2023-07-22,2024-07-21,CANCELLED,2023-07-15,2023-07-19
1468,1468,1468,3,2023-07-23,2024-07-22,ENDED,2023-07-10,2023-07-14
1469,1469,1469,4,2023-07-24,2024-07-23,ACTIVE,2023-07-09,2023-07-12
1470,1470,1470,5,2023-07-25,2024-07-24,EXPIRED,2023-07-11,2023-07-16
1471,1471,1471,1,2023-07-26,2024-07-25,CANCELLED,2023-07-14,2023-07-14
1472,1472,1472,2,2023-07-27,2024-07-26,ENDED,2023-07-15,2023-07-16
1473,1473,1473,3,2023-07-28,2024-07-27,ACTIVE,2023-07-19,2023-07-20
1474,1474,1474,4,2023-07-29,2024-07-28,EXPIRED,2023-07-20,2023-07-22
1475,1475,1475,5,2023-07-30,2024-07-29,CANCELLED,2023-07-19,2023-07-22
1476,1476,1476,1,2023-07-31,2024-07-30,ENDED,2023-07-22,2023-07-25
1477,1477,1477,2,2023-08-01,2024-07-31,ACTIVE,2023-07-26,2023-07-27
1478,1478,1478,3,2023-08-02,2024-08-01,EXPIRED,2023-07-25,2023-07-29
1479,1479,1479,4,2023-08-03,2024-08-02,CANCELLED,2023-07-28,2023-08-01
1480,1480,1480,5,2023-08-04,2024-08-03,ENDED,2023-07-29,2023-08-03
1481,1481,1481,1,2023-08-05,2024-08-04,ACTIVE,2023-07-23,2023-07-28
1482,1482,1482,2,2023-08-06,2024-08-05,EXPIRED,2023-07-26,2023-07-31
1483,1483,1483,3,2023-08-07,2024-08-06,CANCELLED,2023-07-25,2023-07-30
1484,1484,1484,4,2023-08-08,2024-08-07,ENDED,2023-08-03,2023-08-07
1485,1485,1485,5,2023-08-09,2024-08-08,ACTIVE,2023-08-01,2023-08-02
1486,1486,1486,1,2023-08-10,2024-08-09,EXPIRED,2023-08-06,2023-08-08
1487,1487,1487,2,2023-08-11,2024-08-10,CANCELLED,2023-08-02,2023-08-04
1488,1488,1488,3,2023-08-12,2024-08-11,ENDED,2023-08-08,2023-08-10
1489,1489,1489,4,2023-08-13,2024-08-12,ACTIVE,2023-07-31,2023-08-02
1490,1490,1490,5,2023-08-14,2024-08-13,EXPIRED,2023-08-02,2023-08-03
1491,1491,1491,1,2023-08-15,2024-08-14,CANCELLED,2023-08-03,2023-08-08
1492,1492,1492,2,2023-08-16,2024-08-15,ENDED,2023-08-08,2023-08-10
1493,1493,1493,3,2023-08-17,2024-08-16,ACTIVE,2023-08-09,2023-08-11
1494,1494,1494,4,2023-08-18,2024-08-17,EXPIRED,2023-08-09,2023-08-14
1495,1495,1495,5,2023-08-19,2024-08-18,CANCELLED,2023-08-14,2023-08-16
1496,1496,1496,1,2023-08-20,2024-08-19,ENDED,2023-08-18,2023-08-22
1497,1497,1497,2,2023-08-21,2024-08-20,ACTIVE,2023-08-10,2023-08-14
1498,1498,1498,3,2023-08-22,2024-08-21,EXPIRED,2023-08-15,2023-08-18
1499,1499,1499,4,2023-08-23,2024-08-22,CANCELLED,2023-08-09,2023-08-11
1500,1500,1500,5,2023-08-24,2024-08-23,ENDED,2023-08-11,2023-08-12
1501,1501,1501,1,2023-08-25,2024-08-24,ACTIVE,2023-08-20,2023-08-20
1502,1502,1502,2,2023-08-26,2024-08-25,EXPIRED,2023-08-21,2023-08-26
1503,1503,1503,3,2023-08-27,2024-08-26,CANCELLED,2023-08-25,2023-08-27
1504,1504,1504,4,2023-08-28,2024-08-27,ENDED,2023-08-13,2023-08-16
1505,1505,1505,5,2023-08-29,2024-08-28,ACTIVE,2023-08-18,2023-08-20
1506,1506,1506,1,2023-08-30,2024-08-29,EXPIRED,2023-08-18,2023-08-21
1507,1507,1507,2,2023-08-31,2024-08-30,CANCELLED,2023-08-27,2023-08-28
1508,1508,1508,3,2023-09-01,2024-08-31,ENDED,2023-08-18,2023-08-22
1509,1509,1509,4,2023-09-02,2024-09-01,ACTIVE,2023-08-28,2023-09-01
1510,1510,1510,5,2023-09-03,2024-09-02,EXPIRED,2023-08-22,2023-08-24
1511,1511,1511,1,2023-09-04,2024-09-03,CANCELLED,2023-09-01,2023-09-01
1512,1512,1512,2,2023-09-05,2024-09-04,ENDED,2023-08-26,2023-08-31
1513,1513,1513,3,2023-09-06,2024-09-05,ACTIVE,2023-08-27,2023-08-28
1514,1514,1514,4,2023-09-07,2024-09-06,EXPIRED,2023-09-03,2023-09-03
1515,1515,1515,5,2023-09-08,2024-09-07,CANCELLED,2023-08-28,2023-09-01
1516,1516,1516,1,2023-09-09,2024-09-08,ENDED,2023-09-05,2023-09-10
1517,1517,1517,2,2023-09-10,2024-09-09,ACTIVE,2023-09-06,2023-09-06
1518,1518,1518,3,2023-09-11,2024-09-10,EXPIRED,2023-09-09,2023-09-12
1519,1519,1519,4,2023-09-12,2024-09-11,CANCELLED,2023-09-06,2023-09-11
1520,1520,1520,5,2023-09-13,2024-09-12,ENDED,2023-09-05,2023-09-05
1521,1521,1521,1,2023-09-14,2024-09-13,ACTIVE,2023-09-03,2023-09-04
1522,1522,1522,2,2023-09-15,2024-09-14,EXPIRED,2023-09-14,2023-09-18
1523,1523,1523,3,2023-09-16,2024-09-15,CANCELLED,2023-09-01,2023-09-02
1524,1524,1524,4,2023-09-17,2024-09-16,ENDED,2023-09-10,2023-09-15
1525,1525,1525,5,2023-09-18,2024-09-17,ACTIVE,2023-09-03,2023-09-06
1526,1526,1526,1,2023-09-19,2024-09-18,EXPIRED,2023-09-11,2023-09-16
1527,1527,1527,2,2023-09-20,2024-09-19,CANCELLED,2023-09-16,2023-09-18
1528,1528,1528,3,2023-09-21,2024-09-20,ENDED,2023-09-15,2023-09-17
1529,1529,1529,4,2023-09-22,2024-09-21,ACTIVE,2023-09-11,2023-09-11
1530,1530,1530,5,2023-09-23,2024-09-22,EXPIRED,2023-09-08,2023-09-08
1531,1531,1531,1,2023-09-24,2024-09-23,CANCELLED,2023-09-13,2023-09-17
1532,1532,1532,2,2023-09-25,2024-09-24,ENDED,2023-09-21,2023-09-25
1533,1533,1533,3,2023-09-26,2024-09-25,ACTIVE,2023-09-14,2023-09-19
1534,1534,1534,4,2023-09-27,2024-09-26,EXPIRED,2023-09-13,2023-09-13
1535,1535,1535,5,2023-09-28,2024-09-27,CANCELLED,2023-09-13,2023-09-14
1536,1536,1536,1,2023-09-29,2024-09-28,ENDED,2023-09-22,2023-09-23
1537,1537,1537,2,2023-09-30,2024-09-29,ACTIVE,2023-09-15,2023-09-15
1538,1538,1538,3,2023-10-01,2024-09-30,EXPIRED,2023-09-17,2023-09-20
1539,1539,1539,4,2023-10-02,2024-10-01,CANCELLED,2023-09-19,2023-09-22
1540,1540,1540,5,2023-10-03,2024-10-02,ENDED,2023-09-30,2023-10-05
1541,1541,1541,1,2023-10-04,2024-10-03,ACTIVE,2023-09-20,2023-09-22
1542,1542,1542,2,2023-10-05,2024-10-04,EXPIRED,2023-09-20,2023-09-20
1543,1543,1543,3,2023-10-06,2024-10-05,CANCELLED,2023-10-05,2023-10-07
1544,1544,1544,4,2023-10-07,2024-10-06,ENDED,2023-09-27,2023-10-01
1545,1545,1545,5,2023-10-08,2024-10-07,ACTIVE,2023-10-06,2023-10-08
1546,1546,1546,1,2023-10-09,2024-10-08,EXPIRED,2023-10-04,2023-10-07
1547,1547,1547,2,2023-10-10,2024-10-09,CANCELLED,2023-09-29,2023-10-03
1548,1548,1548,3,2023-10-11,2024-10-10,ENDED,2023-10-02,2023-10-05
1549,1549,1549,4,2023-10-12,2024-10-11,ACTIVE,2023-09-27,2023-09-28
1550,1550,1550,5,2023-10-13,2024-10-12,EXPIRED,2023-09-29,2023-10-03
1551,1551,1551,1,2023-10-14,2024-10-13,CANCELLED,2023-10-06,2023-10-08
1552,1552,1552,2,2023-10-15,2024-10-14,ENDED,2023-10-11,2023-10-11
1553,1553,1553,3,2023-10-16,2024-10-15,ACTIVE,2023-10-10,2023-10-11
1554,1554,1554,4,2023-10-17,2024-10-16,EXPIRED,2023-10-05,2023-10-08
1555,1555,1555,5,2023-10-18,2024-10-17,CANCELLED,2023-10-07,2023-10-09
1556,1556,1556,1,2023-10-19,2024-10-18,ENDED,2023-10-07,2023-10-08
1557,1557,1557,2,2023-10-20,2024-10-19,ACTIVE,2023-10-19,2023-10-24
1558,1558,1558,3,2023-10-21,2024-10-20,EXPIRED,2023-10-15,2023-10-17
1559,1559,1559,4,2023-10-22,2024-10-21,CANCELLED,2023-10-12,2023-10-17
1560,1560,1560,5,2023-10-23,2024-10-22,ENDED,2023-10-10,2023-10-11
1561,1561,1561,1,2023-10-24,2024-10-23,ACTIVE,2023-10-21,2023-10-25
1562,1562,1562,2,2023-10-25,2024-10-24,EXPIRED,2023-10-11,2023-10-16
1563,1563,1563,3,2023-10-26,2024-10-25,CANCELLED,2023-10-11,2023-10-14
1564,1564,1564,4,2023-10-27,2024-10-26,ENDED,2023-10-13,2023-10-16
1565,1565,1565,5,2023-10-28,2024-10-27,ACTIVE,2023-10-19,2023-10-21
1566,1566,1566,1,2023-10-29,2024-10-28,EXPIRED,2023-10-27,2023-10-30
1567,1567,1567,2,2023-10-30,2024-10-29,CANCELLED,2023-10-19,2023-10-19
1568,1568,1568,3,2023-10-31,2024-10-30,ENDED,2023-10-28,2023-10-29
1569,1569,1569,4,2023-11-01,2024-10-31,ACTIVE,2023-10-24,2023-10-26
1570,1570,1570,5,2023-11-02,2024-11-01,EXPIRED,2023-10-18,2023-10-19
1571,1571,1571,1,2023-11-03,2024-11-02,CANCELLED,2023-11-02,2023-11-04
1572,1572,1572,2,2023-11-04,2024-11-03,ENDED,2023-10-28,2023-10-29
1573,1573,1573,3,2023-11-05,2024-11-04,ACTIVE,2023-10-28,2023-10-30
1574,1574,1574,4,2023-11-06,2024-11-05,EXPIRED,2023-10-31,2023-11-02
1575,1575,1575,5,2023-11-07,2024-11-06,CANCELLED,2023-10-28,2023-11-02
1576,1576,1576,1,2023-11-08,2024-11-07,ENDED,2023-10-29,2023-10-29
1577,1577,1577,2,2023-11-09,2024-11-08,ACTIVE,2023-11-04,2023-11-09
1578,1578,1578,3,2023-11-10,2024-11-09,EXPIRED,2023-11-04,2023-11-09
1579,1579,1579,4,2023-11-11,2024-11-10,CANCELLED,2023-11-07,2023-11-07
1580,1580,1580,5,2023-11-12,2024-11-11,ENDED,2023-11-01,2023-11-01
1581,1581,1581,1,2023-11-13,2024-11-12,ACTIVE,2023-11-05,2023-11-07
1582,1582,1582,2,2023-11-14,2024-11-13,EXPIRED,2023-11-11,2023-11-14
1583,1583,1583,3,2023-11-15,2024-11-14,CANCELLED,2023-11-04,2023-11-08
1584,1584,1584,4,2023-11-16,2024-11-15,ENDED,2023-11-01,2023-11-06
1585,1585,1585,5,2023-11-17,2024-11-16,ACTIVE,2023-11-04,2023-11-06
1586,1586,1586,1,2023-11-18,2024-11-17,EXPIRED,2023-11-06,2023-11-06
1587,1587,1587,2,2023-11-19,2024-11-18,CANCELLED,2023-11-08,2023-11-10
1588,1588,1588,3,2023-11-20,2024-11-19,ENDED,2023-11-14,2023-11-18
1589,1589,1589,4,2023-11-21,2024-11-20,ACTIVE,2023-11-17,2023-11-18
1590,1590,1590,5,2023-11-22,2024-11-21,EXPIRED,2023-11-19,2023-11-22
1591,1591,1591,1,2023-11-23,2024-11-22,CANCELLED,2023-11-20,2023-11-23
1592,1592,1592,2,2023-11-24,2024-11-23,ENDED,2023-11-12,2023-11-16
1593,1593,1593,3,2023-11-25,2024-11-24,ACTIVE,2023-11-19,2023-11-22
1594,1594,1594,4,2023-11-26,2024-11-25,EXPIRED,2023-11-14,2023-11-18
1595,1595,1595,5,2023-11-27,2024-11-26,CANCELLED,2023-11-12,2023-11-15
1596,1596,1596,1,2023-11-28,2024-11-27,ENDED,2023-11-15,2023-11-19
1597,1597,1597,2,2023-11-29,2024-11-28,ACTIVE,2023-11-16,2023-11-21
1598,1598,1598,3,2023-11-30,2024-11-29,EXPIRED,2023-11-16,2023-11-17
1599,1599,1599,4,2023-12-01,2024-11-30,CANCELLED,2023-11-18,2023-11-19
1600,1600,1600,5,2023-12-02,2024-12-01,ENDED,2023-11-21,2023-11-25
1601,1601,1601,1,2023-12-03,2024-12-02,ACTIVE,2023-11-19,2023-11-19
1602,1602,1602,2,2023-12-04,2024-12-03,EXPIRED,2023-11-25,2023-11-28
1603,1603,1603,3,2023-12-05,2024-12-04,CANCELLED,2023-11-26,2023-12-01
1604,1604,1604,4,2023-12-06,2024-12-05,ENDED,2023-11-30,2023-11-30
1605,1605,1605,5,2023-12-07,2024-12-06,ACTIVE,2023-11-22,2023-11-26
1606,1606,1606,1,2023-12-08,2024-12-07,EXPIRED,2023-12-06,2023-12-06
1607,1607,1607,2,2023-12-09,2024-12-08,CANCELLED,2023-11-25,2023-11-29
1608,1608,1608,3,2023-12-10,2024-12-09,ENDED,2023-11-25,2023-11-29
1609,1609,1609,4,2023-12-11,2024-12-10,ACTIVE,2023-12-07,2023-12-11
1610,1610,1610,5,2023-12-12,2024-12-11,EXPIRED,2023-12-03,2023-12-04
1611,1611,1611,1,2023-12-13,2024-12-12,CANCELLED,2023-12-10,2023-12-12
1612,1612,1612,2,2023-12-14,2024-12-13,ENDED,2023-11-30,2023-12-04
1613,1613,1613,3,2023-12-15,2024-12-14,ACTIVE,2023-12-07,2023-12-07
1614,1614,1614,4,2023-12-16,2024-12-15,EXPIRED,2023-12-05,2023-12-06
1615,1615,1615,5,2023-12-17,2024-12-16,CANCELLED,2023-12-05,2023-12-09
1616,1616,1616,1,2023-12-18,2024-12-17,ENDED,2023-12-10,2023-12-10
1617,1617,1617,2,2023-12-19,2024-12-18,ACTIVE,2023-12-04,2023-12-08
1618,1618,1618,3,2023-12-20,2024-12-19,EXPIRED,2023-12-12,2023-12-12
1619,1619,1619,4,2023-12-21,2024-12-20,CANCELLED,2023-12-13,2023-12-14
1620,1620,1620,5,2023-12-22,2024-12-21,ENDED,2023-12-13,2023-12-16
1621,1621,1621,1,2023-12-23,2024-12-22,ACTIVE,2023-12-15,2023-12-19
1622,1622,1622,2,2023-12-24,2024-12-23,EXPIRED,2023-12-23,2023-12-27
1623,1623,1623,3,2023-12-25,2024-12-24,CANCELLED,2023-12-17,2023-12-22
1624,1624,1624,4,2023-12-26,2024-12-25,ENDED,2023-12-13,2023-12-15
1625,1625,1625,5,2023-12-27,2024-12-26,ACTIVE,2023-12-15,2023-12-15
1626,1626,1626,1,2023-12-28,2024-12-27,EXPIRED,2023-12-21,2023-12-23
1627,1627,1627,2,2023-12-29,2024-12-28,CANCELLED,2023-12-15,2023-12-15
1628,1628,1628,3,2023-12-30,2024-12-29,ENDED,2023-12-18,2023-12-19
1629,1629,1629,4,2023-12-31,2024-12-30,ACTIVE,2023-12-21,2023-12-21
1630,1630,1630,5,2024-01-01,2024-12-31,EXPIRED,2023-12-31,2024-01-03
1631,1631,1631,1,2024-01-02,2025-01-01,CANCELLED,2023-12-27,2024-01-01
1632,1632,1632,2,2024-01-03,2025-01-02,ENDED,2024-01-01,2024-01-05
1633,1633,1633,3,2024-01-04,2025-01-03,ACTIVE,2024-01-03,2024-01-03
1634,1634,1634,4,2024-01-05,2025-01-04,EXPIRED,2023-12-21,2023-12-24
1635,1635,1635,5,2024-01-06,2025-01-05,CANCELLED,2024-01-05,2024-01-07
1636,1636,1636,1,2024-01-07,2025-01-06,ENDED,2023-12-31,2024-01-01
1637,1637,1637,2,2024-01-08,2025-01-07,ACTIVE,2023-12-26,2023-12-27
1638,1638,1638,3,2024-01-09,2025-01-08,EXPIRED,2023-12-27,2024-01-01
1639,1639,1639,4,2024-01-10,2025-01-09,CANCELLED,2023-12-29,2024-01-03
1640,1640,1640,5,2024-01-11,2025-01-10,ENDED,2024-01-04,2024-01-06
1641,1641,1641,1,2024-01-12,2025-01-11,ACTIVE,2023-12-28,2023-12-31
1642,1642,1642,2,2024-01-13,2025-01-12,EXPIRED,2024-01-05,2024-01-08
1643,1643,1643,3,2024-01-14,2025-01-13,CANCELLED,2024-01-07,2024-01-07
1644,1644,1644,4,2024-01-15,2025-01-14,ENDED,2024-01-04,2024-01-09
1645,1645,1645,5,2024-01-16,2025-01-15,ACTIVE,2024-01-02,2024-01-06
1646,1646,1646,1,2024-01-17,2025-01-16,EXPIRED,2024-01-14,2024-01-19
1647,1647,1647,2,2024-01-18,2025-01-17,CANCELLED,2024-01-04,2024-01-06
1648,1648,1648,3,2024-01-19,2025-01-18,ENDED,2024-01-17,2024-01-18
1649,1649,1649,4,2024-01-20,2025-01-19,ACTIVE,2024-01-11,2024-01-14
1650,1650,1650,5,2024-01-21,2025-01-20,EXPIRED,2024-01-12,2024-01-13
1651,1651,1651,1,2024-01-22,2025-01-21,CANCELLED,2024-01-10,2024-01-11
1652,1652,1652,2,2024-01-23,2025-01-22,ENDED,2024-01-09,2024-01-09
1653,1653,1653,3,2024-01-24,2025-01-23,ACTIVE,2024-01-11,2024-01-11
1654,1654,1654,4,2024-01-25,2025-01-24,EXPIRED,2024-01-20,2024-01-23
1655,1655,1655,5,2024-01-26,2025-01-25,CANCELLED,2024-01-15,2024-01-20
1656,1656,1656,1,2024-01-27,2025-01-26,ENDED,2024-01-18,2024-01-21
1657,1657,1657,2,2024-01-28,2025-01-27,ACTIVE,2024-01-19,2024-01-22
1658,1658,1658,3,2024-01-29,2025-01-28,EXPIRED,2024-01-15,2024-01-16
1659,1659,1659,4,2024-01-30,2025-01-29,CANCELLED,2024-01-26,2024-01-29
1660,1660,1660,5,2024-01-31,2025-01-30,ENDED,2024-01-25,2024-01-26
1661,1661,1661,1,2024-02-01,2025-01-31,ACTIVE,2024-01-27,2024-01-28
1662,1662,1662,2,2024-02-02,2025-02-01,EXPIRED,2024-01-18,2024-01-23
1663,1663,1663,3,2024-02-03,2025-02-02,CANCELLED,2024-01-21,2024-01-21
1664,1664,1664,4,2024-02-04,2025-02-03,ENDED,2024-02-03,2024-02-08
1665,1665,1665,5,2024-02-05,2025-02-04,ACTIVE,2024-01-29,2024-02-02
1666,1666,1666,1,2024-02-06,2025-02-05,EXPIRED,2024-01-24,2024-01-24
1667,1667,1667,2,2024-02-07,2025-02-06,CANCELLED,2024-02-03,2024-02-04
1668,1668,1668,3,2024-02-08,2025-02-07,ENDED,2024-02-06,2024-02-06
1669,1669,1669,4,2024-02-09,2025-02-08,ACTIVE,2024-01-30,2024-01-30
1670,1670,1670,5,2024-02-10,2025-02-09,EXPIRED,2024-02-02,2024-02-06
1671,1671,1671,1,2024-02-11,2025-02-10,CANCELLED,2024-01-31,2024-02-05
1672,1672,1672,2,2024-02-12,2025-02-11,ENDED,2024-01-29,2024-01-29
1673,1673,1673,3,2024-02-13,2025-02-12,ACTIVE,2024-02-09,2024-02-14
1674,1674,1674,4,2024-02-14,2025-02-13,EXPIRED,2024-02-13,2024-02-16
1675,1675,1675,5,2024-02-15,2025-02-14,CANCELLED,2024-02-07,2024-02-08
1676,1676,1676,1,2024-02-16,2025-02-15,ENDED,2024-02-07,2024-02-08
1677,1677,1677,2,2024-02-17,2025-02-16,ACTIVE,2024-02-04,2024-02-04
1678,1678,1678,3,2024-02-18,2025-02-17,EXPIRED,2024-02-15,2024-02-19
1679,1679,1679,4,2024-02-19,2025-02-18,CANCELLED,2024-02-14,2024-02-15
1680,1680,1680,5,2024-02-20,2025-02-19,ENDED,2024-02-06,2024-02-11
1681,1681,1681,1,2024-02-21,2025-02-20,ACTIVE,2024-02-11,2024-02-13
1682,1682,1682,2,2024-02-22,2025-02-21,EXPIRED,2024-02-12,2024-02-16
1683,1683,1683,3,2024-02-23,2025-02-22,CANCELLED,2024-02-10,2024-02-15
1684,1684,1684,4,2024-02-24,2025-02-23,ENDED,2024-02-10,2024-02-12
1685,1685,1685,5,2024-02-25,2025-02-24,ACTIVE,2024-02-21,2024-02-23
1686,1686,1686,1,2024-02-26,2025-02-25,EXPIRED,2024-02-11,2024-02-12
1687,1687,1687,2,2024-02-27,2025-02-26,CANCELLED,2024-02-16,2024-02-20
1688,1688,1688,3,2024-02-28,2025-02-27,ENDED,2024-02-24,2024-02-27
1689,1689,1689,4,2024-02-29,2025-02-28,ACTIVE,2024-02-24,2024-02-26
1690,1690,1690,5,2024-03-01,2025-03-01,EXPIRED,2024-02-29,2024-03-04
1691,1691,1691,1,2024-03-02,2025-03-02,CANCELLED,2024-02-21,2024-02-26
1692,1692,1692,2,2024-03-03,2025-03-03,ENDED,2024-02-17,2024-02-18
1693,1693,1693,3,2024-03-04,2025-03-04,ACTIVE,2024-02-22,2024-02-27
1694,1694,1694,4,2024-03-05,2025-03-05,EXPIRED,2024-02-27,2024-03-02
1695,1695,1695,5,2024-03-06,2025-03-06,CANCELLED,2024-02-27,2024-02-27
1696,1696,1696,1,2024-03-07,2025-03-07,ENDED,2024-03-01,2024-03-06
1697,1697,1697,2,2024-03-08,2025-03-08,ACTIVE,2024-02-26,2024-02-29
1698,1698,1698,3,2024-03-09,2025-03-09,EXPIRED,2024-02-25,2024-02-29
1699,1699,1699,4,2024-03-10,2025-03-10,CANCELLED,2024-03-04,2024-03-09
1700,1700,1700,5,2024-03-11,2025-03-11,ENDED,2024-03-04,2024-03-07
1701,1701,1701,1,2024-03-12,2025-03-12,ACTIVE,2024-03-09,2024-03-11
1702,1702,1702,2,2024-03-13,2025-03-13,EXPIRED,2024-03-06,2024-03-07
1703,1703,1703,3,2024-03-14,2025-03-14,CANCELLED,2024-03-01,2024-03-05
1704,1704,1704,4,2024-03-15,2025-03-15,ENDED,2024-03-07,2024-03-08
1705,1705,1705,5,2024-03-16,2025-03-16,ACTIVE,2024-03-02,2024-03-03
1706,1706,1706,1,2024-03-17,2025-03-17,EXPIRED,2024-03-12,2024-03-17
1707,1707,1707,2,2024-03-18,2025-03-18,CANCELLED,2024-03-15,2024-03-18
1708,1708,1708,3,2024-03-19,2025-03-19,ENDED,2024-03-04,2024-03-04
1709,1709,1709,4,2024-03-20,2025-03-20,ACTIVE,2024-03-11,2024-03-14
1710,1710,1710,5,2024-03-21,2025-03-21,EXPIRED,2024-03-14,2024-03-18
1711,1711,1711,1,2024-03-22,2025-03-22,CANCELLED,2024-03-13,2024-03-14
1712,1712,1712,2,2024-03-23,2025-03-23,ENDED,2024-03-16,2024-03-17
1713,1713,1713,3,2024-03-24,2025-03-24,ACTIVE,2024-03-19,2024-03-20
1714,1714,1714,4,2024-03-25,2025-03-25,EXPIRED,2024-03-19,2024-03-24
1715,1715,1715,5,2024-03-26,2025-03-26,CANCELLED,2024-03-24,2024-03-27
1716,1716,1716,1,2024-03-27,2025-03-27,ENDED,2024-03-13,2024-03-15
1717,1717,1717,2,2024-03-28,2025-03-28,ACTIVE,2024-03-26,2024-03-30
1718,1718,1718,3,2024-03-29,2025-03-29,EXPIRED,2024-03-17,2024-03-18
1719,1719,1719,4,2024-03-30,2025-03-30,CANCELLED,2024-03-29,2024-03-31
1720,1720,1720,5,2024-03-31,2025-03-31,ENDED,2024-03-24,2024-03-29
1721,1721,1721,1,2024-04-01,2025-04-01,ACTIVE,2024-03-22,2024-03-26
1722,1722,1722,2,2024-04-02,2025-04-02,EXPIRED,2024-04-01,2024-04-01
1723,1723,1723,3,2024-04-03,2025-04-03,CANCELLED,2024-03-30,2024-04-03
1724,1724,1724,4,2024-04-04,2025-04-04,ENDED,2024-03-23,2024-03-28
1725,1725,1725,5,2024-04-05,2025-04-05,ACTIVE,2024-03-27,2024-03-28
1726,1726,1726,1,2024-04-06,2025-04-06,EXPIRED,2024-03-29,2024-03-30
1727,1727,1727,2,2024-04-07,2025-04-07,CANCELLED,2024-03-24,2024-03-26
1728,1728,1728,3,2024-04-08,2025-04-08,ENDED,2024-04-03,2024-04-03
1729,1729,1729,4,2024-04-09,2025-04-09,ACTIVE,2024-04-05,2024-04-06
1730,1730,1730,5,2024-04-10,2025-04-10,EXPIRED,2024-03-29,2024-03-29
1731,1731,1731,1,2024-04-11,2025-04-11,CANCELLED,2024-03-30,2024-04-02
1732,1732,1732,2,2024-04-12,2025-04-12,ENDED,2024-03-28,2024-03-29
1733,1733,1733,3,2024-04-13,2025-04-13,ACTIVE,2024-04-01,2024-04-05
1734,1734,1734,4,2024-04-14,2025-04-14,EXPIRED,2024-04-02,2024-04-03
1735,1735,1735,5,2024-04-15,2025-04-15,CANCELLED,2024-04-08,2024-04-09
1736,1736,1736,1,2024-04-16,2025-04-16,ENDED,2024-04-07,2024-04-09
1737,1737,1737,2,2024-04-17,2025-04-17,ACTIVE,2024-04-04,2024-04-06
1738,1738,1738,3,2024-04-18,2025-04-18,EXPIRED,2024-04-11,2024-04-14
1739,1739,1739,4,2024-04-19,2025-04-19,CANCELLED,2024-04-10,2024-04-15
1740,1740,1740,5,2024-04-20,2025-04-20,ENDED,2024-04-14,2024-04-16
1741,1741,1741,1,2024-04-21,2025-04-21,ACTIVE,2024-04-16,2024-04-18
1742,1742,1742,2,2024-04-22,2025-04-22,EXPIRED,2024-04-13,2024-04-16
1743,1743,1743,3,2024-04-23,2025-04-23,CANCELLED,2024-04-15,2024-04-15
1744,1744,1744,4,2024-04-24,2025-04-24,ENDED,2024-04-11,2024-04-16
1745,1745,1745,5,2024-04-25,2025-04-25,ACTIVE,2024-04-17,2024-04-19
1746,1746,1746,1,2024-04-26,2025-04-26,EXPIRED,2024-04-11,2024-04-12
1747,1747,1747,2,2024-04-27,2025-04-27,CANCELLED,2024-04-21,2024-04-23
1748,1748,1748,3,2024-04-28,2025-04-28,ENDED,2024-04-21,2024-04-21
1749,1749,1749,4,2024-04-29,2025-04-29,ACTIVE,2024-04-19,2024-04-20
1750,1750,1750,5,2024-04-30,2025-04-30,EXPIRED,2024-04-18,2024-04-19
1751,1751,1751,1,2024-05-01,2025-05-01,CANCELLED,2024-04-30,2024-05-02
1752,1752,1752,2,2024-05-02,2025-05-02,ENDED,2024-04-23,2024-04-27
1753,1753,1753,3,2024-05-03,2025-05-03,ACTIVE,2024-04-23,2024-04-28
1754,1754,1754,4,2024-05-04,2025-05-04,EXPIRED,2024-04-27,2024-04-29
1755,1755,1755,5,2024-05-05,2025-05-05,CANCELLED,2024-05-02,2024-05-03
1756,1756,1756,1,2024-05-06,2025-05-06,ENDED,2024-04-30,2024-05-01
1757,1757,1757,2,2024-05-07,2025-05-07,ACTIVE,2024-04-30,2024-05-04
1758,1758,1758,3,2024-05-08,2025-05-08,EXPIRED,2024-04-24,2024-04-25
1759,1759,1759,4,2024-05-09,2025-05-09,CANCELLED,2024-05-01,2024-05-05
1760,1760,1760,5,2024-05-10,2025-05-10,ENDED,2024-04-29,2024-05-04
1761,1761,1761,1,2024-05-11,2025-05-11,ACTIVE,2024-05-05,2024-05-07
1762,1762,1762,2,2024-05-12,2025-05-12,EXPIRED,2024-04-29,2024-05-02
1763,1763,1763,3,2024-05-13,2025-05-13,CANCELLED,2024-05-01,2024-05-06
1764,1764,1764,4,2024-05-14,2025-05-14,ENDED,2024-05-02,2024-05-05
1765,1765,1765,5,2024-05-15,2025-05-15,ACTIVE,2024-05-07,2024-05-08
1766,1766,1766,1,2024-05-16,2025-05-16,EXPIRED,2024-05-04,2024-05-06
1767,1767,1767,2,2024-05-17,2025-05-17,CANCELLED,2024-05-14,2024-05-15
1768,1768,1768,3,2024-05-18,2025-05-18,ENDED,2024-05-06,2024-05-10
1769,1769,1769,4,2024-05-19,2025-05-19,ACTIVE,2024-05-11,2024-05-12
1770,1770,1770,5,2024-05-20,2025-05-20,EXPIRED,2024-05-05,2024-05-09
1771,1771,1771,1,2024-05-21,2025-05-21,CANCELLED,2024-05-10,2024-05-10
1772,1772,1772,2,2024-05-22,2025-05-22,ENDED,2024-05-13,2024-05-13
1773,1773,1773,3,2024-05-23,2025-05-23,ACTIVE,2024-05-09,2024-05-09
1774,1774,1774,4,2024-05-24,2025-05-24,EXPIRED,2024-05-10,2024-05-15
1775,1775,1775,5,2024-05-25,2025-05-25,CANCELLED,2024-05-24,2024-05-24
1776,1776,1776,1,2024-05-26,2025-05-26,ENDED,2024-05-19,2024-05-20
1777,1777,1777,2,2024-05-27,2025-05-27,ACTIVE,2024-05-13,2024-05-18
1778,1778,1778,3,2024-05-28,2025-05-28,EXPIRED,2024-05-24,2024-05-24
1779,1779,1779,4,2024-05-29,2025-05-29,CANCELLED,2024-05-17,2024-05-18
1780,1780,1780,5,2024-05-30,2025-05-30,ENDED,2024-05-29,2024-05-30
1781,1781,1781,1,2024-05-31,2025-05-31,ACTIVE,2024-05-22,2024-05-25
1782,1782,1782,2,2024-06-01,2025-06-01,EXPIRED,2024-05-26,2024-05-26
1783,1783,1783,3,2024-06-02,2025-06-02,CANCELLED,2024-05-23,2024-05-28
1784,1784,1784,4,2024-06-03,2025-06-03,ENDED,2024-05-23,2024-05-27
1785,1785,1785,5,2024-06-04,2025-06-04,ACTIVE,2024-05-20,2024-05-23
1786,1786,1786,1,2024-06-05,2025-06-05,EXPIRED,2024-05-25,2024-05-28
1787,1787,1787,2,2024-06-06,2025-06-06,CANCELLED,2024-06-05,2024-06-05
1788,1788,1788,3,2024-06-07,2025-06-07,ENDED,2024-05-29,2024-06-02
1789,1789,1789,4,2024-06-08,2025-06-08,ACTIVE,2024-06-01,2024-06-01
1790,1790,1790,5,2024-06-09,2025-06-09,EXPIRED,2024-06-08,2024-06-12
1791,1791,1791,1,2024-06-10,2025-06-10,CANCELLED,2024-05-29,2024-05-31
1792,1792,1792,2,2024-06-11,2025-06-11,ENDED,2024-06-02,2024-06-04
1793,1793,1793,3,2024-06-12,2025-06-12,ACTIVE,2024-06-11,2024-06-15
1794,1794,1794,4,2024-06-13,2025-06-13,EXPIRED,2024-05-30,2024-06-04
1795,1795,1795,5,2024-06-14,2025-06-14,CANCELLED,2024-06-03,2024-06-06
1796,1796,1796,1,2024-06-15,2025-06-15,ENDED,2024-06-02,2024-06-03
1797,1797,1797,2,2024-06-16,2025-06-16,ACTIVE,2024-06-14,2024-06-14
1798,1798,1798,3,2024-06-17,2025-06-17,EXPIRED,2024-06-08,2024-06-09
1799,1799,1799,4,2024-06-18,2025-06-18,CANCELLED,2024-06-14,2024-06-15
1800,1800,1800,5,2022-01-01,2023-01-01,ENDED,2021-12-22,2021-12-26
1801,1801,1801,1,2022-01-02,2023-01-02,ACTIVE,2021-12-28,2021-12-30
1802,1802,1802,2,2022-01-03,2023-01-03,EXPIRED,2021-12-29,2022-01-01
1803,1803,1803,3,2022-01-04,2023-01-04,CANCELLED,2022-01-02,2022-01-04
1804,1804,1804,4,2022-01-05,2023-01-05,ENDED,2021-12-29,2022-01-01
1805,1805,1805,5,2022-01-06,2023-01-06,ACTIVE,2021-12-27,2021-12-28
1806,1806,1806,1,2022-01-07,2023-01-07,EXPIRED,2021-12-26,2021-12-27
1807,1807,1807,2,2022-01-08,2023-01-08,CANCELLED,2022-01-03,2022-01-08
1808,1808,1808,3,2022-01-09,2023-01-09,ENDED,2021-12-26,2021-12-26
1809,1809,1809,4,2022-01-10,2023-01-10,ACTIVE,2021-12-30,2022-01-04
1810,1810,1810,5,2022-01-11,2023-01-11,EXPIRED,2021-12-29,2021-12-29
1811,1811,1811,1,2022-01-12,2023-01-12,CANCELLED,2022-01-10,2022-01-13
1812,1812,1812,2,2022-01-13,2023-01-13,ENDED,2022-01-06,2022-01-09
1813,1813,1813,3,2022-01-14,2023-01-14,ACTIVE,2022-01-05,2022-01-08
1814,1814,1814,4,2022-01-15,2023-01-15,EXPIRED,2022-01-14,2022-01-19
1815,1815,1815,5,2022-01-16,2023-01-16,CANCELLED,2022-01-15,2022-01-20
1816,1816,1816,1,2022-01-17,2023-01-17,ENDED,2022-01-14,2022-01-14
1817,1817,1817,2,2022-01-18,2023-01-18,ACTIVE,2022-01-10,2022-01-13
1818,1818,1818,3,2022-01-19,2023-01-19,EXPIRED,2022-01-08,2022-01-10
1819,1819,1819,4,2022-01-20,2023-01-20,CANCELLED,2022-01-10,2022-01-10
1820,1820,1820,5,2022-01-21,2023-01-21,ENDED,2022-01-06,2022-01-10
1821,1821,1821,1,2022-01-22,2023-01-22,ACTIVE,2022-01-07,2022-01-07
1822,1822,1822,2,2022-01-23,2023-01-23,EXPIRED,2022-01-19,2022-01-20
1823,1823,1823,3,2022-01-24,2023-01-24,CANCELLED,2022-01-09,2022-01-14
1824,1824,1824,4,2022-01-25,2023-01-25,ENDED,2022-01-10,2022-01-14
1825,1825,1825,5,2022-01-26,2023-01-26,ACTIVE,2022-01-18,2022-01-20
1826,1826,1826,1,2022-01-27,2023-01-27,EXPIRED,2022-01-26,2022-01-26
1827,1827,1827,2,2022-01-28,2023-01-28,CANCELLED,2022-01-17,2022-01-19
1828,1828,1828,3,2022-01-29,2023-01-29,ENDED,2022-01-14,2022-01-18
1829,1829,1829,4,2022-01-30,2023-01-30,ACTIVE,2022-01-20,2022-01-25
1830,1830,1830,5,2022-01-31,2023-01-31,EXPIRED,2022-01-30,2022-01-31
1831,1831,1831,1,2022-02-01,2023-02-01,CANCELLED,2022-01-17,2022-01-19
1832,1832,1832,2,2022-02-02,2023-02-02,ENDED,2022-02-01,2022-02-02
1833,1833,1833,3,2022-02-03,2023-02-03,ACTIVE,2022-01-24,2022-01-25
1834,1834,1834,4,2022-02-04,2023-02-04,EXPIRED,2022-01-22,2022-01-27
1835,1835,1835,5,2022-02-05,2023-02-05,CANCELLED,2022-01-22,2022-01-25
1836,1836,1836,1,2022-02-06,2023-02-06,ENDED,2022-01-22,2022-01-22
1837,1837,1837,2,2022-02-07,2023-02-07,ACTIVE,2022-02-02,2022-02-03
1838,1838,1838,3,2022-02-08,2023-02-08,EXPIRED,2022-01-29,2022-01-30
1839,1839,1839,4,2022-02-09,2023-02-09,CANCELLED,2022-01-30,2022-02-02
1840,1840,1840,5,2022-02-10,2023-02-10,ENDED,2022-01-30,2022-02-03
1841,1841,1841,1,2022-02-11,2023-02-11,ACTIVE,2022-02-05,2022-02-08
1842,1842,1842,2,2022-02-12,2023-02-12,EXPIRED,2022-01-30,2022-02-04
1843,1843,1843,3,2022-02-13,2023-02-13,CANCELLED,2022-02-10,2022-02-15
1844,1844,1844,4,2022-02-14,2023-02-14,ENDED,2022-02-02,2022-02-02
1845,1845,1845,5,2022-02-15,2023-02-15,ACTIVE,2022-02-06,2022-02-11
1846,1846,1846,1,2022-02-16,2023-02-16,EXPIRED,2022-02-10,2022-02-10
1847,1847,1847,2,2022-02-17,2023-02-17,CANCELLED,2022-02-15,2022-02-18
1848,1848,1848,3,2022-02-18,2023-02-18,ENDED,2022-02-14,2022-02-14
1849,1849,1849,4,2022-02-19,2023-02-19,ACTIVE,2022-02-13,2022-02-17
1850,1850,1850,5,2022-02-20,2023-02-20,EXPIRED,2022-02-07,2022-02-11
1851,1851,1851,1,2022-02-21,2023-02-21,CANCELLED,2022-02-11,2022-02-14
1852,1852,1852,2,2022-02-22,2023-02-22,ENDED,2022-02-09,2022-02-11
1853,1853,1853,3,2022-02-23,2023-02-23,ACTIVE,2022-02-22,2022-02-27
1854,1854,1854,4,2022-02-24,2023-02-24,EXPIRED,2022-02-19,2022-02-22
1855,1855,1855,5,2022-02-25,2023-02-25,CANCELLED,2022-02-17,2022-02-18
1856,1856,1856,1,2022-02-26,2023-02-26,ENDED,2022-02-20,2022-02-24
1857,1857,1857,2,2022-02-27,2023-02-27,ACTIVE,2022-02-20,2022-02-23
1858,1858,1858,3,2022-02-28,2023-02-28,EXPIRED,2022-02-25,2022-03-02
1859,1859,1859,4,2022-03-01,2023-03-01,CANCELLED,2022-02-19,2022-02-24
1860,1860,1860,5,2022-03-02,2023-03-02,ENDED,2022-02-23,2022-02-23
1861,1861,1861,1,2022-03-03,2023-03-03,ACTIVE,2022-02-18,2022-02-22
1862,1862,1862,2,2022-03-04,2023-03-04,EXPIRED,2022-02-27,2022-02-28
1863,1863,1863,3,2022-03-05,2023-03-05,CANCELLED,2022-02-21,2022-02-21
1864,1864,1864,4,2022-03-06,2023-03-06,ENDED,2022-03-04,2022-03-06
1865,1865,1865,5,2022-03-07,2023-03-07,ACTIVE,2022-03-04,2022-03-07
1866,1866,1866,1,2022-03-08,2023-03-08,EXPIRED,2022-02-24,2022-03-01
1867,1867,1867,2,2022-03-09,2023-03-09,CANCELLED,2022-03-06,2022-03-11
1868,1868,1868,3,2022-03-10,2023-03-10,ENDED,2022-03-03,2022-03-05
1869,1869,1869,4,2022-03-11,2023-03-11,ACTIVE,2022-03-05,2022-03-05
1870,1870,1870,5,2022-03-12,2023-03-12,EXPIRED,2022-03-10,2022-03-10
1871,1871,1871,1,2022-03-13,2023-03-13,CANCELLED,2022-03-08,2022-03-11
1872,1872,1872,2,2022-03-14,2023-03-14,ENDED,2022-03-08,2022-03-10
1873,1873,1873,3,2022-03-15,2023-03-15,ACTIVE,2022-03-13,2022-03-14
1874,1874,1874,4,2022-03-16,2023-03-16,EXPIRED,2022-03-14,2022-03-15
1875,1875,1875,5,2022-03-17,2023-03-17,CANCELLED,2022-03-10,2022-03-13
1876,1876,1876,1,2022-03-18,2023-03-18,ENDED,2022-03-09,2022-03-13
1877,1877,1877,2,2022-03-19,2023-03-19,ACTIVE,2022-03-10,2022-03-13
1878,1878,1878,3,2022-03-20,2023-03-20,EXPIRED,2022-03-18,2022-03-18
1879,1879,1879,4,2022-03-21,2023-03-21,CANCELLED,2022-03-19,2022-03-21
1880,1880,1880,5,2022-03-22,2023-03-22,ENDED,2022-03-13,2022-03-13
1881,1881,1881,1,2022-03-23,2023-03-23,ACTIVE,2022-03-13,2022-03-17
1882,1882,1882,2,2022-03-24,2023-03-24,EXPIRED,2022-03-11,2022-03-13
1883,1883,1883,3,2022-03-25,2023-03-25,CANCELLED,2022-03-11,2022-03-14
1884,1884,1884,4,2022-03-26,2023-03-26,ENDED,2022-03-25,2022-03-27
1885,1885,1885,5,2022-03-27,2023-03-27,ACTIVE,2022-03-20,2022-03-23
1886,1886,1886,1,2022-03-28,2023-03-28,EXPIRED,2022-03-15,2022-03-15
1887,1887,1887,2,2022-03-29,2023-03-29,CANCELLED,2022-03-17,2022-03-21
1888,1888,1888,3,2022-03-30,2023-03-30,ENDED,2022-03-15,2022-03-16
1889,1889,1889,4,2022-03-31,2023-03-31,ACTIVE,2022-03-21,2022-03-25
1890,1890,1890,5,2022-04-01,2023-04-01,EXPIRED,2022-03-29,2022-04-03
1891,1891,1891,1,2022-04-02,2023-04-02,CANCELLED,2022-03-26,2022-03-27
1892,1892,1892,2,2022-04-03,2023-04-03,ENDED,2022-03-31,2022-04-02
1893,1893,1893,3,2022-04-04,2023-04-04,ACTIVE,2022-03-30,2022-04-01
1894,1894,1894,4,2022-04-05,2023-04-05,EXPIRED,2022-03-28,2022-03-29
1895,1895,1895,5,2022-04-06,2023-04-06,CANCELLED,2022-04-04,2022-04-05
1896,1896,1896,1,2022-04-07,2023-04-07,ENDED,2022-03-31,2022-04-02
1897,1897,1897,2,2022-04-08,2023-04-08,ACTIVE,2022-04-01,2022-04-03
1898,1898,1898,3,2022-04-09,2023-04-09,EXPIRED,2022-04-01,2022-04-01
1899,1899,1899,4,2022-04-10,2023-04-10,CANCELLED,2022-04-04,2022-04-06
1900,1900,1900,5,2022-04-11,2023-04-11,ENDED,2022-04-07,2022-04-12
1901,1901,1901,1,2022-04-12,2023-04-12,ACTIVE,2022-04-01,2022-04-04
1902,1902,1902,2,2022-04-13,2023-04-13,EXPIRED,2022-04-03,2022-04-07
1903,1903,1903,3,2022-04-14,2023-04-14,CANCELLED,2022-04-10,2022-04-13
1904,1904,1904,4,2022-04-15,2023-04-15,ENDED,2022-04-13,2022-04-14
1905,1905,1905,5,2022-04-16,2023-04-16,ACTIVE,2022-04-11,2022-04-11
1906,1906,1906,1,2022-04-17,2023-04-17,EXPIRED,2022-04-10,2022-04-12
1907,1907,1907,2,2022-04-18,2023-04-18,CANCELLED,2022-04-04,2022-04-08
1908,1908,1908,3,2022-04-19,2023-04-19,ENDED,2022-04-12,2022-04-14
1909,1909,1909,4,2022-04-20,2023-04-20,ACTIVE,2022-04-12,2022-04-14
1910,1910,1910,5,2022-04-21,2023-04-21,EXPIRED,2022-04-14,2022-04-19
1911,1911,1911,1,2022-04-22,2023-04-22,CANCELLED,2022-04-12,2022-04-13
1912,1912,1912,2,2022-04-23,2023-04-23,ENDED,2022-04-18,2022-04-20
1913,1913,1913,3,2022-04-24,2023-04-24,ACTIVE,2022-04-14,2022-04-19
1914,1914,1914,4,2022-04-25,2023-04-25,EXPIRED,2022-04-21,2022-04-24
1915,1915,1915,5,2022-04-26,2023-04-26,CANCELLED,2022-04-20,2022-04-21
1916,1916,1916,1,2022-04-27,2023-04-27,ENDED,2022-04-20,2022-04-22
1917,1917,1917,2,2022-04-28,2023-04-28,ACTIVE,2022-04-23,2022-04-28
1918,1918,1918,3,2022-04-29,2023-04-29,EXPIRED,2022-04-17,2022-04-22
1919,1919,1919,4,2022-04-30,2023-04-30,CANCELLED,2022-04-22,2022-04-26
1920,1920,1920,5,2022-05-01,2023-05-01,ENDED,2022-04-18,2022-04-19
1921,1921,1921,1,2022-05-02,2023-05-02,ACTIVE,2022-04-26,2022-04-29
1922,1922,1922,2,2022-05-03,2023-05-03,EXPIRED,2022-04-28,2022-05-01
1923,1923,1923,3,2022-05-04,2023-05-04,CANCELLED,2022-04-28,2022-04-28
1924,1924,1924,4,2022-05-05,2023-05-05,ENDED,2022-04-20,2022-04-24
1925,1925,1925,5,2022-05-06,2023-05-06,ACTIVE,2022-05-02,2022-05-06
1926,1926,1926,1,2022-05-07,2023-05-07,EXPIRED,2022-04-28,2022-04-29
1927,1927,1927,2,2022-05-08,2023-05-08,CANCELLED,2022-04-27,2022-05-01
1928,1928,1928,3,2022-05-09,2023-05-09,ENDED,2022-05-08,2022-05-13
1929,1929,1929,4,2022-05-10,2023-05-10,ACTIVE,2022-05-02,2022-05-07
1930,1930,1930,5,2022-05-11,2023-05-11,EXPIRED,2022-05-07,2022-05-10
1931,1931,1931,1,2022-05-12,2023-05-12,CANCELLED,2022-04-29,2022-05-01
1932,1932,1932,2,2022-05-13,2023-05-13,ENDED,2022-04-29,2022-05-04
1933,1933,1933,3,2022-05-14,2023-05-14,ACTIVE,2022-05-12,2022-05-15
1934,1934,1934,4,2022-05-15,2023-05-15,EXPIRED,2022-05-04,2022-05-07
1935,1935,1935,5,2022-05-16,2023-05-16,CANCELLED,2022-05-13,2022-05-18
1936,1936,1936,1,2022-05-17,2023-05-17,ENDED,2022-05-12,2022-05-13
1937,1937,1937,2,2022-05-18,2023-05-18,ACTIVE,2022-05-13,2022-05-18
1938,1938,1938,3,2022-05-19,2023-05-19,EXPIRED,2022-05-16,2022-05-21
1939,1939,1939,4,2022-05-20,2023-05-20,CANCELLED,2022-05-13,2022-05-16
1940,1940,1940,5,2022-05-21,2023-05-21,ENDED,2022-05-19,2022-05-22
1941,1941,1941,1,2022-05-22,2023-05-22,ACTIVE,2022-05-12,2022-05-15
1942,1942,1942,2,2022-05-23,2023-05-23,EXPIRED,2022-05-13,2022-05-16
1943,1943,1943,3,2022-05-24,2023-05-24,CANCELLED,2022-05-15,2022-05-19
1944,1944,1944,4,2022-05-25,2023-05-25,ENDED,2022-05-10,2022-05-15
1945,1945,1945,5,2022-05-26,2023-05-26,ACTIVE,2022-05-19,2022-05-23
1946,1946,1946,1,2022-05-27,2023-05-27,EXPIRED,2022-05-26,2022-05-28
1947,1947,1947,2,2022-05-28,2023-05-28,CANCELLED,2022-05-16,2022-05-20
1948,1948,1948,3,2022-05-29,2023-05-29,ENDED,2022-05-19,2022-05-24
1949,1949,1949,4,2022-05-30,2023-05-30,ACTIVE,2022-05-15,2022-05-15
1950,1950,1950,5,2022-05-31,2023-05-31,EXPIRED,2022-05-29,2022-05-30
1951,1951,1951,1,2022-06-01,2023-06-01,CANCELLED,2022-05-21,2022-05-26
1952,1952,1952,2,2022-06-02,2023-06-02,ENDED,2022-05-27,2022-05-28
1953,1953,1953,3,2022-06-03,2023-06-03,ACTIVE,2022-05-23,2022-05-27
1954,1954,1954,4,2022-06-04,2023-06-04,EXPIRED,2022-06-03,2022-06-07
1955,1955,1955,5,2022-06-05,2023-06-05,CANCELLED,2022-05-25,2022-05-30
1956,1956,1956,1,2022-06-06,2023-06-06,ENDED,2022-05-26,2022-05-29
1957,1957,1957,2,2022-06-07,2023-06-07,ACTIVE,2022-05-25,2022-05-27
1958,1958,1958,3,2022-06-08,2023-06-08,EXPIRED,2022-05-26,2022-05-29
1959,1959,1959,4,2022-06-09,2023-06-09,CANCELLED,2022-06-07,2022-06-07
1960,1960,1960,5,2022-06-10,2023-06-10,ENDED,2022-06-08,2022-06-10
1961,1961,1961,1,2022-06-11,2023-06-11,ACTIVE,2022-06-07,2022-06-11
1962,1962,1962,2,2022-06-12,2023-06-12,EXPIRED,2022-05-31,2022-06-04
1963,1963,1963,3,2022-06-13,2023-06-13,CANCELLED,2022-06-04,2022-06-08
1964,1964,1964,4,2022-06-14,2023-06-14,ENDED,2022-06-02,2022-06-06
1965,1965,1965,5,2022-06-15,2023-06-15,ACTIVE,2022-06-11,2022-06-14
1966,1966,1966,1,2022-06-16,2023-06-16,EXPIRED,2022-06-10,2022-06-13
1967,1967,1967,2,2022-06-17,2023-06-17,CANCELLED,2022-06-09,2022-06-14
1968,1968,1968,3,2022-06-18,2023-06-18,ENDED,2022-06-08,2022-06-13
1969,1969,1969,4,2022-06-19,2023-06-19,ACTIVE,2022-06-10,2022-06-11
1970,1970,1970,5,2022-06-20,2023-06-20,EXPIRED,2022-06-14,2022-06-14
1971,1971,1971,1,2022-06-21,2023-06-21,CANCELLED,2022-06-13,2022-06-13
1972,1972,1972,2,2022-06-22,2023-06-22,ENDED,2022-06-17,2022-06-20
1973,1973,1973,3,2022-06-23,2023-06-23,ACTIVE,2022-06-08,2022-06-08
1974,1974,1974,4,2022-06-24,2023-06-24,EXPIRED,2022-06-22,2022-06-27
1975,1975,1975,5,2022-06-25,2023-06-25,CANCELLED,2022-06-22,2022-06-24
1976,1976,1976,1,2022-06-26,2023-06-26,ENDED,2022-06-21,2022-06-23
1977,1977,1977,2,2022-06-27,2023-06-27,ACTIVE,2022-06-19,2022-06-20
1978,1978,1978,3,2022-06-28,2023-06-28,EXPIRED,2022-06-19,2022-06-22
1979,1979,1979,4,2022-06-29,2023-06-29,CANCELLED,2022-06-23,2022-06-26
1980,1980,1980,5,2022-06-30,2023-06-30,ENDED,2022-06-28,2022-07-01
1981,1981,1981,1,2022-07-01,2023-07-01,ACTIVE,2022-06-19,2022-06-24
1982,1982,1982,2,2022-07-02,2023-07-02,EXPIRED,2022-06-24,2022-06-26
1983,1983,1983,3,2022-07-03,2023-07-03,CANCELLED,2022-07-01,2022-07-03
1984,1984,1984,4,2022-07-04,2023-07-04,ENDED,2022-07-03,2022-07-08
1985,1985,1985,5,2022-07-05,2023-07-05,ACTIVE,2022-07-03,2022-07-03
1986,1986,1986,1,2022-07-06,2023-07-06,EXPIRED,2022-06-22,2022-06-24
1987,1987,1987,2,2022-07-07,2023-07-07,CANCELLED,2022-06-26,2022-06-26
1988,1988,1988,3,2022-07-08,2023-07-08,ENDED,2022-06-27,2022-06-28
1989,1989,1989,4,2022-07-09,2023-07-09,ACTIVE,2022-06-24,2022-06-29
1990,1990,1990,5,2022-07-10,2023-07-10,EXPIRED,2022-07-06,2022-07-10
1991,1991,1991,1,2022-07-11,2023-07-11,CANCELLED,2022-07-08,2022-07-12
1992,1992,1992,2,2022-07-12,2023-07-12,ENDED,2022-07-09,2022-07-11
1993,1993,1993,3,2022-07-13,2023-07-13,ACTIVE,2022-07-04,2022-07-07
1994,1994,1994,4,2022-07-14,2023-07-14,EXPIRED,2022-07-06,2022-07-07
1995,1995,1995,5,2022-07-15,2023-07-15,CANCELLED,2022-07-02,2022-07-05
1996,1996,1996,1,2022-07-16,2023-07-16,ENDED,2022-07-05,2022-07-06
1997,1997,1997,2,2022-07-17,2023-07-17,ACTIVE,2022-07-14,2022-07-19
1998,1998,1998,3,2022-07-18,2023-07-18,EXPIRED,2022-07-07,2022-07-10
1999,1999,1999,4,2022-07-19,2023-07-19,CANCELLED,2022-07-12,2022-07-12
2000,2000,2000,5,2022-07-20,2023-07-20,ENDED,2022-07-08,2022-07-12
