policy_id,account_id,producer_id,policy_number,product_code,policy_status,effective_date,expiration_date,cancellation_date,cancellation_reason,updated_timestamp
1,1,1,POL100001,AUTO,ACTIVE,2023-01-02,2024-01-02,,,2024-01-02 10:00:00
2,2,2,POL100002,HOME,EXPIRED,2023-01-03,2024-01-03,,,2024-01-03 10:00:00
3,3,3,POL100003,COMM,CANCELLED,2023-01-04,2024-01-04,2023-07-03,Underwriting Decision,2024-01-04 10:00:00
4,4,4,POL100004,FIRE,ACTIVE,2023-01-05,2024-01-05,,,2024-01-05 10:00:00
5,5,5,POL100005,MARINE,EXPIRED,2023-01-06,2024-01-06,,,2024-01-06 10:00:00
6,6,6,POL100006,LIABILITY,CANCELLED,2023-01-07,2024-01-07,2023-07-06,Non-payment,2024-01-07 10:00:00
7,7,7,POL100007,WORKCOMP,ACTIVE,2023-01-08,2024-01-08,,,2024-01-08 10:00:00
8,8,8,POL100008,AUTO,EXPIRED,2023-01-09,2024-01-09,,,2024-01-09 10:00:00
9,9,9,POL100009,HOME,CANCELLED,2023-01-10,2024-01-10,2023-07-09,Non-payment,2024-01-10 10:00:00
10,10,10,POL100010,COMM,ACTIVE,2023-01-11,2024-01-11,,,2024-01-11 10:00:00
11,11,11,POL100011,FIRE,EXPIRED,2023-01-12,2024-01-12,,,2024-01-12 10:00:00
12,12,12,POL100012,MARINE,CANCELLED,2023-01-13,2024-01-13,2023-07-12,Underwriting Decision,2024-01-13 10:00:00
13,13,13,POL100013,LIABILITY,ACTIVE,2023-01-14,2024-01-14,,,2024-01-14 10:00:00
14,14,14,POL100014,WORKCOMP,EXPIRED,2023-01-15,2024-01-15,,,2024-01-15 10:00:00
15,15,15,POL100015,AUTO,CANCELLED,2023-01-16,2024-01-16,2023-07-15,Customer Request,2024-01-16 10:00:00
16,16,16,POL100016,HOME,ACTIVE,2023-01-17,2024-01-17,,,2024-01-17 10:00:00
17,17,17,POL100017,COMM,EXPIRED,2023-01-18,2024-01-18,,,2024-01-18 10:00:00
18,18,18,POL100018,FIRE,CANCELLED,2023-01-19,2024-01-19,2023-07-18,Non-payment,2024-01-19 10:00:00
19,19,19,POL100019,MARINE,ACTIVE,2023-01-20,2024-01-20,,,2024-01-20 10:00:00
20,20,20,POL100020,LIABILITY,EXPIRED,2023-01-21,2024-01-21,,,2024-01-21 10:00:00
21,21,21,POL100021,WORKCOMP,CANCELLED,2023-01-22,2024-01-22,2023-07-21,Non-payment,2024-01-22 10:00:00
22,22,22,POL100022,AUTO,ACTIVE,2023-01-23,2024-01-23,,,2024-01-23 10:00:00
23,23,23,POL100023,HOME,EXPIRED,2023-01-24,2024-01-24,,,2024-01-24 10:00:00
24,24,24,POL100024,COMM,CANCELLED,2023-01-25,2024-01-25,2023-07-24,Non-payment,2024-01-25 10:00:00
25,25,25,POL100025,FIRE,ACTIVE,2023-01-26,2024-01-26,,,2024-01-26 10:00:00
26,26,26,POL100026,MARINE,EXPIRED,2023-01-27,2024-01-27,,,2024-01-27 10:00:00
27,27,27,POL100027,LIABILITY,CANCELLED,2023-01-28,2024-01-28,2023-07-27,Underwriting Decision,2024-01-28 10:00:00
28,28,28,POL100028,WORKCOMP,ACTIVE,2023-01-29,2024-01-29,,,2024-01-29 10:00:00
29,29,29,POL100029,AUTO,EXPIRED,2023-01-30,2024-01-30,,,2024-01-30 10:00:00
30,30,30,POL100030,HOME,CANCELLED,2023-01-31,2024-01-31,2023-07-30,Non-payment,2024-01-31 10:00:00
31,31,31,POL100031,COMM,ACTIVE,2023-02-01,2024-02-01,,,2024-02-01 10:00:00
32,32,32,POL100032,FIRE,EXPIRED,2023-02-02,2024-02-02,,,2024-02-02 10:00:00
33,33,33,POL100033,MARINE,CANCELLED,2023-02-03,2024-02-03,2023-08-02,Underwriting Decision,2024-02-03 10:00:00
34,34,34,POL100034,LIABILITY,ACTIVE,2023-02-04,2024-02-04,,,2024-02-04 10:00:00
35,35,35,POL100035,WORKCOMP,EXPIRED,2023-02-05,2024-02-05,,,2024-02-05 10:00:00
36,36,36,POL100036,AUTO,CANCELLED,2023-02-06,2024-02-06,2023-08-05,Underwriting Decision,2024-02-06 10:00:00
37,37,37,POL100037,HOME,ACTIVE,2023-02-07,2024-02-07,,,2024-02-07 10:00:00
38,38,38,POL100038,COMM,EXPIRED,2023-02-08,2024-02-08,,,2024-02-08 10:00:00
39,39,39,POL100039,FIRE,CANCELLED,2023-02-09,2024-02-09,2023-08-08,Underwriting Decision,2024-02-09 10:00:00
40,40,40,POL100040,MARINE,ACTIVE,2023-02-10,2024-02-10,,,2024-02-10 10:00:00
41,41,41,POL100041,LIABILITY,EXPIRED,2023-02-11,2024-02-11,,,2024-02-11 10:00:00
42,42,42,POL100042,WORKCOMP,CANCELLED,2023-02-12,2024-02-12,2023-08-11,Non-payment,2024-02-12 10:00:00
43,43,43,POL100043,AUTO,ACTIVE,2023-02-13,2024-02-13,,,2024-02-13 10:00:00
44,44,44,POL100044,HOME,EXPIRED,2023-02-14,2024-02-14,,,2024-02-14 10:00:00
45,45,45,POL100045,COMM,CANCELLED,2023-02-15,2024-02-15,2023-08-14,Underwriting Decision,2024-02-15 10:00:00
46,46,46,POL100046,FIRE,ACTIVE,2023-02-16,2024-02-16,,,2024-02-16 10:00:00
47,47,47,POL100047,MARINE,EXPIRED,2023-02-17,2024-02-17,,,2024-02-17 10:00:00
48,48,48,POL100048,LIABILITY,CANCELLED,2023-02-18,2024-02-18,2023-08-17,Customer Request,2024-02-18 10:00:00
49,49,49,POL100049,WORKCOMP,ACTIVE,2023-02-19,2024-02-19,,,2024-02-19 10:00:00
50,50,50,POL100050,AUTO,EXPIRED,2023-02-20,2024-02-20,,,2024-02-20 10:00:00
51,51,51,POL100051,HOME,CANCELLED,2023-02-21,2024-02-21,2023-08-20,Non-payment,2024-02-21 10:00:00
52,52,52,POL100052,COMM,ACTIVE,2023-02-22,2024-02-22,,,2024-02-22 10:00:00
53,53,53,POL100053,FIRE,EXPIRED,2023-02-23,2024-02-23,,,2024-02-23 10:00:00
54,54,54,POL100054,MARINE,CANCELLED,2023-02-24,2024-02-24,2023-08-23,Non-payment,2024-02-24 10:00:00
55,55,55,POL100055,LIABILITY,ACTIVE,2023-02-25,2024-02-25,,,2024-02-25 10:00:00
56,56,56,POL100056,WORKCOMP,EXPIRED,2023-02-26,2024-02-26,,,2024-02-26 10:00:00
57,57,57,POL100057,AUTO,CANCELLED,2023-02-27,2024-02-27,2023-08-26,Non-payment,2024-02-27 10:00:00
58,58,58,POL100058,HOME,ACTIVE,2023-02-28,2024-02-28,,,2024-02-28 10:00:00
59,59,59,POL100059,COMM,EXPIRED,2023-03-01,2024-02-29,,,2024-02-29 10:00:00
60,60,60,POL100060,FIRE,CANCELLED,2023-03-02,2024-03-01,2023-08-29,Non-payment,2024-03-01 10:00:00
61,61,61,POL100061,MARINE,ACTIVE,2023-03-03,2024-03-02,,,2024-03-02 10:00:00
62,62,62,POL100062,LIABILITY,EXPIRED,2023-03-04,2024-03-03,,,2024-03-03 10:00:00
63,63,63,POL100063,WORKCOMP,CANCELLED,2023-03-05,2024-03-04,2023-09-01,Non-payment,2024-03-04 10:00:00
64,64,64,POL100064,AUTO,ACTIVE,2023-03-06,2024-03-05,,,2024-03-05 10:00:00
65,65,65,POL100065,HOME,EXPIRED,2023-03-07,2024-03-06,,,2024-03-06 10:00:00
66,66,66,POL100066,COMM,CANCELLED,2023-03-08,2024-03-07,2023-09-04,Underwriting Decision,2024-03-07 10:00:00
67,67,67,POL100067,FIRE,ACTIVE,2023-03-09,2024-03-08,,,2024-03-08 10:00:00
68,68,68,POL100068,MARINE,EXPIRED,2023-03-10,2024-03-09,,,2024-03-09 10:00:00
69,69,69,POL100069,LIABILITY,CANCELLED,2023-03-11,2024-03-10,2023-09-07,Underwriting Decision,2024-03-10 10:00:00
70,70,70,POL100070,WORKCOMP,ACTIVE,2023-03-12,2024-03-11,,,2024-03-11 10:00:00
71,71,71,POL100071,AUTO,EXPIRED,2023-03-13,2024-03-12,,,2024-03-12 10:00:00
72,72,72,POL100072,HOME,CANCELLED,2023-03-14,2024-03-13,2023-09-10,Non-payment,2024-03-13 10:00:00
73,73,73,POL100073,COMM,ACTIVE,2023-03-15,2024-03-14,,,2024-03-14 10:00:00
74,74,74,POL100074,FIRE,EXPIRED,2023-03-16,2024-03-15,,,2024-03-15 10:00:00
75,75,75,POL100075,MARINE,CANCELLED,2023-03-17,2024-03-16,2023-09-13,Underwriting Decision,2024-03-16 10:00:00
76,76,76,POL100076,LIABILITY,ACTIVE,2023-03-18,2024-03-17,,,2024-03-17 10:00:00
77,77,77,POL100077,WORKCOMP,EXPIRED,2023-03-19,2024-03-18,,,2024-03-18 10:00:00
78,78,78,POL100078,AUTO,CANCELLED,2023-03-20,2024-03-19,2023-09-16,Non-payment,2024-03-19 10:00:00
79,79,79,POL100079,HOME,ACTIVE,2023-03-21,2024-03-20,,,2024-03-20 10:00:00
80,80,80,POL100080,COMM,EXPIRED,2023-03-22,2024-03-21,,,2024-03-21 10:00:00
81,81,81,POL100081,FIRE,CANCELLED,2023-03-23,2024-03-22,2023-09-19,Underwriting Decision,2024-03-22 10:00:00
82,82,82,POL100082,MARINE,ACTIVE,2023-03-24,2024-03-23,,,2024-03-23 10:00:00
83,83,83,POL100083,LIABILITY,EXPIRED,2023-03-25,2024-03-24,,,2024-03-24 10:00:00
84,84,84,POL100084,WORKCOMP,CANCELLED,2023-03-26,2024-03-25,2023-09-22,Underwriting Decision,2024-03-25 10:00:00
85,85,85,POL100085,AUTO,ACTIVE,2023-03-27,2024-03-26,,,2024-03-26 10:00:00
86,86,86,POL100086,HOME,EXPIRED,2023-03-28,2024-03-27,,,2024-03-27 10:00:00
87,87,87,POL100087,COMM,CANCELLED,2023-03-29,2024-03-28,2023-09-25,Underwriting Decision,2024-03-28 10:00:00
88,88,88,POL100088,FIRE,ACTIVE,2023-03-30,2024-03-29,,,2024-03-29 10:00:00
89,89,89,POL100089,MARINE,EXPIRED,2023-03-31,2024-03-30,,,2024-03-30 10:00:00
90,90,90,POL100090,LIABILITY,CANCELLED,2023-04-01,2024-03-31,2023-09-28,Underwriting Decision,2024-03-31 10:00:00
91,91,91,POL100091,WORKCOMP,ACTIVE,2023-04-02,2024-04-01,,,2024-04-01 10:00:00
92,92,92,POL100092,AUTO,EXPIRED,2023-04-03,2024-04-02,,,2024-04-02 10:00:00
93,93,93,POL100093,HOME,CANCELLED,2023-04-04,2024-04-03,2023-10-01,Customer Request,2024-04-03 10:00:00
94,94,94,POL100094,COMM,ACTIVE,2023-04-05,2024-04-04,,,2024-04-04 10:00:00
95,95,95,POL100095,FIRE,EXPIRED,2023-04-06,2024-04-05,,,2024-04-05 10:00:00
96,96,96,POL100096,MARINE,CANCELLED,2023-04-07,2024-04-06,2023-10-04,Non-payment,2024-04-06 10:00:00
97,97,97,POL100097,LIABILITY,ACTIVE,2023-04-08,2024-04-07,,,2024-04-07 10:00:00
98,98,98,POL100098,WORKCOMP,EXPIRED,2023-04-09,2024-04-08,,,2024-04-08 10:00:00
99,99,99,POL100099,AUTO,CANCELLED,2023-04-10,2024-04-09,2023-10-07,Customer Request,2024-04-09 10:00:00
100,100,100,POL100100,HOME,ACTIVE,2023-04-11,2024-04-10,,,2024-04-10 10:00:00
101,101,101,POL100101,COMM,EXPIRED,2023-04-12,2024-04-11,,,2024-04-11 10:00:00
102,102,102,POL100102,FIRE,CANCELLED,2023-04-13,2024-04-12,2023-10-10,Underwriting Decision,2024-04-12 10:00:00
103,103,103,POL100103,MARINE,ACTIVE,2023-04-14,2024-04-13,,,2024-04-13 10:00:00
104,104,104,POL100104,LIABILITY,EXPIRED,2023-04-15,2024-04-14,,,2024-04-14 10:00:00
105,105,105,POL100105,WORKCOMP,CANCELLED,2023-04-16,2024-04-15,2023-10-13,Customer Request,2024-04-15 10:00:00
106,106,106,POL100106,AUTO,ACTIVE,2023-04-17,2024-04-16,,,2024-04-16 10:00:00
107,107,107,POL100107,HOME,EXPIRED,2023-04-18,2024-04-17,,,2024-04-17 10:00:00
108,108,108,POL100108,COMM,CANCELLED,2023-04-19,2024-04-18,2023-10-16,Non-payment,2024-04-18 10:00:00
109,109,109,POL100109,FIRE,ACTIVE,2023-04-20,2024-04-19,,,2024-04-19 10:00:00
110,110,110,POL100110,MARINE,EXPIRED,2023-04-21,2024-04-20,,,2024-04-20 10:00:00
111,111,111,POL100111,LIABILITY,CANCELLED,2023-04-22,2024-04-21,2023-10-19,Non-payment,2024-04-21 10:00:00
112,112,112,POL100112,WORKCOMP,ACTIVE,2023-04-23,2024-04-22,,,2024-04-22 10:00:00
113,113,113,POL100113,AUTO,EXPIRED,2023-04-24,2024-04-23,,,2024-04-23 10:00:00
114,114,114,POL100114,HOME,CANCELLED,2023-04-25,2024-04-24,2023-10-22,Underwriting Decision,2024-04-24 10:00:00
115,115,115,POL100115,COMM,ACTIVE,2023-04-26,2024-04-25,,,2024-04-25 10:00:00
116,116,116,POL100116,FIRE,EXPIRED,2023-04-27,2024-04-26,,,2024-04-26 10:00:00
117,117,117,POL100117,MARINE,CANCELLED,2023-04-28,2024-04-27,2023-10-25,Customer Request,2024-04-27 10:00:00
118,118,118,POL100118,LIABILITY,ACTIVE,2023-04-29,2024-04-28,,,2024-04-28 10:00:00
119,119,119,POL100119,WORKCOMP,EXPIRED,2023-04-30,2024-04-29,,,2024-04-29 10:00:00
120,120,120,POL100120,AUTO,CANCELLED,2023-05-01,2024-04-30,2023-10-28,Customer Request,2024-04-30 10:00:00
121,121,121,POL100121,HOME,ACTIVE,2023-05-02,2024-05-01,,,2024-05-01 10:00:00
122,122,122,POL100122,COMM,EXPIRED,2023-05-03,2024-05-02,,,2024-05-02 10:00:00
123,123,123,POL100123,FIRE,CANCELLED,2023-05-04,2024-05-03,2023-10-31,Customer Request,2024-05-03 10:00:00
124,124,124,POL100124,MARINE,ACTIVE,2023-05-05,2024-05-04,,,2024-05-04 10:00:00
125,125,125,POL100125,LIABILITY,EXPIRED,2023-05-06,2024-05-05,,,2024-05-05 10:00:00
126,126,126,POL100126,WORKCOMP,CANCELLED,2023-05-07,2024-05-06,2023-11-03,Non-payment,2024-05-06 10:00:00
127,127,127,POL100127,AUTO,ACTIVE,2023-05-08,2024-05-07,,,2024-05-07 10:00:00
128,128,128,POL100128,HOME,EXPIRED,2023-05-09,2024-05-08,,,2024-05-08 10:00:00
129,129,129,POL100129,COMM,CANCELLED,2023-05-10,2024-05-09,2023-11-06,Non-payment,2024-05-09 10:00:00
130,130,130,POL100130,FIRE,ACTIVE,2023-05-11,2024-05-10,,,2024-05-10 10:00:00
131,131,131,POL100131,MARINE,EXPIRED,2023-05-12,2024-05-11,,,2024-05-11 10:00:00
132,132,132,POL100132,LIABILITY,CANCELLED,2023-05-13,2024-05-12,2023-11-09,Customer Request,2024-05-12 10:00:00
133,133,133,POL100133,WORKCOMP,ACTIVE,2023-05-14,2024-05-13,,,2024-05-13 10:00:00
134,134,134,POL100134,AUTO,EXPIRED,2023-05-15,2024-05-14,,,2024-05-14 10:00:00
135,135,135,POL100135,HOME,CANCELLED,2023-05-16,2024-05-15,2023-11-12,Non-payment,2024-05-15 10:00:00
136,136,136,POL100136,COMM,ACTIVE,2023-05-17,2024-05-16,,,2024-05-16 10:00:00
137,137,137,POL100137,FIRE,EXPIRED,2023-05-18,2024-05-17,,,2024-05-17 10:00:00
138,138,138,POL100138,MARINE,CANCELLED,2023-05-19,2024-05-18,2023-11-15,Non-payment,2024-05-18 10:00:00
139,139,139,POL100139,LIABILITY,ACTIVE,2023-05-20,2024-05-19,,,2024-05-19 10:00:00
140,140,140,POL100140,WORKCOMP,EXPIRED,2023-05-21,2024-05-20,,,2024-05-20 10:00:00
141,141,141,POL100141,AUTO,CANCELLED,2023-05-22,2024-05-21,2023-11-18,Customer Request,2024-05-21 10:00:00
142,142,142,POL100142,HOME,ACTIVE,2023-05-23,2024-05-22,,,2024-05-22 10:00:00
143,143,143,POL100143,COMM,EXPIRED,2023-05-24,2024-05-23,,,2024-05-23 10:00:00
144,144,144,POL100144,FIRE,CANCELLED,2023-05-25,2024-05-24,2023-11-21,Non-payment,2024-05-24 10:00:00
145,145,145,POL100145,MARINE,ACTIVE,2023-05-26,2024-05-25,,,2024-05-25 10:00:00
146,146,146,POL100146,LIABILITY,EXPIRED,2023-05-27,2024-05-26,,,2024-05-26 10:00:00
147,147,147,POL100147,WORKCOMP,CANCELLED,2023-05-28,2024-05-27,2023-11-24,Customer Request,2024-05-27 10:00:00
148,148,148,POL100148,AUTO,ACTIVE,2023-05-29,2024-05-28,,,2024-05-28 10:00:00
149,149,149,POL100149,HOME,EXPIRED,2023-05-30,2024-05-29,,,2024-05-29 10:00:00
150,150,150,POL100150,COMM,CANCELLED,2023-05-31,2024-05-30,2023-11-27,Customer Request,2024-05-30 10:00:00
151,151,151,POL100151,FIRE,ACTIVE,2023-06-01,2024-05-31,,,2024-05-31 10:00:00
152,152,152,POL100152,MARINE,EXPIRED,2023-06-02,2024-06-01,,,2024-06-01 10:00:00
153,153,153,POL100153,LIABILITY,CANCELLED,2023-06-03,2024-06-02,2023-11-30,Underwriting Decision,2024-06-02 10:00:00
154,154,154,POL100154,WORKCOMP,ACTIVE,2023-06-04,2024-06-03,,,2024-06-03 10:00:00
155,155,155,POL100155,AUTO,EXPIRED,2023-06-05,2024-06-04,,,2024-06-04 10:00:00
156,156,156,POL100156,HOME,CANCELLED,2023-06-06,2024-06-05,2023-12-03,Customer Request,2024-06-05 10:00:00
157,157,157,POL100157,COMM,ACTIVE,2023-06-07,2024-06-06,,,2024-06-06 10:00:00
158,158,158,POL100158,FIRE,EXPIRED,2023-06-08,2024-06-07,,,2024-06-07 10:00:00
159,159,159,POL100159,MARINE,CANCELLED,2023-06-09,2024-06-08,2023-12-06,Non-payment,2024-06-08 10:00:00
160,160,160,POL100160,LIABILITY,ACTIVE,2023-06-10,2024-06-09,,,2024-06-09 10:00:00
161,161,161,POL100161,WORKCOMP,EXPIRED,2023-06-11,2024-06-10,,,2024-06-10 10:00:00
162,162,162,POL100162,AUTO,CANCELLED,2023-06-12,2024-06-11,2023-12-09,Underwriting Decision,2024-06-11 10:00:00
163,163,163,POL100163,HOME,ACTIVE,2023-06-13,2024-06-12,,,2024-06-12 10:00:00
164,164,164,POL100164,COMM,EXPIRED,2023-06-14,2024-06-13,,,2024-06-13 10:00:00
165,165,165,POL100165,FIRE,CANCELLED,2023-06-15,2024-06-14,2023-12-12,Customer Request,2024-06-14 10:00:00
166,166,166,POL100166,MARINE,ACTIVE,2023-06-16,2024-06-15,,,2024-06-15 10:00:00
167,167,167,POL100167,LIABILITY,EXPIRED,2023-06-17,2024-06-16,,,2024-06-16 10:00:00
168,168,168,POL100168,WORKCOMP,CANCELLED,2023-06-18,2024-06-17,2023-12-15,Underwriting Decision,2024-06-17 10:00:00
169,169,169,POL100169,AUTO,ACTIVE,2023-06-19,2024-06-18,,,2024-06-18 10:00:00
170,170,170,POL100170,HOME,EXPIRED,2023-06-20,2024-06-19,,,2024-06-19 10:00:00
171,171,171,POL100171,COMM,CANCELLED,2023-06-21,2024-06-20,2023-12-18,Non-payment,2024-06-20 10:00:00
172,172,172,POL100172,FIRE,ACTIVE,2023-06-22,2024-06-21,,,2024-06-21 10:00:00
173,173,173,POL100173,MARINE,EXPIRED,2023-06-23,2024-06-22,,,2024-06-22 10:00:00
174,174,174,POL100174,LIABILITY,CANCELLED,2023-06-24,2024-06-23,2023-12-21,Customer Request,2024-06-23 10:00:00
175,175,175,POL100175,WORKCOMP,ACTIVE,2023-06-25,2024-06-24,,,2024-06-24 10:00:00
176,176,176,POL100176,AUTO,EXPIRED,2023-06-26,2024-06-25,,,2024-06-25 10:00:00
177,177,177,POL100177,HOME,CANCELLED,2023-06-27,2024-06-26,2023-12-24,Non-payment,2024-06-26 10:00:00
178,178,178,POL100178,COMM,ACTIVE,2023-06-28,2024-06-27,,,2024-06-27 10:00:00
179,179,179,POL100179,FIRE,EXPIRED,2023-06-29,2024-06-28,,,2024-06-28 10:00:00
180,180,180,POL100180,MARINE,CANCELLED,2023-06-30,2024-06-29,2023-12-27,Underwriting Decision,2024-06-29 10:00:00
181,181,181,POL100181,LIABILITY,ACTIVE,2023-07-01,2024-06-30,,,2024-06-30 10:00:00
182,182,182,POL100182,WORKCOMP,EXPIRED,2023-07-02,2024-07-01,,,2024-07-01 10:00:00
183,183,183,POL100183,AUTO,CANCELLED,2023-07-03,2024-07-02,2023-12-30,Customer Request,2024-07-02 10:00:00
184,184,184,POL100184,HOME,ACTIVE,2023-07-04,2024-07-03,,,2024-07-03 10:00:00
185,185,185,POL100185,COMM,EXPIRED,2023-07-05,2024-07-04,,,2024-07-04 10:00:00
186,186,186,POL100186,FIRE,CANCELLED,2023-07-06,2024-07-05,2024-01-02,Underwriting Decision,2024-07-05 10:00:00
187,187,187,POL100187,MARINE,ACTIVE,2023-07-07,2024-07-06,,,2024-07-06 10:00:00
188,188,188,POL100188,LIABILITY,EXPIRED,2023-07-08,2024-07-07,,,2024-07-07 10:00:00
189,189,189,POL100189,WORKCOMP,CANCELLED,2023-07-09,2024-07-08,2024-01-05,Underwriting Decision,2024-07-08 10:00:00
190,190,190,POL100190,AUTO,ACTIVE,2023-07-10,2024-07-09,,,2024-07-09 10:00:00
191,191,191,POL100191,HOME,EXPIRED,2023-07-11,2024-07-10,,,2024-07-10 10:00:00
192,192,192,POL100192,COMM,CANCELLED,2023-07-12,2024-07-11,2024-01-08,Customer Request,2024-07-11 10:00:00
193,193,193,POL100193,FIRE,ACTIVE,2023-07-13,2024-07-12,,,2024-07-12 10:00:00
194,194,194,POL100194,MARINE,EXPIRED,2023-07-14,2024-07-13,,,2024-07-13 10:00:00
195,195,195,POL100195,LIABILITY,CANCELLED,2023-07-15,2024-07-14,2024-01-11,Underwriting Decision,2024-07-14 10:00:00
196,196,196,POL100196,WORKCOMP,ACTIVE,2023-07-16,2024-07-15,,,2024-07-15 10:00:00
197,197,197,POL100197,AUTO,EXPIRED,2023-07-17,2024-07-16,,,2024-07-16 10:00:00
198,198,198,POL100198,HOME,CANCELLED,2023-07-18,2024-07-17,2024-01-14,Non-payment,2024-07-17 10:00:00
199,199,199,POL100199,COMM,ACTIVE,2023-07-19,2024-07-18,,,2024-07-18 10:00:00
200,200,200,POL100200,FIRE,EXPIRED,2023-07-20,2024-07-19,,,2024-07-19 10:00:00
201,201,201,POL100201,MARINE,CANCELLED,2023-07-21,2024-07-20,2024-01-17,Underwriting Decision,2024-07-20 10:00:00
202,202,202,POL100202,LIABILITY,ACTIVE,2023-07-22,2024-07-21,,,2024-07-21 10:00:00
203,203,203,POL100203,WORKCOMP,EXPIRED,2023-07-23,2024-07-22,,,2024-07-22 10:00:00
204,204,204,POL100204,AUTO,CANCELLED,2023-07-24,2024-07-23,2024-01-20,Non-payment,2024-07-23 10:00:00
205,205,205,POL100205,HOME,ACTIVE,2023-07-25,2024-07-24,,,2024-07-24 10:00:00
206,206,206,POL100206,COMM,EXPIRED,2023-07-26,2024-07-25,,,2024-07-25 10:00:00
207,207,207,POL100207,FIRE,CANCELLED,2023-07-27,2024-07-26,2024-01-23,Non-payment,2024-07-26 10:00:00
208,208,208,POL100208,MARINE,ACTIVE,2023-07-28,2024-07-27,,,2024-07-27 10:00:00
209,209,209,POL100209,LIABILITY,EXPIRED,2023-07-29,2024-07-28,,,2024-07-28 10:00:00
210,210,210,POL100210,WORKCOMP,CANCELLED,2023-07-30,2024-07-29,2024-01-26,Underwriting Decision,2024-07-29 10:00:00
211,211,211,POL100211,AUTO,ACTIVE,2023-07-31,2024-07-30,,,2024-07-30 10:00:00
212,212,212,POL100212,HOME,EXPIRED,2023-08-01,2024-07-31,,,2024-07-31 10:00:00
213,213,213,POL100213,COMM,CANCELLED,2023-08-02,2024-08-01,2024-01-29,Non-payment,2024-08-01 10:00:00
214,214,214,POL100214,FIRE,ACTIVE,2023-08-03,2024-08-02,,,2024-08-02 10:00:00
215,215,215,POL100215,MARINE,EXPIRED,2023-08-04,2024-08-03,,,2024-08-03 10:00:00
216,216,216,POL100216,LIABILITY,CANCELLED,2023-08-05,2024-08-04,2024-02-01,Customer Request,2024-08-04 10:00:00
217,217,217,POL100217,WORKCOMP,ACTIVE,2023-08-06,2024-08-05,,,2024-08-05 10:00:00
218,218,218,POL100218,AUTO,EXPIRED,2023-08-07,2024-08-06,,,2024-08-06 10:00:00
219,219,219,POL100219,HOME,CANCELLED,2023-08-08,2024-08-07,2024-02-04,Non-payment,2024-08-07 10:00:00
220,220,220,POL100220,COMM,ACTIVE,2023-08-09,2024-08-08,,,2024-08-08 10:00:00
221,221,221,POL100221,FIRE,EXPIRED,2023-08-10,2024-08-09,,,2024-08-09 10:00:00
222,222,222,POL100222,MARINE,CANCELLED,2023-08-11,2024-08-10,2024-02-07,Non-payment,2024-08-10 10:00:00
223,223,223,POL100223,LIABILITY,ACTIVE,2023-08-12,2024-08-11,,,2024-08-11 10:00:00
224,224,224,POL100224,WORKCOMP,EXPIRED,2023-08-13,2024-08-12,,,2024-08-12 10:00:00
225,225,225,POL100225,AUTO,CANCELLED,2023-08-14,2024-08-13,2024-02-10,Non-payment,2024-08-13 10:00:00
226,226,226,POL100226,HOME,ACTIVE,2023-08-15,2024-08-14,,,2024-08-14 10:00:00
227,227,227,POL100227,COMM,EXPIRED,2023-08-16,2024-08-15,,,2024-08-15 10:00:00
228,228,228,POL100228,FIRE,CANCELLED,2023-08-17,2024-08-16,2024-02-13,Customer Request,2024-08-16 10:00:00
229,229,229,POL100229,MARINE,ACTIVE,2023-08-18,2024-08-17,,,2024-08-17 10:00:00
230,230,230,POL100230,LIABILITY,EXPIRED,2023-08-19,2024-08-18,,,2024-08-18 10:00:00
231,231,231,POL100231,WORKCOMP,CANCELLED,2023-08-20,2024-08-19,2024-02-16,Customer Request,2024-08-19 10:00:00
232,232,232,POL100232,AUTO,ACTIVE,2023-08-21,2024-08-20,,,2024-08-20 10:00:00
233,233,233,POL100233,HOME,EXPIRED,2023-08-22,2024-08-21,,,2024-08-21 10:00:00
234,234,234,POL100234,COMM,CANCELLED,2023-08-23,2024-08-22,2024-02-19,Customer Request,2024-08-22 10:00:00
235,235,235,POL100235,FIRE,ACTIVE,2023-08-24,2024-08-23,,,2024-08-23 10:00:00
236,236,236,POL100236,MARINE,EXPIRED,2023-08-25,2024-08-24,,,2024-08-24 10:00:00
237,237,237,POL100237,LIABILITY,CANCELLED,2023-08-26,2024-08-25,2024-02-22,Underwriting Decision,2024-08-25 10:00:00
238,238,238,POL100238,WORKCOMP,ACTIVE,2023-08-27,2024-08-26,,,2024-08-26 10:00:00
239,239,239,POL100239,AUTO,EXPIRED,2023-08-28,2024-08-27,,,2024-08-27 10:00:00
240,240,240,POL100240,HOME,CANCELLED,2023-08-29,2024-08-28,2024-02-25,Customer Request,2024-08-28 10:00:00
241,241,241,POL100241,COMM,ACTIVE,2023-08-30,2024-08-29,,,2024-08-29 10:00:00
242,242,242,POL100242,FIRE,EXPIRED,2023-08-31,2024-08-30,,,2024-08-30 10:00:00
243,243,243,POL100243,MARINE,CANCELLED,2023-09-01,2024-08-31,2024-02-28,Non-payment,2024-08-31 10:00:00
244,244,244,POL100244,LIABILITY,ACTIVE,2023-09-02,2024-09-01,,,2024-09-01 10:00:00
245,245,245,POL100245,WORKCOMP,EXPIRED,2023-09-03,2024-09-02,,,2024-09-02 10:00:00
246,246,246,POL100246,AUTO,CANCELLED,2023-09-04,2024-09-03,2024-03-02,Customer Request,2024-09-03 10:00:00
247,247,247,POL100247,HOME,ACTIVE,2023-09-05,2024-09-04,,,2024-09-04 10:00:00
248,248,248,POL100248,COMM,EXPIRED,2023-09-06,2024-09-05,,,2024-09-05 10:00:00
249,249,249,POL100249,FIRE,CANCELLED,2023-09-07,2024-09-06,2024-03-05,Customer Request,2024-09-06 10:00:00
250,250,250,POL100250,MARINE,ACTIVE,2023-09-08,2024-09-07,,,2024-09-07 10:00:00
251,251,251,POL100251,LIABILITY,EXPIRED,2023-09-09,2024-09-08,,,2024-09-08 10:00:00
252,252,252,POL100252,WORKCOMP,CANCELLED,2023-09-10,2024-09-09,2024-03-08,Non-payment,2024-09-09 10:00:00
253,253,253,POL100253,AUTO,ACTIVE,2023-09-11,2024-09-10,,,2024-09-10 10:00:00
254,254,254,POL100254,HOME,EXPIRED,2023-09-12,2024-09-11,,,2024-09-11 10:00:00
255,255,255,POL100255,COMM,CANCELLED,2023-09-13,2024-09-12,2024-03-11,Underwriting Decision,2024-09-12 10:00:00
256,256,256,POL100256,FIRE,ACTIVE,2023-09-14,2024-09-13,,,2024-09-13 10:00:00
257,257,257,POL100257,MARINE,EXPIRED,2023-09-15,2024-09-14,,,2024-09-14 10:00:00
258,258,258,POL100258,LIABILITY,CANCELLED,2023-09-16,2024-09-15,2024-03-14,Customer Request,2024-09-15 10:00:00
259,259,259,POL100259,WORKCOMP,ACTIVE,2023-09-17,2024-09-16,,,2024-09-16 10:00:00
260,260,260,POL100260,AUTO,EXPIRED,2023-09-18,2024-09-17,,,2024-09-17 10:00:00
261,261,261,POL100261,HOME,CANCELLED,2023-09-19,2024-09-18,2024-03-17,Underwriting Decision,2024-09-18 10:00:00
262,262,262,POL100262,COMM,ACTIVE,2023-09-20,2024-09-19,,,2024-09-19 10:00:00
263,263,263,POL100263,FIRE,EXPIRED,2023-09-21,2024-09-20,,,2024-09-20 10:00:00
264,264,264,POL100264,MARINE,CANCELLED,2023-09-22,2024-09-21,2024-03-20,Underwriting Decision,2024-09-21 10:00:00
265,265,265,POL100265,LIABILITY,ACTIVE,2023-09-23,2024-09-22,,,2024-09-22 10:00:00
266,266,266,POL100266,WORKCOMP,EXPIRED,2023-09-24,2024-09-23,,,2024-09-23 10:00:00
267,267,267,POL100267,AUTO,CANCELLED,2023-09-25,2024-09-24,2024-03-23,Underwriting Decision,2024-09-24 10:00:00
268,268,268,POL100268,HOME,ACTIVE,2023-09-26,2024-09-25,,,2024-09-25 10:00:00
269,269,269,POL100269,COMM,EXPIRED,2023-09-27,2024-09-26,,,2024-09-26 10:00:00
270,270,270,POL100270,FIRE,CANCELLED,2023-09-28,2024-09-27,2024-03-26,Non-payment,2024-09-27 10:00:00
271,271,271,POL100271,MARINE,ACTIVE,2023-09-29,2024-09-28,,,2024-09-28 10:00:00
272,272,272,POL100272,LIABILITY,EXPIRED,2023-09-30,2024-09-29,,,2024-09-29 10:00:00
273,273,273,POL100273,WORKCOMP,CANCELLED,2023-10-01,2024-09-30,2024-03-29,Underwriting Decision,2024-09-30 10:00:00
274,274,274,POL100274,AUTO,ACTIVE,2023-10-02,2024-10-01,,,2024-10-01 10:00:00
275,275,275,POL100275,HOME,EXPIRED,2023-10-03,2024-10-02,,,2024-10-02 10:00:00
276,276,276,POL100276,COMM,CANCELLED,2023-10-04,2024-10-03,2024-04-01,Underwriting Decision,2024-10-03 10:00:00
277,277,277,POL100277,FIRE,ACTIVE,2023-10-05,2024-10-04,,,2024-10-04 10:00:00
278,278,278,POL100278,MARINE,EXPIRED,2023-10-06,2024-10-05,,,2024-10-05 10:00:00
279,279,279,POL100279,LIABILITY,CANCELLED,2023-10-07,2024-10-06,2024-04-04,Non-payment,2024-10-06 10:00:00
280,280,280,POL100280,WORKCOMP,ACTIVE,2023-10-08,2024-10-07,,,2024-10-07 10:00:00
281,281,281,POL100281,AUTO,EXPIRED,2023-10-09,2024-10-08,,,2024-10-08 10:00:00
282,282,282,POL100282,HOME,CANCELLED,2023-10-10,2024-10-09,2024-04-07,Underwriting Decision,2024-10-09 10:00:00
283,283,283,POL100283,COMM,ACTIVE,2023-10-11,2024-10-10,,,2024-10-10 10:00:00
284,284,284,POL100284,FIRE,EXPIRED,2023-10-12,2024-10-11,,,2024-10-11 10:00:00
285,285,285,POL100285,MARINE,CANCELLED,2023-10-13,2024-10-12,2024-04-10,Underwriting Decision,2024-10-12 10:00:00
286,286,286,POL100286,LIABILITY,ACTIVE,2023-10-14,2024-10-13,,,2024-10-13 10:00:00
287,287,287,POL100287,WORKCOMP,EXPIRED,2023-10-15,2024-10-14,,,2024-10-14 10:00:00
288,288,288,POL100288,AUTO,CANCELLED,2023-10-16,2024-10-15,2024-04-13,Non-payment,2024-10-15 10:00:00
289,289,289,POL100289,HOME,ACTIVE,2023-10-17,2024-10-16,,,2024-10-16 10:00:00
290,290,290,POL100290,COMM,EXPIRED,2023-10-18,2024-10-17,,,2024-10-17 10:00:00
291,291,291,POL100291,FIRE,CANCELLED,2023-10-19,2024-10-18,2024-04-16,Non-payment,2024-10-18 10:00:00
292,292,292,POL100292,MARINE,ACTIVE,2023-10-20,2024-10-19,,,2024-10-19 10:00:00
293,293,293,POL100293,LIABILITY,EXPIRED,2023-10-21,2024-10-20,,,2024-10-20 10:00:00
294,294,294,POL100294,WORKCOMP,CANCELLED,2023-10-22,2024-10-21,2024-04-19,Customer Request,2024-10-21 10:00:00
295,295,295,POL100295,AUTO,ACTIVE,2023-10-23,2024-10-22,,,2024-10-22 10:00:00
296,296,296,POL100296,HOME,EXPIRED,2023-10-24,2024-10-23,,,2024-10-23 10:00:00
297,297,297,POL100297,COMM,CANCELLED,2023-10-25,2024-10-24,2024-04-22,Customer Request,2024-10-24 10:00:00
298,298,298,POL100298,FIRE,ACTIVE,2023-10-26,2024-10-25,,,2024-10-25 10:00:00
299,299,299,POL100299,MARINE,EXPIRED,2023-10-27,2024-10-26,,,2024-10-26 10:00:00
300,300,300,POL100300,LIABILITY,CANCELLED,2023-10-28,2024-10-27,2024-04-25,Customer Request,2024-10-27 10:00:00
301,301,301,POL100301,WORKCOMP,ACTIVE,2023-10-29,2024-10-28,,,2024-10-28 10:00:00
302,302,302,POL100302,AUTO,EXPIRED,2023-10-30,2024-10-29,,,2024-10-29 10:00:00
303,303,303,POL100303,HOME,CANCELLED,2023-10-31,2024-10-30,2024-04-28,Underwriting Decision,2024-10-30 10:00:00
304,304,304,POL100304,COMM,ACTIVE,2023-11-01,2024-10-31,,,2024-10-31 10:00:00
305,305,305,POL100305,FIRE,EXPIRED,2023-11-02,2024-11-01,,,2024-11-01 10:00:00
306,306,306,POL100306,MARINE,CANCELLED,2023-11-03,2024-11-02,2024-05-01,Underwriting Decision,2024-11-02 10:00:00
307,307,307,POL100307,LIABILITY,ACTIVE,2023-11-04,2024-11-03,,,2024-11-03 10:00:00
308,308,308,POL100308,WORKCOMP,EXPIRED,2023-11-05,2024-11-04,,,2024-11-04 10:00:00
309,309,309,POL100309,AUTO,CANCELLED,2023-11-06,2024-11-05,2024-05-04,Underwriting Decision,2024-11-05 10:00:00
310,310,310,POL100310,HOME,ACTIVE,2023-11-07,2024-11-06,,,2024-11-06 10:00:00
311,311,311,POL100311,COMM,EXPIRED,2023-11-08,2024-11-07,,,2024-11-07 10:00:00
312,312,312,POL100312,FIRE,CANCELLED,2023-11-09,2024-11-08,2024-05-07,Non-payment,2024-11-08 10:00:00
313,313,313,POL100313,MARINE,ACTIVE,2023-11-10,2024-11-09,,,2024-11-09 10:00:00
314,314,314,POL100314,LIABILITY,EXPIRED,2023-11-11,2024-11-10,,,2024-11-10 10:00:00
315,315,315,POL100315,WORKCOMP,CANCELLED,2023-11-12,2024-11-11,2024-05-10,Underwriting Decision,2024-11-11 10:00:00
316,316,316,POL100316,AUTO,ACTIVE,2023-11-13,2024-11-12,,,2024-11-12 10:00:00
317,317,317,POL100317,HOME,EXPIRED,2023-11-14,2024-11-13,,,2024-11-13 10:00:00
318,318,318,POL100318,COMM,CANCELLED,2023-11-15,2024-11-14,2024-05-13,Customer Request,2024-11-14 10:00:00
319,319,319,POL100319,FIRE,ACTIVE,2023-11-16,2024-11-15,,,2024-11-15 10:00:00
320,320,320,POL100320,MARINE,EXPIRED,2023-11-17,2024-11-16,,,2024-11-16 10:00:00
321,321,321,POL100321,LIABILITY,CANCELLED,2023-11-18,2024-11-17,2024-05-16,Non-payment,2024-11-17 10:00:00
322,322,322,POL100322,WORKCOMP,ACTIVE,2023-11-19,2024-11-18,,,2024-11-18 10:00:00
323,323,323,POL100323,AUTO,EXPIRED,2023-11-20,2024-11-19,,,2024-11-19 10:00:00
324,324,324,POL100324,HOME,CANCELLED,2023-11-21,2024-11-20,2024-05-19,Non-payment,2024-11-20 10:00:00
325,325,325,POL100325,COMM,ACTIVE,2023-11-22,2024-11-21,,,2024-11-21 10:00:00
326,326,326,POL100326,FIRE,EXPIRED,2023-11-23,2024-11-22,,,2024-11-22 10:00:00
327,327,327,POL100327,MARINE,CANCELLED,2023-11-24,2024-11-23,2024-05-22,Non-payment,2024-11-23 10:00:00
328,328,328,POL100328,LIABILITY,ACTIVE,2023-11-25,2024-11-24,,,2024-11-24 10:00:00
329,329,329,POL100329,WORKCOMP,EXPIRED,2023-11-26,2024-11-25,,,2024-11-25 10:00:00
330,330,330,POL100330,AUTO,CANCELLED,2023-11-27,2024-11-26,2024-05-25,Customer Request,2024-11-26 10:00:00
331,331,331,POL100331,HOME,ACTIVE,2023-11-28,2024-11-27,,,2024-11-27 10:00:00
332,332,332,POL100332,COMM,EXPIRED,2023-11-29,2024-11-28,,,2024-11-28 10:00:00
333,333,333,POL100333,FIRE,CANCELLED,2023-11-30,2024-11-29,2024-05-28,Customer Request,2024-11-29 10:00:00
334,334,334,POL100334,MARINE,ACTIVE,2023-12-01,2024-11-30,,,2024-11-30 10:00:00
335,335,335,POL100335,LIABILITY,EXPIRED,2023-12-02,2024-12-01,,,2024-12-01 10:00:00
336,336,336,POL100336,WORKCOMP,CANCELLED,2023-12-03,2024-12-02,2024-05-31,Customer Request,2024-12-02 10:00:00
337,337,337,POL100337,AUTO,ACTIVE,2023-12-04,2024-12-03,,,2024-12-03 10:00:00
338,338,338,POL100338,HOME,EXPIRED,2023-12-05,2024-12-04,,,2024-12-04 10:00:00
339,339,339,POL100339,COMM,CANCELLED,2023-12-06,2024-12-05,2024-06-03,Non-payment,2024-12-05 10:00:00
340,340,340,POL100340,FIRE,ACTIVE,2023-12-07,2024-12-06,,,2024-12-06 10:00:00
341,341,341,POL100341,MARINE,EXPIRED,2023-12-08,2024-12-07,,,2024-12-07 10:00:00
342,342,342,POL100342,LIABILITY,CANCELLED,2023-12-09,2024-12-08,2024-06-06,Non-payment,2024-12-08 10:00:00
343,343,343,POL100343,WORKCOMP,ACTIVE,2023-12-10,2024-12-09,,,2024-12-09 10:00:00
344,344,344,POL100344,AUTO,EXPIRED,2023-12-11,2024-12-10,,,2024-12-10 10:00:00
345,345,345,POL100345,HOME,CANCELLED,2023-12-12,2024-12-11,2024-06-09,Underwriting Decision,2024-12-11 10:00:00
346,346,346,POL100346,COMM,ACTIVE,2023-12-13,2024-12-12,,,2024-12-12 10:00:00
347,347,347,POL100347,FIRE,EXPIRED,2023-12-14,2024-12-13,,,2024-12-13 10:00:00
348,348,348,POL100348,MARINE,CANCELLED,2023-12-15,2024-12-14,2024-06-12,Underwriting Decision,2024-12-14 10:00:00
349,349,349,POL100349,LIABILITY,ACTIVE,2023-12-16,2024-12-15,,,2024-12-15 10:00:00
350,350,350,POL100350,WORKCOMP,EXPIRED,2023-12-17,2024-12-16,,,2024-12-16 10:00:00
351,351,351,POL100351,AUTO,CANCELLED,2023-12-18,2024-12-17,2024-06-15,Customer Request,2024-12-17 10:00:00
352,352,352,POL100352,HOME,ACTIVE,2023-12-19,2024-12-18,,,2024-12-18 10:00:00
353,353,353,POL100353,COMM,EXPIRED,2023-12-20,2024-12-19,,,2024-12-19 10:00:00
354,354,354,POL100354,FIRE,CANCELLED,2023-12-21,2024-12-20,2024-06-18,Non-payment,2024-12-20 10:00:00
355,355,355,POL100355,MARINE,ACTIVE,2023-12-22,2024-12-21,,,2024-12-21 10:00:00
356,356,356,POL100356,LIABILITY,EXPIRED,2023-12-23,2024-12-22,,,2024-12-22 10:00:00
357,357,357,POL100357,WORKCOMP,CANCELLED,2023-12-24,2024-12-23,2024-06-21,Underwriting Decision,2024-12-23 10:00:00
358,358,358,POL100358,AUTO,ACTIVE,2023-12-25,2024-12-24,,,2024-12-24 10:00:00
359,359,359,POL100359,HOME,EXPIRED,2023-12-26,2024-12-25,,,2024-12-25 10:00:00
360,360,360,POL100360,COMM,CANCELLED,2023-12-27,2024-12-26,2024-06-24,Customer Request,2024-12-26 10:00:00
361,361,361,POL100361,FIRE,ACTIVE,2023-12-28,2024-12-27,,,2024-12-27 10:00:00
362,362,362,POL100362,MARINE,EXPIRED,2023-12-29,2024-12-28,,,2024-12-28 10:00:00
363,363,363,POL100363,LIABILITY,CANCELLED,2023-12-30,2024-12-29,2024-06-27,Customer Request,2024-12-29 10:00:00
364,364,364,POL100364,WORKCOMP,ACTIVE,2023-12-31,2024-12-30,,,2024-12-30 10:00:00
365,365,365,POL100365,AUTO,EXPIRED,2024-01-01,2024-12-31,,,2024-12-31 10:00:00
366,366,366,POL100366,HOME,CANCELLED,2024-01-02,2025-01-01,2024-06-30,Underwriting Decision,2025-01-01 10:00:00
367,367,367,POL100367,COMM,ACTIVE,2024-01-03,2025-01-02,,,2025-01-02 10:00:00
368,368,368,POL100368,FIRE,EXPIRED,2024-01-04,2025-01-03,,,2025-01-03 10:00:00
369,369,369,POL100369,MARINE,CANCELLED,2024-01-05,2025-01-04,2024-07-03,Customer Request,2025-01-04 10:00:00
370,370,370,POL100370,LIABILITY,ACTIVE,2024-01-06,2025-01-05,,,2025-01-05 10:00:00
371,371,371,POL100371,WORKCOMP,EXPIRED,2024-01-07,2025-01-06,,,2025-01-06 10:00:00
372,372,372,POL100372,AUTO,CANCELLED,2024-01-08,2025-01-07,2024-07-06,Non-payment,2025-01-07 10:00:00
373,373,373,POL100373,HOME,ACTIVE,2024-01-09,2025-01-08,,,2025-01-08 10:00:00
374,374,374,POL100374,COMM,EXPIRED,2024-01-10,2025-01-09,,,2025-01-09 10:00:00
375,375,375,POL100375,FIRE,CANCELLED,2024-01-11,2025-01-10,2024-07-09,Customer Request,2025-01-10 10:00:00
376,376,376,POL100376,MARINE,ACTIVE,2024-01-12,2025-01-11,,,2025-01-11 10:00:00
377,377,377,POL100377,LIABILITY,EXPIRED,2024-01-13,2025-01-12,,,2025-01-12 10:00:00
378,378,378,POL100378,WORKCOMP,CANCELLED,2024-01-14,2025-01-13,2024-07-12,Non-payment,2025-01-13 10:00:00
379,379,379,POL100379,AUTO,ACTIVE,2024-01-15,2025-01-14,,,2025-01-14 10:00:00
380,380,380,POL100380,HOME,EXPIRED,2024-01-16,2025-01-15,,,2025-01-15 10:00:00
381,381,381,POL100381,COMM,CANCELLED,2024-01-17,2025-01-16,2024-07-15,Non-payment,2025-01-16 10:00:00
382,382,382,POL100382,FIRE,ACTIVE,2024-01-18,2025-01-17,,,2025-01-17 10:00:00
383,383,383,POL100383,MARINE,EXPIRED,2024-01-19,2025-01-18,,,2025-01-18 10:00:00
384,384,384,POL100384,LIABILITY,CANCELLED,2024-01-20,2025-01-19,2024-07-18,Underwriting Decision,2025-01-19 10:00:00
385,385,385,POL100385,WORKCOMP,ACTIVE,2024-01-21,2025-01-20,,,2025-01-20 10:00:00
386,386,386,POL100386,AUTO,EXPIRED,2024-01-22,2025-01-21,,,2025-01-21 10:00:00
387,387,387,POL100387,HOME,CANCELLED,2024-01-23,2025-01-22,2024-07-21,Underwriting Decision,2025-01-22 10:00:00
388,388,388,POL100388,COMM,ACTIVE,2024-01-24,2025-01-23,,,2025-01-23 10:00:00
389,389,389,POL100389,FIRE,EXPIRED,2024-01-25,2025-01-24,,,2025-01-24 10:00:00
390,390,390,POL100390,MARINE,CANCELLED,2024-01-26,2025-01-25,2024-07-24,Underwriting Decision,2025-01-25 10:00:00
391,391,391,POL100391,LIABILITY,ACTIVE,2024-01-27,2025-01-26,,,2025-01-26 10:00:00
392,392,392,POL100392,WORKCOMP,EXPIRED,2024-01-28,2025-01-27,,,2025-01-27 10:00:00
393,393,393,POL100393,AUTO,CANCELLED,2024-01-29,2025-01-28,2024-07-27,Customer Request,2025-01-28 10:00:00
394,394,394,POL100394,HOME,ACTIVE,2024-01-30,2025-01-29,,,2025-01-29 10:00:00
395,395,395,POL100395,COMM,EXPIRED,2024-01-31,2025-01-30,,,2025-01-30 10:00:00
396,396,396,POL100396,FIRE,CANCELLED,2024-02-01,2025-01-31,2024-07-30,Underwriting Decision,2025-01-31 10:00:00
397,397,397,POL100397,MARINE,ACTIVE,2024-02-02,2025-02-01,,,2025-02-01 10:00:00
398,398,398,POL100398,LIABILITY,EXPIRED,2024-02-03,2025-02-02,,,2025-02-02 10:00:00
399,399,399,POL100399,WORKCOMP,CANCELLED,2024-02-04,2025-02-03,2024-08-02,Underwriting Decision,2025-02-03 10:00:00
400,400,400,POL100400,AUTO,ACTIVE,2024-02-05,2025-02-04,,,2025-02-04 10:00:00
401,401,401,POL100401,HOME,EXPIRED,2024-02-06,2025-02-05,,,2025-02-05 10:00:00
402,402,402,POL100402,COMM,CANCELLED,2024-02-07,2025-02-06,2024-08-05,Customer Request,2025-02-06 10:00:00
403,403,403,POL100403,FIRE,ACTIVE,2024-02-08,2025-02-07,,,2025-02-07 10:00:00
404,404,404,POL100404,MARINE,EXPIRED,2024-02-09,2025-02-08,,,2025-02-08 10:00:00
405,405,405,POL100405,LIABILITY,CANCELLED,2024-02-10,2025-02-09,2024-08-08,Underwriting Decision,2025-02-09 10:00:00
406,406,406,POL100406,WORKCOMP,ACTIVE,2024-02-11,2025-02-10,,,2025-02-10 10:00:00
407,407,407,POL100407,AUTO,EXPIRED,2024-02-12,2025-02-11,,,2025-02-11 10:00:00
408,408,408,POL100408,HOME,CANCELLED,2024-02-13,2025-02-12,2024-08-11,Customer Request,2025-02-12 10:00:00
409,409,409,POL100409,COMM,ACTIVE,2024-02-14,2025-02-13,,,2025-02-13 10:00:00
410,410,410,POL100410,FIRE,EXPIRED,2024-02-15,2025-02-14,,,2025-02-14 10:00:00
411,411,411,POL100411,MARINE,CANCELLED,2024-02-16,2025-02-15,2024-08-14,Customer Request,2025-02-15 10:00:00
412,412,412,POL100412,LIABILITY,ACTIVE,2024-02-17,2025-02-16,,,2025-02-16 10:00:00
413,413,413,POL100413,WORKCOMP,EXPIRED,2024-02-18,2025-02-17,,,2025-02-17 10:00:00
414,414,414,POL100414,AUTO,CANCELLED,2024-02-19,2025-02-18,2024-08-17,Non-payment,2025-02-18 10:00:00
415,415,415,POL100415,HOME,ACTIVE,2024-02-20,2025-02-19,,,2025-02-19 10:00:00
416,416,416,POL100416,COMM,EXPIRED,2024-02-21,2025-02-20,,,2025-02-20 10:00:00
417,417,417,POL100417,FIRE,CANCELLED,2024-02-22,2025-02-21,2024-08-20,Non-payment,2025-02-21 10:00:00
418,418,418,POL100418,MARINE,ACTIVE,2024-02-23,2025-02-22,,,2025-02-22 10:00:00
419,419,419,POL100419,LIABILITY,EXPIRED,2024-02-24,2025-02-23,,,2025-02-23 10:00:00
420,420,420,POL100420,WORKCOMP,CANCELLED,2024-02-25,2025-02-24,2024-08-23,Underwriting Decision,2025-02-24 10:00:00
421,421,421,POL100421,AUTO,ACTIVE,2024-02-26,2025-02-25,,,2025-02-25 10:00:00
422,422,422,POL100422,HOME,EXPIRED,2024-02-27,2025-02-26,,,2025-02-26 10:00:00
423,423,423,POL100423,COMM,CANCELLED,2024-02-28,2025-02-27,2024-08-26,Customer Request,2025-02-27 10:00:00
424,424,424,POL100424,FIRE,ACTIVE,2024-02-29,2025-02-28,,,2025-02-28 10:00:00
425,425,425,POL100425,MARINE,EXPIRED,2024-03-01,2025-03-01,,,2025-03-01 10:00:00
426,426,426,POL100426,LIABILITY,CANCELLED,2024-03-02,2025-03-02,2024-08-29,Non-payment,2025-03-02 10:00:00
427,427,427,POL100427,WORKCOMP,ACTIVE,2024-03-03,2025-03-03,,,2025-03-03 10:00:00
428,428,428,POL100428,AUTO,EXPIRED,2024-03-04,2025-03-04,,,2025-03-04 10:00:00
429,429,429,POL100429,HOME,CANCELLED,2024-03-05,2025-03-05,2024-09-01,Non-payment,2025-03-05 10:00:00
430,430,430,POL100430,COMM,ACTIVE,2024-03-06,2025-03-06,,,2025-03-06 10:00:00
431,431,431,POL100431,FIRE,EXPIRED,2024-03-07,2025-03-07,,,2025-03-07 10:00:00
432,432,432,POL100432,MARINE,CANCELLED,2024-03-08,2025-03-08,2024-09-04,Non-payment,2025-03-08 10:00:00
433,433,433,POL100433,LIABILITY,ACTIVE,2024-03-09,2025-03-09,,,2025-03-09 10:00:00
434,434,434,POL100434,WORKCOMP,EXPIRED,2024-03-10,2025-03-10,,,2025-03-10 10:00:00
435,435,435,POL100435,AUTO,CANCELLED,2024-03-11,2025-03-11,2024-09-07,Non-payment,2025-03-11 10:00:00
436,436,436,POL100436,HOME,ACTIVE,2024-03-12,2025-03-12,,,2025-03-12 10:00:00
437,437,437,POL100437,COMM,EXPIRED,2024-03-13,2025-03-13,,,2025-03-13 10:00:00
438,438,438,POL100438,FIRE,CANCELLED,2024-03-14,2025-03-14,2024-09-10,Underwriting Decision,2025-03-14 10:00:00
439,439,439,POL100439,MARINE,ACTIVE,2024-03-15,2025-03-15,,,2025-03-15 10:00:00
440,440,440,POL100440,LIABILITY,EXPIRED,2024-03-16,2025-03-16,,,2025-03-16 10:00:00
441,441,441,POL100441,WORKCOMP,CANCELLED,2024-03-17,2025-03-17,2024-09-13,Non-payment,2025-03-17 10:00:00
442,442,442,POL100442,AUTO,ACTIVE,2024-03-18,2025-03-18,,,2025-03-18 10:00:00
443,443,443,POL100443,HOME,EXPIRED,2024-03-19,2025-03-19,,,2025-03-19 10:00:00
444,444,444,POL100444,COMM,CANCELLED,2024-03-20,2025-03-20,2024-09-16,Underwriting Decision,2025-03-20 10:00:00
445,445,445,POL100445,FIRE,ACTIVE,2024-03-21,2025-03-21,,,2025-03-21 10:00:00
446,446,446,POL100446,MARINE,EXPIRED,2024-03-22,2025-03-22,,,2025-03-22 10:00:00
447,447,447,POL100447,LIABILITY,CANCELLED,2024-03-23,2025-03-23,2024-09-19,Customer Request,2025-03-23 10:00:00
448,448,448,POL100448,WORKCOMP,ACTIVE,2024-03-24,2025-03-24,,,2025-03-24 10:00:00
449,449,449,POL100449,AUTO,EXPIRED,2024-03-25,2025-03-25,,,2025-03-25 10:00:00
450,450,450,POL100450,HOME,CANCELLED,2024-03-26,2025-03-26,2024-09-22,Underwriting Decision,2025-03-26 10:00:00
451,451,451,POL100451,COMM,ACTIVE,2024-03-27,2025-03-27,,,2025-03-27 10:00:00
452,452,452,POL100452,FIRE,EXPIRED,2024-03-28,2025-03-28,,,2025-03-28 10:00:00
453,453,453,POL100453,MARINE,CANCELLED,2024-03-29,2025-03-29,2024-09-25,Non-payment,2025-03-29 10:00:00
454,454,454,POL100454,LIABILITY,ACTIVE,2024-03-30,2025-03-30,,,2025-03-30 10:00:00
455,455,455,POL100455,WORKCOMP,EXPIRED,2024-03-31,2025-03-31,,,2025-03-31 10:00:00
456,456,456,POL100456,AUTO,CANCELLED,2024-04-01,2025-04-01,2024-09-28,Customer Request,2025-04-01 10:00:00
457,457,457,POL100457,HOME,ACTIVE,2024-04-02,2025-04-02,,,2025-04-02 10:00:00
458,458,458,POL100458,COMM,EXPIRED,2024-04-03,2025-04-03,,,2025-04-03 10:00:00
459,459,459,POL100459,FIRE,CANCELLED,2024-04-04,2025-04-04,2024-10-01,Customer Request,2025-04-04 10:00:00
460,460,460,POL100460,MARINE,ACTIVE,2024-04-05,2025-04-05,,,2025-04-05 10:00:00
461,461,461,POL100461,LIABILITY,EXPIRED,2024-04-06,2025-04-06,,,2025-04-06 10:00:00
462,462,462,POL100462,WORKCOMP,CANCELLED,2024-04-07,2025-04-07,2024-10-04,Underwriting Decision,2025-04-07 10:00:00
463,463,463,POL100463,AUTO,ACTIVE,2024-04-08,2025-04-08,,,2025-04-08 10:00:00
464,464,464,POL100464,HOME,EXPIRED,2024-04-09,2025-04-09,,,2025-04-09 10:00:00
465,465,465,POL100465,COMM,CANCELLED,2024-04-10,2025-04-10,2024-10-07,Customer Request,2025-04-10 10:00:00
466,466,466,POL100466,FIRE,ACTIVE,2024-04-11,2025-04-11,,,2025-04-11 10:00:00
467,467,467,POL100467,MARINE,EXPIRED,2024-04-12,2025-04-12,,,2025-04-12 10:00:00
468,468,468,POL100468,LIABILITY,CANCELLED,2024-04-13,2025-04-13,2024-10-10,Underwriting Decision,2025-04-13 10:00:00
469,469,469,POL100469,WORKCOMP,ACTIVE,2024-04-14,2025-04-14,,,2025-04-14 10:00:00
470,470,470,POL100470,AUTO,EXPIRED,2024-04-15,2025-04-15,,,2025-04-15 10:00:00
471,471,471,POL100471,HOME,CANCELLED,2024-04-16,2025-04-16,2024-10-13,Customer Request,2025-04-16 10:00:00
472,472,472,POL100472,COMM,ACTIVE,2024-04-17,2025-04-17,,,2025-04-17 10:00:00
473,473,473,POL100473,FIRE,EXPIRED,2024-04-18,2025-04-18,,,2025-04-18 10:00:00
474,474,474,POL100474,MARINE,CANCELLED,2024-04-19,2025-04-19,2024-10-16,Underwriting Decision,2025-04-19 10:00:00
475,475,475,POL100475,LIABILITY,ACTIVE,2024-04-20,2025-04-20,,,2025-04-20 10:00:00
476,476,476,POL100476,WORKCOMP,EXPIRED,2024-04-21,2025-04-21,,,2025-04-21 10:00:00
477,477,477,POL100477,AUTO,CANCELLED,2024-04-22,2025-04-22,2024-10-19,Non-payment,2025-04-22 10:00:00
478,478,478,POL100478,HOME,ACTIVE,2024-04-23,2025-04-23,,,2025-04-23 10:00:00
479,479,479,POL100479,COMM,EXPIRED,2024-04-24,2025-04-24,,,2025-04-24 10:00:00
480,480,480,POL100480,FIRE,CANCELLED,2024-04-25,2025-04-25,2024-10-22,Underwriting Decision,2025-04-25 10:00:00
481,481,481,POL100481,MARINE,ACTIVE,2024-04-26,2025-04-26,,,2025-04-26 10:00:00
482,482,482,POL100482,LIABILITY,EXPIRED,2024-04-27,2025-04-27,,,2025-04-27 10:00:00
483,483,483,POL100483,WORKCOMP,CANCELLED,2024-04-28,2025-04-28,2024-10-25,Underwriting Decision,2025-04-28 10:00:00
484,484,484,POL100484,AUTO,ACTIVE,2024-04-29,2025-04-29,,,2025-04-29 10:00:00
485,485,485,POL100485,HOME,EXPIRED,2024-04-30,2025-04-30,,,2025-04-30 10:00:00
486,486,486,POL100486,COMM,CANCELLED,2024-05-01,2025-05-01,2024-10-28,Non-payment,2025-05-01 10:00:00
487,487,487,POL100487,FIRE,ACTIVE,2024-05-02,2025-05-02,,,2025-05-02 10:00:00
488,488,488,POL100488,MARINE,EXPIRED,2024-05-03,2025-05-03,,,2025-05-03 10:00:00
489,489,489,POL100489,LIABILITY,CANCELLED,2024-05-04,2025-05-04,2024-10-31,Underwriting Decision,2025-05-04 10:00:00
490,490,490,POL100490,WORKCOMP,ACTIVE,2024-05-05,2025-05-05,,,2025-05-05 10:00:00
491,491,491,POL100491,AUTO,EXPIRED,2024-05-06,2025-05-06,,,2025-05-06 10:00:00
492,492,492,POL100492,HOME,CANCELLED,2024-05-07,2025-05-07,2024-11-03,Underwriting Decision,2025-05-07 10:00:00
493,493,493,POL100493,COMM,ACTIVE,2024-05-08,2025-05-08,,,2025-05-08 10:00:00
494,494,494,POL100494,FIRE,EXPIRED,2024-05-09,2025-05-09,,,2025-05-09 10:00:00
495,495,495,POL100495,MARINE,CANCELLED,2024-05-10,2025-05-10,2024-11-06,Customer Request,2025-05-10 10:00:00
496,496,496,POL100496,LIABILITY,ACTIVE,2024-05-11,2025-05-11,,,2025-05-11 10:00:00
497,497,497,POL100497,WORKCOMP,EXPIRED,2024-05-12,2025-05-12,,,2025-05-12 10:00:00
498,498,498,POL100498,AUTO,CANCELLED,2024-05-13,2025-05-13,2024-11-09,Underwriting Decision,2025-05-13 10:00:00
499,499,499,POL100499,HOME,ACTIVE,2024-05-14,2025-05-14,,,2025-05-14 10:00:00
500,500,500,POL100500,COMM,EXPIRED,2024-05-15,2025-05-15,,,2025-05-15 10:00:00
501,501,501,POL100501,FIRE,CANCELLED,2024-05-16,2025-05-16,2024-11-12,Customer Request,2025-05-16 10:00:00
502,502,502,POL100502,MARINE,ACTIVE,2024-05-17,2025-05-17,,,2025-05-17 10:00:00
503,503,503,POL100503,LIABILITY,EXPIRED,2024-05-18,2025-05-18,,,2025-05-18 10:00:00
504,504,504,POL100504,WORKCOMP,CANCELLED,2024-05-19,2025-05-19,2024-11-15,Non-payment,2025-05-19 10:00:00
505,505,505,POL100505,AUTO,ACTIVE,2024-05-20,2025-05-20,,,2025-05-20 10:00:00
506,506,506,POL100506,HOME,EXPIRED,2024-05-21,2025-05-21,,,2025-05-21 10:00:00
507,507,507,POL100507,COMM,CANCELLED,2024-05-22,2025-05-22,2024-11-18,Customer Request,2025-05-22 10:00:00
508,508,508,POL100508,FIRE,ACTIVE,2024-05-23,2025-05-23,,,2025-05-23 10:00:00
509,509,509,POL100509,MARINE,EXPIRED,2024-05-24,2025-05-24,,,2025-05-24 10:00:00
510,510,510,POL100510,LIABILITY,CANCELLED,2024-05-25,2025-05-25,2024-11-21,Customer Request,2025-05-25 10:00:00
511,511,511,POL100511,WORKCOMP,ACTIVE,2024-05-26,2025-05-26,,,2025-05-26 10:00:00
512,512,512,POL100512,AUTO,EXPIRED,2024-05-27,2025-05-27,,,2025-05-27 10:00:00
513,513,513,POL100513,HOME,CANCELLED,2024-05-28,2025-05-28,2024-11-24,Non-payment,2025-05-28 10:00:00
514,514,514,POL100514,COMM,ACTIVE,2024-05-29,2025-05-29,,,2025-05-29 10:00:00
515,515,515,POL100515,FIRE,EXPIRED,2024-05-30,2025-05-30,,,2025-05-30 10:00:00
516,516,516,POL100516,MARINE,CANCELLED,2024-05-31,2025-05-31,2024-11-27,Customer Request,2025-05-31 10:00:00
517,517,517,POL100517,LIABILITY,ACTIVE,2024-06-01,2025-06-01,,,2025-06-01 10:00:00
518,518,518,POL100518,WORKCOMP,EXPIRED,2024-06-02,2025-06-02,,,2025-06-02 10:00:00
519,519,519,POL100519,AUTO,CANCELLED,2024-06-03,2025-06-03,2024-11-30,Non-payment,2025-06-03 10:00:00
520,520,520,POL100520,HOME,ACTIVE,2024-06-04,2025-06-04,,,2025-06-04 10:00:00
521,521,521,POL100521,COMM,EXPIRED,2024-06-05,2025-06-05,,,2025-06-05 10:00:00
522,522,522,POL100522,FIRE,CANCELLED,2024-06-06,2025-06-06,2024-12-03,Underwriting Decision,2025-06-06 10:00:00
523,523,523,POL100523,MARINE,ACTIVE,2024-06-07,2025-06-07,,,2025-06-07 10:00:00
524,524,524,POL100524,LIABILITY,EXPIRED,2024-06-08,2025-06-08,,,2025-06-08 10:00:00
525,525,525,POL100525,WORKCOMP,CANCELLED,2024-06-09,2025-06-09,2024-12-06,Underwriting Decision,2025-06-09 10:00:00
526,526,526,POL100526,AUTO,ACTIVE,2024-06-10,2025-06-10,,,2025-06-10 10:00:00
527,527,527,POL100527,HOME,EXPIRED,2024-06-11,2025-06-11,,,2025-06-11 10:00:00
528,528,528,POL100528,COMM,CANCELLED,2024-06-12,2025-06-12,2024-12-09,Customer Request,2025-06-12 10:00:00
529,529,529,POL100529,FIRE,ACTIVE,2024-06-13,2025-06-13,,,2025-06-13 10:00:00
530,530,530,POL100530,MARINE,EXPIRED,2024-06-14,2025-06-14,,,2025-06-14 10:00:00
531,531,531,POL100531,LIABILITY,CANCELLED,2024-06-15,2025-06-15,2024-12-12,Underwriting Decision,2025-06-15 10:00:00
532,532,532,POL100532,WORKCOMP,ACTIVE,2024-06-16,2025-06-16,,,2025-06-16 10:00:00
533,533,533,POL100533,AUTO,EXPIRED,2024-06-17,2025-06-17,,,2025-06-17 10:00:00
534,534,534,POL100534,HOME,CANCELLED,2024-06-18,2025-06-18,2024-12-15,Non-payment,2025-06-18 10:00:00
535,535,535,POL100535,COMM,ACTIVE,2024-06-19,2025-06-19,,,2025-06-19 10:00:00
536,536,536,POL100536,FIRE,EXPIRED,2024-06-20,2025-06-20,,,2025-06-20 10:00:00
537,537,537,POL100537,MARINE,CANCELLED,2024-06-21,2025-06-21,2024-12-18,Underwriting Decision,2025-06-21 10:00:00
538,538,538,POL100538,LIABILITY,ACTIVE,2024-06-22,2025-06-22,,,2025-06-22 10:00:00
539,539,539,POL100539,WORKCOMP,EXPIRED,2024-06-23,2025-06-23,,,2025-06-23 10:00:00
540,540,540,POL100540,AUTO,CANCELLED,2024-06-24,2025-06-24,2024-12-21,Non-payment,2025-06-24 10:00:00
541,541,541,POL100541,HOME,ACTIVE,2024-06-25,2025-06-25,,,2025-06-25 10:00:00
542,542,542,POL100542,COMM,EXPIRED,2024-06-26,2025-06-26,,,2025-06-26 10:00:00
543,543,543,POL100543,FIRE,CANCELLED,2024-06-27,2025-06-27,2024-12-24,Underwriting Decision,2025-06-27 10:00:00
544,544,544,POL100544,MARINE,ACTIVE,2024-06-28,2025-06-28,,,2025-06-28 10:00:00
545,545,545,POL100545,LIABILITY,EXPIRED,2024-06-29,2025-06-29,,,2025-06-29 10:00:00
546,546,546,POL100546,WORKCOMP,CANCELLED,2024-06-30,2025-06-30,2024-12-27,Customer Request,2025-06-30 10:00:00
547,547,547,POL100547,AUTO,ACTIVE,2024-07-01,2025-07-01,,,2025-07-01 10:00:00
548,548,548,POL100548,HOME,EXPIRED,2024-07-02,2025-07-02,,,2025-07-02 10:00:00
549,549,549,POL100549,COMM,CANCELLED,2024-07-03,2025-07-03,2024-12-30,Underwriting Decision,2025-07-03 10:00:00
550,550,550,POL100550,FIRE,ACTIVE,2024-07-04,2025-07-04,,,2025-07-04 10:00:00
551,551,551,POL100551,MARINE,EXPIRED,2024-07-05,2025-07-05,,,2025-07-05 10:00:00
552,552,552,POL100552,LIABILITY,CANCELLED,2024-07-06,2025-07-06,2025-01-02,Underwriting Decision,2025-07-06 10:00:00
553,553,553,POL100553,WORKCOMP,ACTIVE,2024-07-07,2025-07-07,,,2025-07-07 10:00:00
554,554,554,POL100554,AUTO,EXPIRED,2024-07-08,2025-07-08,,,2025-07-08 10:00:00
555,555,555,POL100555,HOME,CANCELLED,2024-07-09,2025-07-09,2025-01-05,Underwriting Decision,2025-07-09 10:00:00
556,556,556,POL100556,COMM,ACTIVE,2024-07-10,2025-07-10,,,2025-07-10 10:00:00
557,557,557,POL100557,FIRE,EXPIRED,2024-07-11,2025-07-11,,,2025-07-11 10:00:00
558,558,558,POL100558,MARINE,CANCELLED,2024-07-12,2025-07-12,2025-01-08,Non-payment,2025-07-12 10:00:00
559,559,559,POL100559,LIABILITY,ACTIVE,2024-07-13,2025-07-13,,,2025-07-13 10:00:00
560,560,560,POL100560,WORKCOMP,EXPIRED,2024-07-14,2025-07-14,,,2025-07-14 10:00:00
561,561,561,POL100561,AUTO,CANCELLED,2024-07-15,2025-07-15,2025-01-11,Non-payment,2025-07-15 10:00:00
562,562,562,POL100562,HOME,ACTIVE,2024-07-16,2025-07-16,,,2025-07-16 10:00:00
563,563,563,POL100563,COMM,EXPIRED,2024-07-17,2025-07-17,,,2025-07-17 10:00:00
564,564,564,POL100564,FIRE,CANCELLED,2024-07-18,2025-07-18,2025-01-14,Customer Request,2025-07-18 10:00:00
565,565,565,POL100565,MARINE,ACTIVE,2024-07-19,2025-07-19,,,2025-07-19 10:00:00
566,566,566,POL100566,LIABILITY,EXPIRED,2024-07-20,2025-07-20,,,2025-07-20 10:00:00
567,567,567,POL100567,WORKCOMP,CANCELLED,2024-07-21,2025-07-21,2025-01-17,Non-payment,2025-07-21 10:00:00
568,568,568,POL100568,AUTO,ACTIVE,2024-07-22,2025-07-22,,,2025-07-22 10:00:00
569,569,569,POL100569,HOME,EXPIRED,2024-07-23,2025-07-23,,,2025-07-23 10:00:00
570,570,570,POL100570,COMM,CANCELLED,2024-07-24,2025-07-24,2025-01-20,Underwriting Decision,2025-07-24 10:00:00
571,571,571,POL100571,FIRE,ACTIVE,2024-07-25,2025-07-25,,,2025-07-25 10:00:00
572,572,572,POL100572,MARINE,EXPIRED,2024-07-26,2025-07-26,,,2025-07-26 10:00:00
573,573,573,POL100573,LIABILITY,CANCELLED,2024-07-27,2025-07-27,2025-01-23,Underwriting Decision,2025-07-27 10:00:00
574,574,574,POL100574,WORKCOMP,ACTIVE,2024-07-28,2025-07-28,,,2025-07-28 10:00:00
575,575,575,POL100575,AUTO,EXPIRED,2024-07-29,2025-07-29,,,2025-07-29 10:00:00
576,576,576,POL100576,HOME,CANCELLED,2024-07-30,2025-07-30,2025-01-26,Non-payment,2025-07-30 10:00:00
577,577,577,POL100577,COMM,ACTIVE,2024-07-31,2025-07-31,,,2025-07-31 10:00:00
578,578,578,POL100578,FIRE,EXPIRED,2024-08-01,2025-08-01,,,2025-08-01 10:00:00
579,579,579,POL100579,MARINE,CANCELLED,2024-08-02,2025-08-02,2025-01-29,Underwriting Decision,2025-08-02 10:00:00
580,580,580,POL100580,LIABILITY,ACTIVE,2024-08-03,2025-08-03,,,2025-08-03 10:00:00
581,581,581,POL100581,WORKCOMP,EXPIRED,2024-08-04,2025-08-04,,,2025-08-04 10:00:00
582,582,582,POL100582,AUTO,CANCELLED,2024-08-05,2025-08-05,2025-02-01,Customer Request,2025-08-05 10:00:00
583,583,583,POL100583,HOME,ACTIVE,2024-08-06,2025-08-06,,,2025-08-06 10:00:00
584,584,584,POL100584,COMM,EXPIRED,2024-08-07,2025-08-07,,,2025-08-07 10:00:00
585,585,585,POL100585,FIRE,CANCELLED,2024-08-08,2025-08-08,2025-02-04,Customer Request,2025-08-08 10:00:00
586,586,586,POL100586,MARINE,ACTIVE,2024-08-09,2025-08-09,,,2025-08-09 10:00:00
587,587,587,POL100587,LIABILITY,EXPIRED,2024-08-10,2025-08-10,,,2025-08-10 10:00:00
588,588,588,POL100588,WORKCOMP,CANCELLED,2024-08-11,2025-08-11,2025-02-07,Non-payment,2025-08-11 10:00:00
589,589,589,POL100589,AUTO,ACTIVE,2024-08-12,2025-08-12,,,2025-08-12 10:00:00
590,590,590,POL100590,HOME,EXPIRED,2024-08-13,2025-08-13,,,2025-08-13 10:00:00
591,591,591,POL100591,COMM,CANCELLED,2024-08-14,2025-08-14,2025-02-10,Non-payment,2025-08-14 10:00:00
592,592,592,POL100592,FIRE,ACTIVE,2024-08-15,2025-08-15,,,2025-08-15 10:00:00
593,593,593,POL100593,MARINE,EXPIRED,2024-08-16,2025-08-16,,,2025-08-16 10:00:00
594,594,594,POL100594,LIABILITY,CANCELLED,2024-08-17,2025-08-17,2025-02-13,Customer Request,2025-08-17 10:00:00
595,595,595,POL100595,WORKCOMP,ACTIVE,2024-08-18,2025-08-18,,,2025-08-18 10:00:00
596,596,596,POL100596,AUTO,EXPIRED,2024-08-19,2025-08-19,,,2025-08-19 10:00:00
597,597,597,POL100597,HOME,CANCELLED,2024-08-20,2025-08-20,2025-02-16,Customer Request,2025-08-20 10:00:00
598,598,598,POL100598,COMM,ACTIVE,2024-08-21,2025-08-21,,,2025-08-21 10:00:00
599,599,599,POL100599,FIRE,EXPIRED,2024-08-22,2025-08-22,,,2025-08-22 10:00:00
600,600,600,POL100600,MARINE,CANCELLED,2024-08-23,2025-08-23,2025-02-19,Non-payment,2025-08-23 10:00:00
601,601,601,POL100601,LIABILITY,ACTIVE,2024-08-24,2025-08-24,,,2025-08-24 10:00:00
602,602,602,POL100602,WORKCOMP,EXPIRED,2024-08-25,2025-08-25,,,2025-08-25 10:00:00
603,603,603,POL100603,AUTO,CANCELLED,2024-08-26,2025-08-26,2025-02-22,Non-payment,2025-08-26 10:00:00
604,604,604,POL100604,HOME,ACTIVE,2024-08-27,2025-08-27,,,2025-08-27 10:00:00
605,605,605,POL100605,COMM,EXPIRED,2024-08-28,2025-08-28,,,2025-08-28 10:00:00
606,606,606,POL100606,FIRE,CANCELLED,2024-08-29,2025-08-29,2025-02-25,Non-payment,2025-08-29 10:00:00
607,607,607,POL100607,MARINE,ACTIVE,2024-08-30,2025-08-30,,,2025-08-30 10:00:00
608,608,608,POL100608,LIABILITY,EXPIRED,2024-08-31,2025-08-31,,,2025-08-31 10:00:00
609,609,609,POL100609,WORKCOMP,CANCELLED,2024-09-01,2025-09-01,2025-02-28,Underwriting Decision,2025-09-01 10:00:00
610,610,610,POL100610,AUTO,ACTIVE,2024-09-02,2025-09-02,,,2025-09-02 10:00:00
611,611,611,POL100611,HOME,EXPIRED,2024-09-03,2025-09-03,,,2025-09-03 10:00:00
612,612,612,POL100612,COMM,CANCELLED,2024-09-04,2025-09-04,2025-03-03,Non-payment,2025-09-04 10:00:00
613,613,613,POL100613,FIRE,ACTIVE,2024-09-05,2025-09-05,,,2025-09-05 10:00:00
614,614,614,POL100614,MARINE,EXPIRED,2024-09-06,2025-09-06,,,2025-09-06 10:00:00
615,615,615,POL100615,LIABILITY,CANCELLED,2024-09-07,2025-09-07,2025-03-06,Non-payment,2025-09-07 10:00:00
616,616,616,POL100616,WORKCOMP,ACTIVE,2024-09-08,2025-09-08,,,2025-09-08 10:00:00
617,617,617,POL100617,AUTO,EXPIRED,2024-09-09,2025-09-09,,,2025-09-09 10:00:00
618,618,618,POL100618,HOME,CANCELLED,2024-09-10,2025-09-10,2025-03-09,Underwriting Decision,2025-09-10 10:00:00
619,619,619,POL100619,COMM,ACTIVE,2024-09-11,2025-09-11,,,2025-09-11 10:00:00
620,620,620,POL100620,FIRE,EXPIRED,2024-09-12,2025-09-12,,,2025-09-12 10:00:00
621,621,621,POL100621,MARINE,CANCELLED,2024-09-13,2025-09-13,2025-03-12,Customer Request,2025-09-13 10:00:00
622,622,622,POL100622,LIABILITY,ACTIVE,2024-09-14,2025-09-14,,,2025-09-14 10:00:00
623,623,623,POL100623,WORKCOMP,EXPIRED,2024-09-15,2025-09-15,,,2025-09-15 10:00:00
624,624,624,POL100624,AUTO,CANCELLED,2024-09-16,2025-09-16,2025-03-15,Non-payment,2025-09-16 10:00:00
625,625,625,POL100625,HOME,ACTIVE,2024-09-17,2025-09-17,,,2025-09-17 10:00:00
626,626,626,POL100626,COMM,EXPIRED,2024-09-18,2025-09-18,,,2025-09-18 10:00:00
627,627,627,POL100627,FIRE,CANCELLED,2024-09-19,2025-09-19,2025-03-18,Underwriting Decision,2025-09-19 10:00:00
628,628,628,POL100628,MARINE,ACTIVE,2024-09-20,2025-09-20,,,2025-09-20 10:00:00
629,629,629,POL100629,LIABILITY,EXPIRED,2024-09-21,2025-09-21,,,2025-09-21 10:00:00
630,630,630,POL100630,WORKCOMP,CANCELLED,2024-09-22,2025-09-22,2025-03-21,Non-payment,2025-09-22 10:00:00
631,631,631,POL100631,AUTO,ACTIVE,2024-09-23,2025-09-23,,,2025-09-23 10:00:00
632,632,632,POL100632,HOME,EXPIRED,2024-09-24,2025-09-24,,,2025-09-24 10:00:00
633,633,633,POL100633,COMM,CANCELLED,2024-09-25,2025-09-25,2025-03-24,Non-payment,2025-09-25 10:00:00
634,634,634,POL100634,FIRE,ACTIVE,2024-09-26,2025-09-26,,,2025-09-26 10:00:00
635,635,635,POL100635,MARINE,EXPIRED,2024-09-27,2025-09-27,,,2025-09-27 10:00:00
636,636,636,POL100636,LIABILITY,CANCELLED,2024-09-28,2025-09-28,2025-03-27,Underwriting Decision,2025-09-28 10:00:00
637,637,637,POL100637,WORKCOMP,ACTIVE,2024-09-29,2025-09-29,,,2025-09-29 10:00:00
638,638,638,POL100638,AUTO,EXPIRED,2024-09-30,2025-09-30,,,2025-09-30 10:00:00
639,639,639,POL100639,HOME,CANCELLED,2024-10-01,2025-10-01,2025-03-30,Customer Request,2025-10-01 10:00:00
640,640,640,POL100640,COMM,ACTIVE,2024-10-02,2025-10-02,,,2025-10-02 10:00:00
641,641,641,POL100641,FIRE,EXPIRED,2024-10-03,2025-10-03,,,2025-10-03 10:00:00
642,642,642,POL100642,MARINE,CANCELLED,2024-10-04,2025-10-04,2025-04-02,Underwriting Decision,2025-10-04 10:00:00
643,643,643,POL100643,LIABILITY,ACTIVE,2024-10-05,2025-10-05,,,2025-10-05 10:00:00
644,644,644,POL100644,WORKCOMP,EXPIRED,2024-10-06,2025-10-06,,,2025-10-06 10:00:00
645,645,645,POL100645,AUTO,CANCELLED,2024-10-07,2025-10-07,2025-04-05,Non-payment,2025-10-07 10:00:00
646,646,646,POL100646,HOME,ACTIVE,2024-10-08,2025-10-08,,,2025-10-08 10:00:00
647,647,647,POL100647,COMM,EXPIRED,2024-10-09,2025-10-09,,,2025-10-09 10:00:00
648,648,648,POL100648,FIRE,CANCELLED,2024-10-10,2025-10-10,2025-04-08,Customer Request,2025-10-10 10:00:00
649,649,649,POL100649,MARINE,ACTIVE,2024-10-11,2025-10-11,,,2025-10-11 10:00:00
650,650,650,POL100650,LIABILITY,EXPIRED,2024-10-12,2025-10-12,,,2025-10-12 10:00:00
651,651,651,POL100651,WORKCOMP,CANCELLED,2024-10-13,2025-10-13,2025-04-11,Underwriting Decision,2025-10-13 10:00:00
652,652,652,POL100652,AUTO,ACTIVE,2024-10-14,2025-10-14,,,2025-10-14 10:00:00
653,653,653,POL100653,HOME,EXPIRED,2024-10-15,2025-10-15,,,2025-10-15 10:00:00
654,654,654,POL100654,COMM,CANCELLED,2024-10-16,2025-10-16,2025-04-14,Underwriting Decision,2025-10-16 10:00:00
655,655,655,POL100655,FIRE,ACTIVE,2024-10-17,2025-10-17,,,2025-10-17 10:00:00
656,656,656,POL100656,MARINE,EXPIRED,2024-10-18,2025-10-18,,,2025-10-18 10:00:00
657,657,657,POL100657,LIABILITY,CANCELLED,2024-10-19,2025-10-19,2025-04-17,Customer Request,2025-10-19 10:00:00
658,658,658,POL100658,WORKCOMP,ACTIVE,2024-10-20,2025-10-20,,,2025-10-20 10:00:00
659,659,659,POL100659,AUTO,EXPIRED,2024-10-21,2025-10-21,,,2025-10-21 10:00:00
660,660,660,POL100660,HOME,CANCELLED,2024-10-22,2025-10-22,2025-04-20,Non-payment,2025-10-22 10:00:00
661,661,661,POL100661,COMM,ACTIVE,2024-10-23,2025-10-23,,,2025-10-23 10:00:00
662,662,662,POL100662,FIRE,EXPIRED,2024-10-24,2025-10-24,,,2025-10-24 10:00:00
663,663,663,POL100663,MARINE,CANCELLED,2024-10-25,2025-10-25,2025-04-23,Underwriting Decision,2025-10-25 10:00:00
664,664,664,POL100664,LIABILITY,ACTIVE,2024-10-26,2025-10-26,,,2025-10-26 10:00:00
665,665,665,POL100665,WORKCOMP,EXPIRED,2024-10-27,2025-10-27,,,2025-10-27 10:00:00
666,666,666,POL100666,AUTO,CANCELLED,2024-10-28,2025-10-28,2025-04-26,Underwriting Decision,2025-10-28 10:00:00
667,667,667,POL100667,HOME,ACTIVE,2024-10-29,2025-10-29,,,2025-10-29 10:00:00
668,668,668,POL100668,COMM,EXPIRED,2024-10-30,2025-10-30,,,2025-10-30 10:00:00
669,669,669,POL100669,FIRE,CANCELLED,2024-10-31,2025-10-31,2025-04-29,Underwriting Decision,2025-10-31 10:00:00
670,670,670,POL100670,MARINE,ACTIVE,2024-11-01,2025-11-01,,,2025-11-01 10:00:00
671,671,671,POL100671,LIABILITY,EXPIRED,2024-11-02,2025-11-02,,,2025-11-02 10:00:00
672,672,672,POL100672,WORKCOMP,CANCELLED,2024-11-03,2025-11-03,2025-05-02,Non-payment,2025-11-03 10:00:00
673,673,673,POL100673,AUTO,ACTIVE,2024-11-04,2025-11-04,,,2025-11-04 10:00:00
674,674,674,POL100674,HOME,EXPIRED,2024-11-05,2025-11-05,,,2025-11-05 10:00:00
675,675,675,POL100675,COMM,CANCELLED,2024-11-06,2025-11-06,2025-05-05,Underwriting Decision,2025-11-06 10:00:00
676,676,676,POL100676,FIRE,ACTIVE,2024-11-07,2025-11-07,,,2025-11-07 10:00:00
677,677,677,POL100677,MARINE,EXPIRED,2024-11-08,2025-11-08,,,2025-11-08 10:00:00
678,678,678,POL100678,LIABILITY,CANCELLED,2024-11-09,2025-11-09,2025-05-08,Customer Request,2025-11-09 10:00:00
679,679,679,POL100679,WORKCOMP,ACTIVE,2024-11-10,2025-11-10,,,2025-11-10 10:00:00
680,680,680,POL100680,AUTO,EXPIRED,2024-11-11,2025-11-11,,,2025-11-11 10:00:00
681,681,681,POL100681,HOME,CANCELLED,2024-11-12,2025-11-12,2025-05-11,Customer Request,2025-11-12 10:00:00
682,682,682,POL100682,COMM,ACTIVE,2024-11-13,2025-11-13,,,2025-11-13 10:00:00
683,683,683,POL100683,FIRE,EXPIRED,2024-11-14,2025-11-14,,,2025-11-14 10:00:00
684,684,684,POL100684,MARINE,CANCELLED,2024-11-15,2025-11-15,2025-05-14,Underwriting Decision,2025-11-15 10:00:00
685,685,685,POL100685,LIABILITY,ACTIVE,2024-11-16,2025-11-16,,,2025-11-16 10:00:00
686,686,686,POL100686,WORKCOMP,EXPIRED,2024-11-17,2025-11-17,,,2025-11-17 10:00:00
687,687,687,POL100687,AUTO,CANCELLED,2024-11-18,2025-11-18,2025-05-17,Underwriting Decision,2025-11-18 10:00:00
688,688,688,POL100688,HOME,ACTIVE,2024-11-19,2025-11-19,,,2025-11-19 10:00:00
689,689,689,POL100689,COMM,EXPIRED,2024-11-20,2025-11-20,,,2025-11-20 10:00:00
690,690,690,POL100690,FIRE,CANCELLED,2024-11-21,2025-11-21,2025-05-20,Customer Request,2025-11-21 10:00:00
691,691,691,POL100691,MARINE,ACTIVE,2024-11-22,2025-11-22,,,2025-11-22 10:00:00
692,692,692,POL100692,LIABILITY,EXPIRED,2024-11-23,2025-11-23,,,2025-11-23 10:00:00
693,693,693,POL100693,WORKCOMP,CANCELLED,2024-11-24,2025-11-24,2025-05-23,Customer Request,2025-11-24 10:00:00
694,694,694,POL100694,AUTO,ACTIVE,2024-11-25,2025-11-25,,,2025-11-25 10:00:00
695,695,695,POL100695,HOME,EXPIRED,2024-11-26,2025-11-26,,,2025-11-26 10:00:00
696,696,696,POL100696,COMM,CANCELLED,2024-11-27,2025-11-27,2025-05-26,Underwriting Decision,2025-11-27 10:00:00
697,697,697,POL100697,FIRE,ACTIVE,2024-11-28,2025-11-28,,,2025-11-28 10:00:00
698,698,698,POL100698,MARINE,EXPIRED,2024-11-29,2025-11-29,,,2025-11-29 10:00:00
699,699,699,POL100699,LIABILITY,CANCELLED,2024-11-30,2025-11-30,2025-05-29,Customer Request,2025-11-30 10:00:00
700,700,700,POL100700,WORKCOMP,ACTIVE,2023-01-01,2024-01-01,,,2024-01-01 10:00:00
701,701,701,POL100701,AUTO,EXPIRED,2023-01-02,2024-01-02,,,2024-01-02 10:00:00
702,702,702,POL100702,HOME,CANCELLED,2023-01-03,2024-01-03,2023-07-02,Non-payment,2024-01-03 10:00:00
703,703,703,POL100703,COMM,ACTIVE,2023-01-04,2024-01-04,,,2024-01-04 10:00:00
704,704,704,POL100704,FIRE,EXPIRED,2023-01-05,2024-01-05,,,2024-01-05 10:00:00
705,705,705,POL100705,MARINE,CANCELLED,2023-01-06,2024-01-06,2023-07-05,Non-payment,2024-01-06 10:00:00
706,706,706,POL100706,LIABILITY,ACTIVE,2023-01-07,2024-01-07,,,2024-01-07 10:00:00
707,707,707,POL100707,WORKCOMP,EXPIRED,2023-01-08,2024-01-08,,,2024-01-08 10:00:00
708,708,708,POL100708,AUTO,CANCELLED,2023-01-09,2024-01-09,2023-07-08,Non-payment,2024-01-09 10:00:00
709,709,709,POL100709,HOME,ACTIVE,2023-01-10,2024-01-10,,,2024-01-10 10:00:00
710,710,710,POL100710,COMM,EXPIRED,2023-01-11,2024-01-11,,,2024-01-11 10:00:00
711,711,711,POL100711,FIRE,CANCELLED,2023-01-12,2024-01-12,2023-07-11,Non-payment,2024-01-12 10:00:00
712,712,712,POL100712,MARINE,ACTIVE,2023-01-13,2024-01-13,,,2024-01-13 10:00:00
713,713,713,POL100713,LIABILITY,EXPIRED,2023-01-14,2024-01-14,,,2024-01-14 10:00:00
714,714,714,POL100714,WORKCOMP,CANCELLED,2023-01-15,2024-01-15,2023-07-14,Customer Request,2024-01-15 10:00:00
715,715,715,POL100715,AUTO,ACTIVE,2023-01-16,2024-01-16,,,2024-01-16 10:00:00
716,716,716,POL100716,HOME,EXPIRED,2023-01-17,2024-01-17,,,2024-01-17 10:00:00
717,717,717,POL100717,COMM,CANCELLED,2023-01-18,2024-01-18,2023-07-17,Non-payment,2024-01-18 10:00:00
718,718,718,POL100718,FIRE,ACTIVE,2023-01-19,2024-01-19,,,2024-01-19 10:00:00
719,719,719,POL100719,MARINE,EXPIRED,2023-01-20,2024-01-20,,,2024-01-20 10:00:00
720,720,720,POL100720,LIABILITY,CANCELLED,2023-01-21,2024-01-21,2023-07-20,Underwriting Decision,2024-01-21 10:00:00
721,721,721,POL100721,WORKCOMP,ACTIVE,2023-01-22,2024-01-22,,,2024-01-22 10:00:00
722,722,722,POL100722,AUTO,EXPIRED,2023-01-23,2024-01-23,,,2024-01-23 10:00:00
723,723,723,POL100723,HOME,CANCELLED,2023-01-24,2024-01-24,2023-07-23,Underwriting Decision,2024-01-24 10:00:00
724,724,724,POL100724,COMM,ACTIVE,2023-01-25,2024-01-25,,,2024-01-25 10:00:00
725,725,725,POL100725,FIRE,EXPIRED,2023-01-26,2024-01-26,,,2024-01-26 10:00:00
726,726,726,POL100726,MARINE,CANCELLED,2023-01-27,2024-01-27,2023-07-26,Non-payment,2024-01-27 10:00:00
727,727,727,POL100727,LIABILITY,ACTIVE,2023-01-28,2024-01-28,,,2024-01-28 10:00:00
728,728,728,POL100728,WORKCOMP,EXPIRED,2023-01-29,2024-01-29,,,2024-01-29 10:00:00
729,729,729,POL100729,AUTO,CANCELLED,2023-01-30,2024-01-30,2023-07-29,Underwriting Decision,2024-01-30 10:00:00
730,730,730,POL100730,HOME,ACTIVE,2023-01-31,2024-01-31,,,2024-01-31 10:00:00
731,731,731,POL100731,COMM,EXPIRED,2023-02-01,2024-02-01,,,2024-02-01 10:00:00
732,732,732,POL100732,FIRE,CANCELLED,2023-02-02,2024-02-02,2023-08-01,Non-payment,2024-02-02 10:00:00
733,733,733,POL100733,MARINE,ACTIVE,2023-02-03,2024-02-03,,,2024-02-03 10:00:00
734,734,734,POL100734,LIABILITY,EXPIRED,2023-02-04,2024-02-04,,,2024-02-04 10:00:00
735,735,735,POL100735,WORKCOMP,CANCELLED,2023-02-05,2024-02-05,2023-08-04,Non-payment,2024-02-05 10:00:00
736,736,736,POL100736,AUTO,ACTIVE,2023-02-06,2024-02-06,,,2024-02-06 10:00:00
737,737,737,POL100737,HOME,EXPIRED,2023-02-07,2024-02-07,,,2024-02-07 10:00:00
738,738,738,POL100738,COMM,CANCELLED,2023-02-08,2024-02-08,2023-08-07,Non-payment,2024-02-08 10:00:00
739,739,739,POL100739,FIRE,ACTIVE,2023-02-09,2024-02-09,,,2024-02-09 10:00:00
740,740,740,POL100740,MARINE,EXPIRED,2023-02-10,2024-02-10,,,2024-02-10 10:00:00
741,741,741,POL100741,LIABILITY,CANCELLED,2023-02-11,2024-02-11,2023-08-10,Underwriting Decision,2024-02-11 10:00:00
742,742,742,POL100742,WORKCOMP,ACTIVE,2023-02-12,2024-02-12,,,2024-02-12 10:00:00
743,743,743,POL100743,AUTO,EXPIRED,2023-02-13,2024-02-13,,,2024-02-13 10:00:00
744,744,744,POL100744,HOME,CANCELLED,2023-02-14,2024-02-14,2023-08-13,Underwriting Decision,2024-02-14 10:00:00
745,745,745,POL100745,COMM,ACTIVE,2023-02-15,2024-02-15,,,2024-02-15 10:00:00
746,746,746,POL100746,FIRE,EXPIRED,2023-02-16,2024-02-16,,,2024-02-16 10:00:00
747,747,747,POL100747,MARINE,CANCELLED,2023-02-17,2024-02-17,2023-08-16,Non-payment,2024-02-17 10:00:00
748,748,748,POL100748,LIABILITY,ACTIVE,2023-02-18,2024-02-18,,,2024-02-18 10:00:00
749,749,749,POL100749,WORKCOMP,EXPIRED,2023-02-19,2024-02-19,,,2024-02-19 10:00:00
750,750,750,POL100750,AUTO,CANCELLED,2023-02-20,2024-02-20,2023-08-19,Non-payment,2024-02-20 10:00:00
751,751,751,POL100751,HOME,ACTIVE,2023-02-21,2024-02-21,,,2024-02-21 10:00:00
752,752,752,POL100752,COMM,EXPIRED,2023-02-22,2024-02-22,,,2024-02-22 10:00:00
753,753,753,POL100753,FIRE,CANCELLED,2023-02-23,2024-02-23,2023-08-22,Non-payment,2024-02-23 10:00:00
754,754,754,POL100754,MARINE,ACTIVE,2023-02-24,2024-02-24,,,2024-02-24 10:00:00
755,755,755,POL100755,LIABILITY,EXPIRED,2023-02-25,2024-02-25,,,2024-02-25 10:00:00
756,756,756,POL100756,WORKCOMP,CANCELLED,2023-02-26,2024-02-26,2023-08-25,Non-payment,2024-02-26 10:00:00
757,757,757,POL100757,AUTO,ACTIVE,2023-02-27,2024-02-27,,,2024-02-27 10:00:00
758,758,758,POL100758,HOME,EXPIRED,2023-02-28,2024-02-28,,,2024-02-28 10:00:00
759,759,759,POL100759,COMM,CANCELLED,2023-03-01,2024-02-29,2023-08-28,Customer Request,2024-02-29 10:00:00
760,760,760,POL100760,FIRE,ACTIVE,2023-03-02,2024-03-01,,,2024-03-01 10:00:00
761,761,761,POL100761,MARINE,EXPIRED,2023-03-03,2024-03-02,,,2024-03-02 10:00:00
762,762,762,POL100762,LIABILITY,CANCELLED,2023-03-04,2024-03-03,2023-08-31,Non-payment,2024-03-03 10:00:00
763,763,763,POL100763,WORKCOMP,ACTIVE,2023-03-05,2024-03-04,,,2024-03-04 10:00:00
764,764,764,POL100764,AUTO,EXPIRED,2023-03-06,2024-03-05,,,2024-03-05 10:00:00
765,765,765,POL100765,HOME,CANCELLED,2023-03-07,2024-03-06,2023-09-03,Underwriting Decision,2024-03-06 10:00:00
766,766,766,POL100766,COMM,ACTIVE,2023-03-08,2024-03-07,,,2024-03-07 10:00:00
767,767,767,POL100767,FIRE,EXPIRED,2023-03-09,2024-03-08,,,2024-03-08 10:00:00
768,768,768,POL100768,MARINE,CANCELLED,2023-03-10,2024-03-09,2023-09-06,Non-payment,2024-03-09 10:00:00
769,769,769,POL100769,LIABILITY,ACTIVE,2023-03-11,2024-03-10,,,2024-03-10 10:00:00
770,770,770,POL100770,WORKCOMP,EXPIRED,2023-03-12,2024-03-11,,,2024-03-11 10:00:00
771,771,771,POL100771,AUTO,CANCELLED,2023-03-13,2024-03-12,2023-09-09,Customer Request,2024-03-12 10:00:00
772,772,772,POL100772,HOME,ACTIVE,2023-03-14,2024-03-13,,,2024-03-13 10:00:00
773,773,773,POL100773,COMM,EXPIRED,2023-03-15,2024-03-14,,,2024-03-14 10:00:00
774,774,774,POL100774,FIRE,CANCELLED,2023-03-16,2024-03-15,2023-09-12,Underwriting Decision,2024-03-15 10:00:00
775,775,775,POL100775,MARINE,ACTIVE,2023-03-17,2024-03-16,,,2024-03-16 10:00:00
776,776,776,POL100776,LIABILITY,EXPIRED,2023-03-18,2024-03-17,,,2024-03-17 10:00:00
777,777,777,POL100777,WORKCOMP,CANCELLED,2023-03-19,2024-03-18,2023-09-15,Customer Request,2024-03-18 10:00:00
778,778,778,POL100778,AUTO,ACTIVE,2023-03-20,2024-03-19,,,2024-03-19 10:00:00
779,779,779,POL100779,HOME,EXPIRED,2023-03-21,2024-03-20,,,2024-03-20 10:00:00
780,780,780,POL100780,COMM,CANCELLED,2023-03-22,2024-03-21,2023-09-18,Non-payment,2024-03-21 10:00:00
781,781,781,POL100781,FIRE,ACTIVE,2023-03-23,2024-03-22,,,2024-03-22 10:00:00
782,782,782,POL100782,MARINE,EXPIRED,2023-03-24,2024-03-23,,,2024-03-23 10:00:00
783,783,783,POL100783,LIABILITY,CANCELLED,2023-03-25,2024-03-24,2023-09-21,Underwriting Decision,2024-03-24 10:00:00
784,784,784,POL100784,WORKCOMP,ACTIVE,2023-03-26,2024-03-25,,,2024-03-25 10:00:00
785,785,785,POL100785,AUTO,EXPIRED,2023-03-27,2024-03-26,,,2024-03-26 10:00:00
786,786,786,POL100786,HOME,CANCELLED,2023-03-28,2024-03-27,2023-09-24,Non-payment,2024-03-27 10:00:00
787,787,787,POL100787,COMM,ACTIVE,2023-03-29,2024-03-28,,,2024-03-28 10:00:00
788,788,788,POL100788,FIRE,EXPIRED,2023-03-30,2024-03-29,,,2024-03-29 10:00:00
789,789,789,POL100789,MARINE,CANCELLED,2023-03-31,2024-03-30,2023-09-27,Underwriting Decision,2024-03-30 10:00:00
790,790,790,POL100790,LIABILITY,ACTIVE,2023-04-01,2024-03-31,,,2024-03-31 10:00:00
791,791,791,POL100791,WORKCOMP,EXPIRED,2023-04-02,2024-04-01,,,2024-04-01 10:00:00
792,792,792,POL100792,AUTO,CANCELLED,2023-04-03,2024-04-02,2023-09-30,Underwriting Decision,2024-04-02 10:00:00
793,793,793,POL100793,HOME,ACTIVE,2023-04-04,2024-04-03,,,2024-04-03 10:00:00
794,794,794,POL100794,COMM,EXPIRED,2023-04-05,2024-04-04,,,2024-04-04 10:00:00
795,795,795,POL100795,FIRE,CANCELLED,2023-04-06,2024-04-05,2023-10-03,Underwriting Decision,2024-04-05 10:00:00
796,796,796,POL100796,MARINE,ACTIVE,2023-04-07,2024-04-06,,,2024-04-06 10:00:00
797,797,797,POL100797,LIABILITY,EXPIRED,2023-04-08,2024-04-07,,,2024-04-07 10:00:00
798,798,798,POL100798,WORKCOMP,CANCELLED,2023-04-09,2024-04-08,2023-10-06,Customer Request,2024-04-08 10:00:00
799,799,799,POL100799,AUTO,ACTIVE,2023-04-10,2024-04-09,,,2024-04-09 10:00:00
800,800,800,POL100800,HOME,EXPIRED,2023-04-11,2024-04-10,,,2024-04-10 10:00:00
801,801,801,POL100801,COMM,CANCELLED,2023-04-12,2024-04-11,2023-10-09,Non-payment,2024-04-11 10:00:00
802,802,802,POL100802,FIRE,ACTIVE,2023-04-13,2024-04-12,,,2024-04-12 10:00:00
803,803,803,POL100803,MARINE,EXPIRED,2023-04-14,2024-04-13,,,2024-04-13 10:00:00
804,804,804,POL100804,LIABILITY,CANCELLED,2023-04-15,2024-04-14,2023-10-12,Customer Request,2024-04-14 10:00:00
805,805,805,POL100805,WORKCOMP,ACTIVE,2023-04-16,2024-04-15,,,2024-04-15 10:00:00
806,806,806,POL100806,AUTO,EXPIRED,2023-04-17,2024-04-16,,,2024-04-16 10:00:00
807,807,807,POL100807,HOME,CANCELLED,2023-04-18,2024-04-17,2023-10-15,Customer Request,2024-04-17 10:00:00
808,808,808,POL100808,COMM,ACTIVE,2023-04-19,2024-04-18,,,2024-04-18 10:00:00
809,809,809,POL100809,FIRE,EXPIRED,2023-04-20,2024-04-19,,,2024-04-19 10:00:00
810,810,810,POL100810,MARINE,CANCELLED,2023-04-21,2024-04-20,2023-10-18,Non-payment,2024-04-20 10:00:00
811,811,811,POL100811,LIABILITY,ACTIVE,2023-04-22,2024-04-21,,,2024-04-21 10:00:00
812,812,812,POL100812,WORKCOMP,EXPIRED,2023-04-23,2024-04-22,,,2024-04-22 10:00:00
813,813,813,POL100813,AUTO,CANCELLED,2023-04-24,2024-04-23,2023-10-21,Non-payment,2024-04-23 10:00:00
814,814,814,POL100814,HOME,ACTIVE,2023-04-25,2024-04-24,,,2024-04-24 10:00:00
815,815,815,POL100815,COMM,EXPIRED,2023-04-26,2024-04-25,,,2024-04-25 10:00:00
816,816,816,POL100816,FIRE,CANCELLED,2023-04-27,2024-04-26,2023-10-24,Non-payment,2024-04-26 10:00:00
817,817,817,POL100817,MARINE,ACTIVE,2023-04-28,2024-04-27,,,2024-04-27 10:00:00
818,818,818,POL100818,LIABILITY,EXPIRED,2023-04-29,2024-04-28,,,2024-04-28 10:00:00
819,819,819,POL100819,WORKCOMP,CANCELLED,2023-04-30,2024-04-29,2023-10-27,Underwriting Decision,2024-04-29 10:00:00
820,820,820,POL100820,AUTO,ACTIVE,2023-05-01,2024-04-30,,,2024-04-30 10:00:00
821,821,821,POL100821,HOME,EXPIRED,2023-05-02,2024-05-01,,,2024-05-01 10:00:00
822,822,822,POL100822,COMM,CANCELLED,2023-05-03,2024-05-02,2023-10-30,Customer Request,2024-05-02 10:00:00
823,823,823,POL100823,FIRE,ACTIVE,2023-05-04,2024-05-03,,,2024-05-03 10:00:00
824,824,824,POL100824,MARINE,EXPIRED,2023-05-05,2024-05-04,,,2024-05-04 10:00:00
825,825,825,POL100825,LIABILITY,CANCELLED,2023-05-06,2024-05-05,2023-11-02,Customer Request,2024-05-05 10:00:00
826,826,826,POL100826,WORKCOMP,ACTIVE,2023-05-07,2024-05-06,,,2024-05-06 10:00:00
827,827,827,POL100827,AUTO,EXPIRED,2023-05-08,2024-05-07,,,2024-05-07 10:00:00
828,828,828,POL100828,HOME,CANCELLED,2023-05-09,2024-05-08,2023-11-05,Customer Request,2024-05-08 10:00:00
829,829,829,POL100829,COMM,ACTIVE,2023-05-10,2024-05-09,,,2024-05-09 10:00:00
830,830,830,POL100830,FIRE,EXPIRED,2023-05-11,2024-05-10,,,2024-05-10 10:00:00
831,831,831,POL100831,MARINE,CANCELLED,2023-05-12,2024-05-11,2023-11-08,Customer Request,2024-05-11 10:00:00
832,832,832,POL100832,LIABILITY,ACTIVE,2023-05-13,2024-05-12,,,2024-05-12 10:00:00
833,833,833,POL100833,WORKCOMP,EXPIRED,2023-05-14,2024-05-13,,,2024-05-13 10:00:00
834,834,834,POL100834,AUTO,CANCELLED,2023-05-15,2024-05-14,2023-11-11,Customer Request,2024-05-14 10:00:00
835,835,835,POL100835,HOME,ACTIVE,2023-05-16,2024-05-15,,,2024-05-15 10:00:00
836,836,836,POL100836,COMM,EXPIRED,2023-05-17,2024-05-16,,,2024-05-16 10:00:00
837,837,837,POL100837,FIRE,CANCELLED,2023-05-18,2024-05-17,2023-11-14,Underwriting Decision,2024-05-17 10:00:00
838,838,838,POL100838,MARINE,ACTIVE,2023-05-19,2024-05-18,,,2024-05-18 10:00:00
839,839,839,POL100839,LIABILITY,EXPIRED,2023-05-20,2024-05-19,,,2024-05-19 10:00:00
840,840,840,POL100840,WORKCOMP,CANCELLED,2023-05-21,2024-05-20,2023-11-17,Non-payment,2024-05-20 10:00:00
841,841,841,POL100841,AUTO,ACTIVE,2023-05-22,2024-05-21,,,2024-05-21 10:00:00
842,842,842,POL100842,HOME,EXPIRED,2023-05-23,2024-05-22,,,2024-05-22 10:00:00
843,843,843,POL100843,COMM,CANCELLED,2023-05-24,2024-05-23,2023-11-20,Underwriting Decision,2024-05-23 10:00:00
844,844,844,POL100844,FIRE,ACTIVE,2023-05-25,2024-05-24,,,2024-05-24 10:00:00
845,845,845,POL100845,MARINE,EXPIRED,2023-05-26,2024-05-25,,,2024-05-25 10:00:00
846,846,846,POL100846,LIABILITY,CANCELLED,2023-05-27,2024-05-26,2023-11-23,Underwriting Decision,2024-05-26 10:00:00
847,847,847,POL100847,WORKCOMP,ACTIVE,2023-05-28,2024-05-27,,,2024-05-27 10:00:00
848,848,848,POL100848,AUTO,EXPIRED,2023-05-29,2024-05-28,,,2024-05-28 10:00:00
849,849,849,POL100849,HOME,CANCELLED,2023-05-30,2024-05-29,2023-11-26,Underwriting Decision,2024-05-29 10:00:00
850,850,850,POL100850,COMM,ACTIVE,2023-05-31,2024-05-30,,,2024-05-30 10:00:00
851,851,851,POL100851,FIRE,EXPIRED,2023-06-01,2024-05-31,,,2024-05-31 10:00:00
852,852,852,POL100852,MARINE,CANCELLED,2023-06-02,2024-06-01,2023-11-29,Non-payment,2024-06-01 10:00:00
853,853,853,POL100853,LIABILITY,ACTIVE,2023-06-03,2024-06-02,,,2024-06-02 10:00:00
854,854,854,POL100854,WORKCOMP,EXPIRED,2023-06-04,2024-06-03,,,2024-06-03 10:00:00
855,855,855,POL100855,AUTO,CANCELLED,2023-06-05,2024-06-04,2023-12-02,Non-payment,2024-06-04 10:00:00
856,856,856,POL100856,HOME,ACTIVE,2023-06-06,2024-06-05,,,2024-06-05 10:00:00
857,857,857,POL100857,COMM,EXPIRED,2023-06-07,2024-06-06,,,2024-06-06 10:00:00
858,858,858,POL100858,FIRE,CANCELLED,2023-06-08,2024-06-07,2023-12-05,Customer Request,2024-06-07 10:00:00
859,859,859,POL100859,MARINE,ACTIVE,2023-06-09,2024-06-08,,,2024-06-08 10:00:00
860,860,860,POL100860,LIABILITY,EXPIRED,2023-06-10,2024-06-09,,,2024-06-09 10:00:00
861,861,861,POL100861,WORKCOMP,CANCELLED,2023-06-11,2024-06-10,2023-12-08,Underwriting Decision,2024-06-10 10:00:00
862,862,862,POL100862,AUTO,ACTIVE,2023-06-12,2024-06-11,,,2024-06-11 10:00:00
863,863,863,POL100863,HOME,EXPIRED,2023-06-13,2024-06-12,,,2024-06-12 10:00:00
864,864,864,POL100864,COMM,CANCELLED,2023-06-14,2024-06-13,2023-12-11,Customer Request,2024-06-13 10:00:00
865,865,865,POL100865,FIRE,ACTIVE,2023-06-15,2024-06-14,,,2024-06-14 10:00:00
866,866,866,POL100866,MARINE,EXPIRED,2023-06-16,2024-06-15,,,2024-06-15 10:00:00
867,867,867,POL100867,LIABILITY,CANCELLED,2023-06-17,2024-06-16,2023-12-14,Non-payment,2024-06-16 10:00:00
868,868,868,POL100868,WORKCOMP,ACTIVE,2023-06-18,2024-06-17,,,2024-06-17 10:00:00
869,869,869,POL100869,AUTO,EXPIRED,2023-06-19,2024-06-18,,,2024-06-18 10:00:00
870,870,870,POL100870,HOME,CANCELLED,2023-06-20,2024-06-19,2023-12-17,Non-payment,2024-06-19 10:00:00
871,871,871,POL100871,COMM,ACTIVE,2023-06-21,2024-06-20,,,2024-06-20 10:00:00
872,872,872,POL100872,FIRE,EXPIRED,2023-06-22,2024-06-21,,,2024-06-21 10:00:00
873,873,873,POL100873,MARINE,CANCELLED,2023-06-23,2024-06-22,2023-12-20,Non-payment,2024-06-22 10:00:00
874,874,874,POL100874,LIABILITY,ACTIVE,2023-06-24,2024-06-23,,,2024-06-23 10:00:00
875,875,875,POL100875,WORKCOMP,EXPIRED,2023-06-25,2024-06-24,,,2024-06-24 10:00:00
876,876,876,POL100876,AUTO,CANCELLED,2023-06-26,2024-06-25,2023-12-23,Non-payment,2024-06-25 10:00:00
877,877,877,POL100877,HOME,ACTIVE,2023-06-27,2024-06-26,,,2024-06-26 10:00:00
878,878,878,POL100878,COMM,EXPIRED,2023-06-28,2024-06-27,,,2024-06-27 10:00:00
879,879,879,POL100879,FIRE,CANCELLED,2023-06-29,2024-06-28,2023-12-26,Underwriting Decision,2024-06-28 10:00:00
880,880,880,POL100880,MARINE,ACTIVE,2023-06-30,2024-06-29,,,2024-06-29 10:00:00
881,881,881,POL100881,LIABILITY,EXPIRED,2023-07-01,2024-06-30,,,2024-06-30 10:00:00
882,882,882,POL100882,WORKCOMP,CANCELLED,2023-07-02,2024-07-01,2023-12-29,Customer Request,2024-07-01 10:00:00
883,883,883,POL100883,AUTO,ACTIVE,2023-07-03,2024-07-02,,,2024-07-02 10:00:00
884,884,884,POL100884,HOME,EXPIRED,2023-07-04,2024-07-03,,,2024-07-03 10:00:00
885,885,885,POL100885,COMM,CANCELLED,2023-07-05,2024-07-04,2024-01-01,Non-payment,2024-07-04 10:00:00
886,886,886,POL100886,FIRE,ACTIVE,2023-07-06,2024-07-05,,,2024-07-05 10:00:00
887,887,887,POL100887,MARINE,EXPIRED,2023-07-07,2024-07-06,,,2024-07-06 10:00:00
888,888,888,POL100888,LIABILITY,CANCELLED,2023-07-08,2024-07-07,2024-01-04,Customer Request,2024-07-07 10:00:00
889,889,889,POL100889,WORKCOMP,ACTIVE,2023-07-09,2024-07-08,,,2024-07-08 10:00:00
890,890,890,POL100890,AUTO,EXPIRED,2023-07-10,2024-07-09,,,2024-07-09 10:00:00
891,891,891,POL100891,HOME,CANCELLED,2023-07-11,2024-07-10,2024-01-07,Non-payment,2024-07-10 10:00:00
892,892,892,POL100892,COMM,ACTIVE,2023-07-12,2024-07-11,,,2024-07-11 10:00:00
893,893,893,POL100893,FIRE,EXPIRED,2023-07-13,2024-07-12,,,2024-07-12 10:00:00
894,894,894,POL100894,MARINE,CANCELLED,2023-07-14,2024-07-13,2024-01-10,Customer Request,2024-07-13 10:00:00
895,895,895,POL100895,LIABILITY,ACTIVE,2023-07-15,2024-07-14,,,2024-07-14 10:00:00
896,896,896,POL100896,WORKCOMP,EXPIRED,2023-07-16,2024-07-15,,,2024-07-15 10:00:00
897,897,897,POL100897,AUTO,CANCELLED,2023-07-17,2024-07-16,2024-01-13,Customer Request,2024-07-16 10:00:00
898,898,898,POL100898,HOME,ACTIVE,2023-07-18,2024-07-17,,,2024-07-17 10:00:00
899,899,899,POL100899,COMM,EXPIRED,2023-07-19,2024-07-18,,,2024-07-18 10:00:00
900,900,900,POL100900,FIRE,CANCELLED,2023-07-20,2024-07-19,2024-01-16,Non-payment,2024-07-19 10:00:00
901,901,901,POL100901,MARINE,ACTIVE,2023-07-21,2024-07-20,,,2024-07-20 10:00:00
902,902,902,POL100902,LIABILITY,EXPIRED,2023-07-22,2024-07-21,,,2024-07-21 10:00:00
903,903,903,POL100903,WORKCOMP,CANCELLED,2023-07-23,2024-07-22,2024-01-19,Non-payment,2024-07-22 10:00:00
904,904,904,POL100904,AUTO,ACTIVE,2023-07-24,2024-07-23,,,2024-07-23 10:00:00
905,905,905,POL100905,HOME,EXPIRED,2023-07-25,2024-07-24,,,2024-07-24 10:00:00
906,906,906,POL100906,COMM,CANCELLED,2023-07-26,2024-07-25,2024-01-22,Customer Request,2024-07-25 10:00:00
907,907,907,POL100907,FIRE,ACTIVE,2023-07-27,2024-07-26,,,2024-07-26 10:00:00
908,908,908,POL100908,MARINE,EXPIRED,2023-07-28,2024-07-27,,,2024-07-27 10:00:00
909,909,909,POL100909,LIABILITY,CANCELLED,2023-07-29,2024-07-28,2024-01-25,Underwriting Decision,2024-07-28 10:00:00
910,910,910,POL100910,WORKCOMP,ACTIVE,2023-07-30,2024-07-29,,,2024-07-29 10:00:00
911,911,911,POL100911,AUTO,EXPIRED,2023-07-31,2024-07-30,,,2024-07-30 10:00:00
912,912,912,POL100912,HOME,CANCELLED,2023-08-01,2024-07-31,2024-01-28,Non-payment,2024-07-31 10:00:00
913,913,913,POL100913,COMM,ACTIVE,2023-08-02,2024-08-01,,,2024-08-01 10:00:00
914,914,914,POL100914,FIRE,EXPIRED,2023-08-03,2024-08-02,,,2024-08-02 10:00:00
915,915,915,POL100915,MARINE,CANCELLED,2023-08-04,2024-08-03,2024-01-31,Non-payment,2024-08-03 10:00:00
916,916,916,POL100916,LIABILITY,ACTIVE,2023-08-05,2024-08-04,,,2024-08-04 10:00:00
917,917,917,POL100917,WORKCOMP,EXPIRED,2023-08-06,2024-08-05,,,2024-08-05 10:00:00
918,918,918,POL100918,AUTO,CANCELLED,2023-08-07,2024-08-06,2024-02-03,Underwriting Decision,2024-08-06 10:00:00
919,919,919,POL100919,HOME,ACTIVE,2023-08-08,2024-08-07,,,2024-08-07 10:00:00
920,920,920,POL100920,COMM,EXPIRED,2023-08-09,2024-08-08,,,2024-08-08 10:00:00
921,921,921,POL100921,FIRE,CANCELLED,2023-08-10,2024-08-09,2024-02-06,Underwriting Decision,2024-08-09 10:00:00
922,922,922,POL100922,MARINE,ACTIVE,2023-08-11,2024-08-10,,,2024-08-10 10:00:00
923,923,923,POL100923,LIABILITY,EXPIRED,2023-08-12,2024-08-11,,,2024-08-11 10:00:00
924,924,924,POL100924,WORKCOMP,CANCELLED,2023-08-13,2024-08-12,2024-02-09,Non-payment,2024-08-12 10:00:00
925,925,925,POL100925,AUTO,ACTIVE,2023-08-14,2024-08-13,,,2024-08-13 10:00:00
926,926,926,POL100926,HOME,EXPIRED,2023-08-15,2024-08-14,,,2024-08-14 10:00:00
927,927,927,POL100927,COMM,CANCELLED,2023-08-16,2024-08-15,2024-02-12,Non-payment,2024-08-15 10:00:00
928,928,928,POL100928,FIRE,ACTIVE,2023-08-17,2024-08-16,,,2024-08-16 10:00:00
929,929,929,POL100929,MARINE,EXPIRED,2023-08-18,2024-08-17,,,2024-08-17 10:00:00
930,930,930,POL100930,LIABILITY,CANCELLED,2023-08-19,2024-08-18,2024-02-15,Non-payment,2024-08-18 10:00:00
931,931,931,POL100931,WORKCOMP,ACTIVE,2023-08-20,2024-08-19,,,2024-08-19 10:00:00
932,932,932,POL100932,AUTO,EXPIRED,2023-08-21,2024-08-20,,,2024-08-20 10:00:00
933,933,933,POL100933,HOME,CANCELLED,2023-08-22,2024-08-21,2024-02-18,Non-payment,2024-08-21 10:00:00
934,934,934,POL100934,COMM,ACTIVE,2023-08-23,2024-08-22,,,2024-08-22 10:00:00
935,935,935,POL100935,FIRE,EXPIRED,2023-08-24,2024-08-23,,,2024-08-23 10:00:00
936,936,936,POL100936,MARINE,CANCELLED,2023-08-25,2024-08-24,2024-02-21,Customer Request,2024-08-24 10:00:00
937,937,937,POL100937,LIABILITY,ACTIVE,2023-08-26,2024-08-25,,,2024-08-25 10:00:00
938,938,938,POL100938,WORKCOMP,EXPIRED,2023-08-27,2024-08-26,,,2024-08-26 10:00:00
939,939,939,POL100939,AUTO,CANCELLED,2023-08-28,2024-08-27,2024-02-24,Customer Request,2024-08-27 10:00:00
940,940,940,POL100940,HOME,ACTIVE,2023-08-29,2024-08-28,,,2024-08-28 10:00:00
941,941,941,POL100941,COMM,EXPIRED,2023-08-30,2024-08-29,,,2024-08-29 10:00:00
942,942,942,POL100942,FIRE,CANCELLED,2023-08-31,2024-08-30,2024-02-27,Customer Request,2024-08-30 10:00:00
943,943,943,POL100943,MARINE,ACTIVE,2023-09-01,2024-08-31,,,2024-08-31 10:00:00
944,944,944,POL100944,LIABILITY,EXPIRED,2023-09-02,2024-09-01,,,2024-09-01 10:00:00
945,945,945,POL100945,WORKCOMP,CANCELLED,2023-09-03,2024-09-02,2024-03-01,Non-payment,2024-09-02 10:00:00
946,946,946,POL100946,AUTO,ACTIVE,2023-09-04,2024-09-03,,,2024-09-03 10:00:00
947,947,947,POL100947,HOME,EXPIRED,2023-09-05,2024-09-04,,,2024-09-04 10:00:00
948,948,948,POL100948,COMM,CANCELLED,2023-09-06,2024-09-05,2024-03-04,Customer Request,2024-09-05 10:00:00
949,949,949,POL100949,FIRE,ACTIVE,2023-09-07,2024-09-06,,,2024-09-06 10:00:00
950,950,950,POL100950,MARINE,EXPIRED,2023-09-08,2024-09-07,,,2024-09-07 10:00:00
951,951,951,POL100951,LIABILITY,CANCELLED,2023-09-09,2024-09-08,2024-03-07,Non-payment,2024-09-08 10:00:00
952,952,952,POL100952,WORKCOMP,ACTIVE,2023-09-10,2024-09-09,,,2024-09-09 10:00:00
953,953,953,POL100953,AUTO,EXPIRED,2023-09-11,2024-09-10,,,2024-09-10 10:00:00
954,954,954,POL100954,HOME,CANCELLED,2023-09-12,2024-09-11,2024-03-10,Non-payment,2024-09-11 10:00:00
955,955,955,POL100955,COMM,ACTIVE,2023-09-13,2024-09-12,,,2024-09-12 10:00:00
956,956,956,POL100956,FIRE,EXPIRED,2023-09-14,2024-09-13,,,2024-09-13 10:00:00
957,957,957,POL100957,MARINE,CANCELLED,2023-09-15,2024-09-14,2024-03-13,Customer Request,2024-09-14 10:00:00
958,958,958,POL100958,LIABILITY,ACTIVE,2023-09-16,2024-09-15,,,2024-09-15 10:00:00
959,959,959,POL100959,WORKCOMP,EXPIRED,2023-09-17,2024-09-16,,,2024-09-16 10:00:00
960,960,960,POL100960,AUTO,CANCELLED,2023-09-18,2024-09-17,2024-03-16,Non-payment,2024-09-17 10:00:00
961,961,961,POL100961,HOME,ACTIVE,2023-09-19,2024-09-18,,,2024-09-18 10:00:00
962,962,962,POL100962,COMM,EXPIRED,2023-09-20,2024-09-19,,,2024-09-19 10:00:00
963,963,963,POL100963,FIRE,CANCELLED,2023-09-21,2024-09-20,2024-03-19,Customer Request,2024-09-20 10:00:00
964,964,964,POL100964,MARINE,ACTIVE,2023-09-22,2024-09-21,,,2024-09-21 10:00:00
965,965,965,POL100965,LIABILITY,EXPIRED,2023-09-23,2024-09-22,,,2024-09-22 10:00:00
966,966,966,POL100966,WORKCOMP,CANCELLED,2023-09-24,2024-09-23,2024-03-22,Customer Request,2024-09-23 10:00:00
967,967,967,POL100967,AUTO,ACTIVE,2023-09-25,2024-09-24,,,2024-09-24 10:00:00
968,968,968,POL100968,HOME,EXPIRED,2023-09-26,2024-09-25,,,2024-09-25 10:00:00
969,969,969,POL100969,COMM,CANCELLED,2023-09-27,2024-09-26,2024-03-25,Customer Request,2024-09-26 10:00:00
970,970,970,POL100970,FIRE,ACTIVE,2023-09-28,2024-09-27,,,2024-09-27 10:00:00
971,971,971,POL100971,MARINE,EXPIRED,2023-09-29,2024-09-28,,,2024-09-28 10:00:00
972,972,972,POL100972,LIABILITY,CANCELLED,2023-09-30,2024-09-29,2024-03-28,Customer Request,2024-09-29 10:00:00
973,973,973,POL100973,WORKCOMP,ACTIVE,2023-10-01,2024-09-30,,,2024-09-30 10:00:00
974,974,974,POL100974,AUTO,EXPIRED,2023-10-02,2024-10-01,,,2024-10-01 10:00:00
975,975,975,POL100975,HOME,CANCELLED,2023-10-03,2024-10-02,2024-03-31,Customer Request,2024-10-02 10:00:00
976,976,976,POL100976,COMM,ACTIVE,2023-10-04,2024-10-03,,,2024-10-03 10:00:00
977,977,977,POL100977,FIRE,EXPIRED,2023-10-05,2024-10-04,,,2024-10-04 10:00:00
978,978,978,POL100978,MARINE,CANCELLED,2023-10-06,2024-10-05,2024-04-03,Underwriting Decision,2024-10-05 10:00:00
979,979,979,POL100979,LIABILITY,ACTIVE,2023-10-07,2024-10-06,,,2024-10-06 10:00:00
980,980,980,POL100980,WORKCOMP,EXPIRED,2023-10-08,2024-10-07,,,2024-10-07 10:00:00
981,981,981,POL100981,AUTO,CANCELLED,2023-10-09,2024-10-08,2024-04-06,Underwriting Decision,2024-10-08 10:00:00
982,982,982,POL100982,HOME,ACTIVE,2023-10-10,2024-10-09,,,2024-10-09 10:00:00
983,983,983,POL100983,COMM,EXPIRED,2023-10-11,2024-10-10,,,2024-10-10 10:00:00
984,984,984,POL100984,FIRE,CANCELLED,2023-10-12,2024-10-11,2024-04-09,Underwriting Decision,2024-10-11 10:00:00
985,985,985,POL100985,MARINE,ACTIVE,2023-10-13,2024-10-12,,,2024-10-12 10:00:00
986,986,986,POL100986,LIABILITY,EXPIRED,2023-10-14,2024-10-13,,,2024-10-13 10:00:00
987,987,987,POL100987,WORKCOMP,CANCELLED,2023-10-15,2024-10-14,2024-04-12,Underwriting Decision,2024-10-14 10:00:00
988,988,988,POL100988,AUTO,ACTIVE,2023-10-16,2024-10-15,,,2024-10-15 10:00:00
989,989,989,POL100989,HOME,EXPIRED,2023-10-17,2024-10-16,,,2024-10-16 10:00:00
990,990,990,POL100990,COMM,CANCELLED,2023-10-18,2024-10-17,2024-04-15,Underwriting Decision,2024-10-17 10:00:00
991,991,991,POL100991,FIRE,ACTIVE,2023-10-19,2024-10-18,,,2024-10-18 10:00:00
992,992,992,POL100992,MARINE,EXPIRED,2023-10-20,2024-10-19,,,2024-10-19 10:00:00
993,993,993,POL100993,LIABILITY,CANCELLED,2023-10-21,2024-10-20,2024-04-18,Customer Request,2024-10-20 10:00:00
994,994,994,POL100994,WORKCOMP,ACTIVE,2023-10-22,2024-10-21,,,2024-10-21 10:00:00
995,995,995,POL100995,AUTO,EXPIRED,2023-10-23,2024-10-22,,,2024-10-22 10:00:00
996,996,996,POL100996,HOME,CANCELLED,2023-10-24,2024-10-23,2024-04-21,Non-payment,2024-10-23 10:00:00
997,997,997,POL100997,COMM,ACTIVE,2023-10-25,2024-10-24,,,2024-10-24 10:00:00
998,998,998,POL100998,FIRE,EXPIRED,2023-10-26,2024-10-25,,,2024-10-25 10:00:00
999,999,999,POL100999,MARINE,CANCELLED,2023-10-27,2024-10-26,2024-04-24,Non-payment,2024-10-26 10:00:00
1000,1000,1000,POL101000,LIABILITY,ACTIVE,2023-10-28,2024-10-27,,,2024-10-27 10:00:00
1001,1001,1001,POL101001,WORKCOMP,EXPIRED,2023-10-29,2024-10-28,,,2024-10-28 10:00:00
1002,1002,1002,POL101002,AUTO,CANCELLED,2023-10-30,2024-10-29,2024-04-27,Customer Request,2024-10-29 10:00:00
1003,1003,1003,POL101003,HOME,ACTIVE,2023-10-31,2024-10-30,,,2024-10-30 10:00:00
1004,1004,1004,POL101004,COMM,EXPIRED,2023-11-01,2024-10-31,,,2024-10-31 10:00:00
1005,1005,1005,POL101005,FIRE,CANCELLED,2023-11-02,2024-11-01,2024-04-30,Non-payment,2024-11-01 10:00:00
1006,1006,1006,POL101006,MARINE,ACTIVE,2023-11-03,2024-11-02,,,2024-11-02 10:00:00
1007,1007,1007,POL101007,LIABILITY,EXPIRED,2023-11-04,2024-11-03,,,2024-11-03 10:00:00
1008,1008,1008,POL101008,WORKCOMP,CANCELLED,2023-11-05,2024-11-04,2024-05-03,Non-payment,2024-11-04 10:00:00
1009,1009,1009,POL101009,AUTO,ACTIVE,2023-11-06,2024-11-05,,,2024-11-05 10:00:00
1010,1010,1010,POL101010,HOME,EXPIRED,2023-11-07,2024-11-06,,,2024-11-06 10:00:00
1011,1011,1011,POL101011,COMM,CANCELLED,2023-11-08,2024-11-07,2024-05-06,Underwriting Decision,2024-11-07 10:00:00
1012,1012,1012,POL101012,FIRE,ACTIVE,2023-11-09,2024-11-08,,,2024-11-08 10:00:00
1013,1013,1013,POL101013,MARINE,EXPIRED,2023-11-10,2024-11-09,,,2024-11-09 10:00:00
1014,1014,1014,POL101014,LIABILITY,CANCELLED,2023-11-11,2024-11-10,2024-05-09,Underwriting Decision,2024-11-10 10:00:00
1015,1015,1015,POL101015,WORKCOMP,ACTIVE,2023-11-12,2024-11-11,,,2024-11-11 10:00:00
1016,1016,1016,POL101016,AUTO,EXPIRED,2023-11-13,2024-11-12,,,2024-11-12 10:00:00
1017,1017,1017,POL101017,HOME,CANCELLED,2023-11-14,2024-11-13,2024-05-12,Underwriting Decision,2024-11-13 10:00:00
1018,1018,1018,POL101018,COMM,ACTIVE,2023-11-15,2024-11-14,,,2024-11-14 10:00:00
1019,1019,1019,POL101019,FIRE,EXPIRED,2023-11-16,2024-11-15,,,2024-11-15 10:00:00
1020,1020,1020,POL101020,MARINE,CANCELLED,2023-11-17,2024-11-16,2024-05-15,Non-payment,2024-11-16 10:00:00
1021,1021,1021,POL101021,LIABILITY,ACTIVE,2023-11-18,2024-11-17,,,2024-11-17 10:00:00
1022,1022,1022,POL101022,WORKCOMP,EXPIRED,2023-11-19,2024-11-18,,,2024-11-18 10:00:00
1023,1023,1023,POL101023,AUTO,CANCELLED,2023-11-20,2024-11-19,2024-05-18,Underwriting Decision,2024-11-19 10:00:00
1024,1024,1024,POL101024,HOME,ACTIVE,2023-11-21,2024-11-20,,,2024-11-20 10:00:00
1025,1025,1025,POL101025,COMM,EXPIRED,2023-11-22,2024-11-21,,,2024-11-21 10:00:00
1026,1026,1026,POL101026,FIRE,CANCELLED,2023-11-23,2024-11-22,2024-05-21,Customer Request,2024-11-22 10:00:00
1027,1027,1027,POL101027,MARINE,ACTIVE,2023-11-24,2024-11-23,,,2024-11-23 10:00:00
1028,1028,1028,POL101028,LIABILITY,EXPIRED,2023-11-25,2024-11-24,,,2024-11-24 10:00:00
1029,1029,1029,POL101029,WORKCOMP,CANCELLED,2023-11-26,2024-11-25,2024-05-24,Non-payment,2024-11-25 10:00:00
1030,1030,1030,POL101030,AUTO,ACTIVE,2023-11-27,2024-11-26,,,2024-11-26 10:00:00
1031,1031,1031,POL101031,HOME,EXPIRED,2023-11-28,2024-11-27,,,2024-11-27 10:00:00
1032,1032,1032,POL101032,COMM,CANCELLED,2023-11-29,2024-11-28,2024-05-27,Non-payment,2024-11-28 10:00:00
1033,1033,1033,POL101033,FIRE,ACTIVE,2023-11-30,2024-11-29,,,2024-11-29 10:00:00
1034,1034,1034,POL101034,MARINE,EXPIRED,2023-12-01,2024-11-30,,,2024-11-30 10:00:00
1035,1035,1035,POL101035,LIABILITY,CANCELLED,2023-12-02,2024-12-01,2024-05-30,Underwriting Decision,2024-12-01 10:00:00
1036,1036,1036,POL101036,WORKCOMP,ACTIVE,2023-12-03,2024-12-02,,,2024-12-02 10:00:00
1037,1037,1037,POL101037,AUTO,EXPIRED,2023-12-04,2024-12-03,,,2024-12-03 10:00:00
1038,1038,1038,POL101038,HOME,CANCELLED,2023-12-05,2024-12-04,2024-06-02,Customer Request,2024-12-04 10:00:00
1039,1039,1039,POL101039,COMM,ACTIVE,2023-12-06,2024-12-05,,,2024-12-05 10:00:00
1040,1040,1040,POL101040,FIRE,EXPIRED,2023-12-07,2024-12-06,,,2024-12-06 10:00:00
1041,1041,1041,POL101041,MARINE,CANCELLED,2023-12-08,2024-12-07,2024-06-05,Underwriting Decision,2024-12-07 10:00:00
1042,1042,1042,POL101042,LIABILITY,ACTIVE,2023-12-09,2024-12-08,,,2024-12-08 10:00:00
1043,1043,1043,POL101043,WORKCOMP,EXPIRED,2023-12-10,2024-12-09,,,2024-12-09 10:00:00
1044,1044,1044,POL101044,AUTO,CANCELLED,2023-12-11,2024-12-10,2024-06-08,Underwriting Decision,2024-12-10 10:00:00
1045,1045,1045,POL101045,HOME,ACTIVE,2023-12-12,2024-12-11,,,2024-12-11 10:00:00
1046,1046,1046,POL101046,COMM,EXPIRED,2023-12-13,2024-12-12,,,2024-12-12 10:00:00
1047,1047,1047,POL101047,FIRE,CANCELLED,2023-12-14,2024-12-13,2024-06-11,Non-payment,2024-12-13 10:00:00
1048,1048,1048,POL101048,MARINE,ACTIVE,2023-12-15,2024-12-14,,,2024-12-14 10:00:00
1049,1049,1049,POL101049,LIABILITY,EXPIRED,2023-12-16,2024-12-15,,,2024-12-15 10:00:00
1050,1050,1050,POL101050,WORKCOMP,CANCELLED,2023-12-17,2024-12-16,2024-06-14,Non-payment,2024-12-16 10:00:00
1051,1051,1051,POL101051,AUTO,ACTIVE,2023-12-18,2024-12-17,,,2024-12-17 10:00:00
1052,1052,1052,POL101052,HOME,EXPIRED,2023-12-19,2024-12-18,,,2024-12-18 10:00:00
1053,1053,1053,POL101053,COMM,CANCELLED,2023-12-20,2024-12-19,2024-06-17,Underwriting Decision,2024-12-19 10:00:00
1054,1054,1054,POL101054,FIRE,ACTIVE,2023-12-21,2024-12-20,,,2024-12-20 10:00:00
1055,1055,1055,POL101055,MARINE,EXPIRED,2023-12-22,2024-12-21,,,2024-12-21 10:00:00
1056,1056,1056,POL101056,LIABILITY,CANCELLED,2023-12-23,2024-12-22,2024-06-20,Non-payment,2024-12-22 10:00:00
1057,1057,1057,POL101057,WORKCOMP,ACTIVE,2023-12-24,2024-12-23,,,2024-12-23 10:00:00
1058,1058,1058,POL101058,AUTO,EXPIRED,2023-12-25,2024-12-24,,,2024-12-24 10:00:00
1059,1059,1059,POL101059,HOME,CANCELLED,2023-12-26,2024-12-25,2024-06-23,Non-payment,2024-12-25 10:00:00
1060,1060,1060,POL101060,COMM,ACTIVE,2023-12-27,2024-12-26,,,2024-12-26 10:00:00
1061,1061,1061,POL101061,FIRE,EXPIRED,2023-12-28,2024-12-27,,,2024-12-27 10:00:00
1062,1062,1062,POL101062,MARINE,CANCELLED,2023-12-29,2024-12-28,2024-06-26,Non-payment,2024-12-28 10:00:00
1063,1063,1063,POL101063,LIABILITY,ACTIVE,2023-12-30,2024-12-29,,,2024-12-29 10:00:00
1064,1064,1064,POL101064,WORKCOMP,EXPIRED,2023-12-31,2024-12-30,,,2024-12-30 10:00:00
1065,1065,1065,POL101065,AUTO,CANCELLED,2024-01-01,2024-12-31,2024-06-29,Underwriting Decision,2024-12-31 10:00:00
1066,1066,1066,POL101066,HOME,ACTIVE,2024-01-02,2025-01-01,,,2025-01-01 10:00:00
1067,1067,1067,POL101067,COMM,EXPIRED,2024-01-03,2025-01-02,,,2025-01-02 10:00:00
1068,1068,1068,POL101068,FIRE,CANCELLED,2024-01-04,2025-01-03,2024-07-02,Non-payment,2025-01-03 10:00:00
1069,1069,1069,POL101069,MARINE,ACTIVE,2024-01-05,2025-01-04,,,2025-01-04 10:00:00
1070,1070,1070,POL101070,LIABILITY,EXPIRED,2024-01-06,2025-01-05,,,2025-01-05 10:00:00
1071,1071,1071,POL101071,WORKCOMP,CANCELLED,2024-01-07,2025-01-06,2024-07-05,Underwriting Decision,2025-01-06 10:00:00
1072,1072,1072,POL101072,AUTO,ACTIVE,2024-01-08,2025-01-07,,,2025-01-07 10:00:00
1073,1073,1073,POL101073,HOME,EXPIRED,2024-01-09,2025-01-08,,,2025-01-08 10:00:00
1074,1074,1074,POL101074,COMM,CANCELLED,2024-01-10,2025-01-09,2024-07-08,Non-payment,2025-01-09 10:00:00
1075,1075,1075,POL101075,FIRE,ACTIVE,2024-01-11,2025-01-10,,,2025-01-10 10:00:00
1076,1076,1076,POL101076,MARINE,EXPIRED,2024-01-12,2025-01-11,,,2025-01-11 10:00:00
1077,1077,1077,POL101077,LIABILITY,CANCELLED,2024-01-13,2025-01-12,2024-07-11,Customer Request,2025-01-12 10:00:00
1078,1078,1078,POL101078,WORKCOMP,ACTIVE,2024-01-14,2025-01-13,,,2025-01-13 10:00:00
1079,1079,1079,POL101079,AUTO,EXPIRED,2024-01-15,2025-01-14,,,2025-01-14 10:00:00
1080,1080,1080,POL101080,HOME,CANCELLED,2024-01-16,2025-01-15,2024-07-14,Non-payment,2025-01-15 10:00:00
1081,1081,1081,POL101081,COMM,ACTIVE,2024-01-17,2025-01-16,,,2025-01-16 10:00:00
1082,1082,1082,POL101082,FIRE,EXPIRED,2024-01-18,2025-01-17,,,2025-01-17 10:00:00
1083,1083,1083,POL101083,MARINE,CANCELLED,2024-01-19,2025-01-18,2024-07-17,Underwriting Decision,2025-01-18 10:00:00
1084,1084,1084,POL101084,LIABILITY,ACTIVE,2024-01-20,2025-01-19,,,2025-01-19 10:00:00
1085,1085,1085,POL101085,WORKCOMP,EXPIRED,2024-01-21,2025-01-20,,,2025-01-20 10:00:00
1086,1086,1086,POL101086,AUTO,CANCELLED,2024-01-22,2025-01-21,2024-07-20,Non-payment,2025-01-21 10:00:00
1087,1087,1087,POL101087,HOME,ACTIVE,2024-01-23,2025-01-22,,,2025-01-22 10:00:00
1088,1088,1088,POL101088,COMM,EXPIRED,2024-01-24,2025-01-23,,,2025-01-23 10:00:00
1089,1089,1089,POL101089,FIRE,CANCELLED,2024-01-25,2025-01-24,2024-07-23,Underwriting Decision,2025-01-24 10:00:00
1090,1090,1090,POL101090,MARINE,ACTIVE,2024-01-26,2025-01-25,,,2025-01-25 10:00:00
1091,1091,1091,POL101091,LIABILITY,EXPIRED,2024-01-27,2025-01-26,,,2025-01-26 10:00:00
1092,1092,1092,POL101092,WORKCOMP,CANCELLED,2024-01-28,2025-01-27,2024-07-26,Underwriting Decision,2025-01-27 10:00:00
1093,1093,1093,POL101093,AUTO,ACTIVE,2024-01-29,2025-01-28,,,2025-01-28 10:00:00
1094,1094,1094,POL101094,HOME,EXPIRED,2024-01-30,2025-01-29,,,2025-01-29 10:00:00
1095,1095,1095,POL101095,COMM,CANCELLED,2024-01-31,2025-01-30,2024-07-29,Non-payment,2025-01-30 10:00:00
1096,1096,1096,POL101096,FIRE,ACTIVE,2024-02-01,2025-01-31,,,2025-01-31 10:00:00
1097,1097,1097,POL101097,MARINE,EXPIRED,2024-02-02,2025-02-01,,,2025-02-01 10:00:00
1098,1098,1098,POL101098,LIABILITY,CANCELLED,2024-02-03,2025-02-02,2024-08-01,Underwriting Decision,2025-02-02 10:00:00
1099,1099,1099,POL101099,WORKCOMP,ACTIVE,2024-02-04,2025-02-03,,,2025-02-03 10:00:00
1100,1100,1100,POL101100,AUTO,EXPIRED,2024-02-05,2025-02-04,,,2025-02-04 10:00:00
1101,1101,1101,POL101101,HOME,CANCELLED,2024-02-06,2025-02-05,2024-08-04,Non-payment,2025-02-05 10:00:00
1102,1102,1102,POL101102,COMM,ACTIVE,2024-02-07,2025-02-06,,,2025-02-06 10:00:00
1103,1103,1103,POL101103,FIRE,EXPIRED,2024-02-08,2025-02-07,,,2025-02-07 10:00:00
1104,1104,1104,POL101104,MARINE,CANCELLED,2024-02-09,2025-02-08,2024-08-07,Customer Request,2025-02-08 10:00:00
1105,1105,1105,POL101105,LIABILITY,ACTIVE,2024-02-10,2025-02-09,,,2025-02-09 10:00:00
1106,1106,1106,POL101106,WORKCOMP,EXPIRED,2024-02-11,2025-02-10,,,2025-02-10 10:00:00
1107,1107,1107,POL101107,AUTO,CANCELLED,2024-02-12,2025-02-11,2024-08-10,Underwriting Decision,2025-02-11 10:00:00
1108,1108,1108,POL101108,HOME,ACTIVE,2024-02-13,2025-02-12,,,2025-02-12 10:00:00
1109,1109,1109,POL101109,COMM,EXPIRED,2024-02-14,2025-02-13,,,2025-02-13 10:00:00
1110,1110,1110,POL101110,FIRE,CANCELLED,2024-02-15,2025-02-14,2024-08-13,Underwriting Decision,2025-02-14 10:00:00
1111,1111,1111,POL101111,MARINE,ACTIVE,2024-02-16,2025-02-15,,,2025-02-15 10:00:00
1112,1112,1112,POL101112,LIABILITY,EXPIRED,2024-02-17,2025-02-16,,,2025-02-16 10:00:00
1113,1113,1113,POL101113,WORKCOMP,CANCELLED,2024-02-18,2025-02-17,2024-08-16,Underwriting Decision,2025-02-17 10:00:00
1114,1114,1114,POL101114,AUTO,ACTIVE,2024-02-19,2025-02-18,,,2025-02-18 10:00:00
1115,1115,1115,POL101115,HOME,EXPIRED,2024-02-20,2025-02-19,,,2025-02-19 10:00:00
1116,1116,1116,POL101116,COMM,CANCELLED,2024-02-21,2025-02-20,2024-08-19,Underwriting Decision,2025-02-20 10:00:00
1117,1117,1117,POL101117,FIRE,ACTIVE,2024-02-22,2025-02-21,,,2025-02-21 10:00:00
1118,1118,1118,POL101118,MARINE,EXPIRED,2024-02-23,2025-02-22,,,2025-02-22 10:00:00
1119,1119,1119,POL101119,LIABILITY,CANCELLED,2024-02-24,2025-02-23,2024-08-22,Customer Request,2025-02-23 10:00:00
1120,1120,1120,POL101120,WORKCOMP,ACTIVE,2024-02-25,2025-02-24,,,2025-02-24 10:00:00
1121,1121,1121,POL101121,AUTO,EXPIRED,2024-02-26,2025-02-25,,,2025-02-25 10:00:00
1122,1122,1122,POL101122,HOME,CANCELLED,2024-02-27,2025-02-26,2024-08-25,Customer Request,2025-02-26 10:00:00
1123,1123,1123,POL101123,COMM,ACTIVE,2024-02-28,2025-02-27,,,2025-02-27 10:00:00
1124,1124,1124,POL101124,FIRE,EXPIRED,2024-02-29,2025-02-28,,,2025-02-28 10:00:00
1125,1125,1125,POL101125,MARINE,CANCELLED,2024-03-01,2025-03-01,2024-08-28,Non-payment,2025-03-01 10:00:00
1126,1126,1126,POL101126,LIABILITY,ACTIVE,2024-03-02,2025-03-02,,,2025-03-02 10:00:00
1127,1127,1127,POL101127,WORKCOMP,EXPIRED,2024-03-03,2025-03-03,,,2025-03-03 10:00:00
1128,1128,1128,POL101128,AUTO,CANCELLED,2024-03-04,2025-03-04,2024-08-31,Underwriting Decision,2025-03-04 10:00:00
1129,1129,1129,POL101129,HOME,ACTIVE,2024-03-05,2025-03-05,,,2025-03-05 10:00:00
1130,1130,1130,POL101130,COMM,EXPIRED,2024-03-06,2025-03-06,,,2025-03-06 10:00:00
1131,1131,1131,POL101131,FIRE,CANCELLED,2024-03-07,2025-03-07,2024-09-03,Underwriting Decision,2025-03-07 10:00:00
1132,1132,1132,POL101132,MARINE,ACTIVE,2024-03-08,2025-03-08,,,2025-03-08 10:00:00
1133,1133,1133,POL101133,LIABILITY,EXPIRED,2024-03-09,2025-03-09,,,2025-03-09 10:00:00
1134,1134,1134,POL101134,WORKCOMP,CANCELLED,2024-03-10,2025-03-10,2024-09-06,Customer Request,2025-03-10 10:00:00
1135,1135,1135,POL101135,AUTO,ACTIVE,2024-03-11,2025-03-11,,,2025-03-11 10:00:00
1136,1136,1136,POL101136,HOME,EXPIRED,2024-03-12,2025-03-12,,,2025-03-12 10:00:00
1137,1137,1137,POL101137,COMM,CANCELLED,2024-03-13,2025-03-13,2024-09-09,Non-payment,2025-03-13 10:00:00
1138,1138,1138,POL101138,FIRE,ACTIVE,2024-03-14,2025-03-14,,,2025-03-14 10:00:00
1139,1139,1139,POL101139,MARINE,EXPIRED,2024-03-15,2025-03-15,,,2025-03-15 10:00:00
1140,1140,1140,POL101140,LIABILITY,CANCELLED,2024-03-16,2025-03-16,2024-09-12,Customer Request,2025-03-16 10:00:00
1141,1141,1141,POL101141,WORKCOMP,ACTIVE,2024-03-17,2025-03-17,,,2025-03-17 10:00:00
1142,1142,1142,POL101142,AUTO,EXPIRED,2024-03-18,2025-03-18,,,2025-03-18 10:00:00
1143,1143,1143,POL101143,HOME,CANCELLED,2024-03-19,2025-03-19,2024-09-15,Customer Request,2025-03-19 10:00:00
1144,1144,1144,POL101144,COMM,ACTIVE,2024-03-20,2025-03-20,,,2025-03-20 10:00:00
1145,1145,1145,POL101145,FIRE,EXPIRED,2024-03-21,2025-03-21,,,2025-03-21 10:00:00
1146,1146,1146,POL101146,MARINE,CANCELLED,2024-03-22,2025-03-22,2024-09-18,Non-payment,2025-03-22 10:00:00
1147,1147,1147,POL101147,LIABILITY,ACTIVE,2024-03-23,2025-03-23,,,2025-03-23 10:00:00
1148,1148,1148,POL101148,WORKCOMP,EXPIRED,2024-03-24,2025-03-24,,,2025-03-24 10:00:00
1149,1149,1149,POL101149,AUTO,CANCELLED,2024-03-25,2025-03-25,2024-09-21,Underwriting Decision,2025-03-25 10:00:00
1150,1150,1150,POL101150,HOME,ACTIVE,2024-03-26,2025-03-26,,,2025-03-26 10:00:00
1151,1151,1151,POL101151,COMM,EXPIRED,2024-03-27,2025-03-27,,,2025-03-27 10:00:00
1152,1152,1152,POL101152,FIRE,CANCELLED,2024-03-28,2025-03-28,2024-09-24,Underwriting Decision,2025-03-28 10:00:00
1153,1153,1153,POL101153,MARINE,ACTIVE,2024-03-29,2025-03-29,,,2025-03-29 10:00:00
1154,1154,1154,POL101154,LIABILITY,EXPIRED,2024-03-30,2025-03-30,,,2025-03-30 10:00:00
1155,1155,1155,POL101155,WORKCOMP,CANCELLED,2024-03-31,2025-03-31,2024-09-27,Customer Request,2025-03-31 10:00:00
1156,1156,1156,POL101156,AUTO,ACTIVE,2024-04-01,2025-04-01,,,2025-04-01 10:00:00
1157,1157,1157,POL101157,HOME,EXPIRED,2024-04-02,2025-04-02,,,2025-04-02 10:00:00
1158,1158,1158,POL101158,COMM,CANCELLED,2024-04-03,2025-04-03,2024-09-30,Customer Request,2025-04-03 10:00:00
1159,1159,1159,POL101159,FIRE,ACTIVE,2024-04-04,2025-04-04,,,2025-04-04 10:00:00
1160,1160,1160,POL101160,MARINE,EXPIRED,2024-04-05,2025-04-05,,,2025-04-05 10:00:00
1161,1161,1161,POL101161,LIABILITY,CANCELLED,2024-04-06,2025-04-06,2024-10-03,Customer Request,2025-04-06 10:00:00
1162,1162,1162,POL101162,WORKCOMP,ACTIVE,2024-04-07,2025-04-07,,,2025-04-07 10:00:00
1163,1163,1163,POL101163,AUTO,EXPIRED,2024-04-08,2025-04-08,,,2025-04-08 10:00:00
1164,1164,1164,POL101164,HOME,CANCELLED,2024-04-09,2025-04-09,2024-10-06,Non-payment,2025-04-09 10:00:00
1165,1165,1165,POL101165,COMM,ACTIVE,2024-04-10,2025-04-10,,,2025-04-10 10:00:00
1166,1166,1166,POL101166,FIRE,EXPIRED,2024-04-11,2025-04-11,,,2025-04-11 10:00:00
1167,1167,1167,POL101167,MARINE,CANCELLED,2024-04-12,2025-04-12,2024-10-09,Non-payment,2025-04-12 10:00:00
1168,1168,1168,POL101168,LIABILITY,ACTIVE,2024-04-13,2025-04-13,,,2025-04-13 10:00:00
1169,1169,1169,POL101169,WORKCOMP,EXPIRED,2024-04-14,2025-04-14,,,2025-04-14 10:00:00
1170,1170,1170,POL101170,AUTO,CANCELLED,2024-04-15,2025-04-15,2024-10-12,Customer Request,2025-04-15 10:00:00
1171,1171,1171,POL101171,HOME,ACTIVE,2024-04-16,2025-04-16,,,2025-04-16 10:00:00
1172,1172,1172,POL101172,COMM,EXPIRED,2024-04-17,2025-04-17,,,2025-04-17 10:00:00
1173,1173,1173,POL101173,FIRE,CANCELLED,2024-04-18,2025-04-18,2024-10-15,Underwriting Decision,2025-04-18 10:00:00
1174,1174,1174,POL101174,MARINE,ACTIVE,2024-04-19,2025-04-19,,,2025-04-19 10:00:00
1175,1175,1175,POL101175,LIABILITY,EXPIRED,2024-04-20,2025-04-20,,,2025-04-20 10:00:00
1176,1176,1176,POL101176,WORKCOMP,CANCELLED,2024-04-21,2025-04-21,2024-10-18,Underwriting Decision,2025-04-21 10:00:00
1177,1177,1177,POL101177,AUTO,ACTIVE,2024-04-22,2025-04-22,,,2025-04-22 10:00:00
1178,1178,1178,POL101178,HOME,EXPIRED,2024-04-23,2025-04-23,,,2025-04-23 10:00:00
1179,1179,1179,POL101179,COMM,CANCELLED,2024-04-24,2025-04-24,2024-10-21,Non-payment,2025-04-24 10:00:00
1180,1180,1180,POL101180,FIRE,ACTIVE,2024-04-25,2025-04-25,,,2025-04-25 10:00:00
1181,1181,1181,POL101181,MARINE,EXPIRED,2024-04-26,2025-04-26,,,2025-04-26 10:00:00
1182,1182,1182,POL101182,LIABILITY,CANCELLED,2024-04-27,2025-04-27,2024-10-24,Non-payment,2025-04-27 10:00:00
1183,1183,1183,POL101183,WORKCOMP,ACTIVE,2024-04-28,2025-04-28,,,2025-04-28 10:00:00
1184,1184,1184,POL101184,AUTO,EXPIRED,2024-04-29,2025-04-29,,,2025-04-29 10:00:00
1185,1185,1185,POL101185,HOME,CANCELLED,2024-04-30,2025-04-30,2024-10-27,Underwriting Decision,2025-04-30 10:00:00
1186,1186,1186,POL101186,COMM,ACTIVE,2024-05-01,2025-05-01,,,2025-05-01 10:00:00
1187,1187,1187,POL101187,FIRE,EXPIRED,2024-05-02,2025-05-02,,,2025-05-02 10:00:00
1188,1188,1188,POL101188,MARINE,CANCELLED,2024-05-03,2025-05-03,2024-10-30,Non-payment,2025-05-03 10:00:00
1189,1189,1189,POL101189,LIABILITY,ACTIVE,2024-05-04,2025-05-04,,,2025-05-04 10:00:00
1190,1190,1190,POL101190,WORKCOMP,EXPIRED,2024-05-05,2025-05-05,,,2025-05-05 10:00:00
1191,1191,1191,POL101191,AUTO,CANCELLED,2024-05-06,2025-05-06,2024-11-02,Underwriting Decision,2025-05-06 10:00:00
1192,1192,1192,POL101192,HOME,ACTIVE,2024-05-07,2025-05-07,,,2025-05-07 10:00:00
1193,1193,1193,POL101193,COMM,EXPIRED,2024-05-08,2025-05-08,,,2025-05-08 10:00:00
1194,1194,1194,POL101194,FIRE,CANCELLED,2024-05-09,2025-05-09,2024-11-05,Customer Request,2025-05-09 10:00:00
1195,1195,1195,POL101195,MARINE,ACTIVE,2024-05-10,2025-05-10,,,2025-05-10 10:00:00
1196,1196,1196,POL101196,LIABILITY,EXPIRED,2024-05-11,2025-05-11,,,2025-05-11 10:00:00
1197,1197,1197,POL101197,WORKCOMP,CANCELLED,2024-05-12,2025-05-12,2024-11-08,Non-payment,2025-05-12 10:00:00
1198,1198,1198,POL101198,AUTO,ACTIVE,2024-05-13,2025-05-13,,,2025-05-13 10:00:00
1199,1199,1199,POL101199,HOME,EXPIRED,2024-05-14,2025-05-14,,,2025-05-14 10:00:00
1200,1200,1200,POL101200,COMM,CANCELLED,2024-05-15,2025-05-15,2024-11-11,Customer Request,2025-05-15 10:00:00
1201,1201,1201,POL101201,FIRE,ACTIVE,2024-05-16,2025-05-16,,,2025-05-16 10:00:00
1202,1202,1202,POL101202,MARINE,EXPIRED,2024-05-17,2025-05-17,,,2025-05-17 10:00:00
1203,1203,1203,POL101203,LIABILITY,CANCELLED,2024-05-18,2025-05-18,2024-11-14,Non-payment,2025-05-18 10:00:00
1204,1204,1204,POL101204,WORKCOMP,ACTIVE,2024-05-19,2025-05-19,,,2025-05-19 10:00:00
1205,1205,1205,POL101205,AUTO,EXPIRED,2024-05-20,2025-05-20,,,2025-05-20 10:00:00
1206,1206,1206,POL101206,HOME,CANCELLED,2024-05-21,2025-05-21,2024-11-17,Non-payment,2025-05-21 10:00:00
1207,1207,1207,POL101207,COMM,ACTIVE,2024-05-22,2025-05-22,,,2025-05-22 10:00:00
1208,1208,1208,POL101208,FIRE,EXPIRED,2024-05-23,2025-05-23,,,2025-05-23 10:00:00
1209,1209,1209,POL101209,MARINE,CANCELLED,2024-05-24,2025-05-24,2024-11-20,Customer Request,2025-05-24 10:00:00
1210,1210,1210,POL101210,LIABILITY,ACTIVE,2024-05-25,2025-05-25,,,2025-05-25 10:00:00
1211,1211,1211,POL101211,WORKCOMP,EXPIRED,2024-05-26,2025-05-26,,,2025-05-26 10:00:00
1212,1212,1212,POL101212,AUTO,CANCELLED,2024-05-27,2025-05-27,2024-11-23,Customer Request,2025-05-27 10:00:00
1213,1213,1213,POL101213,HOME,ACTIVE,2024-05-28,2025-05-28,,,2025-05-28 10:00:00
1214,1214,1214,POL101214,COMM,EXPIRED,2024-05-29,2025-05-29,,,2025-05-29 10:00:00
1215,1215,1215,POL101215,FIRE,CANCELLED,2024-05-30,2025-05-30,2024-11-26,Non-payment,2025-05-30 10:00:00
1216,1216,1216,POL101216,MARINE,ACTIVE,2024-05-31,2025-05-31,,,2025-05-31 10:00:00
1217,1217,1217,POL101217,LIABILITY,EXPIRED,2024-06-01,2025-06-01,,,2025-06-01 10:00:00
1218,1218,1218,POL101218,WORKCOMP,CANCELLED,2024-06-02,2025-06-02,2024-11-29,Customer Request,2025-06-02 10:00:00
1219,1219,1219,POL101219,AUTO,ACTIVE,2024-06-03,2025-06-03,,,2025-06-03 10:00:00
1220,1220,1220,POL101220,HOME,EXPIRED,2024-06-04,2025-06-04,,,2025-06-04 10:00:00
1221,1221,1221,POL101221,COMM,CANCELLED,2024-06-05,2025-06-05,2024-12-02,Underwriting Decision,2025-06-05 10:00:00
1222,1222,1222,POL101222,FIRE,ACTIVE,2024-06-06,2025-06-06,,,2025-06-06 10:00:00
1223,1223,1223,POL101223,MARINE,EXPIRED,2024-06-07,2025-06-07,,,2025-06-07 10:00:00
1224,1224,1224,POL101224,LIABILITY,CANCELLED,2024-06-08,2025-06-08,2024-12-05,Underwriting Decision,2025-06-08 10:00:00
1225,1225,1225,POL101225,WORKCOMP,ACTIVE,2024-06-09,2025-06-09,,,2025-06-09 10:00:00
1226,1226,1226,POL101226,AUTO,EXPIRED,2024-06-10,2025-06-10,,,2025-06-10 10:00:00
1227,1227,1227,POL101227,HOME,CANCELLED,2024-06-11,2025-06-11,2024-12-08,Customer Request,2025-06-11 10:00:00
1228,1228,1228,POL101228,COMM,ACTIVE,2024-06-12,2025-06-12,,,2025-06-12 10:00:00
1229,1229,1229,POL101229,FIRE,EXPIRED,2024-06-13,2025-06-13,,,2025-06-13 10:00:00
1230,1230,1230,POL101230,MARINE,CANCELLED,2024-06-14,2025-06-14,2024-12-11,Underwriting Decision,2025-06-14 10:00:00
1231,1231,1231,POL101231,LIABILITY,ACTIVE,2024-06-15,2025-06-15,,,2025-06-15 10:00:00
1232,1232,1232,POL101232,WORKCOMP,EXPIRED,2024-06-16,2025-06-16,,,2025-06-16 10:00:00
1233,1233,1233,POL101233,AUTO,CANCELLED,2024-06-17,2025-06-17,2024-12-14,Underwriting Decision,2025-06-17 10:00:00
1234,1234,1234,POL101234,HOME,ACTIVE,2024-06-18,2025-06-18,,,2025-06-18 10:00:00
1235,1235,1235,POL101235,COMM,EXPIRED,2024-06-19,2025-06-19,,,2025-06-19 10:00:00
1236,1236,1236,POL101236,FIRE,CANCELLED,2024-06-20,2025-06-20,2024-12-17,Underwriting Decision,2025-06-20 10:00:00
1237,1237,1237,POL101237,MARINE,ACTIVE,2024-06-21,2025-06-21,,,2025-06-21 10:00:00
1238,1238,1238,POL101238,LIABILITY,EXPIRED,2024-06-22,2025-06-22,,,2025-06-22 10:00:00
1239,1239,1239,POL101239,WORKCOMP,CANCELLED,2024-06-23,2025-06-23,2024-12-20,Non-payment,2025-06-23 10:00:00
1240,1240,1240,POL101240,AUTO,ACTIVE,2024-06-24,2025-06-24,,,2025-06-24 10:00:00
1241,1241,1241,POL101241,HOME,EXPIRED,2024-06-25,2025-06-25,,,2025-06-25 10:00:00
1242,1242,1242,POL101242,COMM,CANCELLED,2024-06-26,2025-06-26,2024-12-23,Underwriting Decision,2025-06-26 10:00:00
1243,1243,1243,POL101243,FIRE,ACTIVE,2024-06-27,2025-06-27,,,2025-06-27 10:00:00
1244,1244,1244,POL101244,MARINE,EXPIRED,2024-06-28,2025-06-28,,,2025-06-28 10:00:00
1245,1245,1245,POL101245,LIABILITY,CANCELLED,2024-06-29,2025-06-29,2024-12-26,Underwriting Decision,2025-06-29 10:00:00
1246,1246,1246,POL101246,WORKCOMP,ACTIVE,2024-06-30,2025-06-30,,,2025-06-30 10:00:00
1247,1247,1247,POL101247,AUTO,EXPIRED,2024-07-01,2025-07-01,,,2025-07-01 10:00:00
1248,1248,1248,POL101248,HOME,CANCELLED,2024-07-02,2025-07-02,2024-12-29,Customer Request,2025-07-02 10:00:00
1249,1249,1249,POL101249,COMM,ACTIVE,2024-07-03,2025-07-03,,,2025-07-03 10:00:00
1250,1250,1250,POL101250,FIRE,EXPIRED,2024-07-04,2025-07-04,,,2025-07-04 10:00:00
1251,1251,1251,POL101251,MARINE,CANCELLED,2024-07-05,2025-07-05,2025-01-01,Underwriting Decision,2025-07-05 10:00:00
1252,1252,1252,POL101252,LIABILITY,ACTIVE,2024-07-06,2025-07-06,,,2025-07-06 10:00:00
1253,1253,1253,POL101253,WORKCOMP,EXPIRED,2024-07-07,2025-07-07,,,2025-07-07 10:00:00
1254,1254,1254,POL101254,AUTO,CANCELLED,2024-07-08,2025-07-08,2025-01-04,Non-payment,2025-07-08 10:00:00
1255,1255,1255,POL101255,HOME,ACTIVE,2024-07-09,2025-07-09,,,2025-07-09 10:00:00
1256,1256,1256,POL101256,COMM,EXPIRED,2024-07-10,2025-07-10,,,2025-07-10 10:00:00
1257,1257,1257,POL101257,FIRE,CANCELLED,2024-07-11,2025-07-11,2025-01-07,Non-payment,2025-07-11 10:00:00
1258,1258,1258,POL101258,MARINE,ACTIVE,2024-07-12,2025-07-12,,,2025-07-12 10:00:00
1259,1259,1259,POL101259,LIABILITY,EXPIRED,2024-07-13,2025-07-13,,,2025-07-13 10:00:00
1260,1260,1260,POL101260,WORKCOMP,CANCELLED,2024-07-14,2025-07-14,2025-01-10,Customer Request,2025-07-14 10:00:00
1261,1261,1261,POL101261,AUTO,ACTIVE,2024-07-15,2025-07-15,,,2025-07-15 10:00:00
1262,1262,1262,POL101262,HOME,EXPIRED,2024-07-16,2025-07-16,,,2025-07-16 10:00:00
1263,1263,1263,POL101263,COMM,CANCELLED,2024-07-17,2025-07-17,2025-01-13,Non-payment,2025-07-17 10:00:00
1264,1264,1264,POL101264,FIRE,ACTIVE,2024-07-18,2025-07-18,,,2025-07-18 10:00:00
1265,1265,1265,POL101265,MARINE,EXPIRED,2024-07-19,2025-07-19,,,2025-07-19 10:00:00
1266,1266,1266,POL101266,LIABILITY,CANCELLED,2024-07-20,2025-07-20,2025-01-16,Non-payment,2025-07-20 10:00:00
1267,1267,1267,POL101267,WORKCOMP,ACTIVE,2024-07-21,2025-07-21,,,2025-07-21 10:00:00
1268,1268,1268,POL101268,AUTO,EXPIRED,2024-07-22,2025-07-22,,,2025-07-22 10:00:00
1269,1269,1269,POL101269,HOME,CANCELLED,2024-07-23,2025-07-23,2025-01-19,Underwriting Decision,2025-07-23 10:00:00
1270,1270,1270,POL101270,COMM,ACTIVE,2024-07-24,2025-07-24,,,2025-07-24 10:00:00
1271,1271,1271,POL101271,FIRE,EXPIRED,2024-07-25,2025-07-25,,,2025-07-25 10:00:00
1272,1272,1272,POL101272,MARINE,CANCELLED,2024-07-26,2025-07-26,2025-01-22,Underwriting Decision,2025-07-26 10:00:00
1273,1273,1273,POL101273,LIABILITY,ACTIVE,2024-07-27,2025-07-27,,,2025-07-27 10:00:00
1274,1274,1274,POL101274,WORKCOMP,EXPIRED,2024-07-28,2025-07-28,,,2025-07-28 10:00:00
1275,1275,1275,POL101275,AUTO,CANCELLED,2024-07-29,2025-07-29,2025-01-25,Non-payment,2025-07-29 10:00:00
1276,1276,1276,POL101276,HOME,ACTIVE,2024-07-30,2025-07-30,,,2025-07-30 10:00:00
1277,1277,1277,POL101277,COMM,EXPIRED,2024-07-31,2025-07-31,,,2025-07-31 10:00:00
1278,1278,1278,POL101278,FIRE,CANCELLED,2024-08-01,2025-08-01,2025-01-28,Customer Request,2025-08-01 10:00:00
1279,1279,1279,POL101279,MARINE,ACTIVE,2024-08-02,2025-08-02,,,2025-08-02 10:00:00
1280,1280,1280,POL101280,LIABILITY,EXPIRED,2024-08-03,2025-08-03,,,2025-08-03 10:00:00
1281,1281,1281,POL101281,WORKCOMP,CANCELLED,2024-08-04,2025-08-04,2025-01-31,Customer Request,2025-08-04 10:00:00
1282,1282,1282,POL101282,AUTO,ACTIVE,2024-08-05,2025-08-05,,,2025-08-05 10:00:00
1283,1283,1283,POL101283,HOME,EXPIRED,2024-08-06,2025-08-06,,,2025-08-06 10:00:00
1284,1284,1284,POL101284,COMM,CANCELLED,2024-08-07,2025-08-07,2025-02-03,Underwriting Decision,2025-08-07 10:00:00
1285,1285,1285,POL101285,FIRE,ACTIVE,2024-08-08,2025-08-08,,,2025-08-08 10:00:00
1286,1286,1286,POL101286,MARINE,EXPIRED,2024-08-09,2025-08-09,,,2025-08-09 10:00:00
1287,1287,1287,POL101287,LIABILITY,CANCELLED,2024-08-10,2025-08-10,2025-02-06,Non-payment,2025-08-10 10:00:00
1288,1288,1288,POL101288,WORKCOMP,ACTIVE,2024-08-11,2025-08-11,,,2025-08-11 10:00:00
1289,1289,1289,POL101289,AUTO,EXPIRED,2024-08-12,2025-08-12,,,2025-08-12 10:00:00
1290,1290,1290,POL101290,HOME,CANCELLED,2024-08-13,2025-08-13,2025-02-09,Underwriting Decision,2025-08-13 10:00:00
1291,1291,1291,POL101291,COMM,ACTIVE,2024-08-14,2025-08-14,,,2025-08-14 10:00:00
1292,1292,1292,POL101292,FIRE,EXPIRED,2024-08-15,2025-08-15,,,2025-08-15 10:00:00
1293,1293,1293,POL101293,MARINE,CANCELLED,2024-08-16,2025-08-16,2025-02-12,Customer Request,2025-08-16 10:00:00
1294,1294,1294,POL101294,LIABILITY,ACTIVE,2024-08-17,2025-08-17,,,2025-08-17 10:00:00
1295,1295,1295,POL101295,WORKCOMP,EXPIRED,2024-08-18,2025-08-18,,,2025-08-18 10:00:00
1296,1296,1296,POL101296,AUTO,CANCELLED,2024-08-19,2025-08-19,2025-02-15,Non-payment,2025-08-19 10:00:00
1297,1297,1297,POL101297,HOME,ACTIVE,2024-08-20,2025-08-20,,,2025-08-20 10:00:00
1298,1298,1298,POL101298,COMM,EXPIRED,2024-08-21,2025-08-21,,,2025-08-21 10:00:00
1299,1299,1299,POL101299,FIRE,CANCELLED,2024-08-22,2025-08-22,2025-02-18,Underwriting Decision,2025-08-22 10:00:00
1300,1300,1300,POL101300,MARINE,ACTIVE,2024-08-23,2025-08-23,,,2025-08-23 10:00:00
1301,1301,1301,POL101301,LIABILITY,EXPIRED,2024-08-24,2025-08-24,,,2025-08-24 10:00:00
1302,1302,1302,POL101302,WORKCOMP,CANCELLED,2024-08-25,2025-08-25,2025-02-21,Underwriting Decision,2025-08-25 10:00:00
1303,1303,1303,POL101303,AUTO,ACTIVE,2024-08-26,2025-08-26,,,2025-08-26 10:00:00
1304,1304,1304,POL101304,HOME,EXPIRED,2024-08-27,2025-08-27,,,2025-08-27 10:00:00
1305,1305,1305,POL101305,COMM,CANCELLED,2024-08-28,2025-08-28,2025-02-24,Customer Request,2025-08-28 10:00:00
1306,1306,1306,POL101306,FIRE,ACTIVE,2024-08-29,2025-08-29,,,2025-08-29 10:00:00
1307,1307,1307,POL101307,MARINE,EXPIRED,2024-08-30,2025-08-30,,,2025-08-30 10:00:00
1308,1308,1308,POL101308,LIABILITY,CANCELLED,2024-08-31,2025-08-31,2025-02-27,Underwriting Decision,2025-08-31 10:00:00
1309,1309,1309,POL101309,WORKCOMP,ACTIVE,2024-09-01,2025-09-01,,,2025-09-01 10:00:00
1310,1310,1310,POL101310,AUTO,EXPIRED,2024-09-02,2025-09-02,,,2025-09-02 10:00:00
1311,1311,1311,POL101311,HOME,CANCELLED,2024-09-03,2025-09-03,2025-03-02,Customer Request,2025-09-03 10:00:00
1312,1312,1312,POL101312,COMM,ACTIVE,2024-09-04,2025-09-04,,,2025-09-04 10:00:00
1313,1313,1313,POL101313,FIRE,EXPIRED,2024-09-05,2025-09-05,,,2025-09-05 10:00:00
1314,1314,1314,POL101314,MARINE,CANCELLED,2024-09-06,2025-09-06,2025-03-05,Customer Request,2025-09-06 10:00:00
1315,1315,1315,POL101315,LIABILITY,ACTIVE,2024-09-07,2025-09-07,,,2025-09-07 10:00:00
1316,1316,1316,POL101316,WORKCOMP,EXPIRED,2024-09-08,2025-09-08,,,2025-09-08 10:00:00
1317,1317,1317,POL101317,AUTO,CANCELLED,2024-09-09,2025-09-09,2025-03-08,Non-payment,2025-09-09 10:00:00
1318,1318,1318,POL101318,HOME,ACTIVE,2024-09-10,2025-09-10,,,2025-09-10 10:00:00
1319,1319,1319,POL101319,COMM,EXPIRED,2024-09-11,2025-09-11,,,2025-09-11 10:00:00
1320,1320,1320,POL101320,FIRE,CANCELLED,2024-09-12,2025-09-12,2025-03-11,Non-payment,2025-09-12 10:00:00
1321,1321,1321,POL101321,MARINE,ACTIVE,2024-09-13,2025-09-13,,,2025-09-13 10:00:00
1322,1322,1322,POL101322,LIABILITY,EXPIRED,2024-09-14,2025-09-14,,,2025-09-14 10:00:00
1323,1323,1323,POL101323,WORKCOMP,CANCELLED,2024-09-15,2025-09-15,2025-03-14,Underwriting Decision,2025-09-15 10:00:00
1324,1324,1324,POL101324,AUTO,ACTIVE,2024-09-16,2025-09-16,,,2025-09-16 10:00:00
1325,1325,1325,POL101325,HOME,EXPIRED,2024-09-17,2025-09-17,,,2025-09-17 10:00:00
1326,1326,1326,POL101326,COMM,CANCELLED,2024-09-18,2025-09-18,2025-03-17,Customer Request,2025-09-18 10:00:00
1327,1327,1327,POL101327,FIRE,ACTIVE,2024-09-19,2025-09-19,,,2025-09-19 10:00:00
1328,1328,1328,POL101328,MARINE,EXPIRED,2024-09-20,2025-09-20,,,2025-09-20 10:00:00
1329,1329,1329,POL101329,LIABILITY,CANCELLED,2024-09-21,2025-09-21,2025-03-20,Customer Request,2025-09-21 10:00:00
1330,1330,1330,POL101330,WORKCOMP,ACTIVE,2024-09-22,2025-09-22,,,2025-09-22 10:00:00
1331,1331,1331,POL101331,AUTO,EXPIRED,2024-09-23,2025-09-23,,,2025-09-23 10:00:00
1332,1332,1332,POL101332,HOME,CANCELLED,2024-09-24,2025-09-24,2025-03-23,Non-payment,2025-09-24 10:00:00
1333,1333,1333,POL101333,COMM,ACTIVE,2024-09-25,2025-09-25,,,2025-09-25 10:00:00
1334,1334,1334,POL101334,FIRE,EXPIRED,2024-09-26,2025-09-26,,,2025-09-26 10:00:00
1335,1335,1335,POL101335,MARINE,CANCELLED,2024-09-27,2025-09-27,2025-03-26,Non-payment,2025-09-27 10:00:00
1336,1336,1336,POL101336,LIABILITY,ACTIVE,2024-09-28,2025-09-28,,,2025-09-28 10:00:00
1337,1337,1337,POL101337,WORKCOMP,EXPIRED,2024-09-29,2025-09-29,,,2025-09-29 10:00:00
1338,1338,1338,POL101338,AUTO,CANCELLED,2024-09-30,2025-09-30,2025-03-29,Customer Request,2025-09-30 10:00:00
1339,1339,1339,POL101339,HOME,ACTIVE,2024-10-01,2025-10-01,,,2025-10-01 10:00:00
1340,1340,1340,POL101340,COMM,EXPIRED,2024-10-02,2025-10-02,,,2025-10-02 10:00:00
1341,1341,1341,POL101341,FIRE,CANCELLED,2024-10-03,2025-10-03,2025-04-01,Non-payment,2025-10-03 10:00:00
1342,1342,1342,POL101342,MARINE,ACTIVE,2024-10-04,2025-10-04,,,2025-10-04 10:00:00
1343,1343,1343,POL101343,LIABILITY,EXPIRED,2024-10-05,2025-10-05,,,2025-10-05 10:00:00
1344,1344,1344,POL101344,WORKCOMP,CANCELLED,2024-10-06,2025-10-06,2025-04-04,Underwriting Decision,2025-10-06 10:00:00
1345,1345,1345,POL101345,AUTO,ACTIVE,2024-10-07,2025-10-07,,,2025-10-07 10:00:00
1346,1346,1346,POL101346,HOME,EXPIRED,2024-10-08,2025-10-08,,,2025-10-08 10:00:00
1347,1347,1347,POL101347,COMM,CANCELLED,2024-10-09,2025-10-09,2025-04-07,Customer Request,2025-10-09 10:00:00
1348,1348,1348,POL101348,FIRE,ACTIVE,2024-10-10,2025-10-10,,,2025-10-10 10:00:00
1349,1349,1349,POL101349,MARINE,EXPIRED,2024-10-11,2025-10-11,,,2025-10-11 10:00:00
1350,1350,1350,POL101350,LIABILITY,CANCELLED,2024-10-12,2025-10-12,2025-04-10,Non-payment,2025-10-12 10:00:00
1351,1351,1351,POL101351,WORKCOMP,ACTIVE,2024-10-13,2025-10-13,,,2025-10-13 10:00:00
1352,1352,1352,POL101352,AUTO,EXPIRED,2024-10-14,2025-10-14,,,2025-10-14 10:00:00
1353,1353,1353,POL101353,HOME,CANCELLED,2024-10-15,2025-10-15,2025-04-13,Underwriting Decision,2025-10-15 10:00:00
1354,1354,1354,POL101354,COMM,ACTIVE,2024-10-16,2025-10-16,,,2025-10-16 10:00:00
1355,1355,1355,POL101355,FIRE,EXPIRED,2024-10-17,2025-10-17,,,2025-10-17 10:00:00
1356,1356,1356,POL101356,MARINE,CANCELLED,2024-10-18,2025-10-18,2025-04-16,Customer Request,2025-10-18 10:00:00
1357,1357,1357,POL101357,LIABILITY,ACTIVE,2024-10-19,2025-10-19,,,2025-10-19 10:00:00
1358,1358,1358,POL101358,WORKCOMP,EXPIRED,2024-10-20,2025-10-20,,,2025-10-20 10:00:00
1359,1359,1359,POL101359,AUTO,CANCELLED,2024-10-21,2025-10-21,2025-04-19,Underwriting Decision,2025-10-21 10:00:00
1360,1360,1360,POL101360,HOME,ACTIVE,2024-10-22,2025-10-22,,,2025-10-22 10:00:00
1361,1361,1361,POL101361,COMM,EXPIRED,2024-10-23,2025-10-23,,,2025-10-23 10:00:00
1362,1362,1362,POL101362,FIRE,CANCELLED,2024-10-24,2025-10-24,2025-04-22,Underwriting Decision,2025-10-24 10:00:00
1363,1363,1363,POL101363,MARINE,ACTIVE,2024-10-25,2025-10-25,,,2025-10-25 10:00:00
1364,1364,1364,POL101364,LIABILITY,EXPIRED,2024-10-26,2025-10-26,,,2025-10-26 10:00:00
1365,1365,1365,POL101365,WORKCOMP,CANCELLED,2024-10-27,2025-10-27,2025-04-25,Customer Request,2025-10-27 10:00:00
1366,1366,1366,POL101366,AUTO,ACTIVE,2024-10-28,2025-10-28,,,2025-10-28 10:00:00
1367,1367,1367,POL101367,HOME,EXPIRED,2024-10-29,2025-10-29,,,2025-10-29 10:00:00
1368,1368,1368,POL101368,COMM,CANCELLED,2024-10-30,2025-10-30,2025-04-28,Underwriting Decision,2025-10-30 10:00:00
1369,1369,1369,POL101369,FIRE,ACTIVE,2024-10-31,2025-10-31,,,2025-10-31 10:00:00
1370,1370,1370,POL101370,MARINE,EXPIRED,2024-11-01,2025-11-01,,,2025-11-01 10:00:00
1371,1371,1371,POL101371,LIABILITY,CANCELLED,2024-11-02,2025-11-02,2025-05-01,Non-payment,2025-11-02 10:00:00
1372,1372,1372,POL101372,WORKCOMP,ACTIVE,2024-11-03,2025-11-03,,,2025-11-03 10:00:00
1373,1373,1373,POL101373,AUTO,EXPIRED,2024-11-04,2025-11-04,,,2025-11-04 10:00:00
1374,1374,1374,POL101374,HOME,CANCELLED,2024-11-05,2025-11-05,2025-05-04,Non-payment,2025-11-05 10:00:00
1375,1375,1375,POL101375,COMM,ACTIVE,2024-11-06,2025-11-06,,,2025-11-06 10:00:00
1376,1376,1376,POL101376,FIRE,EXPIRED,2024-11-07,2025-11-07,,,2025-11-07 10:00:00
1377,1377,1377,POL101377,MARINE,CANCELLED,2024-11-08,2025-11-08,2025-05-07,Non-payment,2025-11-08 10:00:00
1378,1378,1378,POL101378,LIABILITY,ACTIVE,2024-11-09,2025-11-09,,,2025-11-09 10:00:00
1379,1379,1379,POL101379,WORKCOMP,EXPIRED,2024-11-10,2025-11-10,,,2025-11-10 10:00:00
1380,1380,1380,POL101380,AUTO,CANCELLED,2024-11-11,2025-11-11,2025-05-10,Underwriting Decision,2025-11-11 10:00:00
1381,1381,1381,POL101381,HOME,ACTIVE,2024-11-12,2025-11-12,,,2025-11-12 10:00:00
1382,1382,1382,POL101382,COMM,EXPIRED,2024-11-13,2025-11-13,,,2025-11-13 10:00:00
1383,1383,1383,POL101383,FIRE,CANCELLED,2024-11-14,2025-11-14,2025-05-13,Non-payment,2025-11-14 10:00:00
1384,1384,1384,POL101384,MARINE,ACTIVE,2024-11-15,2025-11-15,,,2025-11-15 10:00:00
1385,1385,1385,POL101385,LIABILITY,EXPIRED,2024-11-16,2025-11-16,,,2025-11-16 10:00:00
1386,1386,1386,POL101386,WORKCOMP,CANCELLED,2024-11-17,2025-11-17,2025-05-16,Underwriting Decision,2025-11-17 10:00:00
1387,1387,1387,POL101387,AUTO,ACTIVE,2024-11-18,2025-11-18,,,2025-11-18 10:00:00
1388,1388,1388,POL101388,HOME,EXPIRED,2024-11-19,2025-11-19,,,2025-11-19 10:00:00
1389,1389,1389,POL101389,COMM,CANCELLED,2024-11-20,2025-11-20,2025-05-19,Non-payment,2025-11-20 10:00:00
1390,1390,1390,POL101390,FIRE,ACTIVE,2024-11-21,2025-11-21,,,2025-11-21 10:00:00
1391,1391,1391,POL101391,MARINE,EXPIRED,2024-11-22,2025-11-22,,,2025-11-22 10:00:00
1392,1392,1392,POL101392,LIABILITY,CANCELLED,2024-11-23,2025-11-23,2025-05-22,Customer Request,2025-11-23 10:00:00
1393,1393,1393,POL101393,WORKCOMP,ACTIVE,2024-11-24,2025-11-24,,,2025-11-24 10:00:00
1394,1394,1394,POL101394,AUTO,EXPIRED,2024-11-25,2025-11-25,,,2025-11-25 10:00:00
1395,1395,1395,POL101395,HOME,CANCELLED,2024-11-26,2025-11-26,2025-05-25,Underwriting Decision,2025-11-26 10:00:00
1396,1396,1396,POL101396,COMM,ACTIVE,2024-11-27,2025-11-27,,,2025-11-27 10:00:00
1397,1397,1397,POL101397,FIRE,EXPIRED,2024-11-28,2025-11-28,,,2025-11-28 10:00:00
1398,1398,1398,POL101398,MARINE,CANCELLED,2024-11-29,2025-11-29,2025-05-28,Underwriting Decision,2025-11-29 10:00:00
1399,1399,1399,POL101399,LIABILITY,ACTIVE,2024-11-30,2025-11-30,,,2025-11-30 10:00:00
1400,1400,1400,POL101400,WORKCOMP,EXPIRED,2023-01-01,2024-01-01,,,2024-01-01 10:00:00
1401,1401,1401,POL101401,AUTO,CANCELLED,2023-01-02,2024-01-02,2023-07-01,Non-payment,2024-01-02 10:00:00
1402,1402,1402,POL101402,HOME,ACTIVE,2023-01-03,2024-01-03,,,2024-01-03 10:00:00
1403,1403,1403,POL101403,COMM,EXPIRED,2023-01-04,2024-01-04,,,2024-01-04 10:00:00
1404,1404,1404,POL101404,FIRE,CANCELLED,2023-01-05,2024-01-05,2023-07-04,Customer Request,2024-01-05 10:00:00
1405,1405,1405,POL101405,MARINE,ACTIVE,2023-01-06,2024-01-06,,,2024-01-06 10:00:00
1406,1406,1406,POL101406,LIABILITY,EXPIRED,2023-01-07,2024-01-07,,,2024-01-07 10:00:00
1407,1407,1407,POL101407,WORKCOMP,CANCELLED,2023-01-08,2024-01-08,2023-07-07,Non-payment,2024-01-08 10:00:00
1408,1408,1408,POL101408,AUTO,ACTIVE,2023-01-09,2024-01-09,,,2024-01-09 10:00:00
1409,1409,1409,POL101409,HOME,EXPIRED,2023-01-10,2024-01-10,,,2024-01-10 10:00:00
1410,1410,1410,POL101410,COMM,CANCELLED,2023-01-11,2024-01-11,2023-07-10,Non-payment,2024-01-11 10:00:00
1411,1411,1411,POL101411,FIRE,ACTIVE,2023-01-12,2024-01-12,,,2024-01-12 10:00:00
1412,1412,1412,POL101412,MARINE,EXPIRED,2023-01-13,2024-01-13,,,2024-01-13 10:00:00
1413,1413,1413,POL101413,LIABILITY,CANCELLED,2023-01-14,2024-01-14,2023-07-13,Customer Request,2024-01-14 10:00:00
1414,1414,1414,POL101414,WORKCOMP,ACTIVE,2023-01-15,2024-01-15,,,2024-01-15 10:00:00
1415,1415,1415,POL101415,AUTO,EXPIRED,2023-01-16,2024-01-16,,,2024-01-16 10:00:00
1416,1416,1416,POL101416,HOME,CANCELLED,2023-01-17,2024-01-17,2023-07-16,Customer Request,2024-01-17 10:00:00
1417,1417,1417,POL101417,COMM,ACTIVE,2023-01-18,2024-01-18,,,2024-01-18 10:00:00
1418,1418,1418,POL101418,FIRE,EXPIRED,2023-01-19,2024-01-19,,,2024-01-19 10:00:00
1419,1419,1419,POL101419,MARINE,CANCELLED,2023-01-20,2024-01-20,2023-07-19,Non-payment,2024-01-20 10:00:00
1420,1420,1420,POL101420,LIABILITY,ACTIVE,2023-01-21,2024-01-21,,,2024-01-21 10:00:00
1421,1421,1421,POL101421,WORKCOMP,EXPIRED,2023-01-22,2024-01-22,,,2024-01-22 10:00:00
1422,1422,1422,POL101422,AUTO,CANCELLED,2023-01-23,2024-01-23,2023-07-22,Customer Request,2024-01-23 10:00:00
1423,1423,1423,POL101423,HOME,ACTIVE,2023-01-24,2024-01-24,,,2024-01-24 10:00:00
1424,1424,1424,POL101424,COMM,EXPIRED,2023-01-25,2024-01-25,,,2024-01-25 10:00:00
1425,1425,1425,POL101425,FIRE,CANCELLED,2023-01-26,2024-01-26,2023-07-25,Non-payment,2024-01-26 10:00:00
1426,1426,1426,POL101426,MARINE,ACTIVE,2023-01-27,2024-01-27,,,2024-01-27 10:00:00
1427,1427,1427,POL101427,LIABILITY,EXPIRED,2023-01-28,2024-01-28,,,2024-01-28 10:00:00
1428,1428,1428,POL101428,WORKCOMP,CANCELLED,2023-01-29,2024-01-29,2023-07-28,Underwriting Decision,2024-01-29 10:00:00
1429,1429,1429,POL101429,AUTO,ACTIVE,2023-01-30,2024-01-30,,,2024-01-30 10:00:00
1430,1430,1430,POL101430,HOME,EXPIRED,2023-01-31,2024-01-31,,,2024-01-31 10:00:00
1431,1431,1431,POL101431,COMM,CANCELLED,2023-02-01,2024-02-01,2023-07-31,Non-payment,2024-02-01 10:00:00
1432,1432,1432,POL101432,FIRE,ACTIVE,2023-02-02,2024-02-02,,,2024-02-02 10:00:00
1433,1433,1433,POL101433,MARINE,EXPIRED,2023-02-03,2024-02-03,,,2024-02-03 10:00:00
1434,1434,1434,POL101434,LIABILITY,CANCELLED,2023-02-04,2024-02-04,2023-08-03,Underwriting Decision,2024-02-04 10:00:00
1435,1435,1435,POL101435,WORKCOMP,ACTIVE,2023-02-05,2024-02-05,,,2024-02-05 10:00:00
1436,1436,1436,POL101436,AUTO,EXPIRED,2023-02-06,2024-02-06,,,2024-02-06 10:00:00
1437,1437,1437,POL101437,HOME,CANCELLED,2023-02-07,2024-02-07,2023-08-06,Non-payment,2024-02-07 10:00:00
1438,1438,1438,POL101438,COMM,ACTIVE,2023-02-08,2024-02-08,,,2024-02-08 10:00:00
1439,1439,1439,POL101439,FIRE,EXPIRED,2023-02-09,2024-02-09,,,2024-02-09 10:00:00
1440,1440,1440,POL101440,MARINE,CANCELLED,2023-02-10,2024-02-10,2023-08-09,Customer Request,2024-02-10 10:00:00
1441,1441,1441,POL101441,LIABILITY,ACTIVE,2023-02-11,2024-02-11,,,2024-02-11 10:00:00
1442,1442,1442,POL101442,WORKCOMP,EXPIRED,2023-02-12,2024-02-12,,,2024-02-12 10:00:00
1443,1443,1443,POL101443,AUTO,CANCELLED,2023-02-13,2024-02-13,2023-08-12,Underwriting Decision,2024-02-13 10:00:00
1444,1444,1444,POL101444,HOME,ACTIVE,2023-02-14,2024-02-14,,,2024-02-14 10:00:00
1445,1445,1445,POL101445,COMM,EXPIRED,2023-02-15,2024-02-15,,,2024-02-15 10:00:00
1446,1446,1446,POL101446,FIRE,CANCELLED,2023-02-16,2024-02-16,2023-08-15,Customer Request,2024-02-16 10:00:00
1447,1447,1447,POL101447,MARINE,ACTIVE,2023-02-17,2024-02-17,,,2024-02-17 10:00:00
1448,1448,1448,POL101448,LIABILITY,EXPIRED,2023-02-18,2024-02-18,,,2024-02-18 10:00:00
1449,1449,1449,POL101449,WORKCOMP,CANCELLED,2023-02-19,2024-02-19,2023-08-18,Underwriting Decision,2024-02-19 10:00:00
1450,1450,1450,POL101450,AUTO,ACTIVE,2023-02-20,2024-02-20,,,2024-02-20 10:00:00
1451,1451,1451,POL101451,HOME,EXPIRED,2023-02-21,2024-02-21,,,2024-02-21 10:00:00
1452,1452,1452,POL101452,COMM,CANCELLED,2023-02-22,2024-02-22,2023-08-21,Underwriting Decision,2024-02-22 10:00:00
1453,1453,1453,POL101453,FIRE,ACTIVE,2023-02-23,2024-02-23,,,2024-02-23 10:00:00
1454,1454,1454,POL101454,MARINE,EXPIRED,2023-02-24,2024-02-24,,,2024-02-24 10:00:00
1455,1455,1455,POL101455,LIABILITY,CANCELLED,2023-02-25,2024-02-25,2023-08-24,Non-payment,2024-02-25 10:00:00
1456,1456,1456,POL101456,WORKCOMP,ACTIVE,2023-02-26,2024-02-26,,,2024-02-26 10:00:00
1457,1457,1457,POL101457,AUTO,EXPIRED,2023-02-27,2024-02-27,,,2024-02-27 10:00:00
1458,1458,1458,POL101458,HOME,CANCELLED,2023-02-28,2024-02-28,2023-08-27,Non-payment,2024-02-28 10:00:00
1459,1459,1459,POL101459,COMM,ACTIVE,2023-03-01,2024-02-29,,,2024-02-29 10:00:00
1460,1460,1460,POL101460,FIRE,EXPIRED,2023-03-02,2024-03-01,,,2024-03-01 10:00:00
1461,1461,1461,POL101461,MARINE,CANCELLED,2023-03-03,2024-03-02,2023-08-30,Non-payment,2024-03-02 10:00:00
1462,1462,1462,POL101462,LIABILITY,ACTIVE,2023-03-04,2024-03-03,,,2024-03-03 10:00:00
1463,1463,1463,POL101463,WORKCOMP,EXPIRED,2023-03-05,2024-03-04,,,2024-03-04 10:00:00
1464,1464,1464,POL101464,AUTO,CANCELLED,2023-03-06,2024-03-05,2023-09-02,Non-payment,2024-03-05 10:00:00
1465,1465,1465,POL101465,HOME,ACTIVE,2023-03-07,2024-03-06,,,2024-03-06 10:00:00
1466,1466,1466,POL101466,COMM,EXPIRED,2023-03-08,2024-03-07,,,2024-03-07 10:00:00
1467,1467,1467,POL101467,FIRE,CANCELLED,2023-03-09,2024-03-08,2023-09-05,Customer Request,2024-03-08 10:00:00
1468,1468,1468,POL101468,MARINE,ACTIVE,2023-03-10,2024-03-09,,,2024-03-09 10:00:00
1469,1469,1469,POL101469,LIABILITY,EXPIRED,2023-03-11,2024-03-10,,,2024-03-10 10:00:00
1470,1470,1470,POL101470,WORKCOMP,CANCELLED,2023-03-12,2024-03-11,2023-09-08,Non-payment,2024-03-11 10:00:00
1471,1471,1471,POL101471,AUTO,ACTIVE,2023-03-13,2024-03-12,,,2024-03-12 10:00:00
1472,1472,1472,POL101472,HOME,EXPIRED,2023-03-14,2024-03-13,,,2024-03-13 10:00:00
1473,1473,1473,POL101473,COMM,CANCELLED,2023-03-15,2024-03-14,2023-09-11,Non-payment,2024-03-14 10:00:00
1474,1474,1474,POL101474,FIRE,ACTIVE,2023-03-16,2024-03-15,,,2024-03-15 10:00:00
1475,1475,1475,POL101475,MARINE,EXPIRED,2023-03-17,2024-03-16,,,2024-03-16 10:00:00
1476,1476,1476,POL101476,LIABILITY,CANCELLED,2023-03-18,2024-03-17,2023-09-14,Underwriting Decision,2024-03-17 10:00:00
1477,1477,1477,POL101477,WORKCOMP,ACTIVE,2023-03-19,2024-03-18,,,2024-03-18 10:00:00
1478,1478,1478,POL101478,AUTO,EXPIRED,2023-03-20,2024-03-19,,,2024-03-19 10:00:00
1479,1479,1479,POL101479,HOME,CANCELLED,2023-03-21,2024-03-20,2023-09-17,Customer Request,2024-03-20 10:00:00
1480,1480,1480,POL101480,COMM,ACTIVE,2023-03-22,2024-03-21,,,2024-03-21 10:00:00
1481,1481,1481,POL101481,FIRE,EXPIRED,2023-03-23,2024-03-22,,,2024-03-22 10:00:00
1482,1482,1482,POL101482,MARINE,CANCELLED,2023-03-24,2024-03-23,2023-09-20,Customer Request,2024-03-23 10:00:00
1483,1483,1483,POL101483,LIABILITY,ACTIVE,2023-03-25,2024-03-24,,,2024-03-24 10:00:00
1484,1484,1484,POL101484,WORKCOMP,EXPIRED,2023-03-26,2024-03-25,,,2024-03-25 10:00:00
1485,1485,1485,POL101485,AUTO,CANCELLED,2023-03-27,2024-03-26,2023-09-23,Underwriting Decision,2024-03-26 10:00:00
1486,1486,1486,POL101486,HOME,ACTIVE,2023-03-28,2024-03-27,,,2024-03-27 10:00:00
1487,1487,1487,POL101487,COMM,EXPIRED,2023-03-29,2024-03-28,,,2024-03-28 10:00:00
1488,1488,1488,POL101488,FIRE,CANCELLED,2023-03-30,2024-03-29,2023-09-26,Underwriting Decision,2024-03-29 10:00:00
1489,1489,1489,POL101489,MARINE,ACTIVE,2023-03-31,2024-03-30,,,2024-03-30 10:00:00
1490,1490,1490,POL101490,LIABILITY,EXPIRED,2023-04-01,2024-03-31,,,2024-03-31 10:00:00
1491,1491,1491,POL101491,WORKCOMP,CANCELLED,2023-04-02,2024-04-01,2023-09-29,Non-payment,2024-04-01 10:00:00
1492,1492,1492,POL101492,AUTO,ACTIVE,2023-04-03,2024-04-02,,,2024-04-02 10:00:00
1493,1493,1493,POL101493,HOME,EXPIRED,2023-04-04,2024-04-03,,,2024-04-03 10:00:00
1494,1494,1494,POL101494,COMM,CANCELLED,2023-04-05,2024-04-04,2023-10-02,Customer Request,2024-04-04 10:00:00
1495,1495,1495,POL101495,FIRE,ACTIVE,2023-04-06,2024-04-05,,,2024-04-05 10:00:00
1496,1496,1496,POL101496,MARINE,EXPIRED,2023-04-07,2024-04-06,,,2024-04-06 10:00:00
1497,1497,1497,POL101497,LIABILITY,CANCELLED,2023-04-08,2024-04-07,2023-10-05,Non-payment,2024-04-07 10:00:00
1498,1498,1498,POL101498,WORKCOMP,ACTIVE,2023-04-09,2024-04-08,,,2024-04-08 10:00:00
1499,1499,1499,POL101499,AUTO,EXPIRED,2023-04-10,2024-04-09,,,2024-04-09 10:00:00
1500,1500,1500,POL101500,HOME,CANCELLED,2023-04-11,2024-04-10,2023-10-08,Underwriting Decision,2024-04-10 10:00:00
1501,1501,1501,POL101501,COMM,ACTIVE,2023-04-12,2024-04-11,,,2024-04-11 10:00:00
1502,1502,1502,POL101502,FIRE,EXPIRED,2023-04-13,2024-04-12,,,2024-04-12 10:00:00
1503,1503,1503,POL101503,MARINE,CANCELLED,2023-04-14,2024-04-13,2023-10-11,Non-payment,2024-04-13 10:00:00
1504,1504,1504,POL101504,LIABILITY,ACTIVE,2023-04-15,2024-04-14,,,2024-04-14 10:00:00
1505,1505,1505,POL101505,WORKCOMP,EXPIRED,2023-04-16,2024-04-15,,,2024-04-15 10:00:00
1506,1506,1506,POL101506,AUTO,CANCELLED,2023-04-17,2024-04-16,2023-10-14,Customer Request,2024-04-16 10:00:00
1507,1507,1507,POL101507,HOME,ACTIVE,2023-04-18,2024-04-17,,,2024-04-17 10:00:00
1508,1508,1508,POL101508,COMM,EXPIRED,2023-04-19,2024-04-18,,,2024-04-18 10:00:00
1509,1509,1509,POL101509,FIRE,CANCELLED,2023-04-20,2024-04-19,2023-10-17,Non-payment,2024-04-19 10:00:00
1510,1510,1510,POL101510,MARINE,ACTIVE,2023-04-21,2024-04-20,,,2024-04-20 10:00:00
1511,1511,1511,POL101511,LIABILITY,EXPIRED,2023-04-22,2024-04-21,,,2024-04-21 10:00:00
1512,1512,1512,POL101512,WORKCOMP,CANCELLED,2023-04-23,2024-04-22,2023-10-20,Customer Request,2024-04-22 10:00:00
1513,1513,1513,POL101513,AUTO,ACTIVE,2023-04-24,2024-04-23,,,2024-04-23 10:00:00
1514,1514,1514,POL101514,HOME,EXPIRED,2023-04-25,2024-04-24,,,2024-04-24 10:00:00
1515,1515,1515,POL101515,COMM,CANCELLED,2023-04-26,2024-04-25,2023-10-23,Non-payment,2024-04-25 10:00:00
1516,1516,1516,POL101516,FIRE,ACTIVE,2023-04-27,2024-04-26,,,2024-04-26 10:00:00
1517,1517,1517,POL101517,MARINE,EXPIRED,2023-04-28,2024-04-27,,,2024-04-27 10:00:00
1518,1518,1518,POL101518,LIABILITY,CANCELLED,2023-04-29,2024-04-28,2023-10-26,Non-payment,2024-04-28 10:00:00
1519,1519,1519,POL101519,WORKCOMP,ACTIVE,2023-04-30,2024-04-29,,,2024-04-29 10:00:00
1520,1520,1520,POL101520,AUTO,EXPIRED,2023-05-01,2024-04-30,,,2024-04-30 10:00:00
1521,1521,1521,POL101521,HOME,CANCELLED,2023-05-02,2024-05-01,2023-10-29,Customer Request,2024-05-01 10:00:00
1522,1522,1522,POL101522,COMM,ACTIVE,2023-05-03,2024-05-02,,,2024-05-02 10:00:00
1523,1523,1523,POL101523,FIRE,EXPIRED,2023-05-04,2024-05-03,,,2024-05-03 10:00:00
1524,1524,1524,POL101524,MARINE,CANCELLED,2023-05-05,2024-05-04,2023-11-01,Customer Request,2024-05-04 10:00:00
1525,1525,1525,POL101525,LIABILITY,ACTIVE,2023-05-06,2024-05-05,,,2024-05-05 10:00:00
1526,1526,1526,POL101526,WORKCOMP,EXPIRED,2023-05-07,2024-05-06,,,2024-05-06 10:00:00
1527,1527,1527,POL101527,AUTO,CANCELLED,2023-05-08,2024-05-07,2023-11-04,Customer Request,2024-05-07 10:00:00
1528,1528,1528,POL101528,HOME,ACTIVE,2023-05-09,2024-05-08,,,2024-05-08 10:00:00
1529,1529,1529,POL101529,COMM,EXPIRED,2023-05-10,2024-05-09,,,2024-05-09 10:00:00
1530,1530,1530,POL101530,FIRE,CANCELLED,2023-05-11,2024-05-10,2023-11-07,Non-payment,2024-05-10 10:00:00
1531,1531,1531,POL101531,MARINE,ACTIVE,2023-05-12,2024-05-11,,,2024-05-11 10:00:00
1532,1532,1532,POL101532,LIABILITY,EXPIRED,2023-05-13,2024-05-12,,,2024-05-12 10:00:00
1533,1533,1533,POL101533,WORKCOMP,CANCELLED,2023-05-14,2024-05-13,2023-11-10,Non-payment,2024-05-13 10:00:00
1534,1534,1534,POL101534,AUTO,ACTIVE,2023-05-15,2024-05-14,,,2024-05-14 10:00:00
1535,1535,1535,POL101535,HOME,EXPIRED,2023-05-16,2024-05-15,,,2024-05-15 10:00:00
1536,1536,1536,POL101536,COMM,CANCELLED,2023-05-17,2024-05-16,2023-11-13,Non-payment,2024-05-16 10:00:00
1537,1537,1537,POL101537,FIRE,ACTIVE,2023-05-18,2024-05-17,,,2024-05-17 10:00:00
1538,1538,1538,POL101538,MARINE,EXPIRED,2023-05-19,2024-05-18,,,2024-05-18 10:00:00
1539,1539,1539,POL101539,LIABILITY,CANCELLED,2023-05-20,2024-05-19,2023-11-16,Underwriting Decision,2024-05-19 10:00:00
1540,1540,1540,POL101540,WORKCOMP,ACTIVE,2023-05-21,2024-05-20,,,2024-05-20 10:00:00
1541,1541,1541,POL101541,AUTO,EXPIRED,2023-05-22,2024-05-21,,,2024-05-21 10:00:00
1542,1542,1542,POL101542,HOME,CANCELLED,2023-05-23,2024-05-22,2023-11-19,Non-payment,2024-05-22 10:00:00
1543,1543,1543,POL101543,COMM,ACTIVE,2023-05-24,2024-05-23,,,2024-05-23 10:00:00
1544,1544,1544,POL101544,FIRE,EXPIRED,2023-05-25,2024-05-24,,,2024-05-24 10:00:00
1545,1545,1545,POL101545,MARINE,CANCELLED,2023-05-26,2024-05-25,2023-11-22,Customer Request,2024-05-25 10:00:00
1546,1546,1546,POL101546,LIABILITY,ACTIVE,2023-05-27,2024-05-26,,,2024-05-26 10:00:00
1547,1547,1547,POL101547,WORKCOMP,EXPIRED,2023-05-28,2024-05-27,,,2024-05-27 10:00:00
1548,1548,1548,POL101548,AUTO,CANCELLED,2023-05-29,2024-05-28,2023-11-25,Customer Request,2024-05-28 10:00:00
1549,1549,1549,POL101549,HOME,ACTIVE,2023-05-30,2024-05-29,,,2024-05-29 10:00:00
1550,1550,1550,POL101550,COMM,EXPIRED,2023-05-31,2024-05-30,,,2024-05-30 10:00:00
1551,1551,1551,POL101551,FIRE,CANCELLED,2023-06-01,2024-05-31,2023-11-28,Customer Request,2024-05-31 10:00:00
1552,1552,1552,POL101552,MARINE,ACTIVE,2023-06-02,2024-06-01,,,2024-06-01 10:00:00
1553,1553,1553,POL101553,LIABILITY,EXPIRED,2023-06-03,2024-06-02,,,2024-06-02 10:00:00
1554,1554,1554,POL101554,WORKCOMP,CANCELLED,2023-06-04,2024-06-03,2023-12-01,Non-payment,2024-06-03 10:00:00
1555,1555,1555,POL101555,AUTO,ACTIVE,2023-06-05,2024-06-04,,,2024-06-04 10:00:00
1556,1556,1556,POL101556,HOME,EXPIRED,2023-06-06,2024-06-05,,,2024-06-05 10:00:00
1557,1557,1557,POL101557,COMM,CANCELLED,2023-06-07,2024-06-06,2023-12-04,Customer Request,2024-06-06 10:00:00
1558,1558,1558,POL101558,FIRE,ACTIVE,2023-06-08,2024-06-07,,,2024-06-07 10:00:00
1559,1559,1559,POL101559,MARINE,EXPIRED,2023-06-09,2024-06-08,,,2024-06-08 10:00:00
1560,1560,1560,POL101560,LIABILITY,CANCELLED,2023-06-10,2024-06-09,2023-12-07,Customer Request,2024-06-09 10:00:00
1561,1561,1561,POL101561,WORKCOMP,ACTIVE,2023-06-11,2024-06-10,,,2024-06-10 10:00:00
1562,1562,1562,POL101562,AUTO,EXPIRED,2023-06-12,2024-06-11,,,2024-06-11 10:00:00
1563,1563,1563,POL101563,HOME,CANCELLED,2023-06-13,2024-06-12,2023-12-10,Underwriting Decision,2024-06-12 10:00:00
1564,1564,1564,POL101564,COMM,ACTIVE,2023-06-14,2024-06-13,,,2024-06-13 10:00:00
1565,1565,1565,POL101565,FIRE,EXPIRED,2023-06-15,2024-06-14,,,2024-06-14 10:00:00
1566,1566,1566,POL101566,MARINE,CANCELLED,2023-06-16,2024-06-15,2023-12-13,Underwriting Decision,2024-06-15 10:00:00
1567,1567,1567,POL101567,LIABILITY,ACTIVE,2023-06-17,2024-06-16,,,2024-06-16 10:00:00
1568,1568,1568,POL101568,WORKCOMP,EXPIRED,2023-06-18,2024-06-17,,,2024-06-17 10:00:00
1569,1569,1569,POL101569,AUTO,CANCELLED,2023-06-19,2024-06-18,2023-12-16,Customer Request,2024-06-18 10:00:00
1570,1570,1570,POL101570,HOME,ACTIVE,2023-06-20,2024-06-19,,,2024-06-19 10:00:00
1571,1571,1571,POL101571,COMM,EXPIRED,2023-06-21,2024-06-20,,,2024-06-20 10:00:00
1572,1572,1572,POL101572,FIRE,CANCELLED,2023-06-22,2024-06-21,2023-12-19,Underwriting Decision,2024-06-21 10:00:00
1573,1573,1573,POL101573,MARINE,ACTIVE,2023-06-23,2024-06-22,,,2024-06-22 10:00:00
1574,1574,1574,POL101574,LIABILITY,EXPIRED,2023-06-24,2024-06-23,,,2024-06-23 10:00:00
1575,1575,1575,POL101575,WORKCOMP,CANCELLED,2023-06-25,2024-06-24,2023-12-22,Underwriting Decision,2024-06-24 10:00:00
1576,1576,1576,POL101576,AUTO,ACTIVE,2023-06-26,2024-06-25,,,2024-06-25 10:00:00
1577,1577,1577,POL101577,HOME,EXPIRED,2023-06-27,2024-06-26,,,2024-06-26 10:00:00
1578,1578,1578,POL101578,COMM,CANCELLED,2023-06-28,2024-06-27,2023-12-25,Customer Request,2024-06-27 10:00:00
1579,1579,1579,POL101579,FIRE,ACTIVE,2023-06-29,2024-06-28,,,2024-06-28 10:00:00
1580,1580,1580,POL101580,MARINE,EXPIRED,2023-06-30,2024-06-29,,,2024-06-29 10:00:00
1581,1581,1581,POL101581,LIABILITY,CANCELLED,2023-07-01,2024-06-30,2023-12-28,Non-payment,2024-06-30 10:00:00
1582,1582,1582,POL101582,WORKCOMP,ACTIVE,2023-07-02,2024-07-01,,,2024-07-01 10:00:00
1583,1583,1583,POL101583,AUTO,EXPIRED,2023-07-03,2024-07-02,,,2024-07-02 10:00:00
1584,1584,1584,POL101584,HOME,CANCELLED,2023-07-04,2024-07-03,2023-12-31,Non-payment,2024-07-03 10:00:00
1585,1585,1585,POL101585,COMM,ACTIVE,2023-07-05,2024-07-04,,,2024-07-04 10:00:00
1586,1586,1586,POL101586,FIRE,EXPIRED,2023-07-06,2024-07-05,,,2024-07-05 10:00:00
1587,1587,1587,POL101587,MARINE,CANCELLED,2023-07-07,2024-07-06,2024-01-03,Customer Request,2024-07-06 10:00:00
1588,1588,1588,POL101588,LIABILITY,ACTIVE,2023-07-08,2024-07-07,,,2024-07-07 10:00:00
1589,1589,1589,POL101589,WORKCOMP,EXPIRED,2023-07-09,2024-07-08,,,2024-07-08 10:00:00
1590,1590,1590,POL101590,AUTO,CANCELLED,2023-07-10,2024-07-09,2024-01-06,Non-payment,2024-07-09 10:00:00
1591,1591,1591,POL101591,HOME,ACTIVE,2023-07-11,2024-07-10,,,2024-07-10 10:00:00
1592,1592,1592,POL101592,COMM,EXPIRED,2023-07-12,2024-07-11,,,2024-07-11 10:00:00
1593,1593,1593,POL101593,FIRE,CANCELLED,2023-07-13,2024-07-12,2024-01-09,Underwriting Decision,2024-07-12 10:00:00
1594,1594,1594,POL101594,MARINE,ACTIVE,2023-07-14,2024-07-13,,,2024-07-13 10:00:00
1595,1595,1595,POL101595,LIABILITY,EXPIRED,2023-07-15,2024-07-14,,,2024-07-14 10:00:00
1596,1596,1596,POL101596,WORKCOMP,CANCELLED,2023-07-16,2024-07-15,2024-01-12,Customer Request,2024-07-15 10:00:00
1597,1597,1597,POL101597,AUTO,ACTIVE,2023-07-17,2024-07-16,,,2024-07-16 10:00:00
1598,1598,1598,POL101598,HOME,EXPIRED,2023-07-18,2024-07-17,,,2024-07-17 10:00:00
1599,1599,1599,POL101599,COMM,CANCELLED,2023-07-19,2024-07-18,2024-01-15,Non-payment,2024-07-18 10:00:00
1600,1600,1600,POL101600,FIRE,ACTIVE,2023-07-20,2024-07-19,,,2024-07-19 10:00:00
1601,1601,1601,POL101601,MARINE,EXPIRED,2023-07-21,2024-07-20,,,2024-07-20 10:00:00
1602,1602,1602,POL101602,LIABILITY,CANCELLED,2023-07-22,2024-07-21,2024-01-18,Non-payment,2024-07-21 10:00:00
1603,1603,1603,POL101603,WORKCOMP,ACTIVE,2023-07-23,2024-07-22,,,2024-07-22 10:00:00
1604,1604,1604,POL101604,AUTO,EXPIRED,2023-07-24,2024-07-23,,,2024-07-23 10:00:00
1605,1605,1605,POL101605,HOME,CANCELLED,2023-07-25,2024-07-24,2024-01-21,Underwriting Decision,2024-07-24 10:00:00
1606,1606,1606,POL101606,COMM,ACTIVE,2023-07-26,2024-07-25,,,2024-07-25 10:00:00
1607,1607,1607,POL101607,FIRE,EXPIRED,2023-07-27,2024-07-26,,,2024-07-26 10:00:00
1608,1608,1608,POL101608,MARINE,CANCELLED,2023-07-28,2024-07-27,2024-01-24,Customer Request,2024-07-27 10:00:00
1609,1609,1609,POL101609,LIABILITY,ACTIVE,2023-07-29,2024-07-28,,,2024-07-28 10:00:00
1610,1610,1610,POL101610,WORKCOMP,EXPIRED,2023-07-30,2024-07-29,,,2024-07-29 10:00:00
1611,1611,1611,POL101611,AUTO,CANCELLED,2023-07-31,2024-07-30,2024-01-27,Customer Request,2024-07-30 10:00:00
1612,1612,1612,POL101612,HOME,ACTIVE,2023-08-01,2024-07-31,,,2024-07-31 10:00:00
1613,1613,1613,POL101613,COMM,EXPIRED,2023-08-02,2024-08-01,,,2024-08-01 10:00:00
1614,1614,1614,POL101614,FIRE,CANCELLED,2023-08-03,2024-08-02,2024-01-30,Underwriting Decision,2024-08-02 10:00:00
1615,1615,1615,POL101615,MARINE,ACTIVE,2023-08-04,2024-08-03,,,2024-08-03 10:00:00
1616,1616,1616,POL101616,LIABILITY,EXPIRED,2023-08-05,2024-08-04,,,2024-08-04 10:00:00
1617,1617,1617,POL101617,WORKCOMP,CANCELLED,2023-08-06,2024-08-05,2024-02-02,Customer Request,2024-08-05 10:00:00
1618,1618,1618,POL101618,AUTO,ACTIVE,2023-08-07,2024-08-06,,,2024-08-06 10:00:00
1619,1619,1619,POL101619,HOME,EXPIRED,2023-08-08,2024-08-07,,,2024-08-07 10:00:00
1620,1620,1620,POL101620,COMM,CANCELLED,2023-08-09,2024-08-08,2024-02-05,Customer Request,2024-08-08 10:00:00
1621,1621,1621,POL101621,FIRE,ACTIVE,2023-08-10,2024-08-09,,,2024-08-09 10:00:00
1622,1622,1622,POL101622,MARINE,EXPIRED,2023-08-11,2024-08-10,,,2024-08-10 10:00:00
1623,1623,1623,POL101623,LIABILITY,CANCELLED,2023-08-12,2024-08-11,2024-02-08,Underwriting Decision,2024-08-11 10:00:00
1624,1624,1624,POL101624,WORKCOMP,ACTIVE,2023-08-13,2024-08-12,,,2024-08-12 10:00:00
1625,1625,1625,POL101625,AUTO,EXPIRED,2023-08-14,2024-08-13,,,2024-08-13 10:00:00
1626,1626,1626,POL101626,HOME,CANCELLED,2023-08-15,2024-08-14,2024-02-11,Underwriting Decision,2024-08-14 10:00:00
1627,1627,1627,POL101627,COMM,ACTIVE,2023-08-16,2024-08-15,,,2024-08-15 10:00:00
1628,1628,1628,POL101628,FIRE,EXPIRED,2023-08-17,2024-08-16,,,2024-08-16 10:00:00
1629,1629,1629,POL101629,MARINE,CANCELLED,2023-08-18,2024-08-17,2024-02-14,Non-payment,2024-08-17 10:00:00
1630,1630,1630,POL101630,LIABILITY,ACTIVE,2023-08-19,2024-08-18,,,2024-08-18 10:00:00
1631,1631,1631,POL101631,WORKCOMP,EXPIRED,2023-08-20,2024-08-19,,,2024-08-19 10:00:00
1632,1632,1632,POL101632,AUTO,CANCELLED,2023-08-21,2024-08-20,2024-02-17,Customer Request,2024-08-20 10:00:00
1633,1633,1633,POL101633,HOME,ACTIVE,2023-08-22,2024-08-21,,,2024-08-21 10:00:00
1634,1634,1634,POL101634,COMM,EXPIRED,2023-08-23,2024-08-22,,,2024-08-22 10:00:00
1635,1635,1635,POL101635,FIRE,CANCELLED,2023-08-24,2024-08-23,2024-02-20,Underwriting Decision,2024-08-23 10:00:00
1636,1636,1636,POL101636,MARINE,ACTIVE,2023-08-25,2024-08-24,,,2024-08-24 10:00:00
1637,1637,1637,POL101637,LIABILITY,EXPIRED,2023-08-26,2024-08-25,,,2024-08-25 10:00:00
1638,1638,1638,POL101638,WORKCOMP,CANCELLED,2023-08-27,2024-08-26,2024-02-23,Non-payment,2024-08-26 10:00:00
1639,1639,1639,POL101639,AUTO,ACTIVE,2023-08-28,2024-08-27,,,2024-08-27 10:00:00
1640,1640,1640,POL101640,HOME,EXPIRED,2023-08-29,2024-08-28,,,2024-08-28 10:00:00
1641,1641,1641,POL101641,COMM,CANCELLED,2023-08-30,2024-08-29,2024-02-26,Customer Request,2024-08-29 10:00:00
1642,1642,1642,POL101642,FIRE,ACTIVE,2023-08-31,2024-08-30,,,2024-08-30 10:00:00
1643,1643,1643,POL101643,MARINE,EXPIRED,2023-09-01,2024-08-31,,,2024-08-31 10:00:00
1644,1644,1644,POL101644,LIABILITY,CANCELLED,2023-09-02,2024-09-01,2024-02-29,Non-payment,2024-09-01 10:00:00
1645,1645,1645,POL101645,WORKCOMP,ACTIVE,2023-09-03,2024-09-02,,,2024-09-02 10:00:00
1646,1646,1646,POL101646,AUTO,EXPIRED,2023-09-04,2024-09-03,,,2024-09-03 10:00:00
1647,1647,1647,POL101647,HOME,CANCELLED,2023-09-05,2024-09-04,2024-03-03,Underwriting Decision,2024-09-04 10:00:00
1648,1648,1648,POL101648,COMM,ACTIVE,2023-09-06,2024-09-05,,,2024-09-05 10:00:00
1649,1649,1649,POL101649,FIRE,EXPIRED,2023-09-07,2024-09-06,,,2024-09-06 10:00:00
1650,1650,1650,POL101650,MARINE,CANCELLED,2023-09-08,2024-09-07,2024-03-06,Customer Request,2024-09-07 10:00:00
1651,1651,1651,POL101651,LIABILITY,ACTIVE,2023-09-09,2024-09-08,,,2024-09-08 10:00:00
1652,1652,1652,POL101652,WORKCOMP,EXPIRED,2023-09-10,2024-09-09,,,2024-09-09 10:00:00
1653,1653,1653,POL101653,AUTO,CANCELLED,2023-09-11,2024-09-10,2024-03-09,Non-payment,2024-09-10 10:00:00
1654,1654,1654,POL101654,HOME,ACTIVE,2023-09-12,2024-09-11,,,2024-09-11 10:00:00
1655,1655,1655,POL101655,COMM,EXPIRED,2023-09-13,2024-09-12,,,2024-09-12 10:00:00
1656,1656,1656,POL101656,FIRE,CANCELLED,2023-09-14,2024-09-13,2024-03-12,Underwriting Decision,2024-09-13 10:00:00
1657,1657,1657,POL101657,MARINE,ACTIVE,2023-09-15,2024-09-14,,,2024-09-14 10:00:00
1658,1658,1658,POL101658,LIABILITY,EXPIRED,2023-09-16,2024-09-15,,,2024-09-15 10:00:00
1659,1659,1659,POL101659,WORKCOMP,CANCELLED,2023-09-17,2024-09-16,2024-03-15,Underwriting Decision,2024-09-16 10:00:00
1660,1660,1660,POL101660,AUTO,ACTIVE,2023-09-18,2024-09-17,,,2024-09-17 10:00:00
1661,1661,1661,POL101661,HOME,EXPIRED,2023-09-19,2024-09-18,,,2024-09-18 10:00:00
1662,1662,1662,POL101662,COMM,CANCELLED,2023-09-20,2024-09-19,2024-03-18,Underwriting Decision,2024-09-19 10:00:00
1663,1663,1663,POL101663,FIRE,ACTIVE,2023-09-21,2024-09-20,,,2024-09-20 10:00:00
1664,1664,1664,POL101664,MARINE,EXPIRED,2023-09-22,2024-09-21,,,2024-09-21 10:00:00
1665,1665,1665,POL101665,LIABILITY,CANCELLED,2023-09-23,2024-09-22,2024-03-21,Underwriting Decision,2024-09-22 10:00:00
1666,1666,1666,POL101666,WORKCOMP,ACTIVE,2023-09-24,2024-09-23,,,2024-09-23 10:00:00
1667,1667,1667,POL101667,AUTO,EXPIRED,2023-09-25,2024-09-24,,,2024-09-24 10:00:00
1668,1668,1668,POL101668,HOME,CANCELLED,2023-09-26,2024-09-25,2024-03-24,Underwriting Decision,2024-09-25 10:00:00
1669,1669,1669,POL101669,COMM,ACTIVE,2023-09-27,2024-09-26,,,2024-09-26 10:00:00
1670,1670,1670,POL101670,FIRE,EXPIRED,2023-09-28,2024-09-27,,,2024-09-27 10:00:00
1671,1671,1671,POL101671,MARINE,CANCELLED,2023-09-29,2024-09-28,2024-03-27,Underwriting Decision,2024-09-28 10:00:00
1672,1672,1672,POL101672,LIABILITY,ACTIVE,2023-09-30,2024-09-29,,,2024-09-29 10:00:00
1673,1673,1673,POL101673,WORKCOMP,EXPIRED,2023-10-01,2024-09-30,,,2024-09-30 10:00:00
1674,1674,1674,POL101674,AUTO,CANCELLED,2023-10-02,2024-10-01,2024-03-30,Underwriting Decision,2024-10-01 10:00:00
1675,1675,1675,POL101675,HOME,ACTIVE,2023-10-03,2024-10-02,,,2024-10-02 10:00:00
1676,1676,1676,POL101676,COMM,EXPIRED,2023-10-04,2024-10-03,,,2024-10-03 10:00:00
1677,1677,1677,POL101677,FIRE,CANCELLED,2023-10-05,2024-10-04,2024-04-02,Non-payment,2024-10-04 10:00:00
1678,1678,1678,POL101678,MARINE,ACTIVE,2023-10-06,2024-10-05,,,2024-10-05 10:00:00
1679,1679,1679,POL101679,LIABILITY,EXPIRED,2023-10-07,2024-10-06,,,2024-10-06 10:00:00
1680,1680,1680,POL101680,WORKCOMP,CANCELLED,2023-10-08,2024-10-07,2024-04-05,Customer Request,2024-10-07 10:00:00
1681,1681,1681,POL101681,AUTO,ACTIVE,2023-10-09,2024-10-08,,,2024-10-08 10:00:00
1682,1682,1682,POL101682,HOME,EXPIRED,2023-10-10,2024-10-09,,,2024-10-09 10:00:00
1683,1683,1683,POL101683,COMM,CANCELLED,2023-10-11,2024-10-10,2024-04-08,Customer Request,2024-10-10 10:00:00
1684,1684,1684,POL101684,FIRE,ACTIVE,2023-10-12,2024-10-11,,,2024-10-11 10:00:00
1685,1685,1685,POL101685,MARINE,EXPIRED,2023-10-13,2024-10-12,,,2024-10-12 10:00:00
1686,1686,1686,POL101686,LIABILITY,CANCELLED,2023-10-14,2024-10-13,2024-04-11,Non-payment,2024-10-13 10:00:00
1687,1687,1687,POL101687,WORKCOMP,ACTIVE,2023-10-15,2024-10-14,,,2024-10-14 10:00:00
1688,1688,1688,POL101688,AUTO,EXPIRED,2023-10-16,2024-10-15,,,2024-10-15 10:00:00
1689,1689,1689,POL101689,HOME,CANCELLED,2023-10-17,2024-10-16,2024-04-14,Underwriting Decision,2024-10-16 10:00:00
1690,1690,1690,POL101690,COMM,ACTIVE,2023-10-18,2024-10-17,,,2024-10-17 10:00:00
1691,1691,1691,POL101691,FIRE,EXPIRED,2023-10-19,2024-10-18,,,2024-10-18 10:00:00
1692,1692,1692,POL101692,MARINE,CANCELLED,2023-10-20,2024-10-19,2024-04-17,Customer Request,2024-10-19 10:00:00
1693,1693,1693,POL101693,LIABILITY,ACTIVE,2023-10-21,2024-10-20,,,2024-10-20 10:00:00
1694,1694,1694,POL101694,WORKCOMP,EXPIRED,2023-10-22,2024-10-21,,,2024-10-21 10:00:00
1695,1695,1695,POL101695,AUTO,CANCELLED,2023-10-23,2024-10-22,2024-04-20,Underwriting Decision,2024-10-22 10:00:00
1696,1696,1696,POL101696,HOME,ACTIVE,2023-10-24,2024-10-23,,,2024-10-23 10:00:00
1697,1697,1697,POL101697,COMM,EXPIRED,2023-10-25,2024-10-24,,,2024-10-24 10:00:00
1698,1698,1698,POL101698,FIRE,CANCELLED,2023-10-26,2024-10-25,2024-04-23,Customer Request,2024-10-25 10:00:00
1699,1699,1699,POL101699,MARINE,ACTIVE,2023-10-27,2024-10-26,,,2024-10-26 10:00:00
1700,1700,1700,POL101700,LIABILITY,EXPIRED,2023-10-28,2024-10-27,,,2024-10-27 10:00:00
1701,1701,1701,POL101701,WORKCOMP,CANCELLED,2023-10-29,2024-10-28,2024-04-26,Underwriting Decision,2024-10-28 10:00:00
1702,1702,1702,POL101702,AUTO,ACTIVE,2023-10-30,2024-10-29,,,2024-10-29 10:00:00
1703,1703,1703,POL101703,HOME,EXPIRED,2023-10-31,2024-10-30,,,2024-10-30 10:00:00
1704,1704,1704,POL101704,COMM,CANCELLED,2023-11-01,2024-10-31,2024-04-29,Non-payment,2024-10-31 10:00:00
1705,1705,1705,POL101705,FIRE,ACTIVE,2023-11-02,2024-11-01,,,2024-11-01 10:00:00
1706,1706,1706,POL101706,MARINE,EXPIRED,2023-11-03,2024-11-02,,,2024-11-02 10:00:00
1707,1707,1707,POL101707,LIABILITY,CANCELLED,2023-11-04,2024-11-03,2024-05-02,Underwriting Decision,2024-11-03 10:00:00
1708,1708,1708,POL101708,WORKCOMP,ACTIVE,2023-11-05,2024-11-04,,,2024-11-04 10:00:00
1709,1709,1709,POL101709,AUTO,EXPIRED,2023-11-06,2024-11-05,,,2024-11-05 10:00:00
1710,1710,1710,POL101710,HOME,CANCELLED,2023-11-07,2024-11-06,2024-05-05,Customer Request,2024-11-06 10:00:00
1711,1711,1711,POL101711,COMM,ACTIVE,2023-11-08,2024-11-07,,,2024-11-07 10:00:00
1712,1712,1712,POL101712,FIRE,EXPIRED,2023-11-09,2024-11-08,,,2024-11-08 10:00:00
1713,1713,1713,POL101713,MARINE,CANCELLED,2023-11-10,2024-11-09,2024-05-08,Underwriting Decision,2024-11-09 10:00:00
1714,1714,1714,POL101714,LIABILITY,ACTIVE,2023-11-11,2024-11-10,,,2024-11-10 10:00:00
1715,1715,1715,POL101715,WORKCOMP,EXPIRED,2023-11-12,2024-11-11,,,2024-11-11 10:00:00
1716,1716,1716,POL101716,AUTO,CANCELLED,2023-11-13,2024-11-12,2024-05-11,Customer Request,2024-11-12 10:00:00
1717,1717,1717,POL101717,HOME,ACTIVE,2023-11-14,2024-11-13,,,2024-11-13 10:00:00
1718,1718,1718,POL101718,COMM,EXPIRED,2023-11-15,2024-11-14,,,2024-11-14 10:00:00
1719,1719,1719,POL101719,FIRE,CANCELLED,2023-11-16,2024-11-15,2024-05-14,Underwriting Decision,2024-11-15 10:00:00
1720,1720,1720,POL101720,MARINE,ACTIVE,2023-11-17,2024-11-16,,,2024-11-16 10:00:00
1721,1721,1721,POL101721,LIABILITY,EXPIRED,2023-11-18,2024-11-17,,,2024-11-17 10:00:00
1722,1722,1722,POL101722,WORKCOMP,CANCELLED,2023-11-19,2024-11-18,2024-05-17,Customer Request,2024-11-18 10:00:00
1723,1723,1723,POL101723,AUTO,ACTIVE,2023-11-20,2024-11-19,,,2024-11-19 10:00:00
1724,1724,1724,POL101724,HOME,EXPIRED,2023-11-21,2024-11-20,,,2024-11-20 10:00:00
1725,1725,1725,POL101725,COMM,CANCELLED,2023-11-22,2024-11-21,2024-05-20,Customer Request,2024-11-21 10:00:00
1726,1726,1726,POL101726,FIRE,ACTIVE,2023-11-23,2024-11-22,,,2024-11-22 10:00:00
1727,1727,1727,POL101727,MARINE,EXPIRED,2023-11-24,2024-11-23,,,2024-11-23 10:00:00
1728,1728,1728,POL101728,LIABILITY,CANCELLED,2023-11-25,2024-11-24,2024-05-23,Customer Request,2024-11-24 10:00:00
1729,1729,1729,POL101729,WORKCOMP,ACTIVE,2023-11-26,2024-11-25,,,2024-11-25 10:00:00
1730,1730,1730,POL101730,AUTO,EXPIRED,2023-11-27,2024-11-26,,,2024-11-26 10:00:00
1731,1731,1731,POL101731,HOME,CANCELLED,2023-11-28,2024-11-27,2024-05-26,Underwriting Decision,2024-11-27 10:00:00
1732,1732,1732,POL101732,COMM,ACTIVE,2023-11-29,2024-11-28,,,2024-11-28 10:00:00
1733,1733,1733,POL101733,FIRE,EXPIRED,2023-11-30,2024-11-29,,,2024-11-29 10:00:00
1734,1734,1734,POL101734,MARINE,CANCELLED,2023-12-01,2024-11-30,2024-05-29,Customer Request,2024-11-30 10:00:00
1735,1735,1735,POL101735,LIABILITY,ACTIVE,2023-12-02,2024-12-01,,,2024-12-01 10:00:00
1736,1736,1736,POL101736,WORKCOMP,EXPIRED,2023-12-03,2024-12-02,,,2024-12-02 10:00:00
1737,1737,1737,POL101737,AUTO,CANCELLED,2023-12-04,2024-12-03,2024-06-01,Underwriting Decision,2024-12-03 10:00:00
1738,1738,1738,POL101738,HOME,ACTIVE,2023-12-05,2024-12-04,,,2024-12-04 10:00:00
1739,1739,1739,POL101739,COMM,EXPIRED,2023-12-06,2024-12-05,,,2024-12-05 10:00:00
1740,1740,1740,POL101740,FIRE,CANCELLED,2023-12-07,2024-12-06,2024-06-04,Non-payment,2024-12-06 10:00:00
1741,1741,1741,POL101741,MARINE,ACTIVE,2023-12-08,2024-12-07,,,2024-12-07 10:00:00
1742,1742,1742,POL101742,LIABILITY,EXPIRED,2023-12-09,2024-12-08,,,2024-12-08 10:00:00
1743,1743,1743,POL101743,WORKCOMP,CANCELLED,2023-12-10,2024-12-09,2024-06-07,Non-payment,2024-12-09 10:00:00
1744,1744,1744,POL101744,AUTO,ACTIVE,2023-12-11,2024-12-10,,,2024-12-10 10:00:00
1745,1745,1745,POL101745,HOME,EXPIRED,2023-12-12,2024-12-11,,,2024-12-11 10:00:00
1746,1746,1746,POL101746,COMM,CANCELLED,2023-12-13,2024-12-12,2024-06-10,Customer Request,2024-12-12 10:00:00
1747,1747,1747,POL101747,FIRE,ACTIVE,2023-12-14,2024-12-13,,,2024-12-13 10:00:00
1748,1748,1748,POL101748,MARINE,EXPIRED,2023-12-15,2024-12-14,,,2024-12-14 10:00:00
1749,1749,1749,POL101749,LIABILITY,CANCELLED,2023-12-16,2024-12-15,2024-06-13,Underwriting Decision,2024-12-15 10:00:00
1750,1750,1750,POL101750,WORKCOMP,ACTIVE,2023-12-17,2024-12-16,,,2024-12-16 10:00:00
1751,1751,1751,POL101751,AUTO,EXPIRED,2023-12-18,2024-12-17,,,2024-12-17 10:00:00
1752,1752,1752,POL101752,HOME,CANCELLED,2023-12-19,2024-12-18,2024-06-16,Customer Request,2024-12-18 10:00:00
1753,1753,1753,POL101753,COMM,ACTIVE,2023-12-20,2024-12-19,,,2024-12-19 10:00:00
1754,1754,1754,POL101754,FIRE,EXPIRED,2023-12-21,2024-12-20,,,2024-12-20 10:00:00
1755,1755,1755,POL101755,MARINE,CANCELLED,2023-12-22,2024-12-21,2024-06-19,Underwriting Decision,2024-12-21 10:00:00
1756,1756,1756,POL101756,LIABILITY,ACTIVE,2023-12-23,2024-12-22,,,2024-12-22 10:00:00
1757,1757,1757,POL101757,WORKCOMP,EXPIRED,2023-12-24,2024-12-23,,,2024-12-23 10:00:00
1758,1758,1758,POL101758,AUTO,CANCELLED,2023-12-25,2024-12-24,2024-06-22,Underwriting Decision,2024-12-24 10:00:00
1759,1759,1759,POL101759,HOME,ACTIVE,2023-12-26,2024-12-25,,,2024-12-25 10:00:00
1760,1760,1760,POL101760,COMM,EXPIRED,2023-12-27,2024-12-26,,,2024-12-26 10:00:00
1761,1761,1761,POL101761,FIRE,CANCELLED,2023-12-28,2024-12-27,2024-06-25,Non-payment,2024-12-27 10:00:00
1762,1762,1762,POL101762,MARINE,ACTIVE,2023-12-29,2024-12-28,,,2024-12-28 10:00:00
1763,1763,1763,POL101763,LIABILITY,EXPIRED,2023-12-30,2024-12-29,,,2024-12-29 10:00:00
1764,1764,1764,POL101764,WORKCOMP,CANCELLED,2023-12-31,2024-12-30,2024-06-28,Underwriting Decision,2024-12-30 10:00:00
1765,1765,1765,POL101765,AUTO,ACTIVE,2024-01-01,2024-12-31,,,2024-12-31 10:00:00
1766,1766,1766,POL101766,HOME,EXPIRED,2024-01-02,2025-01-01,,,2025-01-01 10:00:00
1767,1767,1767,POL101767,COMM,CANCELLED,2024-01-03,2025-01-02,2024-07-01,Underwriting Decision,2025-01-02 10:00:00
1768,1768,1768,POL101768,FIRE,ACTIVE,2024-01-04,2025-01-03,,,2025-01-03 10:00:00
1769,1769,1769,POL101769,MARINE,EXPIRED,2024-01-05,2025-01-04,,,2025-01-04 10:00:00
1770,1770,1770,POL101770,LIABILITY,CANCELLED,2024-01-06,2025-01-05,2024-07-04,Customer Request,2025-01-05 10:00:00
1771,1771,1771,POL101771,WORKCOMP,ACTIVE,2024-01-07,2025-01-06,,,2025-01-06 10:00:00
1772,1772,1772,POL101772,AUTO,EXPIRED,2024-01-08,2025-01-07,,,2025-01-07 10:00:00
1773,1773,1773,POL101773,HOME,CANCELLED,2024-01-09,2025-01-08,2024-07-07,Customer Request,2025-01-08 10:00:00
1774,1774,1774,POL101774,COMM,ACTIVE,2024-01-10,2025-01-09,,,2025-01-09 10:00:00
1775,1775,1775,POL101775,FIRE,EXPIRED,2024-01-11,2025-01-10,,,2025-01-10 10:00:00
1776,1776,1776,POL101776,MARINE,CANCELLED,2024-01-12,2025-01-11,2024-07-10,Underwriting Decision,2025-01-11 10:00:00
1777,1777,1777,POL101777,LIABILITY,ACTIVE,2024-01-13,2025-01-12,,,2025-01-12 10:00:00
1778,1778,1778,POL101778,WORKCOMP,EXPIRED,2024-01-14,2025-01-13,,,2025-01-13 10:00:00
1779,1779,1779,POL101779,AUTO,CANCELLED,2024-01-15,2025-01-14,2024-07-13,Non-payment,2025-01-14 10:00:00
1780,1780,1780,POL101780,HOME,ACTIVE,2024-01-16,2025-01-15,,,2025-01-15 10:00:00
1781,1781,1781,POL101781,COMM,EXPIRED,2024-01-17,2025-01-16,,,2025-01-16 10:00:00
1782,1782,1782,POL101782,FIRE,CANCELLED,2024-01-18,2025-01-17,2024-07-16,Customer Request,2025-01-17 10:00:00
1783,1783,1783,POL101783,MARINE,ACTIVE,2024-01-19,2025-01-18,,,2025-01-18 10:00:00
1784,1784,1784,POL101784,LIABILITY,EXPIRED,2024-01-20,2025-01-19,,,2025-01-19 10:00:00
1785,1785,1785,POL101785,WORKCOMP,CANCELLED,2024-01-21,2025-01-20,2024-07-19,Customer Request,2025-01-20 10:00:00
1786,1786,1786,POL101786,AUTO,ACTIVE,2024-01-22,2025-01-21,,,2025-01-21 10:00:00
1787,1787,1787,POL101787,HOME,EXPIRED,2024-01-23,2025-01-22,,,2025-01-22 10:00:00
1788,1788,1788,POL101788,COMM,CANCELLED,2024-01-24,2025-01-23,2024-07-22,Non-payment,2025-01-23 10:00:00
1789,1789,1789,POL101789,FIRE,ACTIVE,2024-01-25,2025-01-24,,,2025-01-24 10:00:00
1790,1790,1790,POL101790,MARINE,EXPIRED,2024-01-26,2025-01-25,,,2025-01-25 10:00:00
1791,1791,1791,POL101791,LIABILITY,CANCELLED,2024-01-27,2025-01-26,2024-07-25,Customer Request,2025-01-26 10:00:00
1792,1792,1792,POL101792,WORKCOMP,ACTIVE,2024-01-28,2025-01-27,,,2025-01-27 10:00:00
1793,1793,1793,POL101793,AUTO,EXPIRED,2024-01-29,2025-01-28,,,2025-01-28 10:00:00
1794,1794,1794,POL101794,HOME,CANCELLED,2024-01-30,2025-01-29,2024-07-28,Underwriting Decision,2025-01-29 10:00:00
1795,1795,1795,POL101795,COMM,ACTIVE,2024-01-31,2025-01-30,,,2025-01-30 10:00:00
1796,1796,1796,POL101796,FIRE,EXPIRED,2024-02-01,2025-01-31,,,2025-01-31 10:00:00
1797,1797,1797,POL101797,MARINE,CANCELLED,2024-02-02,2025-02-01,2024-07-31,Underwriting Decision,2025-02-01 10:00:00
1798,1798,1798,POL101798,LIABILITY,ACTIVE,2024-02-03,2025-02-02,,,2025-02-02 10:00:00
1799,1799,1799,POL101799,WORKCOMP,EXPIRED,2024-02-04,2025-02-03,,,2025-02-03 10:00:00
1800,1800,1800,POL101800,AUTO,CANCELLED,2024-02-05,2025-02-04,2024-08-03,Underwriting Decision,2025-02-04 10:00:00
1801,1801,1801,POL101801,HOME,ACTIVE,2024-02-06,2025-02-05,,,2025-02-05 10:00:00
1802,1802,1802,POL101802,COMM,EXPIRED,2024-02-07,2025-02-06,,,2025-02-06 10:00:00
1803,1803,1803,POL101803,FIRE,CANCELLED,2024-02-08,2025-02-07,2024-08-06,Customer Request,2025-02-07 10:00:00
1804,1804,1804,POL101804,MARINE,ACTIVE,2024-02-09,2025-02-08,,,2025-02-08 10:00:00
1805,1805,1805,POL101805,LIABILITY,EXPIRED,2024-02-10,2025-02-09,,,2025-02-09 10:00:00
1806,1806,1806,POL101806,WORKCOMP,CANCELLED,2024-02-11,2025-02-10,2024-08-09,Customer Request,2025-02-10 10:00:00
1807,1807,1807,POL101807,AUTO,ACTIVE,2024-02-12,2025-02-11,,,2025-02-11 10:00:00
1808,1808,1808,POL101808,HOME,EXPIRED,2024-02-13,2025-02-12,,,2025-02-12 10:00:00
1809,1809,1809,POL101809,COMM,CANCELLED,2024-02-14,2025-02-13,2024-08-12,Customer Request,2025-02-13 10:00:00
1810,1810,1810,POL101810,FIRE,ACTIVE,2024-02-15,2025-02-14,,,2025-02-14 10:00:00
1811,1811,1811,POL101811,MARINE,EXPIRED,2024-02-16,2025-02-15,,,2025-02-15 10:00:00
1812,1812,1812,POL101812,LIABILITY,CANCELLED,2024-02-17,2025-02-16,2024-08-15,Customer Request,2025-02-16 10:00:00
1813,1813,1813,POL101813,WORKCOMP,ACTIVE,2024-02-18,2025-02-17,,,2025-02-17 10:00:00
1814,1814,1814,POL101814,AUTO,EXPIRED,2024-02-19,2025-02-18,,,2025-02-18 10:00:00
1815,1815,1815,POL101815,HOME,CANCELLED,2024-02-20,2025-02-19,2024-08-18,Underwriting Decision,2025-02-19 10:00:00
1816,1816,1816,POL101816,COMM,ACTIVE,2024-02-21,2025-02-20,,,2025-02-20 10:00:00
1817,1817,1817,POL101817,FIRE,EXPIRED,2024-02-22,2025-02-21,,,2025-02-21 10:00:00
1818,1818,1818,POL101818,MARINE,CANCELLED,2024-02-23,2025-02-22,2024-08-21,Non-payment,2025-02-22 10:00:00
1819,1819,1819,POL101819,LIABILITY,ACTIVE,2024-02-24,2025-02-23,,,2025-02-23 10:00:00
1820,1820,1820,POL101820,WORKCOMP,EXPIRED,2024-02-25,2025-02-24,,,2025-02-24 10:00:00
1821,1821,1821,POL101821,AUTO,CANCELLED,2024-02-26,2025-02-25,2024-08-24,Underwriting Decision,2025-02-25 10:00:00
1822,1822,1822,POL101822,HOME,ACTIVE,2024-02-27,2025-02-26,,,2025-02-26 10:00:00
1823,1823,1823,POL101823,COMM,EXPIRED,2024-02-28,2025-02-27,,,2025-02-27 10:00:00
1824,1824,1824,POL101824,FIRE,CANCELLED,2024-02-29,2025-02-28,2024-08-27,Customer Request,2025-02-28 10:00:00
1825,1825,1825,POL101825,MARINE,ACTIVE,2024-03-01,2025-03-01,,,2025-03-01 10:00:00
1826,1826,1826,POL101826,LIABILITY,EXPIRED,2024-03-02,2025-03-02,,,2025-03-02 10:00:00
1827,1827,1827,POL101827,WORKCOMP,CANCELLED,2024-03-03,2025-03-03,2024-08-30,Underwriting Decision,2025-03-03 10:00:00
1828,1828,1828,POL101828,AUTO,ACTIVE,2024-03-04,2025-03-04,,,2025-03-04 10:00:00
1829,1829,1829,POL101829,HOME,EXPIRED,2024-03-05,2025-03-05,,,2025-03-05 10:00:00
1830,1830,1830,POL101830,COMM,CANCELLED,2024-03-06,2025-03-06,2024-09-02,Non-payment,2025-03-06 10:00:00
1831,1831,1831,POL101831,FIRE,ACTIVE,2024-03-07,2025-03-07,,,2025-03-07 10:00:00
1832,1832,1832,POL101832,MARINE,EXPIRED,2024-03-08,2025-03-08,,,2025-03-08 10:00:00
1833,1833,1833,POL101833,LIABILITY,CANCELLED,2024-03-09,2025-03-09,2024-09-05,Underwriting Decision,2025-03-09 10:00:00
1834,1834,1834,POL101834,WORKCOMP,ACTIVE,2024-03-10,2025-03-10,,,2025-03-10 10:00:00
1835,1835,1835,POL101835,AUTO,EXPIRED,2024-03-11,2025-03-11,,,2025-03-11 10:00:00
1836,1836,1836,POL101836,HOME,CANCELLED,2024-03-12,2025-03-12,2024-09-08,Non-payment,2025-03-12 10:00:00
1837,1837,1837,POL101837,COMM,ACTIVE,2024-03-13,2025-03-13,,,2025-03-13 10:00:00
1838,1838,1838,POL101838,FIRE,EXPIRED,2024-03-14,2025-03-14,,,2025-03-14 10:00:00
1839,1839,1839,POL101839,MARINE,CANCELLED,2024-03-15,2025-03-15,2024-09-11,Customer Request,2025-03-15 10:00:00
1840,1840,1840,POL101840,LIABILITY,ACTIVE,2024-03-16,2025-03-16,,,2025-03-16 10:00:00
1841,1841,1841,POL101841,WORKCOMP,EXPIRED,2024-03-17,2025-03-17,,,2025-03-17 10:00:00
1842,1842,1842,POL101842,AUTO,CANCELLED,2024-03-18,2025-03-18,2024-09-14,Underwriting Decision,2025-03-18 10:00:00
1843,1843,1843,POL101843,HOME,ACTIVE,2024-03-19,2025-03-19,,,2025-03-19 10:00:00
1844,1844,1844,POL101844,COMM,EXPIRED,2024-03-20,2025-03-20,,,2025-03-20 10:00:00
1845,1845,1845,POL101845,FIRE,CANCELLED,2024-03-21,2025-03-21,2024-09-17,Underwriting Decision,2025-03-21 10:00:00
1846,1846,1846,POL101846,MARINE,ACTIVE,2024-03-22,2025-03-22,,,2025-03-22 10:00:00
1847,1847,1847,POL101847,LIABILITY,EXPIRED,2024-03-23,2025-03-23,,,2025-03-23 10:00:00
1848,1848,1848,POL101848,WORKCOMP,CANCELLED,2024-03-24,2025-03-24,2024-09-20,Underwriting Decision,2025-03-24 10:00:00
1849,1849,1849,POL101849,AUTO,ACTIVE,2024-03-25,2025-03-25,,,2025-03-25 10:00:00
1850,1850,1850,POL101850,HOME,EXPIRED,2024-03-26,2025-03-26,,,2025-03-26 10:00:00
1851,1851,1851,POL101851,COMM,CANCELLED,2024-03-27,2025-03-27,2024-09-23,Underwriting Decision,2025-03-27 10:00:00
1852,1852,1852,POL101852,FIRE,ACTIVE,2024-03-28,2025-03-28,,,2025-03-28 10:00:00
1853,1853,1853,POL101853,MARINE,EXPIRED,2024-03-29,2025-03-29,,,2025-03-29 10:00:00
1854,1854,1854,POL101854,LIABILITY,CANCELLED,2024-03-30,2025-03-30,2024-09-26,Customer Request,2025-03-30 10:00:00
1855,1855,1855,POL101855,WORKCOMP,ACTIVE,2024-03-31,2025-03-31,,,2025-03-31 10:00:00
1856,1856,1856,POL101856,AUTO,EXPIRED,2024-04-01,2025-04-01,,,2025-04-01 10:00:00
1857,1857,1857,POL101857,HOME,CANCELLED,2024-04-02,2025-04-02,2024-09-29,Non-payment,2025-04-02 10:00:00
1858,1858,1858,POL101858,COMM,ACTIVE,2024-04-03,2025-04-03,,,2025-04-03 10:00:00
1859,1859,1859,POL101859,FIRE,EXPIRED,2024-04-04,2025-04-04,,,2025-04-04 10:00:00
1860,1860,1860,POL101860,MARINE,CANCELLED,2024-04-05,2025-04-05,2024-10-02,Non-payment,2025-04-05 10:00:00
1861,1861,1861,POL101861,LIABILITY,ACTIVE,2024-04-06,2025-04-06,,,2025-04-06 10:00:00
1862,1862,1862,POL101862,WORKCOMP,EXPIRED,2024-04-07,2025-04-07,,,2025-04-07 10:00:00
1863,1863,1863,POL101863,AUTO,CANCELLED,2024-04-08,2025-04-08,2024-10-05,Underwriting Decision,2025-04-08 10:00:00
1864,1864,1864,POL101864,HOME,ACTIVE,2024-04-09,2025-04-09,,,2025-04-09 10:00:00
1865,1865,1865,POL101865,COMM,EXPIRED,2024-04-10,2025-04-10,,,2025-04-10 10:00:00
1866,1866,1866,POL101866,FIRE,CANCELLED,2024-04-11,2025-04-11,2024-10-08,Customer Request,2025-04-11 10:00:00
1867,1867,1867,POL101867,MARINE,ACTIVE,2024-04-12,2025-04-12,,,2025-04-12 10:00:00
1868,1868,1868,POL101868,LIABILITY,EXPIRED,2024-04-13,2025-04-13,,,2025-04-13 10:00:00
1869,1869,1869,POL101869,WORKCOMP,CANCELLED,2024-04-14,2025-04-14,2024-10-11,Non-payment,2025-04-14 10:00:00
1870,1870,1870,POL101870,AUTO,ACTIVE,2024-04-15,2025-04-15,,,2025-04-15 10:00:00
1871,1871,1871,POL101871,HOME,EXPIRED,2024-04-16,2025-04-16,,,2025-04-16 10:00:00
1872,1872,1872,POL101872,COMM,CANCELLED,2024-04-17,2025-04-17,2024-10-14,Non-payment,2025-04-17 10:00:00
1873,1873,1873,POL101873,FIRE,ACTIVE,2024-04-18,2025-04-18,,,2025-04-18 10:00:00
1874,1874,1874,POL101874,MARINE,EXPIRED,2024-04-19,2025-04-19,,,2025-04-19 10:00:00
1875,1875,1875,POL101875,LIABILITY,CANCELLED,2024-04-20,2025-04-20,2024-10-17,Non-payment,2025-04-20 10:00:00
1876,1876,1876,POL101876,WORKCOMP,ACTIVE,2024-04-21,2025-04-21,,,2025-04-21 10:00:00
1877,1877,1877,POL101877,AUTO,EXPIRED,2024-04-22,2025-04-22,,,2025-04-22 10:00:00
1878,1878,1878,POL101878,HOME,CANCELLED,2024-04-23,2025-04-23,2024-10-20,Non-payment,2025-04-23 10:00:00
1879,1879,1879,POL101879,COMM,ACTIVE,2024-04-24,2025-04-24,,,2025-04-24 10:00:00
1880,1880,1880,POL101880,FIRE,EXPIRED,2024-04-25,2025-04-25,,,2025-04-25 10:00:00
1881,1881,1881,POL101881,MARINE,CANCELLED,2024-04-26,2025-04-26,2024-10-23,Non-payment,2025-04-26 10:00:00
1882,1882,1882,POL101882,LIABILITY,ACTIVE,2024-04-27,2025-04-27,,,2025-04-27 10:00:00
1883,1883,1883,POL101883,WORKCOMP,EXPIRED,2024-04-28,2025-04-28,,,2025-04-28 10:00:00
1884,1884,1884,POL101884,AUTO,CANCELLED,2024-04-29,2025-04-29,2024-10-26,Non-payment,2025-04-29 10:00:00
1885,1885,1885,POL101885,HOME,ACTIVE,2024-04-30,2025-04-30,,,2025-04-30 10:00:00
1886,1886,1886,POL101886,COMM,EXPIRED,2024-05-01,2025-05-01,,,2025-05-01 10:00:00
1887,1887,1887,POL101887,FIRE,CANCELLED,2024-05-02,2025-05-02,2024-10-29,Customer Request,2025-05-02 10:00:00
1888,1888,1888,POL101888,MARINE,ACTIVE,2024-05-03,2025-05-03,,,2025-05-03 10:00:00
1889,1889,1889,POL101889,LIABILITY,EXPIRED,2024-05-04,2025-05-04,,,2025-05-04 10:00:00
1890,1890,1890,POL101890,WORKCOMP,CANCELLED,2024-05-05,2025-05-05,2024-11-01,Underwriting Decision,2025-05-05 10:00:00
1891,1891,1891,POL101891,AUTO,ACTIVE,2024-05-06,2025-05-06,,,2025-05-06 10:00:00
1892,1892,1892,POL101892,HOME,EXPIRED,2024-05-07,2025-05-07,,,2025-05-07 10:00:00
1893,1893,1893,POL101893,COMM,CANCELLED,2024-05-08,2025-05-08,2024-11-04,Non-payment,2025-05-08 10:00:00
1894,1894,1894,POL101894,FIRE,ACTIVE,2024-05-09,2025-05-09,,,2025-05-09 10:00:00
1895,1895,1895,POL101895,MARINE,EXPIRED,2024-05-10,2025-05-10,,,2025-05-10 10:00:00
1896,1896,1896,POL101896,LIABILITY,CANCELLED,2024-05-11,2025-05-11,2024-11-07,Customer Request,2025-05-11 10:00:00
1897,1897,1897,POL101897,WORKCOMP,ACTIVE,2024-05-12,2025-05-12,,,2025-05-12 10:00:00
1898,1898,1898,POL101898,AUTO,EXPIRED,2024-05-13,2025-05-13,,,2025-05-13 10:00:00
1899,1899,1899,POL101899,HOME,CANCELLED,2024-05-14,2025-05-14,2024-11-10,Customer Request,2025-05-14 10:00:00
1900,1900,1900,POL101900,COMM,ACTIVE,2024-05-15,2025-05-15,,,2025-05-15 10:00:00
1901,1901,1901,POL101901,FIRE,EXPIRED,2024-05-16,2025-05-16,,,2025-05-16 10:00:00
1902,1902,1902,POL101902,MARINE,CANCELLED,2024-05-17,2025-05-17,2024-11-13,Underwriting Decision,2025-05-17 10:00:00
1903,1903,1903,POL101903,LIABILITY,ACTIVE,2024-05-18,2025-05-18,,,2025-05-18 10:00:00
1904,1904,1904,POL101904,WORKCOMP,EXPIRED,2024-05-19,2025-05-19,,,2025-05-19 10:00:00
1905,1905,1905,POL101905,AUTO,CANCELLED,2024-05-20,2025-05-20,2024-11-16,Underwriting Decision,2025-05-20 10:00:00
1906,1906,1906,POL101906,HOME,ACTIVE,2024-05-21,2025-05-21,,,2025-05-21 10:00:00
1907,1907,1907,POL101907,COMM,EXPIRED,2024-05-22,2025-05-22,,,2025-05-22 10:00:00
1908,1908,1908,POL101908,FIRE,CANCELLED,2024-05-23,2025-05-23,2024-11-19,Non-payment,2025-05-23 10:00:00
1909,1909,1909,POL101909,MARINE,ACTIVE,2024-05-24,2025-05-24,,,2025-05-24 10:00:00
1910,1910,1910,POL101910,LIABILITY,EXPIRED,2024-05-25,2025-05-25,,,2025-05-25 10:00:00
1911,1911,1911,POL101911,WORKCOMP,CANCELLED,2024-05-26,2025-05-26,2024-11-22,Underwriting Decision,2025-05-26 10:00:00
1912,1912,1912,POL101912,AUTO,ACTIVE,2024-05-27,2025-05-27,,,2025-05-27 10:00:00
1913,1913,1913,POL101913,HOME,EXPIRED,2024-05-28,2025-05-28,,,2025-05-28 10:00:00
1914,1914,1914,POL101914,COMM,CANCELLED,2024-05-29,2025-05-29,2024-11-25,Underwriting Decision,2025-05-29 10:00:00
1915,1915,1915,POL101915,FIRE,ACTIVE,2024-05-30,2025-05-30,,,2025-05-30 10:00:00
1916,1916,1916,POL101916,MARINE,EXPIRED,2024-05-31,2025-05-31,,,2025-05-31 10:00:00
1917,1917,1917,POL101917,LIABILITY,CANCELLED,2024-06-01,2025-06-01,2024-11-28,Customer Request,2025-06-01 10:00:00
1918,1918,1918,POL101918,WORKCOMP,ACTIVE,2024-06-02,2025-06-02,,,2025-06-02 10:00:00
1919,1919,1919,POL101919,AUTO,EXPIRED,2024-06-03,2025-06-03,,,2025-06-03 10:00:00
1920,1920,1920,POL101920,HOME,CANCELLED,2024-06-04,2025-06-04,2024-12-01,Customer Request,2025-06-04 10:00:00
1921,1921,1921,POL101921,COMM,ACTIVE,2024-06-05,2025-06-05,,,2025-06-05 10:00:00
1922,1922,1922,POL101922,FIRE,EXPIRED,2024-06-06,2025-06-06,,,2025-06-06 10:00:00
1923,1923,1923,POL101923,MARINE,CANCELLED,2024-06-07,2025-06-07,2024-12-04,Customer Request,2025-06-07 10:00:00
1924,1924,1924,POL101924,LIABILITY,ACTIVE,2024-06-08,2025-06-08,,,2025-06-08 10:00:00
1925,1925,1925,POL101925,WORKCOMP,EXPIRED,2024-06-09,2025-06-09,,,2025-06-09 10:00:00
1926,1926,1926,POL101926,AUTO,CANCELLED,2024-06-10,2025-06-10,2024-12-07,Non-payment,2025-06-10 10:00:00
1927,1927,1927,POL101927,HOME,ACTIVE,2024-06-11,2025-06-11,,,2025-06-11 10:00:00
1928,1928,1928,POL101928,COMM,EXPIRED,2024-06-12,2025-06-12,,,2025-06-12 10:00:00
1929,1929,1929,POL101929,FIRE,CANCELLED,2024-06-13,2025-06-13,2024-12-10,Non-payment,2025-06-13 10:00:00
1930,1930,1930,POL101930,MARINE,ACTIVE,2024-06-14,2025-06-14,,,2025-06-14 10:00:00
1931,1931,1931,POL101931,LIABILITY,EXPIRED,2024-06-15,2025-06-15,,,2025-06-15 10:00:00
1932,1932,1932,POL101932,WORKCOMP,CANCELLED,2024-06-16,2025-06-16,2024-12-13,Underwriting Decision,2025-06-16 10:00:00
1933,1933,1933,POL101933,AUTO,ACTIVE,2024-06-17,2025-06-17,,,2025-06-17 10:00:00
1934,1934,1934,POL101934,HOME,EXPIRED,2024-06-18,2025-06-18,,,2025-06-18 10:00:00
1935,1935,1935,POL101935,COMM,CANCELLED,2024-06-19,2025-06-19,2024-12-16,Underwriting Decision,2025-06-19 10:00:00
1936,1936,1936,POL101936,FIRE,ACTIVE,2024-06-20,2025-06-20,,,2025-06-20 10:00:00
1937,1937,1937,POL101937,MARINE,EXPIRED,2024-06-21,2025-06-21,,,2025-06-21 10:00:00
1938,1938,1938,POL101938,LIABILITY,CANCELLED,2024-06-22,2025-06-22,2024-12-19,Non-payment,2025-06-22 10:00:00
1939,1939,1939,POL101939,WORKCOMP,ACTIVE,2024-06-23,2025-06-23,,,2025-06-23 10:00:00
1940,1940,1940,POL101940,AUTO,EXPIRED,2024-06-24,2025-06-24,,,2025-06-24 10:00:00
1941,1941,1941,POL101941,HOME,CANCELLED,2024-06-25,2025-06-25,2024-12-22,Non-payment,2025-06-25 10:00:00
1942,1942,1942,POL101942,COMM,ACTIVE,2024-06-26,2025-06-26,,,2025-06-26 10:00:00
1943,1943,1943,POL101943,FIRE,EXPIRED,2024-06-27,2025-06-27,,,2025-06-27 10:00:00
1944,1944,1944,POL101944,MARINE,CANCELLED,2024-06-28,2025-06-28,2024-12-25,Customer Request,2025-06-28 10:00:00
1945,1945,1945,POL101945,LIABILITY,ACTIVE,2024-06-29,2025-06-29,,,2025-06-29 10:00:00
1946,1946,1946,POL101946,WORKCOMP,EXPIRED,2024-06-30,2025-06-30,,,2025-06-30 10:00:00
1947,1947,1947,POL101947,AUTO,CANCELLED,2024-07-01,2025-07-01,2024-12-28,Non-payment,2025-07-01 10:00:00
1948,1948,1948,POL101948,HOME,ACTIVE,2024-07-02,2025-07-02,,,2025-07-02 10:00:00
1949,1949,1949,POL101949,COMM,EXPIRED,2024-07-03,2025-07-03,,,2025-07-03 10:00:00
1950,1950,1950,POL101950,FIRE,CANCELLED,2024-07-04,2025-07-04,2024-12-31,Non-payment,2025-07-04 10:00:00
1951,1951,1951,POL101951,MARINE,ACTIVE,2024-07-05,2025-07-05,,,2025-07-05 10:00:00
1952,1952,1952,POL101952,LIABILITY,EXPIRED,2024-07-06,2025-07-06,,,2025-07-06 10:00:00
1953,1953,1953,POL101953,WORKCOMP,CANCELLED,2024-07-07,2025-07-07,2025-01-03,Underwriting Decision,2025-07-07 10:00:00
1954,1954,1954,POL101954,AUTO,ACTIVE,2024-07-08,2025-07-08,,,2025-07-08 10:00:00
1955,1955,1955,POL101955,HOME,EXPIRED,2024-07-09,2025-07-09,,,2025-07-09 10:00:00
1956,1956,1956,POL101956,COMM,CANCELLED,2024-07-10,2025-07-10,2025-01-06,Underwriting Decision,2025-07-10 10:00:00
1957,1957,1957,POL101957,FIRE,ACTIVE,2024-07-11,2025-07-11,,,2025-07-11 10:00:00
1958,1958,1958,POL101958,MARINE,EXPIRED,2024-07-12,2025-07-12,,,2025-07-12 10:00:00
1959,1959,1959,POL101959,LIABILITY,CANCELLED,2024-07-13,2025-07-13,2025-01-09,Customer Request,2025-07-13 10:00:00
1960,1960,1960,POL101960,WORKCOMP,ACTIVE,2024-07-14,2025-07-14,,,2025-07-14 10:00:00
1961,1961,1961,POL101961,AUTO,EXPIRED,2024-07-15,2025-07-15,,,2025-07-15 10:00:00
1962,1962,1962,POL101962,HOME,CANCELLED,2024-07-16,2025-07-16,2025-01-12,Non-payment,2025-07-16 10:00:00
1963,1963,1963,POL101963,COMM,ACTIVE,2024-07-17,2025-07-17,,,2025-07-17 10:00:00
1964,1964,1964,POL101964,FIRE,EXPIRED,2024-07-18,2025-07-18,,,2025-07-18 10:00:00
1965,1965,1965,POL101965,MARINE,CANCELLED,2024-07-19,2025-07-19,2025-01-15,Underwriting Decision,2025-07-19 10:00:00
1966,1966,1966,POL101966,LIABILITY,ACTIVE,2024-07-20,2025-07-20,,,2025-07-20 10:00:00
1967,1967,1967,POL101967,WORKCOMP,EXPIRED,2024-07-21,2025-07-21,,,2025-07-21 10:00:00
1968,1968,1968,POL101968,AUTO,CANCELLED,2024-07-22,2025-07-22,2025-01-18,Non-payment,2025-07-22 10:00:00
1969,1969,1969,POL101969,HOME,ACTIVE,2024-07-23,2025-07-23,,,2025-07-23 10:00:00
1970,1970,1970,POL101970,COMM,EXPIRED,2024-07-24,2025-07-24,,,2025-07-24 10:00:00
1971,1971,1971,POL101971,FIRE,CANCELLED,2024-07-25,2025-07-25,2025-01-21,Non-payment,2025-07-25 10:00:00
1972,1972,1972,POL101972,MARINE,ACTIVE,2024-07-26,2025-07-26,,,2025-07-26 10:00:00
1973,1973,1973,POL101973,LIABILITY,EXPIRED,2024-07-27,2025-07-27,,,2025-07-27 10:00:00
1974,1974,1974,POL101974,WORKCOMP,CANCELLED,2024-07-28,2025-07-28,2025-01-24,Customer Request,2025-07-28 10:00:00
1975,1975,1975,POL101975,AUTO,ACTIVE,2024-07-29,2025-07-29,,,2025-07-29 10:00:00
1976,1976,1976,POL101976,HOME,EXPIRED,2024-07-30,2025-07-30,,,2025-07-30 10:00:00
1977,1977,1977,POL101977,COMM,CANCELLED,2024-07-31,2025-07-31,2025-01-27,Non-payment,2025-07-31 10:00:00
1978,1978,1978,POL101978,FIRE,ACTIVE,2024-08-01,2025-08-01,,,2025-08-01 10:00:00
1979,1979,1979,POL101979,MARINE,EXPIRED,2024-08-02,2025-08-02,,,2025-08-02 10:00:00
1980,1980,1980,POL101980,LIABILITY,CANCELLED,2024-08-03,2025-08-03,2025-01-30,Customer Request,2025-08-03 10:00:00
1981,1981,1981,POL101981,WORKCOMP,ACTIVE,2024-08-04,2025-08-04,,,2025-08-04 10:00:00
1982,1982,1982,POL101982,AUTO,EXPIRED,2024-08-05,2025-08-05,,,2025-08-05 10:00:00
1983,1983,1983,POL101983,HOME,CANCELLED,2024-08-06,2025-08-06,2025-02-02,Underwriting Decision,2025-08-06 10:00:00
1984,1984,1984,POL101984,COMM,ACTIVE,2024-08-07,2025-08-07,,,2025-08-07 10:00:00
1985,1985,1985,POL101985,FIRE,EXPIRED,2024-08-08,2025-08-08,,,2025-08-08 10:00:00
1986,1986,1986,POL101986,MARINE,CANCELLED,2024-08-09,2025-08-09,2025-02-05,Underwriting Decision,2025-08-09 10:00:00
1987,1987,1987,POL101987,LIABILITY,ACTIVE,2024-08-10,2025-08-10,,,2025-08-10 10:00:00
1988,1988,1988,POL101988,WORKCOMP,EXPIRED,2024-08-11,2025-08-11,,,2025-08-11 10:00:00
1989,1989,1989,POL101989,AUTO,CANCELLED,2024-08-12,2025-08-12,2025-02-08,Underwriting Decision,2025-08-12 10:00:00
1990,1990,1990,POL101990,HOME,ACTIVE,2024-08-13,2025-08-13,,,2025-08-13 10:00:00
1991,1991,1991,POL101991,COMM,EXPIRED,2024-08-14,2025-08-14,,,2025-08-14 10:00:00
1992,1992,1992,POL101992,FIRE,CANCELLED,2024-08-15,2025-08-15,2025-02-11,Underwriting Decision,2025-08-15 10:00:00
1993,1993,1993,POL101993,MARINE,ACTIVE,2024-08-16,2025-08-16,,,2025-08-16 10:00:00
1994,1994,1994,POL101994,LIABILITY,EXPIRED,2024-08-17,2025-08-17,,,2025-08-17 10:00:00
1995,1995,1995,POL101995,WORKCOMP,CANCELLED,2024-08-18,2025-08-18,2025-02-14,Customer Request,2025-08-18 10:00:00
1996,1996,1996,POL101996,AUTO,ACTIVE,2024-08-19,2025-08-19,,,2025-08-19 10:00:00
1997,1997,1997,POL101997,HOME,EXPIRED,2024-08-20,2025-08-20,,,2025-08-20 10:00:00
1998,1998,1998,POL101998,COMM,CANCELLED,2024-08-21,2025-08-21,2025-02-17,Customer Request,2025-08-21 10:00:00
1999,1999,1999,POL101999,FIRE,ACTIVE,2024-08-22,2025-08-22,,,2025-08-22 10:00:00
2000,2000,2000,POL102000,MARINE,EXPIRED,2024-08-23,2025-08-23,,,2025-08-23 10:00:00
