premium_id,policy_period_id,written_premium,earned_premium,unearned_premium,transaction_date,currency_code,commission_rate,commission_amount,operating_expense,as_of_date
1,1,97716.89,40430.94,57285.95,2022-01-02,INR,9.13,8921.55,4458.31,2022-01-25
2,2,19861.8,16035.77,3826.03,2022-01-03,USD,13.18,2617.79,1416.83,2022-01-04
3,3,9320.6,4849.05,4471.55,2022-01-04,INR,12.58,1172.53,296.93,2022-01-10
4,4,108822.84,85505.23,23317.61,2022-01-05,USD,11.29,12286.1,6686.58,2022-01-13
5,5,122367.42,49384.35,72983.07,2022-01-06,INR,17.09,20912.59,9651.09,2022-01-16
6,6,45291.34,23480.05,21811.29,2022-01-07,USD,16.45,7450.43,1682.79,2022-01-19
7,7,19023.87,16476.99,2546.88,2022-01-08,INR,14.06,2674.76,1645.55,2022-01-31
8,8,71616.61,33563.44,38053.17,2022-01-09,USD,18.83,13485.41,2543.54,2022-01-18
9,9,125263.68,92718.41,32545.27,2022-01-10,INR,17.93,22459.78,8820.4,2022-02-01
10,10,15085.5,11520.72,3564.78,2022-01-11,USD,16.6,2504.19,1492.94,2022-02-07
11,11,38754.68,17654.72,21099.96,2022-01-12,INR,9.17,3553.8,2887.14,2022-01-23
12,12,28584.84,17019.38,11565.46,2022-01-13,USD,15.05,4302.02,2261.84,2022-02-03
13,13,98965.13,72741.55,26223.58,2022-01-14,INR,7.57,7491.66,8020.02,2022-01-19
14,14,72027.73,39505.14,32522.59,2022-01-15,USD,18.88,13598.84,5630.5,2022-01-22
15,15,104269.07,90043.49,14225.58,2022-01-16,INR,16.64,17350.37,4799.86,2022-01-17
16,16,121731.64,75551.6,46180.04,2022-01-17,USD,5.99,7291.73,11432.98,2022-02-04
17,17,132073.31,75687.63,56385.68,2022-01-18,INR,14.83,19586.47,7619.87,2022-02-16
18,18,98213.52,47002.96,51210.56,2022-01-19,USD,7.09,6963.34,8068.16,2022-02-05
19,19,43097.53,31095.83,12001.7,2022-01-20,INR,18.47,7960.11,2497.85,2022-01-27
20,20,149612.24,71227.76,78384.48,2022-01-21,USD,12.4,18551.92,12403.57,2022-02-17
21,21,20899.12,15571.84,5327.28,2022-01-22,INR,16.88,3527.77,1244.57,2022-01-24
22,22,60791.26,44240.15,16551.11,2022-01-23,USD,12.02,7307.11,2893.6,2022-02-09
23,23,129813.06,52744.94,77068.12,2022-01-24,INR,15.81,20523.44,10089.04,2022-02-10
24,24,113877.28,93690.18,20187.1,2022-01-25,USD,10.1,11501.61,5755.93,2022-01-30
25,25,70789.94,65452.29,5337.65,2022-01-26,INR,18.14,12841.3,3428.87,2022-02-11
26,26,115484.52,78439.96,37044.56,2022-01-27,USD,6.6,7621.98,8519.41,2022-02-22
27,27,97647.68,71764.56,25883.12,2022-01-28,INR,7.29,7118.52,8141.45,2022-02-14
28,28,143257.46,129983.04,13274.42,2022-01-29,USD,18.78,26903.75,10303.95,2022-02-13
29,29,7824.13,7127.82,696.31,2022-01-30,INR,18.18,1422.43,690.22,2022-02-08
30,30,39720.58,21150.39,18570.19,2022-01-31,USD,13.51,5366.25,1410.6,2022-02-23
31,31,75468.62,33060.3,42408.32,2022-02-01,INR,16.41,12384.4,6309.81,2022-02-05
32,32,100663.87,92687.95,7975.92,2022-02-02,USD,7.48,7529.66,6738.15,2022-02-21
33,33,66355.0,34271.63,32083.37,2022-02-03,INR,13.09,8685.87,5381.07,2022-02-09
34,34,108377.6,67134.05,41243.55,2022-02-04,USD,15.08,16343.34,6084.26,2022-03-04
35,35,80048.5,37346.81,42701.69,2022-02-05,INR,8.37,6700.06,4295.88,2022-02-23
36,36,85318.62,61740.14,23578.48,2022-02-06,USD,5.11,4359.78,6787.0,2022-02-07
37,37,38196.56,34299.79,3896.77,2022-02-07,INR,17.89,6833.36,1335.35,2022-02-14
38,38,45379.2,30266.93,15112.27,2022-02-08,USD,13.09,5940.14,3659.14,2022-03-08
39,39,87801.25,57946.11,29855.14,2022-02-09,INR,16.77,14724.27,7596.98,2022-02-15
40,40,18677.24,14240.28,4436.96,2022-02-10,USD,10.31,1925.62,1097.8,2022-03-09
41,41,110716.0,85290.13,25425.87,2022-02-11,INR,19.76,21877.48,4084.23,2022-02-23
42,42,110590.97,92932.45,17658.52,2022-02-12,USD,6.64,7343.24,4800.9,2022-03-01
43,43,70048.96,44273.39,25775.57,2022-02-13,INR,9.18,6430.49,3326.38,2022-03-14
44,44,15930.81,13452.17,2478.64,2022-02-14,USD,17.84,2842.06,587.11,2022-03-06
45,45,149895.96,128882.82,21013.14,2022-02-15,INR,19.53,29274.68,14216.99,2022-03-14
46,46,39275.03,24489.07,14785.96,2022-02-16,USD,12.22,4799.41,3555.39,2022-03-16
47,47,13502.13,8215.17,5286.96,2022-02-17,INR,19.78,2670.72,655.72,2022-03-14
48,48,118843.76,66182.55,52661.21,2022-02-18,USD,15.45,18361.36,9642.43,2022-03-15
49,49,85586.41,68051.86,17534.55,2022-02-19,INR,7.32,6264.93,4345.18,2022-03-21
50,50,13480.08,10846.82,2633.26,2022-02-20,USD,5.91,796.67,700.32,2022-02-21
51,51,89705.75,60692.01,29013.74,2022-02-21,INR,17.79,15958.65,3679.76,2022-03-23
52,52,78635.13,68274.04,10361.09,2022-02-22,USD,6.03,4741.7,2733.14,2022-03-21
53,53,39104.56,18220.29,20884.27,2022-02-23,INR,18.35,7175.69,1847.11,2022-03-14
54,54,10762.54,4790.31,5972.23,2022-02-24,USD,14.86,1599.31,748.71,2022-03-06
55,55,140532.41,72000.73,68531.68,2022-02-25,INR,15.74,22119.8,6563.99,2022-03-09
56,56,23977.35,18103.51,5873.84,2022-02-26,USD,11.86,2843.71,2278.6,2022-03-27
57,57,15518.75,10119.11,5399.64,2022-02-27,INR,19.98,3100.65,1547.63,2022-03-01
58,58,82956.99,56264.47,26692.52,2022-02-28,USD,6.99,5798.69,4515.4,2022-03-02
59,59,132494.19,79925.78,52568.41,2022-03-01,INR,7.37,9764.82,11707.47,2022-03-23
60,60,48864.99,45987.79,2877.2,2022-03-02,USD,17.11,8360.8,3275.22,2022-03-23
61,61,123480.1,69724.07,53756.03,2022-03-03,INR,14.95,18460.27,11820.14,2022-03-07
62,62,43347.56,38550.81,4796.75,2022-03-04,USD,16.14,6996.3,1772.11,2022-03-13
63,63,92700.32,73667.71,19032.61,2022-03-05,INR,8.05,7462.38,6896.59,2022-03-13
64,64,78284.31,42126.09,36158.22,2022-03-06,USD,18.62,14576.54,2626.9,2022-03-26
65,65,66418.49,36674.57,29743.92,2022-03-07,INR,5.05,3354.13,5577.71,2022-03-27
66,66,147070.7,71898.47,75172.23,2022-03-08,USD,11.63,17104.32,11676.93,2022-03-25
67,67,6402.11,2825.79,3576.32,2022-03-09,INR,18.25,1168.39,597.16,2022-03-26
68,68,10224.08,6165.82,4058.26,2022-03-10,USD,13.29,1358.78,614.31,2022-03-11
69,69,49697.46,44451.39,5246.07,2022-03-11,INR,16.94,8418.75,4485.16,2022-04-08
70,70,56882.34,44091.59,12790.75,2022-03-12,USD,15.0,8532.35,3114.73,2022-03-29
71,71,133199.53,83050.91,50148.62,2022-03-13,INR,14.31,19060.85,5437.04,2022-04-11
72,72,39326.91,19245.64,20081.27,2022-03-14,USD,17.0,6685.57,1667.21,2022-03-27
73,73,8594.02,6919.14,1674.88,2022-03-15,INR,9.98,857.68,817.78,2022-04-09
74,74,102136.53,82146.54,19989.99,2022-03-16,USD,8.72,8906.31,4202.29,2022-04-07
75,75,20673.87,18186.63,2487.24,2022-03-17,INR,17.88,3696.49,942.12,2022-04-12
76,76,138175.53,81843.04,56332.49,2022-03-18,USD,17.31,23918.18,12572.95,2022-03-25
77,77,8431.34,4268.12,4163.22,2022-03-19,INR,9.92,836.39,763.08,2022-04-18
78,78,117132.36,69474.76,47657.6,2022-03-20,USD,12.64,14805.53,9085.52,2022-04-15
79,79,82751.28,75848.2,6903.08,2022-03-21,INR,6.73,5569.16,8103.67,2022-03-26
80,80,89185.51,83919.36,5266.15,2022-03-22,USD,5.57,4967.63,6399.95,2022-04-02
81,81,110639.03,63343.34,47295.69,2022-03-23,INR,14.09,15589.04,7280.01,2022-04-04
82,82,135428.19,68329.39,67098.8,2022-03-24,USD,5.67,7678.78,8196.66,2022-04-09
83,83,139208.4,96909.73,42298.67,2022-03-25,INR,15.79,21981.01,11406.25,2022-04-15
84,84,33570.09,21391.32,12178.77,2022-03-26,USD,19.23,6455.53,3170.83,2022-04-14
85,85,50517.77,43769.02,6748.75,2022-03-27,INR,15.8,7981.81,2577.55,2022-04-05
86,86,101699.47,58924.73,42774.74,2022-03-28,USD,15.46,15722.74,6997.83,2022-04-03
87,87,65964.72,60502.84,5461.88,2022-03-29,INR,15.16,10000.25,6147.67,2022-04-17
88,88,87520.26,54555.0,32965.26,2022-03-30,USD,17.51,15324.8,4487.27,2022-04-05
89,89,67333.78,48412.42,18921.36,2022-03-31,INR,14.82,9978.87,4211.67,2022-04-14
90,90,102965.95,70134.81,32831.14,2022-04-01,USD,16.91,17411.54,10007.08,2022-04-24
91,91,29605.25,13222.82,16382.43,2022-04-02,INR,12.73,3768.75,2199.84,2022-04-12
92,92,18541.14,17124.59,1416.55,2022-04-03,USD,8.52,1579.71,959.12,2022-04-28
93,93,33873.84,14004.6,19869.24,2022-04-04,INR,8.67,2936.86,2142.84,2022-05-01
94,94,116430.95,75735.88,40695.07,2022-04-05,USD,18.29,21295.22,8184.74,2022-04-27
95,95,105971.37,71202.95,34768.42,2022-04-06,INR,8.66,9177.12,8045.78,2022-04-06
96,96,134435.67,117394.92,17040.75,2022-04-07,USD,18.28,24574.84,11358.39,2022-04-14
97,97,30503.57,28273.19,2230.38,2022-04-08,INR,12.77,3895.31,1022.34,2022-04-15
98,98,138033.15,64426.59,73606.56,2022-04-09,USD,7.0,9662.32,8630.53,2022-04-25
99,99,148244.41,107847.63,40396.78,2022-04-10,INR,19.25,28537.05,13697.76,2022-04-29
100,100,123175.94,109701.87,13474.07,2022-04-11,USD,11.4,14042.06,11514.47,2022-04-25
101,101,135095.17,109293.41,25801.76,2022-04-12,INR,12.12,16373.53,6503.94,2022-04-19
102,102,126780.12,70048.71,56731.41,2022-04-13,USD,16.67,21134.25,8104.01,2022-04-20
103,103,44816.63,19836.55,24980.08,2022-04-14,INR,9.29,4163.46,2196.91,2022-04-24
104,104,134488.89,59755.8,74733.09,2022-04-15,USD,7.26,9763.89,7640.65,2022-04-19
105,105,107430.78,46767.4,60663.38,2022-04-16,INR,11.11,11935.56,7303.44,2022-04-29
106,106,14028.53,12037.74,1990.79,2022-04-17,USD,10.84,1520.69,1176.79,2022-05-17
107,107,105850.83,92217.52,13633.31,2022-04-18,INR,16.48,17444.22,5993.98,2022-04-18
108,108,141697.54,79950.99,61746.55,2022-04-19,USD,10.85,15374.18,13094.97,2022-05-15
109,109,65758.09,53338.6,12419.49,2022-04-20,INR,13.19,8673.49,4749.55,2022-04-27
110,110,75793.27,41694.97,34098.3,2022-04-21,USD,12.28,9307.41,4336.89,2022-05-12
111,111,103475.57,64400.52,39075.05,2022-04-22,INR,7.48,7739.97,6489.71,2022-04-26
112,112,147204.69,102125.9,45078.79,2022-04-23,USD,18.6,27380.07,10515.2,2022-05-14
113,113,8929.8,6728.71,2201.09,2022-04-24,INR,7.04,628.66,556.5,2022-04-25
114,114,42722.67,24781.03,17941.64,2022-04-25,USD,11.82,5049.82,2291.0,2022-05-23
115,115,59973.3,48794.6,11178.7,2022-04-26,INR,17.48,10483.33,2858.27,2022-04-28
116,116,73194.49,59431.24,13763.25,2022-04-27,USD,5.78,4230.64,7073.1,2022-05-04
117,117,99270.89,82362.89,16908.0,2022-04-28,INR,14.78,14672.24,8219.26,2022-05-28
118,118,40856.08,35200.61,5655.47,2022-04-29,USD,14.32,5850.59,1907.9,2022-05-14
119,119,102071.53,72489.49,29582.04,2022-04-30,INR,8.27,8441.32,8059.83,2022-05-24
120,120,58489.8,42887.12,15602.68,2022-05-01,USD,19.46,11382.12,4695.85,2022-05-25
121,121,123798.67,115206.6,8592.07,2022-05-02,INR,6.62,8195.47,3936.49,2022-05-11
122,122,88490.53,79589.66,8900.87,2022-05-03,USD,10.63,9406.54,8486.5,2022-05-09
123,123,16019.49,12492.61,3526.88,2022-05-04,INR,14.41,2308.41,594.85,2022-05-28
124,124,48729.49,37830.77,10898.72,2022-05-05,USD,17.08,8323.0,4177.87,2022-05-23
125,125,118482.13,70018.44,48463.69,2022-05-06,INR,11.43,13542.51,6627.89,2022-05-22
126,126,98893.77,40245.68,58648.09,2022-05-07,USD,11.3,11175.0,6360.27,2022-05-20
127,127,144314.2,108173.86,36140.34,2022-05-08,INR,17.43,25153.97,11474.65,2022-05-21
128,128,30539.86,20979.68,9560.18,2022-05-09,USD,14.76,4507.68,2232.89,2022-06-07
129,129,83035.07,55295.01,27740.06,2022-05-10,INR,11.53,9573.94,6740.11,2022-05-18
130,130,51734.16,27678.93,24055.23,2022-05-11,USD,19.02,9839.84,2562.13,2022-05-25
131,131,40360.2,26459.73,13900.47,2022-05-12,INR,14.15,5710.97,2281.53,2022-05-12
132,132,76674.44,44375.93,32298.51,2022-05-13,USD,12.31,9438.62,4204.65,2022-05-21
133,133,54349.13,48054.2,6294.93,2022-05-14,INR,15.52,8434.98,2681.52,2022-05-14
134,134,79910.95,40361.51,39549.44,2022-05-15,USD,8.62,6888.32,4670.79,2022-06-01
135,135,114933.87,89629.47,25304.4,2022-05-16,INR,14.69,16883.79,7396.86,2022-06-10
136,136,7500.27,4213.87,3286.4,2022-05-17,USD,11.07,830.28,352.75,2022-06-07
137,137,89325.56,58981.07,30344.49,2022-05-18,INR,12.96,11576.59,5340.35,2022-06-10
138,138,84806.33,50332.2,34474.13,2022-05-19,USD,11.81,10015.63,4364.44,2022-05-26
139,139,22495.1,11380.75,11114.35,2022-05-20,INR,6.79,1527.42,1518.65,2022-06-13
140,140,105073.72,53098.75,51974.97,2022-05-21,USD,16.08,16895.85,5185.91,2022-06-08
141,141,146608.02,100946.99,45661.03,2022-05-22,INR,9.24,13546.58,5429.9,2022-05-28
142,142,47955.74,28700.77,19254.97,2022-05-23,USD,9.53,4570.18,3815.42,2022-05-27
143,143,44775.14,41903.36,2871.78,2022-05-24,INR,13.3,5955.09,3529.14,2022-05-28
144,144,97491.1,79361.24,18129.86,2022-05-25,USD,6.54,6375.92,3008.44,2022-06-03
145,145,73062.56,46925.0,26137.56,2022-05-26,INR,7.77,5676.96,2454.64,2022-06-25
146,146,129949.83,60134.01,69815.82,2022-05-27,USD,5.98,7771.0,8371.66,2022-06-14
147,147,96269.63,41346.36,54923.27,2022-05-28,INR,7.24,6969.92,6680.99,2022-06-06
148,148,17351.23,9309.02,8042.21,2022-05-29,USD,13.37,2319.86,1026.02,2022-06-17
149,149,119657.42,62715.8,56941.62,2022-05-30,INR,12.84,15364.01,7363.24,2022-06-13
150,150,48116.2,34821.16,13295.04,2022-05-31,USD,11.43,5499.68,3358.71,2022-06-01
151,151,93396.48,75375.55,18020.93,2022-06-01,INR,19.21,17941.46,4160.36,2022-06-07
152,152,43373.69,19286.25,24087.44,2022-06-02,USD,8.6,3730.14,2977.15,2022-06-07
153,153,5387.98,3490.21,1897.77,2022-06-03,INR,13.91,749.47,271.49,2022-06-10
154,154,46775.21,25983.4,20791.81,2022-06-04,USD,17.89,8368.09,1636.32,2022-06-11
155,155,138967.1,115802.04,23165.06,2022-06-05,INR,14.38,19983.47,10600.8,2022-07-04
156,156,33683.79,15599.87,18083.92,2022-06-06,USD,8.37,2819.33,1361.81,2022-06-14
157,157,124861.52,54848.6,70012.92,2022-06-07,INR,7.49,9352.13,6434.47,2022-06-30
158,158,124514.84,112892.11,11622.73,2022-06-08,USD,11.59,14431.27,7820.63,2022-06-17
159,159,106461.38,97781.79,8679.59,2022-06-09,INR,12.51,13318.32,6873.75,2022-06-11
160,160,91715.32,81551.67,10163.65,2022-06-10,USD,16.02,14692.79,6627.34,2022-06-10
161,161,18242.4,16948.12,1294.28,2022-06-11,INR,17.54,3199.72,1281.78,2022-07-11
162,162,8008.09,6571.58,1436.51,2022-06-12,USD,17.32,1387.0,563.27,2022-07-06
163,163,114658.98,75534.52,39124.46,2022-06-13,INR,14.77,16935.13,10792.29,2022-06-18
164,164,149557.09,95677.17,53879.92,2022-06-14,USD,17.21,25738.78,14631.75,2022-06-29
165,165,55454.35,32347.61,23106.74,2022-06-15,INR,15.05,8345.88,4993.18,2022-06-25
166,166,64688.54,43503.56,21184.98,2022-06-16,USD,14.94,9664.47,3753.98,2022-07-10
167,167,84764.01,55109.68,29654.33,2022-06-17,INR,9.72,8239.06,4461.06,2022-07-11
168,168,63605.38,43444.25,20161.13,2022-06-18,USD,19.82,12606.59,4836.31,2022-07-05
169,169,71986.57,30940.71,41045.86,2022-06-19,INR,12.78,9199.88,5297.09,2022-07-04
170,170,95684.27,78269.23,17415.04,2022-06-20,USD,8.05,7702.58,6549.15,2022-07-19
171,171,46764.23,41361.35,5402.88,2022-06-21,INR,12.27,5737.97,1497.43,2022-07-11
172,172,93286.39,49592.31,43694.08,2022-06-22,USD,7.38,6884.54,6395.6,2022-07-09
173,173,64158.65,33592.53,30566.12,2022-06-23,INR,17.62,11304.75,2434.33,2022-07-23
174,174,22032.59,18896.88,3135.71,2022-06-24,USD,12.48,2749.67,1766.18,2022-07-10
175,175,107284.69,67430.54,39854.15,2022-06-25,INR,12.24,13131.65,6764.88,2022-07-09
176,176,84933.44,51891.98,33041.46,2022-06-26,USD,18.83,15992.97,5569.67,2022-07-24
177,177,24793.71,10869.45,13924.26,2022-06-27,INR,16.59,4113.28,2226.69,2022-07-07
178,178,140466.02,95412.35,45053.67,2022-06-28,USD,17.31,24314.67,6995.03,2022-07-07
179,179,126434.01,90900.73,35533.28,2022-06-29,INR,14.9,18838.67,11450.91,2022-07-13
180,180,83094.18,49010.46,34083.72,2022-06-30,USD,13.28,11034.91,5653.74,2022-07-14
181,181,140263.58,123190.83,17072.75,2022-07-01,INR,19.71,27645.95,6552.61,2022-07-13
182,182,38866.55,32125.13,6741.42,2022-07-02,USD,5.65,2195.96,3192.08,2022-07-24
183,183,137447.37,83798.52,53648.85,2022-07-03,INR,19.83,27255.81,11747.29,2022-07-23
184,184,147218.63,98994.33,48224.3,2022-07-04,USD,5.56,8185.36,9592.82,2022-07-22
185,185,53139.23,24189.01,28950.22,2022-07-05,INR,17.68,9395.02,1965.08,2022-08-03
186,186,71254.57,56814.41,14440.16,2022-07-06,USD,11.15,7944.88,5403.57,2022-07-10
187,187,15850.1,13153.03,2697.07,2022-07-07,INR,8.98,1423.34,1167.01,2022-07-19
188,188,99226.31,86175.16,13051.15,2022-07-08,USD,17.79,17652.36,8945.64,2022-07-20
189,189,143350.24,106758.59,36591.65,2022-07-09,INR,18.31,26247.43,9196.82,2022-07-26
190,190,10205.37,4466.19,5739.18,2022-07-10,USD,14.47,1476.72,964.05,2022-07-17
191,191,113281.12,72350.87,40930.25,2022-07-11,INR,6.48,7340.62,8423.85,2022-08-07
192,192,19573.55,9620.41,9953.14,2022-07-12,USD,9.49,1857.53,626.87,2022-07-22
193,193,120440.8,67609.72,52831.08,2022-07-13,INR,10.62,12790.81,4840.5,2022-07-29
194,194,64747.5,50178.68,14568.82,2022-07-14,USD,7.7,4985.56,2735.9,2022-08-02
195,195,131271.74,97251.45,34020.29,2022-07-15,INR,8.61,11302.5,12326.16,2022-07-19
196,196,38667.32,29033.26,9634.06,2022-07-16,USD,11.89,4597.54,2964.97,2022-08-13
197,197,121671.8,108977.2,12694.6,2022-07-17,INR,15.16,18445.44,4995.64,2022-07-31
198,198,142059.17,133991.41,8067.76,2022-07-18,USD,9.49,13481.42,13828.33,2022-08-09
199,199,41264.24,35690.15,5574.09,2022-07-19,INR,7.99,3297.01,2349.11,2022-08-03
200,200,20464.72,12478.37,7986.35,2022-07-20,USD,10.38,2124.24,1037.79,2022-08-11
201,201,47808.46,44838.09,2970.37,2022-07-21,INR,14.87,7109.12,2352.83,2022-08-08
202,202,130434.77,108009.3,22425.47,2022-07-22,USD,19.6,25565.21,12227.37,2022-08-14
203,203,77025.46,69113.82,7911.64,2022-07-23,INR,9.29,7155.67,6618.04,2022-08-11
204,204,121280.13,63120.55,58159.58,2022-07-24,USD,7.85,9520.49,5766.13,2022-08-17
205,205,109534.61,83525.6,26009.01,2022-07-25,INR,17.58,19256.18,8103.08,2022-08-22
206,206,95981.43,40473.68,55507.75,2022-07-26,USD,16.83,16153.67,3103.61,2022-08-06
207,207,111192.17,49989.04,61203.13,2022-07-27,INR,9.43,10485.42,9153.75,2022-08-01
208,208,34115.25,28403.74,5711.51,2022-07-28,USD,18.15,6191.92,1897.15,2022-08-13
209,209,137455.61,117766.46,19689.15,2022-07-29,INR,8.85,12164.82,12058.75,2022-08-13
210,210,145270.69,81689.75,63580.94,2022-07-30,USD,18.06,26235.89,12536.32,2022-08-13
211,211,144619.53,69043.73,75575.8,2022-07-31,INR,19.5,28200.81,13046.1,2022-08-23
212,212,102788.9,63582.78,39206.12,2022-08-01,USD,17.69,18183.36,7093.66,2022-08-03
213,213,119648.89,48775.5,70873.39,2022-08-02,INR,13.05,15614.18,7398.49,2022-08-23
214,214,113606.68,61823.48,51783.2,2022-08-03,USD,10.72,12178.64,8486.24,2022-08-14
215,215,20710.18,10947.44,9762.74,2022-08-04,INR,5.38,1114.21,1903.19,2022-08-21
216,216,52560.91,38660.93,13899.98,2022-08-05,USD,14.71,7731.71,3914.65,2022-08-19
217,217,136861.21,77491.45,59369.76,2022-08-06,INR,11.12,15218.97,5444.94,2022-09-05
218,218,10395.76,9852.69,543.07,2022-08-07,USD,6.74,700.67,482.74,2022-08-24
219,219,24671.29,16024.1,8647.19,2022-08-08,INR,15.06,3715.5,2023.53,2022-09-07
220,220,83327.91,60249.18,23078.73,2022-08-09,USD,15.9,13249.14,7664.41,2022-08-29
221,221,19358.14,12953.32,6404.82,2022-08-10,INR,11.12,2152.63,1870.12,2022-08-11
222,222,105090.7,54594.44,50496.26,2022-08-11,USD,11.67,12264.08,4889.65,2022-08-22
223,223,19406.42,15081.2,4325.22,2022-08-12,INR,13.17,2555.83,1910.54,2022-08-23
224,224,13779.76,7602.77,6176.99,2022-08-13,USD,19.52,2689.81,1328.79,2022-09-08
225,225,70934.02,54230.68,16703.34,2022-08-14,INR,14.63,10377.65,5093.08,2022-08-14
226,226,12333.88,7195.96,5137.92,2022-08-15,USD,19.83,2445.81,1049.47,2022-08-21
227,227,14948.47,12270.25,2678.22,2022-08-16,INR,8.11,1212.32,674.42,2022-09-12
228,228,38784.81,32032.48,6752.33,2022-08-17,USD,16.83,6527.48,2781.6,2022-08-25
229,229,129468.89,62090.48,67378.41,2022-08-18,INR,6.95,8998.09,6155.7,2022-08-23
230,230,20939.32,18354.28,2585.04,2022-08-19,USD,6.98,1461.56,1153.27,2022-09-13
231,231,39500.08,22833.98,16666.1,2022-08-20,INR,7.61,3005.96,1329.89,2022-09-12
232,232,66039.28,30543.64,35495.64,2022-08-21,USD,5.95,3929.34,4053.44,2022-09-01
233,233,79419.5,36531.36,42888.14,2022-08-22,INR,12.56,9975.09,7638.5,2022-08-23
234,234,110450.23,99384.6,11065.63,2022-08-23,USD,14.88,16434.99,5645.57,2022-09-12
235,235,144783.8,62757.11,82026.69,2022-08-24,INR,12.18,17634.67,8413.85,2022-09-14
236,236,20654.47,16354.64,4299.83,2022-08-25,USD,11.65,2406.25,1919.81,2022-09-04
237,237,93203.13,40648.24,52554.89,2022-08-26,INR,9.13,8509.45,6926.43,2022-09-12
238,238,108262.16,65985.51,42276.65,2022-08-27,USD,13.96,15113.4,5482.7,2022-09-12
239,239,92786.88,42176.11,50610.77,2022-08-28,INR,15.53,14409.8,8322.56,2022-09-17
240,240,132267.4,93014.98,39252.42,2022-08-29,USD,17.98,23781.68,7949.92,2022-09-26
241,241,38131.57,22360.83,15770.74,2022-08-30,INR,11.8,4499.53,2254.31,2022-09-02
242,242,50319.51,28777.12,21542.39,2022-08-31,USD,8.82,4438.18,4868.49,2022-09-21
243,243,138832.83,60659.3,78173.53,2022-09-01,INR,17.48,24267.98,5071.02,2022-09-04
244,244,112965.4,68339.07,44626.33,2022-09-02,USD,6.95,7851.1,3863.27,2022-10-02
245,245,86430.03,50242.23,36187.8,2022-09-03,INR,6.83,5903.17,4732.21,2022-09-24
246,246,141463.83,89492.18,51971.65,2022-09-04,USD,18.74,26510.32,4753.36,2022-09-13
247,247,92059.46,54628.58,37430.88,2022-09-05,INR,13.67,12584.53,4132.71,2022-09-26
248,248,74917.46,64878.61,10038.85,2022-09-06,USD,10.25,7679.04,5164.7,2022-09-09
249,249,115577.82,82725.4,32852.42,2022-09-07,INR,17.11,19775.37,10305.02,2022-10-01
250,250,123671.89,91203.73,32468.16,2022-09-08,USD,14.64,18105.56,3937.44,2022-10-07
251,251,100385.53,78442.17,21943.36,2022-09-09,INR,5.43,5450.93,4931.83,2022-10-03
252,252,49802.78,29229.43,20573.35,2022-09-10,USD,5.09,2534.96,4526.59,2022-09-28
253,253,100314.97,43965.24,56349.73,2022-09-11,INR,16.11,16160.74,9833.55,2022-09-13
254,254,113186.21,58667.03,54519.18,2022-09-12,USD,11.3,12790.04,6096.52,2022-09-23
255,255,50187.42,29028.94,21158.48,2022-09-13,INR,19.12,9595.83,3600.23,2022-10-11
256,256,12628.28,6144.61,6483.67,2022-09-14,USD,14.27,1802.06,974.62,2022-09-22
257,257,69251.38,43850.54,25400.84,2022-09-15,INR,14.11,9771.37,4085.34,2022-09-21
258,258,114466.76,52952.28,61514.48,2022-09-16,USD,11.45,13106.44,5703.56,2022-10-07
259,259,91004.47,62776.14,28228.33,2022-09-17,INR,9.63,8763.73,4134.91,2022-10-06
260,260,12943.38,6632.61,6310.77,2022-09-18,USD,19.18,2482.54,1083.55,2022-10-12
261,261,42050.33,24408.84,17641.49,2022-09-19,INR,5.12,2152.98,3460.36,2022-09-24
262,262,23731.93,16444.34,7287.59,2022-09-20,USD,8.45,2005.35,1640.13,2022-10-11
263,263,121899.03,53591.88,68307.15,2022-09-21,INR,17.93,21856.5,4017.93,2022-09-21
264,264,71664.37,31734.73,39929.64,2022-09-22,USD,9.7,6951.44,4303.44,2022-10-04
265,265,107877.35,67933.78,39943.57,2022-09-23,INR,6.73,7260.15,3393.82,2022-10-03
266,266,29921.61,27563.42,2358.19,2022-09-24,USD,11.9,3560.67,2342.05,2022-10-05
267,267,17778.83,15369.2,2409.63,2022-09-25,INR,8.65,1537.87,1266.23,2022-10-11
268,268,16403.83,14415.5,1988.33,2022-09-26,USD,16.19,2655.78,746.54,2022-10-20
269,269,29379.24,20000.38,9378.86,2022-09-27,INR,6.71,1971.35,1930.12,2022-10-25
270,270,117553.09,69721.31,47831.78,2022-09-28,USD,19.37,22770.03,8837.76,2022-10-02
271,271,39258.98,18865.68,20393.3,2022-09-29,INR,7.96,3125.01,2833.24,2022-10-23
272,272,115077.1,50800.13,64276.97,2022-09-30,USD,19.27,22175.36,8510.69,2022-10-14
273,273,114394.64,93567.09,20827.55,2022-10-01,INR,11.73,13418.49,10832.12,2022-10-19
274,274,98233.82,92594.47,5639.35,2022-10-02,USD,9.85,9676.03,9623.78,2022-10-12
275,275,26888.82,11765.4,15123.42,2022-10-03,INR,11.63,3127.17,1376.64,2022-10-11
276,276,90755.86,53869.79,36886.07,2022-10-04,USD,6.11,5545.18,5656.08,2022-10-05
277,277,13249.06,11360.18,1888.88,2022-10-05,INR,6.15,814.82,1199.01,2022-11-01
278,278,18092.99,13148.97,4944.02,2022-10-06,USD,10.77,1948.62,1277.78,2022-11-05
279,279,119813.58,106961.44,12852.14,2022-10-07,INR,11.75,14078.1,10386.29,2022-10-27
280,280,32294.72,23664.06,8630.66,2022-10-08,USD,12.52,4043.3,3133.9,2022-10-22
281,281,20007.77,17897.35,2110.42,2022-10-09,INR,10.15,2030.79,1600.66,2022-10-25
282,282,98688.43,41599.95,57088.48,2022-10-10,USD,15.61,15405.26,9806.57,2022-10-26
283,283,80798.47,39373.94,41424.53,2022-10-11,INR,10.59,8556.56,4023.97,2022-10-24
284,284,117297.39,90717.07,26580.32,2022-10-12,USD,5.79,6791.52,8699.02,2022-10-22
285,285,14557.22,6579.55,7977.67,2022-10-13,INR,15.18,2209.79,726.26,2022-11-05
286,286,128477.11,119538.38,8938.73,2022-10-14,USD,14.04,18038.19,5206.68,2022-10-16
287,287,89497.23,42760.49,46736.74,2022-10-15,INR,10.25,9173.47,8747.35,2022-11-06
288,288,101009.6,47567.79,53441.81,2022-10-16,USD,15.63,15787.8,3629.31,2022-11-02
289,289,59618.5,49806.13,9812.37,2022-10-17,INR,17.2,10254.38,4585.15,2022-11-12
290,290,142330.75,134992.21,7338.54,2022-10-18,USD,18.69,26601.62,5201.01,2022-11-08
291,291,66393.92,39770.32,26623.6,2022-10-19,INR,10.44,6931.53,2829.6,2022-10-25
292,292,54551.19,44807.58,9743.61,2022-10-20,USD,7.88,4298.63,5455.03,2022-10-24
293,293,16188.94,13994.3,2194.64,2022-10-21,INR,6.52,1055.52,1359.24,2022-11-16
294,294,112103.38,77305.64,34797.74,2022-10-22,USD,14.93,16737.03,10240.36,2022-11-10
295,295,24002.11,14573.98,9428.13,2022-10-23,INR,7.43,1783.36,2116.85,2022-11-16
296,296,95587.37,85690.33,9897.04,2022-10-24,USD,15.82,15121.92,3159.97,2022-11-04
297,297,103072.62,54694.62,48378.0,2022-10-25,INR,11.66,12018.27,5147.96,2022-11-17
298,298,118651.05,62731.0,55920.05,2022-10-26,USD,8.59,10192.13,11579.37,2022-11-20
299,299,73007.26,62736.04,10271.22,2022-10-27,INR,10.52,7680.36,7030.53,2022-11-10
300,300,71943.6,39926.86,32016.74,2022-10-28,USD,10.73,7719.55,4814.62,2022-11-27
301,301,28498.44,14529.47,13968.97,2022-10-29,INR,14.07,4009.73,2596.5,2022-10-30
302,302,97970.96,86289.33,11681.63,2022-10-30,USD,13.32,13049.73,3642.69,2022-11-26
303,303,79806.86,37395.32,42411.54,2022-10-31,INR,6.26,4995.91,3289.79,2022-11-14
304,304,136269.4,65551.27,70718.13,2022-11-01,USD,11.56,15752.74,13115.78,2022-11-08
305,305,123421.97,109419.3,14002.67,2022-11-02,INR,18.96,23400.81,7287.18,2022-11-14
306,306,77791.03,41204.19,36586.84,2022-11-03,USD,19.92,15495.97,4375.27,2022-11-03
307,307,51209.31,23274.41,27934.9,2022-11-04,INR,15.72,8050.1,2738.18,2022-11-08
308,308,24951.94,13917.78,11034.16,2022-11-05,USD,17.45,4354.11,1964.34,2022-11-09
309,309,115031.97,75692.25,39339.72,2022-11-06,INR,14.23,16369.05,10745.14,2022-11-06
310,310,42108.97,36181.28,5927.69,2022-11-07,USD,13.23,5571.02,3406.89,2022-11-23
311,311,66371.94,54882.62,11489.32,2022-11-08,INR,8.56,5681.44,2557.27,2022-11-15
312,312,65874.7,55113.71,10760.99,2022-11-09,USD,11.86,7812.74,2487.43,2022-12-07
313,313,77475.24,53832.09,23643.15,2022-11-10,INR,14.48,11218.41,5442.89,2022-12-02
314,314,25818.64,16422.76,9395.88,2022-11-11,USD,14.22,3671.41,1209.33,2022-11-24
315,315,32160.52,24683.78,7476.74,2022-11-12,INR,12.85,4132.63,1776.62,2022-12-12
316,316,81278.62,55190.64,26087.98,2022-11-13,USD,19.82,16109.42,5591.21,2022-11-25
317,317,131633.06,55805.04,75828.02,2022-11-14,INR,10.8,14216.37,7388.72,2022-12-07
318,318,7355.12,6131.86,1223.26,2022-11-15,USD,10.17,748.02,598.01,2022-12-05
319,319,20031.26,14423.45,5607.81,2022-11-16,INR,16.35,3275.11,788.0,2022-11-27
320,320,84171.99,71329.86,12842.13,2022-11-17,USD,7.63,6422.32,7115.9,2022-12-01
321,321,147218.78,97634.34,49584.44,2022-11-18,INR,7.73,11380.01,5806.26,2022-12-10
322,322,117547.61,76608.57,40939.04,2022-11-19,USD,9.4,11049.48,3886.88,2022-11-25
323,323,133439.61,76537.98,56901.63,2022-11-20,INR,9.65,12876.92,7722.91,2022-12-16
324,324,83739.45,45162.58,38576.87,2022-11-21,USD,16.3,13649.53,3632.39,2022-12-02
325,325,130010.09,55422.29,74587.8,2022-11-22,INR,14.84,19293.5,6386.77,2022-12-17
326,326,58362.78,51897.21,6465.57,2022-11-23,USD,16.15,9425.59,5405.83,2022-12-05
327,327,54160.31,27229.07,26931.24,2022-11-24,INR,15.38,8329.86,3017.5,2022-12-19
328,328,80295.0,67498.5,12796.5,2022-11-25,USD,15.91,12774.93,2852.47,2022-12-14
329,329,149289.23,74532.81,74756.42,2022-11-26,INR,9.41,14048.12,5550.85,2022-12-06
330,330,100833.29,57331.06,43502.23,2022-11-27,USD,14.04,14156.99,6032.67,2022-12-19
331,331,69366.72,44805.44,24561.28,2022-11-28,INR,15.9,11029.31,6507.47,2022-12-17
332,332,149731.84,82503.06,67228.78,2022-11-29,USD,19.7,29497.17,14427.16,2022-12-01
333,333,102321.66,63788.92,38532.74,2022-11-30,INR,12.7,12994.85,8440.81,2022-12-05
334,334,143154.46,68503.52,74650.94,2022-12-01,USD,14.11,20199.09,12124.01,2022-12-02
335,335,23303.35,12346.06,10957.29,2022-12-02,INR,14.68,3420.93,1289.85,2023-01-01
336,336,87250.47,63937.33,23313.14,2022-12-03,USD,15.19,13253.35,8412.49,2022-12-14
337,337,69371.2,30681.98,38689.22,2022-12-04,INR,7.07,4904.54,3863.04,2022-12-14
338,338,99186.31,53291.46,45894.85,2022-12-05,USD,6.7,6645.48,8083.41,2022-12-20
339,339,80073.06,72261.8,7811.26,2022-12-06,INR,6.77,5420.95,6745.96,2022-12-28
340,340,69709.6,66084.76,3624.84,2022-12-07,USD,9.28,6469.05,6563.4,2022-12-22
341,341,34025.86,16150.4,17875.46,2022-12-08,INR,6.11,2078.98,1432.01,2022-12-30
342,342,69541.12,31174.23,38366.89,2022-12-09,USD,15.23,10591.11,6202.13,2022-12-19
343,343,101836.77,80476.23,21360.54,2022-12-10,INR,13.25,13493.37,5124.97,2022-12-19
344,344,128447.5,101665.55,26781.95,2022-12-11,USD,18.91,24289.42,9587.19,2023-01-05
345,345,57416.37,30047.87,27368.5,2022-12-12,INR,19.78,11356.96,4905.92,2022-12-19
346,346,119604.09,49570.66,70033.43,2022-12-13,USD,13.31,15919.3,6676.75,2023-01-07
347,347,147536.73,69545.0,77991.73,2022-12-14,INR,18.26,26940.21,5105.12,2022-12-26
348,348,149941.28,119260.04,30681.24,2022-12-15,USD,12.89,19327.43,12571.3,2023-01-10
349,349,88360.57,41434.9,46925.67,2022-12-16,INR,9.76,8623.99,3109.55,2022-12-30
350,350,103615.8,61079.77,42536.03,2022-12-17,USD,18.17,18826.99,8767.8,2023-01-06
351,351,90228.97,74193.47,16035.5,2022-12-18,INR,6.94,6261.89,5882.97,2023-01-14
352,352,13034.86,6104.08,6930.78,2022-12-19,USD,7.3,951.54,541.29,2022-12-29
353,353,140536.99,73642.6,66894.39,2022-12-20,INR,19.21,26997.16,9320.81,2022-12-29
354,354,127660.39,68659.96,59000.43,2022-12-21,USD,14.53,18549.05,8752.26,2022-12-25
355,355,95628.24,70567.48,25060.76,2022-12-22,INR,6.4,6120.21,7159.6,2023-01-09
356,356,141533.01,68616.17,72916.84,2022-12-23,USD,14.88,21060.11,11385.52,2023-01-11
357,357,53954.84,48999.7,4955.14,2022-12-24,INR,5.62,3032.26,4881.01,2022-12-26
358,358,11591.96,8726.42,2865.54,2022-12-25,USD,13.65,1582.3,876.11,2023-01-18
359,359,87959.89,65086.77,22873.12,2022-12-26,INR,5.45,4793.81,8112.52,2023-01-12
360,360,47002.39,43531.62,3470.77,2022-12-27,USD,12.24,5753.09,4057.63,2023-01-17
361,361,63883.42,41489.04,22394.38,2022-12-28,INR,15.33,9793.33,2623.41,2023-01-10
362,362,75216.41,38526.8,36689.61,2022-12-29,USD,14.1,10605.51,3902.29,2023-01-20
363,363,51300.88,48397.91,2902.97,2022-12-30,INR,10.18,5222.43,2970.84,2023-01-23
364,364,58728.33,41632.99,17095.34,2022-12-31,USD,9.79,5749.5,3679.51,2023-01-08
365,365,70191.42,33515.19,36676.23,2023-01-01,INR,5.76,4043.03,6750.8,2023-01-28
366,366,94229.73,50558.83,43670.9,2023-01-02,USD,17.98,16942.51,3880.28,2023-01-12
367,367,140393.97,111840.73,28553.24,2023-01-03,INR,7.85,11020.93,5777.77,2023-01-19
368,368,72688.19,64219.41,8468.78,2023-01-04,USD,12.46,9056.95,2638.83,2023-01-16
369,369,78289.45,72940.53,5348.92,2023-01-05,INR,8.23,6443.22,4282.64,2023-01-06
370,370,45796.67,33369.07,12427.6,2023-01-06,USD,17.64,8078.53,3529.84,2023-01-15
371,371,82820.16,71717.69,11102.47,2023-01-07,INR,11.46,9491.19,7600.56,2023-01-30
372,372,58037.76,36087.28,21950.48,2023-01-08,USD,5.68,3296.54,1948.97,2023-01-25
373,373,33225.02,23399.47,9825.55,2023-01-09,INR,6.1,2026.73,2169.52,2023-02-02
374,374,84729.28,72352.13,12377.15,2023-01-10,USD,14.35,12158.65,6166.01,2023-01-14
375,375,146387.01,90269.12,56117.89,2023-01-11,INR,16.92,24768.68,7866.25,2023-02-10
376,376,58012.92,27808.32,30204.6,2023-01-12,USD,14.04,8145.01,3370.38,2023-01-13
377,377,11568.99,5499.55,6069.44,2023-01-13,INR,10.0,1156.9,730.72,2023-01-27
378,378,26596.4,23703.31,2893.09,2023-01-14,USD,7.1,1888.34,2531.87,2023-01-24
379,379,28562.8,26987.24,1575.56,2023-01-15,INR,16.09,4595.75,1455.17,2023-01-25
380,380,78560.67,53448.18,25112.49,2023-01-16,USD,12.35,9702.24,5452.48,2023-01-31
381,381,123283.58,74290.29,48993.29,2023-01-17,INR,15.11,18628.15,12154.88,2023-02-04
382,382,49613.29,44370.25,5243.04,2023-01-18,USD,18.08,8970.08,3673.78,2023-02-06
383,383,73815.58,68787.92,5027.66,2023-01-19,INR,16.74,12356.73,6224.97,2023-02-06
384,384,37993.77,16270.65,21723.12,2023-01-20,USD,12.21,4639.04,2534.04,2023-02-12
385,385,94861.69,81831.67,13030.02,2023-01-21,INR,7.22,6849.01,7366.09,2023-01-22
386,386,88022.69,69123.03,18899.66,2023-01-22,USD,7.86,6918.58,5358.18,2023-02-04
387,387,26957.53,21020.81,5936.72,2023-01-23,INR,11.16,3008.46,2271.12,2023-02-21
388,388,73382.79,63594.06,9788.73,2023-01-24,USD,15.91,11675.2,5826.91,2023-02-09
389,389,35064.55,20294.56,14769.99,2023-01-25,INR,14.93,5235.14,2341.73,2023-02-04
390,390,143719.4,93822.17,49897.23,2023-01-26,USD,13.0,18683.52,9807.29,2023-02-16
391,391,116938.52,93142.53,23795.99,2023-01-27,INR,14.65,17131.49,9183.41,2023-02-15
392,392,75206.11,69681.14,5524.97,2023-01-28,USD,9.19,6911.44,3827.61,2023-02-27
393,393,146072.04,82339.06,63732.98,2023-01-29,INR,9.34,13643.13,6501.59,2023-02-20
394,394,75905.45,50393.01,25512.44,2023-01-30,USD,13.41,10178.92,7242.44,2023-02-22
395,395,44651.34,20853.55,23797.79,2023-01-31,INR,15.15,6764.68,2526.31,2023-02-12
396,396,123664.73,114394.19,9270.54,2023-02-01,USD,17.07,21109.57,6224.25,2023-02-10
397,397,143520.49,63646.48,79874.01,2023-02-02,INR,18.86,27067.96,10895.79,2023-02-25
398,398,74466.49,38062.61,36403.88,2023-02-03,USD,13.08,9740.22,7097.53,2023-02-25
399,399,44385.11,20420.46,23964.65,2023-02-04,INR,16.11,7150.44,2074.99,2023-02-05
400,400,102125.92,70678.57,31447.35,2023-02-05,USD,14.57,14879.75,3439.03,2023-02-18
401,401,52892.58,34899.7,17992.88,2023-02-06,INR,15.22,8050.25,2095.75,2023-03-08
402,402,84801.12,77254.23,7546.89,2023-02-07,USD,11.1,9412.92,8094.46,2023-03-07
403,403,73976.45,56059.08,17917.37,2023-02-08,INR,16.34,12087.75,3706.75,2023-02-17
404,404,98655.2,88727.07,9928.13,2023-02-09,USD,6.34,6254.74,6924.54,2023-02-26
405,405,112109.55,97275.57,14833.98,2023-02-10,INR,5.56,6233.29,10594.68,2023-02-23
406,406,132925.52,66021.95,66903.57,2023-02-11,USD,18.79,24976.71,13266.24,2023-02-23
407,407,119254.29,59921.87,59332.42,2023-02-12,INR,16.24,19366.9,10859.34,2023-02-21
408,408,132127.76,53524.55,78603.21,2023-02-13,USD,13.52,17863.67,4956.25,2023-02-23
409,409,46261.44,43671.02,2590.42,2023-02-14,INR,13.15,6083.38,2987.28,2023-03-16
410,410,24458.99,16566.49,7892.5,2023-02-15,USD,9.09,2223.32,2118.56,2023-02-25
411,411,28561.67,18633.72,9927.95,2023-02-16,INR,8.86,2530.56,1229.12,2023-03-11
412,412,53881.27,30295.46,23585.81,2023-02-17,USD,15.12,8146.85,2344.98,2023-03-08
413,413,129141.24,115371.36,13769.88,2023-02-18,INR,17.4,22470.58,8532.32,2023-02-20
414,414,63120.82,28559.76,34561.06,2023-02-19,USD,19.73,12453.74,4003.24,2023-03-20
415,415,40966.83,22262.68,18704.15,2023-02-20,INR,8.53,3494.47,3390.54,2023-03-22
416,416,52795.67,38031.54,14764.13,2023-02-21,USD,13.59,7174.93,2550.49,2023-03-04
417,417,105451.45,45783.69,59667.76,2023-02-22,INR,6.77,7139.06,5428.27,2023-03-06
418,418,104480.67,94837.97,9642.7,2023-02-23,USD,18.32,19140.86,8764.77,2023-03-17
419,419,22025.28,19908.03,2117.25,2023-02-24,INR,9.43,2076.98,1608.37,2023-03-03
420,420,143817.28,95350.86,48466.42,2023-02-25,USD,11.82,16999.2,14269.36,2023-03-08
421,421,65297.61,45844.08,19453.53,2023-02-26,INR,12.06,7874.89,4415.83,2023-03-19
422,422,124712.51,102142.39,22570.12,2023-02-27,USD,15.21,18968.77,8942.76,2023-03-24
423,423,16871.19,10893.92,5977.27,2023-02-28,INR,15.56,2625.16,598.37,2023-03-18
424,424,21270.27,18203.64,3066.63,2023-03-01,USD,18.54,3943.51,939.1,2023-03-18
425,425,26728.6,15515.01,11213.59,2023-03-02,INR,12.81,3423.93,1019.34,2023-03-08
426,426,108953.11,72873.87,36079.24,2023-03-03,USD,18.48,20134.53,6666.16,2023-03-04
427,427,70747.68,48270.17,22477.51,2023-03-04,INR,11.85,8383.6,2408.36,2023-03-18
428,428,102551.32,58402.29,44149.03,2023-03-05,USD,5.33,5465.99,4903.18,2023-03-05
429,429,113141.65,81243.76,31897.89,2023-03-06,INR,5.68,6426.45,6122.89,2023-03-08
430,430,83468.71,36153.69,47315.02,2023-03-07,USD,18.41,15366.59,8265.87,2023-03-22
431,431,9601.56,5999.79,3601.77,2023-03-08,INR,16.53,1587.14,802.77,2023-03-31
432,432,98652.72,62269.5,36383.22,2023-03-09,USD,19.89,19622.03,5600.87,2023-04-05
433,433,137981.69,83840.85,54140.84,2023-03-10,INR,6.2,8554.86,13451.85,2023-04-06
434,434,83198.54,63184.61,20013.93,2023-03-11,USD,10.22,8502.89,3535.37,2023-03-28
435,435,61993.5,29139.48,32854.02,2023-03-12,INR,19.68,12200.32,5482.55,2023-04-05
436,436,8296.62,4680.12,3616.5,2023-03-13,USD,15.1,1252.79,565.09,2023-03-30
437,437,59995.09,31576.33,28418.76,2023-03-14,INR,11.91,7145.42,2451.31,2023-03-20
438,438,140924.5,112565.3,28359.2,2023-03-15,USD,6.69,9427.85,12213.01,2023-03-28
439,439,94163.87,86153.43,8010.44,2023-03-16,INR,18.34,17269.65,4411.26,2023-03-18
440,440,19630.02,8214.51,11415.51,2023-03-17,USD,13.97,2742.31,1555.29,2023-03-18
441,441,40486.45,17179.62,23306.83,2023-03-18,INR,11.58,4688.33,2744.3,2023-04-11
442,442,130240.89,56139.58,74101.31,2023-03-19,USD,12.56,16358.26,6544.4,2023-04-14
443,443,137877.57,98839.01,39038.56,2023-03-20,INR,13.66,18834.08,11592.43,2023-04-15
444,444,51496.44,29145.46,22350.98,2023-03-21,USD,7.15,3682.0,3924.79,2023-03-28
445,445,64966.23,35818.13,29148.1,2023-03-22,INR,13.35,8672.99,4639.67,2023-04-14
446,446,137178.76,102101.63,35077.13,2023-03-23,USD,11.41,15652.1,8874.57,2023-04-03
447,447,141530.03,108870.33,32659.7,2023-03-24,INR,16.79,23762.89,7403.64,2023-04-06
448,448,64197.58,36267.7,27929.88,2023-03-25,USD,7.76,4981.73,4343.29,2023-04-01
449,449,128154.44,72459.17,55695.27,2023-03-26,INR,15.61,20004.91,11073.1,2023-04-24
450,450,13355.47,8373.51,4981.96,2023-03-27,USD,11.25,1502.49,896.14,2023-04-08
451,451,40214.48,20583.19,19631.29,2023-03-28,INR,14.7,5911.53,3802.51,2023-04-24
452,452,58806.24,40846.79,17959.45,2023-03-29,USD,17.44,10255.81,1976.33,2023-04-10
453,453,102682.43,75123.2,27559.23,2023-03-30,INR,18.1,18585.52,4432.95,2023-04-23
454,454,90199.63,69390.38,20809.25,2023-03-31,USD,8.26,7450.49,4024.91,2023-04-29
455,455,53279.83,49356.35,3923.48,2023-04-01,INR,5.23,2786.54,5093.61,2023-05-01
456,456,112513.9,91224.42,21289.48,2023-04-02,USD,16.31,18351.02,10577.53,2023-04-24
457,457,92638.22,47475.44,45162.78,2023-04-03,INR,18.73,17351.14,6359.2,2023-04-27
458,458,46043.58,30224.74,15818.84,2023-04-04,USD,14.73,6782.22,2375.37,2023-04-15
459,459,79358.4,53448.08,25910.32,2023-04-05,INR,6.48,5142.42,7832.06,2023-04-20
460,460,115436.2,66506.06,48930.14,2023-04-06,USD,8.05,9292.61,5991.66,2023-04-07
461,461,86566.09,45161.59,41404.5,2023-04-07,INR,7.19,6224.1,4177.18,2023-05-06
462,462,89684.63,71389.55,18295.08,2023-04-08,USD,9.43,8457.26,3922.22,2023-04-15
463,463,60076.77,51566.87,8509.9,2023-04-09,INR,12.49,7503.59,4555.17,2023-04-30
464,464,53946.82,44228.21,9718.61,2023-04-10,USD,12.33,6651.64,4350.76,2023-05-03
465,465,76136.36,37499.33,38637.03,2023-04-11,INR,16.92,12882.27,3186.2,2023-05-04
466,466,84249.22,42227.92,42021.3,2023-04-12,USD,18.34,15451.31,8367.86,2023-05-12
467,467,13516.15,5657.9,7858.25,2023-04-13,INR,17.7,2392.36,1299.76,2023-05-04
468,468,12034.59,4856.09,7178.5,2023-04-14,USD,7.06,849.64,892.35,2023-04-16
469,469,107539.59,43556.52,63983.07,2023-04-15,INR,12.59,13539.23,6035.56,2023-05-04
470,470,97470.65,89053.77,8416.88,2023-04-16,USD,18.69,18217.26,7422.38,2023-04-16
471,471,5958.79,4191.44,1767.35,2023-04-17,INR,5.18,308.67,399.59,2023-04-25
472,472,82682.02,46110.0,36572.02,2023-04-18,USD,12.53,10360.06,6519.49,2023-05-01
473,473,121894.32,109750.64,12143.68,2023-04-19,INR,6.61,8057.21,4478.64,2023-04-23
474,474,39940.48,29591.08,10349.4,2023-04-20,USD,8.79,3510.77,2189.17,2023-05-15
475,475,62549.98,37853.89,24696.09,2023-04-21,INR,11.09,6936.79,4350.36,2023-05-13
476,476,37749.3,29301.87,8447.43,2023-04-22,USD,17.72,6689.18,2859.94,2023-05-19
477,477,99234.7,41423.19,57811.51,2023-04-23,INR,11.08,10995.2,5597.02,2023-05-08
478,478,13136.67,5322.95,7813.72,2023-04-24,USD,7.57,994.45,853.75,2023-05-07
479,479,98511.55,57353.31,41158.24,2023-04-25,INR,19.66,19367.37,9670.76,2023-05-23
480,480,81583.08,34542.56,47040.52,2023-04-26,USD,8.17,6665.34,7405.15,2023-05-24
481,481,87183.7,47872.77,39310.93,2023-04-27,INR,18.86,16442.85,6792.48,2023-05-05
482,482,135400.19,96124.71,39275.48,2023-04-28,USD,5.49,7433.47,12864.87,2023-05-08
483,483,7270.42,3736.54,3533.88,2023-04-29,INR,7.16,520.56,635.79,2023-05-25
484,484,62752.92,27756.6,34996.32,2023-04-30,USD,7.44,4668.82,2938.91,2023-05-26
485,485,128169.15,98993.91,29175.24,2023-05-01,INR,13.11,16802.98,7288.88,2023-05-24
486,486,25292.84,23867.91,1424.93,2023-05-02,USD,15.86,4011.44,1645.44,2023-05-13
487,487,12785.98,8188.12,4597.86,2023-05-03,INR,17.58,2247.78,688.42,2023-05-27
488,488,94010.46,68400.58,25609.88,2023-05-04,USD,19.53,18360.24,4968.11,2023-05-24
489,489,44632.42,42218.8,2413.62,2023-05-05,INR,12.36,5516.57,2450.62,2023-06-04
490,490,59436.91,29846.59,29590.32,2023-05-06,USD,13.79,8196.35,3364.43,2023-05-30
491,491,94699.3,79446.12,15253.18,2023-05-07,INR,15.7,14867.79,3384.8,2023-05-11
492,492,60100.0,49951.49,10148.51,2023-05-08,USD,7.31,4393.31,3442.14,2023-05-19
493,493,20449.88,8238.38,12211.5,2023-05-09,INR,9.62,1967.28,1128.72,2023-05-17
494,494,19823.56,8881.22,10942.34,2023-05-10,USD,11.46,2271.78,1367.61,2023-05-26
495,495,64166.41,26593.39,37573.02,2023-05-11,INR,10.31,6615.56,2343.0,2023-05-30
496,496,118743.62,103906.01,14837.61,2023-05-12,USD,5.19,6162.79,7001.92,2023-06-05
497,497,17281.43,15477.68,1803.75,2023-05-13,INR,18.58,3210.89,1701.74,2023-05-31
498,498,80560.16,62589.11,17971.05,2023-05-14,USD,7.54,6074.24,3933.3,2023-05-22
499,499,76502.97,33263.26,43239.71,2023-05-15,INR,11.52,8813.14,4550.18,2023-05-30
500,500,118486.66,70928.33,47558.33,2023-05-16,USD,19.16,22702.04,9533.79,2023-05-31
501,501,91101.93,46238.92,44863.01,2023-05-17,INR,6.6,6012.73,4675.9,2023-06-16
502,502,62375.34,53822.89,8552.45,2023-05-18,USD,10.7,6674.16,5635.85,2023-06-01
503,503,53536.75,45426.55,8110.2,2023-05-19,INR,17.89,9577.72,5257.08,2023-05-23
504,504,48563.12,35536.85,13026.27,2023-05-20,USD,15.43,7493.29,3085.25,2023-05-25
505,505,144863.32,135128.34,9734.98,2023-05-21,INR,9.37,13573.69,11393.07,2023-06-05
506,506,145325.65,120632.77,24692.88,2023-05-22,USD,9.89,14372.71,7211.21,2023-06-16
507,507,61975.59,28672.28,33303.31,2023-05-23,INR,13.46,8341.91,4428.52,2023-06-09
508,508,31089.45,25561.43,5528.02,2023-05-24,USD,5.4,1678.83,2515.29,2023-06-23
509,509,107713.22,69060.36,38652.86,2023-05-25,INR,9.37,10092.73,8455.32,2023-06-20
510,510,127929.25,107111.97,20817.28,2023-05-26,USD,15.09,19304.52,5084.23,2023-06-04
511,511,40093.07,30561.53,9531.54,2023-05-27,INR,15.73,6306.64,3417.35,2023-05-29
512,512,70114.67,51104.03,19010.64,2023-05-28,USD,13.73,9626.74,4726.13,2023-06-26
513,513,138456.87,108057.26,30399.61,2023-05-29,INR,13.15,18207.08,11817.36,2023-06-09
514,514,106736.97,90380.95,16356.02,2023-05-30,USD,13.91,14847.11,10034.14,2023-06-02
515,515,116498.34,88734.56,27763.78,2023-05-31,INR,10.33,12034.28,8771.16,2023-06-01
516,516,86666.94,65413.36,21253.58,2023-06-01,USD,14.7,12740.04,8465.35,2023-06-11
517,517,145028.93,92347.25,52681.68,2023-06-02,INR,5.16,7483.49,6977.59,2023-06-18
518,518,113293.69,80086.9,33206.79,2023-06-03,USD,15.31,17345.26,5151.72,2023-06-14
519,519,61714.45,50901.35,10813.1,2023-06-04,INR,13.83,8535.11,4013.45,2023-06-15
520,520,149666.9,99606.93,50059.97,2023-06-05,USD,9.43,14113.59,14134.29,2023-06-07
521,521,21830.05,20026.27,1803.78,2023-06-06,INR,7.13,1556.48,1131.5,2023-06-20
522,522,118719.15,81514.13,37205.02,2023-06-07,USD,10.22,12133.1,4372.86,2023-06-30
523,523,106030.67,61010.07,45020.6,2023-06-08,INR,9.5,10072.91,9194.24,2023-06-11
524,524,8274.84,4871.34,3403.5,2023-06-09,USD,6.64,549.45,711.67,2023-07-08
525,525,147665.57,78875.88,68789.69,2023-06-10,INR,7.62,11252.12,6085.22,2023-06-27
526,526,66823.56,43711.28,23112.28,2023-06-11,USD,16.97,11339.96,4950.5,2023-06-16
527,527,97869.44,62408.79,35460.65,2023-06-12,INR,5.44,5324.1,7143.24,2023-06-18
528,528,70188.38,44657.64,25530.74,2023-06-13,USD,5.07,3558.55,3160.98,2023-06-21
529,529,114087.2,96381.02,17706.18,2023-06-14,INR,5.94,6776.78,4235.22,2023-07-11
530,530,82848.91,49807.62,33041.29,2023-06-15,USD,7.96,6594.77,3146.34,2023-07-06
531,531,130082.3,89788.43,40293.87,2023-06-16,INR,14.59,18979.01,9338.34,2023-07-05
532,532,61918.88,28657.77,33261.11,2023-06-17,USD,10.28,6365.26,3842.08,2023-06-22
533,533,122992.05,96953.85,26038.2,2023-06-18,INR,9.46,11635.05,8980.13,2023-06-20
534,534,102455.96,58630.64,43825.32,2023-06-19,USD,8.58,8790.72,3912.43,2023-06-30
535,535,105548.3,71873.5,33674.8,2023-06-20,INR,11.27,11895.29,4185.07,2023-07-02
536,536,66340.62,44293.55,22047.07,2023-06-21,USD,13.06,8664.08,6258.66,2023-07-20
537,537,149985.44,105770.02,44215.42,2023-06-22,INR,12.34,18508.2,5972.53,2023-07-02
538,538,127087.86,94130.86,32957.0,2023-06-23,USD,17.98,22850.4,12280.36,2023-07-08
539,539,24797.53,21037.45,3760.08,2023-06-24,INR,19.46,4825.6,1621.28,2023-07-09
540,540,64324.48,43126.3,21198.18,2023-06-25,USD,15.65,10066.78,3928.27,2023-06-30
541,541,16987.24,7083.23,9904.01,2023-06-26,INR,16.42,2789.3,856.94,2023-07-04
542,542,37602.3,21010.99,16591.31,2023-06-27,USD,16.71,6283.34,2616.95,2023-07-21
543,543,116058.34,81513.51,34544.83,2023-06-28,INR,6.7,7775.91,4409.57,2023-07-22
544,544,83750.4,79143.42,4606.98,2023-06-29,USD,13.13,10996.43,6949.19,2023-07-23
545,545,109252.13,76530.49,32721.64,2023-06-30,INR,19.85,21686.55,4060.81,2023-07-26
546,546,99782.4,53497.57,46284.83,2023-07-01,USD,18.12,18080.57,3218.59,2023-07-09
547,547,55543.66,47167.72,8375.94,2023-07-02,INR,11.59,6437.51,5530.87,2023-07-26
548,548,122723.89,63255.94,59467.95,2023-07-03,USD,16.06,19709.46,9601.84,2023-07-30
549,549,108059.32,80830.95,27228.37,2023-07-04,INR,7.49,8093.64,4294.97,2023-07-10
550,550,122961.83,103655.87,19305.96,2023-07-05,USD,13.55,16661.33,8270.37,2023-07-24
551,551,83121.44,48044.98,35076.46,2023-07-06,INR,15.56,12933.7,4177.13,2023-07-14
552,552,143097.62,97725.41,45372.21,2023-07-07,USD,18.5,26473.06,12458.46,2023-07-11
553,553,144601.94,120327.62,24274.32,2023-07-08,INR,18.78,27156.24,14384.14,2023-08-04
554,554,100104.96,78660.93,21444.03,2023-07-09,USD,6.99,6997.34,4027.93,2023-07-19
555,555,125129.86,102457.64,22672.22,2023-07-10,INR,15.14,18944.66,8041.11,2023-07-28
556,556,96698.29,72068.95,24629.34,2023-07-11,USD,10.63,10279.03,3412.11,2023-08-05
557,557,132618.14,59837.59,72780.55,2023-07-12,INR,12.73,16882.29,6561.39,2023-08-10
558,558,132211.02,85948.08,46262.94,2023-07-13,USD,12.32,16288.4,9352.2,2023-08-09
559,559,117249.62,94151.24,23098.38,2023-07-14,INR,15.96,18713.04,7280.2,2023-08-04
560,560,106106.9,92053.94,14052.96,2023-07-15,USD,16.94,17974.51,6137.23,2023-08-14
561,561,67298.25,34760.78,32537.47,2023-07-16,INR,9.03,6077.03,5921.17,2023-07-26
562,562,84360.03,39803.33,44556.7,2023-07-17,USD,17.79,15007.65,7185.89,2023-08-14
563,563,103970.03,44356.22,59613.81,2023-07-18,INR,6.49,6747.65,8824.17,2023-08-01
564,564,7360.8,6707.07,653.73,2023-07-19,USD,7.37,542.49,456.05,2023-08-18
565,565,67030.9,63520.61,3510.29,2023-07-20,INR,18.64,12494.56,6150.11,2023-07-29
566,566,28051.73,25611.2,2440.53,2023-07-21,USD,9.11,2555.51,2126.91,2023-07-29
567,567,16950.98,12975.63,3975.35,2023-07-22,INR,14.73,2496.88,569.98,2023-08-11
568,568,49298.84,38684.44,10614.4,2023-07-23,USD,8.51,4195.33,3740.99,2023-08-14
569,569,18801.63,9727.62,9074.01,2023-07-24,INR,6.17,1160.06,1345.4,2023-08-09
570,570,103597.5,41968.16,61629.34,2023-07-25,USD,15.43,15985.09,9033.46,2023-08-21
571,571,66235.52,31309.29,34926.23,2023-07-26,INR,6.06,4013.87,3763.16,2023-08-18
572,572,121863.74,55662.58,66201.16,2023-07-27,USD,10.51,12807.88,6208.7,2023-08-08
573,573,117151.77,95389.28,21762.49,2023-07-28,INR,7.0,8200.62,11657.28,2023-08-01
574,574,14919.68,10590.14,4329.54,2023-07-29,USD,14.15,2111.13,618.99,2023-08-09
575,575,109752.64,81814.45,27938.19,2023-07-30,INR,7.27,7979.02,6455.62,2023-08-20
576,576,69145.66,35920.1,33225.56,2023-07-31,USD,18.45,12757.37,2752.06,2023-08-03
577,577,90488.22,55307.99,35180.23,2023-08-01,INR,19.45,17599.96,4706.77,2023-08-05
578,578,40929.02,30882.64,10046.38,2023-08-02,USD,8.72,3569.01,2949.75,2023-08-25
579,579,93101.0,77127.97,15973.03,2023-08-03,INR,15.36,14300.31,8318.8,2023-08-24
580,580,131994.94,67712.76,64282.18,2023-08-04,USD,14.1,18611.29,5702.88,2023-08-16
581,581,47853.6,20577.67,27275.93,2023-08-05,INR,18.47,8838.56,4633.52,2023-08-20
582,582,60953.41,32463.48,28489.93,2023-08-06,USD,14.57,8880.91,2131.59,2023-09-03
583,583,146766.06,138368.9,8397.16,2023-08-07,INR,19.01,27900.23,5758.92,2023-09-03
584,584,126651.13,79977.02,46674.11,2023-08-08,USD,13.2,16717.95,5331.24,2023-08-23
585,585,143395.68,118115.29,25280.39,2023-08-09,INR,5.25,7528.27,4979.74,2023-08-17
586,586,36282.73,32923.62,3359.11,2023-08-10,USD,19.23,6977.17,2099.26,2023-08-19
587,587,96142.75,64951.82,31190.93,2023-08-11,INR,11.23,10796.83,7607.46,2023-08-13
588,588,97877.91,68094.68,29783.23,2023-08-12,USD,7.29,7135.3,3509.1,2023-08-14
589,589,79139.18,40500.16,38639.02,2023-08-13,INR,17.12,13548.63,5345.64,2023-08-25
590,590,90033.39,73806.97,16226.42,2023-08-14,USD,14.75,13279.93,6754.38,2023-08-23
591,591,106308.0,85203.43,21104.57,2023-08-15,INR,17.7,18816.52,3620.15,2023-08-17
592,592,139071.02,64500.11,74570.91,2023-08-16,USD,14.18,19720.27,4707.83,2023-09-06
593,593,112545.56,90865.01,21680.55,2023-08-17,INR,6.79,7641.84,8953.34,2023-09-08
594,594,6645.84,4472.83,2173.01,2023-08-18,USD,10.2,677.88,439.99,2023-09-13
595,595,109511.0,53860.75,55650.25,2023-08-19,INR,6.9,7556.26,9273.25,2023-08-27
596,596,111275.7,51735.54,59540.16,2023-08-20,USD,18.5,20586.0,5947.77,2023-09-02
597,597,44437.19,19335.94,25101.25,2023-08-21,INR,15.68,6967.75,3126.85,2023-08-23
598,598,76941.4,52391.71,24549.69,2023-08-22,USD,5.83,4485.68,6936.67,2023-08-27
599,599,58314.73,31508.26,26806.47,2023-08-23,INR,6.54,3813.78,4092.17,2023-09-15
600,600,21723.37,17540.08,4183.29,2023-08-24,USD,5.04,1094.86,1957.45,2023-08-24
601,601,40459.96,26682.15,13777.81,2023-08-25,INR,10.74,4345.4,1638.87,2023-09-23
602,602,144249.61,60505.49,83744.12,2023-08-26,USD,17.05,24594.56,11537.29,2023-09-15
603,603,65808.55,37970.95,27837.6,2023-08-27,INR,11.24,7396.88,5292.33,2023-09-04
604,604,124769.56,89128.48,35641.08,2023-08-28,USD,6.79,8471.85,9623.83,2023-08-29
605,605,31004.93,26118.12,4886.81,2023-08-29,INR,19.72,6114.17,3000.83,2023-08-31
606,606,132163.73,115817.42,16346.31,2023-08-30,USD,16.6,21939.18,6839.32,2023-09-01
607,607,85198.25,34452.73,50745.52,2023-08-31,INR,8.01,6824.38,5918.42,2023-09-09
608,608,112238.52,59870.41,52368.11,2023-09-01,USD,10.52,11807.49,11002.75,2023-09-25
609,609,117503.46,94338.22,23165.24,2023-09-02,INR,13.2,15510.46,10072.18,2023-09-06
610,610,5924.79,3706.07,2218.72,2023-09-03,USD,8.49,503.01,321.42,2023-09-29
611,611,105551.82,42777.74,62774.08,2023-09-04,INR,10.03,10586.85,8774.0,2023-09-16
612,612,128105.87,102480.63,25625.24,2023-09-05,USD,6.56,8403.75,8594.24,2023-09-12
613,613,65873.3,61173.36,4699.94,2023-09-06,INR,19.59,12904.58,2632.7,2023-09-14
614,614,18488.86,16763.87,1724.99,2023-09-07,USD,18.46,3413.04,1227.35,2023-09-29
615,615,134858.8,87948.42,46910.38,2023-09-08,INR,16.22,21874.1,9528.31,2023-09-24
616,616,24359.51,20729.45,3630.06,2023-09-09,USD,6.12,1490.8,1699.01,2023-09-22
617,617,101054.37,47686.5,53367.87,2023-09-10,INR,9.38,9478.9,9050.83,2023-10-09
618,618,121118.44,95126.31,25992.13,2023-09-11,USD,16.03,19415.29,6330.14,2023-09-19
619,619,38873.63,35723.12,3150.51,2023-09-12,INR,7.04,2736.7,3261.9,2023-09-15
620,620,27534.53,13503.11,14031.42,2023-09-13,USD,11.99,3301.39,1609.56,2023-09-30
621,621,56951.68,46910.26,10041.42,2023-09-14,INR,11.78,6708.91,3555.74,2023-10-11
622,622,22387.47,10895.72,11491.75,2023-09-15,USD,15.29,3423.04,1966.67,2023-10-07
623,623,92478.86,47928.23,44550.63,2023-09-16,INR,17.85,16507.48,3734.54,2023-10-08
624,624,40991.72,24417.07,16574.65,2023-09-17,USD,12.7,5205.95,3172.88,2023-09-25
625,625,123912.99,61414.65,62498.34,2023-09-18,INR,19.28,23890.42,11130.12,2023-10-05
626,626,113471.37,60981.66,52489.71,2023-09-19,USD,11.93,13537.13,9789.49,2023-09-23
627,627,22610.72,9811.2,12799.52,2023-09-20,INR,16.71,3778.25,1030.15,2023-09-26
628,628,124432.65,75248.39,49184.26,2023-09-21,USD,14.45,17980.52,9348.37,2023-10-09
629,629,89987.22,81401.15,8586.07,2023-09-22,INR,6.12,5507.22,8980.84,2023-09-28
630,630,135861.93,87479.76,48382.17,2023-09-23,USD,6.93,9415.23,12683.45,2023-10-19
631,631,122288.65,57156.52,65132.13,2023-09-24,INR,19.13,23393.82,4102.13,2023-10-23
632,632,88213.21,75151.21,13062.0,2023-09-25,USD,10.92,9632.88,2828.45,2023-10-16
633,633,66866.28,39763.29,27102.99,2023-09-26,INR,18.62,12450.5,3293.08,2023-10-10
634,634,133096.45,55775.02,77321.43,2023-09-27,USD,14.29,19019.48,6282.81,2023-10-06
635,635,77339.28,68486.11,8853.17,2023-09-28,INR,12.19,9427.66,2795.08,2023-10-10
636,636,24899.22,12691.18,12208.04,2023-09-29,USD,18.27,4549.09,1663.44,2023-10-19
637,637,149142.66,104252.39,44890.27,2023-09-30,INR,5.29,7889.65,8467.55,2023-10-22
638,638,57071.26,39920.48,17150.78,2023-10-01,USD,12.27,7002.64,5358.27,2023-10-17
639,639,51632.64,28332.88,23299.76,2023-10-02,INR,5.39,2783.0,3707.13,2023-10-02
640,640,134885.89,111711.96,23173.93,2023-10-03,USD,5.88,7931.29,13408.63,2023-10-19
641,641,56827.77,40983.84,15843.93,2023-10-04,INR,8.49,4824.68,2339.81,2023-10-11
642,642,100245.34,54793.09,45452.25,2023-10-05,USD,17.24,17282.3,9443.93,2023-10-06
643,643,115787.21,106673.76,9113.45,2023-10-06,INR,13.64,15793.38,11438.22,2023-10-18
644,644,56446.67,48632.88,7813.79,2023-10-07,USD,17.68,9979.77,2389.22,2023-10-25
645,645,51110.63,41193.01,9917.62,2023-10-08,INR,10.38,5305.28,3649.78,2023-10-30
646,646,106581.32,98178.16,8403.16,2023-10-09,USD,13.45,14335.19,7398.62,2023-10-15
647,647,126321.04,106832.31,19488.73,2023-10-10,INR,19.56,24708.4,8583.35,2023-10-15
648,648,76113.28,34223.69,41889.59,2023-10-11,USD,8.49,6462.02,3449.2,2023-10-27
649,649,74308.4,43281.2,31027.2,2023-10-12,INR,14.21,10559.22,6424.05,2023-10-22
650,650,108955.96,98641.04,10314.92,2023-10-13,USD,17.66,19241.62,5736.66,2023-10-13
651,651,26418.24,20806.56,5611.68,2023-10-14,INR,7.12,1880.98,997.67,2023-10-30
652,652,129797.07,120491.57,9305.5,2023-10-15,USD,10.6,13758.49,12452.03,2023-10-27
653,653,89972.42,52643.64,37328.78,2023-10-16,INR,9.84,8853.29,8845.21,2023-11-08
654,654,142560.56,119111.26,23449.3,2023-10-17,USD,19.41,27671.0,10755.14,2023-10-22
655,655,107541.52,76256.35,31285.17,2023-10-18,INR,18.34,19723.11,7846.19,2023-10-29
656,656,37369.4,27052.55,10316.85,2023-10-19,USD,7.63,2851.29,1923.69,2023-11-10
657,657,47705.0,23744.67,23960.33,2023-10-20,INR,5.03,2399.56,3775.4,2023-11-07
658,658,61782.21,58498.84,3283.37,2023-10-21,USD,19.48,12035.17,1993.51,2023-11-09
659,659,51141.45,43206.54,7934.91,2023-10-22,INR,14.17,7246.74,3824.12,2023-10-25
660,660,140819.73,67220.84,73598.89,2023-10-23,USD,16.18,22784.63,6570.61,2023-11-02
661,661,29343.68,26025.68,3318.0,2023-10-24,INR,6.33,1857.45,2336.57,2023-11-13
662,662,110746.46,64749.27,45997.19,2023-10-25,USD,5.17,5725.59,4947.92,2023-11-16
663,663,14830.24,8025.56,6804.68,2023-10-26,INR,6.62,981.76,446.24,2023-11-07
664,664,68541.92,43236.88,25305.04,2023-10-27,USD,7.5,5140.64,4042.69,2023-11-24
665,665,59913.32,41958.09,17955.23,2023-10-28,INR,6.52,3906.35,3808.35,2023-11-24
666,666,88818.05,72567.36,16250.69,2023-10-29,USD,8.38,7442.95,5470.31,2023-11-23
667,667,127635.56,71756.68,55878.88,2023-10-30,INR,9.78,12482.76,12331.68,2023-11-01
668,668,54562.19,48470.99,6091.2,2023-10-31,USD,7.41,4043.06,1923.33,2023-11-30
669,669,135228.01,61015.9,74212.11,2023-11-01,INR,13.91,18810.22,9865.58,2023-11-16
670,670,107153.17,68280.98,38872.19,2023-11-02,USD,14.8,15858.67,7769.92,2023-11-15
671,671,27780.05,12659.14,15120.91,2023-11-03,INR,8.08,2244.63,1202.85,2023-11-25
672,672,85346.3,77585.38,7760.92,2023-11-04,USD,13.1,11180.37,6506.96,2023-11-13
673,673,39444.5,16854.61,22589.89,2023-11-05,INR,13.58,5356.56,3502.27,2023-11-09
674,674,12903.2,5188.36,7714.84,2023-11-06,USD,6.31,814.19,1131.26,2023-11-26
675,675,92031.25,46919.48,45111.77,2023-11-07,INR,5.39,4960.48,3861.47,2023-11-16
676,676,146673.37,96872.46,49800.91,2023-11-08,USD,6.73,9871.12,12458.64,2023-11-23
677,677,75919.04,57969.66,17949.38,2023-11-09,INR,6.37,4836.04,5169.24,2023-11-14
678,678,58797.98,35854.71,22943.27,2023-11-10,USD,7.8,4586.24,1947.58,2023-11-24
679,679,72433.4,37986.48,34446.92,2023-11-11,INR,9.03,6540.74,2485.53,2023-12-05
680,680,105988.29,48032.46,57955.83,2023-11-12,USD,15.02,15919.44,9175.68,2023-11-25
681,681,145752.3,105575.61,40176.69,2023-11-13,INR,13.3,19385.06,12950.94,2023-12-09
682,682,80774.43,75208.69,5565.74,2023-11-14,USD,15.31,12366.57,7717.62,2023-12-02
683,683,132839.81,87932.55,44907.26,2023-11-15,INR,6.18,8209.5,12379.93,2023-12-07
684,684,10035.63,7167.16,2868.47,2023-11-16,USD,12.75,1279.54,702.53,2023-12-05
685,685,26379.91,24324.66,2055.25,2023-11-17,INR,11.74,3097.0,2543.93,2023-11-22
686,686,145963.91,123288.91,22675.0,2023-11-18,USD,6.89,10056.91,8704.74,2023-12-09
687,687,68132.02,64623.09,3508.93,2023-11-19,INR,14.41,9817.82,6022.02,2023-11-27
688,688,51363.68,41086.15,10277.53,2023-11-20,USD,17.11,8788.33,1853.81,2023-12-07
689,689,62616.47,36278.09,26338.38,2023-11-21,INR,9.14,5723.15,3886.67,2023-12-18
690,690,6792.75,5333.85,1458.9,2023-11-22,USD,13.81,938.08,575.47,2023-11-25
691,691,65094.15,31343.47,33750.68,2023-11-23,INR,13.82,8996.01,5408.44,2023-12-23
692,692,19529.58,8946.48,10583.1,2023-11-24,USD,16.69,3259.49,1660.06,2023-12-21
693,693,82666.85,48701.36,33965.49,2023-11-25,INR,11.16,9225.62,4696.56,2023-12-10
694,694,87943.37,58058.07,29885.3,2023-11-26,USD,7.58,6666.11,5119.02,2023-12-15
695,695,93255.01,72880.07,20374.94,2023-11-27,INR,5.58,5203.63,8604.66,2023-12-07
696,696,105124.49,44899.72,60224.77,2023-11-28,USD,12.13,12751.6,5130.17,2023-12-09
697,697,7933.77,6740.23,1193.54,2023-11-29,INR,9.55,757.68,393.71,2023-12-14
698,698,129444.04,100535.12,28908.92,2023-11-30,USD,19.59,25358.09,5948.86,2023-12-09
699,699,146261.82,94150.32,52111.5,2023-12-01,INR,17.39,25434.93,7146.26,2023-12-14
700,700,92721.97,41642.16,51079.81,2023-12-02,USD,11.63,10783.57,8710.33,2023-12-15
701,701,112437.0,91942.13,20494.87,2023-12-03,INR,18.01,20249.9,9835.0,2023-12-19
702,702,119766.11,52228.72,67537.39,2023-12-04,USD,15.64,18731.42,6974.81,2023-12-28
703,703,128437.82,113491.89,14945.93,2023-12-05,INR,5.43,6974.17,5586.2,2023-12-31
704,704,34105.38,14723.13,19382.25,2023-12-06,USD,5.5,1875.8,1143.87,2023-12-17
705,705,107171.92,59018.25,48153.67,2023-12-07,INR,17.35,18594.33,7004.63,2023-12-27
706,706,138845.67,107556.23,31289.44,2023-12-08,USD,8.63,11982.38,8915.98,2023-12-22
707,707,30749.64,27021.69,3727.95,2023-12-09,INR,13.8,4243.45,1675.34,2023-12-14
708,708,126459.8,68574.47,57885.33,2023-12-10,USD,17.46,22079.88,4593.96,2023-12-10
709,709,61052.02,29891.01,31161.01,2023-12-11,INR,13.58,8290.86,5955.27,2024-01-07
710,710,37095.91,19431.27,17664.64,2023-12-12,USD,8.1,3004.77,2804.86,2023-12-28
711,711,7907.59,6556.71,1350.88,2023-12-13,INR,16.51,1305.54,242.15,2024-01-11
712,712,24185.54,11978.14,12207.4,2023-12-14,USD,17.01,4113.96,1104.41,2024-01-02
713,713,121737.41,69147.19,52590.22,2023-12-15,INR,19.51,23750.97,9129.31,2023-12-28
714,714,134845.03,117095.7,17749.33,2023-12-16,USD,11.88,16019.59,6105.06,2023-12-25
715,715,103193.44,88062.28,15131.16,2023-12-17,INR,10.96,11310.0,3834.86,2024-01-02
716,716,149917.26,139657.97,10259.29,2023-12-18,USD,17.59,26370.45,10389.57,2024-01-06
717,717,93312.27,52643.21,40669.06,2023-12-19,INR,6.62,6177.27,3216.34,2023-12-27
718,718,97886.24,85534.99,12351.25,2023-12-20,USD,8.92,8731.45,7809.03,2024-01-17
719,719,99462.64,50089.19,49373.45,2023-12-21,INR,12.76,12691.43,4656.95,2023-12-22
720,720,121787.32,102459.68,19327.64,2023-12-22,USD,14.0,17050.22,9284.71,2024-01-12
721,721,25289.78,10469.98,14819.8,2023-12-23,INR,12.46,3151.11,1282.0,2024-01-21
722,722,65692.02,40305.42,25386.6,2023-12-24,USD,5.53,3632.77,5226.77,2024-01-11
723,723,123322.13,72604.9,50717.23,2023-12-25,INR,15.7,19361.57,9624.34,2024-01-14
724,724,118810.07,106761.49,12048.58,2023-12-26,USD,15.08,17916.56,7783.49,2024-01-22
725,725,29648.07,22582.58,7065.49,2023-12-27,INR,13.37,3963.95,1499.15,2024-01-11
726,726,23551.9,12771.22,10780.68,2023-12-28,USD,17.13,4034.44,1964.33,2024-01-02
727,727,142303.89,127329.98,14973.91,2023-12-29,INR,14.82,21089.44,6483.04,2024-01-05
728,728,112910.44,64234.4,48676.04,2023-12-30,USD,16.82,18991.54,6005.95,2024-01-07
729,729,89907.75,58895.72,31012.03,2023-12-31,INR,6.77,6086.75,3035.05,2024-01-20
730,730,89618.32,82392.0,7226.32,2024-01-01,USD,6.07,5439.83,8268.17,2024-01-17
731,731,22373.31,17325.53,5047.78,2024-01-02,INR,12.95,2897.34,1318.18,2024-01-29
732,732,128864.77,61281.76,67583.01,2024-01-03,USD,8.0,10309.18,7557.07,2024-01-21
733,733,134462.54,126752.07,7710.47,2024-01-04,INR,7.15,9614.07,12151.05,2024-01-09
734,734,117946.47,78808.23,39138.24,2024-01-05,USD,14.47,17066.85,4998.3,2024-01-25
735,735,13411.97,8699.4,4712.57,2024-01-06,INR,8.14,1091.73,1128.59,2024-01-24
736,736,115850.14,77534.72,38315.42,2024-01-07,USD,16.45,19057.35,4189.48,2024-01-26
737,737,67888.16,43188.77,24699.39,2024-01-08,INR,11.44,7766.41,4305.33,2024-01-08
738,738,10470.17,5336.41,5133.76,2024-01-09,USD,10.6,1109.84,324.42,2024-01-19
739,739,114742.92,79409.97,35332.95,2024-01-10,INR,5.27,6046.95,3475.41,2024-02-02
740,740,41079.35,32100.99,8978.36,2024-01-11,USD,10.17,4177.77,1603.13,2024-01-23
741,741,77983.79,44323.12,33660.67,2024-01-12,INR,5.98,4663.43,2589.08,2024-02-11
742,742,47170.03,37750.53,9419.5,2024-01-13,USD,13.95,6580.22,2530.6,2024-02-10
743,743,104583.12,49528.91,55054.21,2024-01-14,INR,19.94,20853.87,6726.0,2024-02-07
744,744,32321.77,29782.78,2538.99,2024-01-15,USD,18.77,6066.8,1882.34,2024-01-22
745,745,37526.6,35338.19,2188.41,2024-01-16,INR,8.17,3065.92,1183.36,2024-02-01
746,746,29502.79,17749.62,11753.17,2024-01-17,USD,14.76,4354.61,962.25,2024-02-14
747,747,97846.56,80643.89,17202.67,2024-01-18,INR,14.35,14040.98,7003.34,2024-01-19
748,748,100985.64,76694.78,24290.86,2024-01-19,USD,5.3,5352.24,7905.41,2024-02-01
749,749,69425.57,32489.59,36935.98,2024-01-20,INR,8.79,6102.51,5493.7,2024-01-26
750,750,105802.84,78999.94,26802.9,2024-01-21,USD,9.52,10072.43,8074.5,2024-02-11
751,751,80444.84,59733.41,20711.43,2024-01-22,INR,15.51,12476.99,4771.81,2024-02-19
752,752,20212.56,16075.48,4137.08,2024-01-23,USD,6.77,1368.39,767.69,2024-01-26
753,753,77172.16,56717.76,20454.4,2024-01-24,INR,16.67,12864.6,6806.96,2024-01-30
754,754,56898.67,35582.49,21316.18,2024-01-25,USD,7.41,4216.19,3890.15,2024-02-23
755,755,35115.63,32068.24,3047.39,2024-01-26,INR,9.96,3497.52,1060.2,2024-02-16
756,756,17905.41,8249.68,9655.73,2024-01-27,USD,13.61,2436.93,1156.46,2024-02-26
757,757,18061.99,12308.13,5753.86,2024-01-28,INR,15.85,2862.83,669.93,2024-02-05
758,758,98428.83,64098.15,34330.68,2024-01-29,USD,19.66,19351.11,4772.69,2024-01-30
759,759,19472.29,9659.93,9812.36,2024-01-30,INR,5.59,1088.5,980.23,2024-02-24
760,760,103131.15,65415.82,37715.33,2024-01-31,USD,6.74,6951.04,9239.23,2024-02-28
761,761,11653.92,10122.59,1531.33,2024-02-01,INR,14.95,1742.26,488.72,2024-02-12
762,762,134706.5,124643.79,10062.71,2024-02-02,USD,9.02,12150.53,10953.63,2024-02-13
763,763,123169.82,61656.12,61513.7,2024-02-03,INR,11.01,13561.0,11992.02,2024-02-11
764,764,126177.71,98348.75,27828.96,2024-02-04,USD,12.17,15355.83,7510.32,2024-03-03
765,765,120551.89,55716.81,64835.08,2024-02-05,INR,15.44,18613.21,4111.45,2024-03-06
766,766,127430.73,58241.22,69189.51,2024-02-06,USD,18.67,23791.32,8128.45,2024-02-24
767,767,103367.0,51651.8,51715.2,2024-02-07,INR,10.7,11060.27,5695.72,2024-02-07
768,768,130073.49,114981.41,15092.08,2024-02-08,USD,15.91,20694.69,12021.83,2024-02-23
769,769,138457.71,63983.47,74474.24,2024-02-09,INR,11.17,15465.73,4599.3,2024-02-17
770,770,99971.17,40668.08,59303.09,2024-02-10,USD,18.02,18014.8,6671.8,2024-03-04
771,771,88614.11,62983.07,25631.04,2024-02-11,INR,19.67,17430.4,6813.46,2024-02-21
772,772,80269.45,62492.41,17777.04,2024-02-12,USD,14.27,11454.45,4840.2,2024-03-06
773,773,41043.66,24222.42,16821.24,2024-02-13,INR,15.14,6214.01,2337.08,2024-03-10
774,774,124833.48,111180.95,13652.53,2024-02-14,USD,14.19,17713.87,3846.76,2024-03-14
775,775,27754.47,24059.38,3695.09,2024-02-15,INR,17.78,4934.74,2521.75,2024-02-17
776,776,113957.35,65679.16,48278.19,2024-02-16,USD,9.96,11350.15,5637.58,2024-03-03
777,777,37292.45,28111.96,9180.49,2024-02-17,INR,11.05,4120.82,1732.23,2024-03-02
778,778,69407.39,49638.03,19769.36,2024-02-18,USD,6.32,4386.55,4503.98,2024-02-28
779,779,22212.49,14961.34,7251.15,2024-02-19,INR,14.8,3287.45,825.97,2024-03-03
780,780,10195.63,7157.38,3038.25,2024-02-20,USD,17.39,1773.02,870.96,2024-03-21
781,781,94764.59,53781.64,40982.95,2024-02-21,INR,12.63,11968.77,4215.09,2024-03-13
782,782,71150.15,41798.57,29351.58,2024-02-22,USD,17.38,12365.9,6201.53,2024-03-20
783,783,70896.7,50200.75,20695.95,2024-02-23,INR,14.3,10138.23,4474.95,2024-03-15
784,784,57677.71,37426.65,20251.06,2024-02-24,USD,6.46,3725.98,4390.64,2024-02-24
785,785,54496.78,46673.01,7823.77,2024-02-25,INR,19.47,10610.52,2748.75,2024-03-12
786,786,59214.1,27148.32,32065.78,2024-02-26,USD,18.45,10925.0,3817.51,2024-03-23
787,787,108944.14,86812.96,22131.18,2024-02-27,INR,6.6,7190.31,7926.73,2024-03-04
788,788,22508.14,19552.98,2955.16,2024-02-28,USD,8.23,1852.42,1974.39,2024-03-05
789,789,108934.25,50030.36,58903.89,2024-02-29,INR,11.22,12222.42,10333.92,2024-03-26
790,790,102460.56,47928.03,54532.53,2024-03-01,USD,18.38,18832.25,6354.31,2024-03-19
791,791,143647.6,68096.12,75551.48,2024-03-02,INR,12.48,17927.22,9642.42,2024-03-03
792,792,85217.82,54372.86,30844.96,2024-03-03,USD,13.78,11743.02,8070.64,2024-03-27
793,793,138568.54,68932.49,69636.05,2024-03-04,INR,13.68,18956.18,11242.71,2024-03-08
794,794,20015.32,15244.41,4770.91,2024-03-05,USD,14.09,2820.16,1051.39,2024-04-02
795,795,60776.08,57052.05,3724.03,2024-03-06,INR,18.74,11389.44,5066.67,2024-03-14
796,796,62691.15,36898.28,25792.87,2024-03-07,USD,9.41,5899.24,5412.49,2024-03-11
797,797,64848.09,50906.26,13941.83,2024-03-08,INR,16.23,10524.85,3302.32,2024-03-30
798,798,84431.87,48349.99,36081.88,2024-03-09,USD,16.05,13551.32,5804.75,2024-03-15
799,799,34128.92,25367.76,8761.16,2024-03-10,INR,9.36,3194.47,1848.78,2024-03-31
800,800,24237.4,19164.95,5072.45,2024-03-11,USD,19.63,4757.8,1028.8,2024-03-28
801,801,105675.24,61007.35,44667.89,2024-03-12,INR,6.73,7111.94,5775.85,2024-03-27
802,802,89506.91,82209.46,7297.45,2024-03-13,USD,15.65,14007.83,6909.67,2024-04-10
803,803,127001.45,70772.88,56228.57,2024-03-14,INR,17.71,22491.96,10995.96,2024-03-30
804,804,20438.22,12456.66,7981.56,2024-03-15,USD,5.8,1185.42,694.13,2024-03-23
805,805,113776.83,55581.63,58195.2,2024-03-16,INR,9.3,10581.25,5408.87,2024-04-11
806,806,13994.76,11635.2,2359.56,2024-03-17,USD,8.06,1127.98,949.99,2024-03-28
807,807,123033.8,56148.2,66885.6,2024-03-18,INR,18.02,22170.69,10059.79,2024-04-14
808,808,37524.57,28365.41,9159.16,2024-03-19,USD,10.83,4063.91,2467.79,2024-04-13
809,809,120829.15,67446.98,53382.17,2024-03-20,INR,14.97,18088.12,11461.12,2024-04-01
810,810,65402.1,54510.12,10891.98,2024-03-21,USD,15.28,9993.44,6383.79,2024-03-22
811,811,6879.96,3703.05,3176.91,2024-03-22,INR,14.31,984.52,582.49,2024-04-18
812,812,69244.26,36287.57,32956.69,2024-03-23,USD,14.51,10047.34,5516.56,2024-04-03
813,813,114490.62,80216.52,34274.1,2024-03-24,INR,14.05,16085.93,9655.03,2024-04-23
814,814,33057.17,21382.97,11674.2,2024-03-25,USD,19.75,6528.79,1164.04,2024-04-24
815,815,30200.29,20615.19,9585.1,2024-03-26,INR,10.66,3219.35,1811.88,2024-04-12
816,816,43314.74,21159.72,22155.02,2024-03-27,USD,17.69,7662.38,1316.56,2024-04-10
817,817,107904.95,52349.35,55555.6,2024-03-28,INR,7.31,7887.85,5674.08,2024-03-29
818,818,117180.84,87176.88,30003.96,2024-03-29,USD,17.65,20682.42,5985.7,2024-04-23
819,819,88038.16,52554.12,35484.04,2024-03-30,INR,16.76,14755.2,4600.01,2024-04-06
820,820,143763.22,98669.51,45093.71,2024-03-31,USD,16.79,24137.84,5916.71,2024-04-17
821,821,82870.21,37338.84,45531.37,2024-04-01,INR,8.32,6894.8,3723.75,2024-04-11
822,822,53004.65,29760.3,23244.35,2024-04-02,USD,19.25,10203.4,3884.16,2024-04-17
823,823,149511.51,127537.6,21973.91,2024-04-03,INR,19.72,29483.67,4577.48,2024-04-24
824,824,55171.06,29361.56,25809.5,2024-04-04,USD,14.63,8071.53,5202.77,2024-04-11
825,825,144040.04,111689.11,32350.93,2024-04-05,INR,9.81,14130.33,13556.37,2024-05-05
826,826,21439.23,11601.3,9837.93,2024-04-06,USD,15.86,3400.26,680.25,2024-04-22
827,827,124205.81,75296.91,48908.9,2024-04-07,INR,17.04,21164.67,7600.03,2024-04-08
828,828,47982.93,36387.4,11595.53,2024-04-08,USD,9.8,4702.33,1716.07,2024-04-11
829,829,29272.25,27104.7,2167.55,2024-04-09,INR,13.07,3825.88,893.19,2024-04-11
830,830,35563.31,26538.51,9024.8,2024-04-10,USD,8.2,2916.19,2773.17,2024-05-06
831,831,20069.39,13963.58,6105.81,2024-04-11,INR,15.54,3118.78,1973.54,2024-05-05
832,832,68109.48,57839.58,10269.9,2024-04-12,USD,6.08,4141.06,5314.11,2024-04-12
833,833,71587.66,41695.76,29891.9,2024-04-13,INR,6.31,4517.18,2419.57,2024-05-08
834,834,41526.66,18219.54,23307.12,2024-04-14,USD,17.32,7192.42,3893.92,2024-04-27
835,835,61264.73,45741.44,15523.29,2024-04-15,INR,11.5,7045.44,1910.38,2024-05-06
836,836,22154.34,8933.61,13220.73,2024-04-16,USD,15.8,3500.39,762.7,2024-05-09
837,837,89913.16,70625.45,19287.71,2024-04-17,INR,6.09,5475.71,8538.45,2024-04-20
838,838,47026.31,36550.41,10475.9,2024-04-18,USD,14.1,6630.71,2337.5,2024-05-17
839,839,68463.04,42263.08,26199.96,2024-04-19,INR,14.91,10207.84,4325.44,2024-05-06
840,840,36880.53,29899.59,6980.94,2024-04-20,USD,16.95,6251.25,3299.43,2024-04-29
841,841,144219.47,69115.96,75103.51,2024-04-21,INR,15.16,21863.67,13555.45,2024-05-16
842,842,130735.15,98883.8,31851.35,2024-04-22,USD,19.36,25310.33,4024.1,2024-05-19
843,843,85485.11,39988.17,45496.94,2024-04-23,INR,5.08,4342.64,6134.91,2024-05-10
844,844,84391.19,37707.65,46683.54,2024-04-24,USD,8.15,6877.88,6911.65,2024-05-17
845,845,54858.49,34394.08,20464.41,2024-04-25,INR,14.69,8058.71,3614.01,2024-04-30
846,846,31678.94,23419.82,8259.12,2024-04-26,USD,8.79,2784.58,1204.55,2024-05-17
847,847,120950.71,105074.49,15876.22,2024-04-27,INR,17.77,21492.94,11522.48,2024-05-14
848,848,71883.45,50484.86,21398.59,2024-04-28,USD,9.36,6728.29,2495.46,2024-05-01
849,849,33625.55,24187.79,9437.76,2024-04-29,INR,19.27,6479.64,1849.39,2024-05-20
850,850,100043.58,45522.31,54521.27,2024-04-30,USD,14.29,14296.23,9304.88,2024-05-10
851,851,75449.88,43805.47,31644.41,2024-05-01,INR,14.89,11234.49,5925.99,2024-05-05
852,852,87005.04,52244.04,34761.0,2024-05-02,USD,9.74,8474.29,5218.69,2024-05-02
853,853,50416.14,41951.93,8464.21,2024-05-03,INR,15.68,7905.25,3774.09,2024-05-11
854,854,126815.96,60094.05,66721.91,2024-05-04,USD,15.99,20277.87,11597.57,2024-05-18
855,855,69576.91,57479.0,12097.91,2024-05-05,INR,12.3,8557.96,2617.36,2024-05-25
856,856,92961.01,80224.06,12736.95,2024-05-06,USD,17.88,16621.43,3699.86,2024-05-23
857,857,33482.63,26901.6,6581.03,2024-05-07,INR,14.4,4821.5,2709.41,2024-06-04
858,858,7701.39,5228.84,2472.55,2024-05-08,USD,5.47,421.27,544.74,2024-05-20
859,859,116534.04,60250.24,56283.8,2024-05-09,INR,5.55,6467.64,5621.97,2024-06-06
860,860,149815.59,98826.93,50988.66,2024-05-10,USD,16.63,24914.33,8330.84,2024-05-17
861,861,134258.44,97240.76,37017.68,2024-05-11,INR,17.86,23978.56,5285.98,2024-05-27
862,862,79009.74,48846.34,30163.4,2024-05-12,USD,12.53,9899.92,6035.36,2024-06-08
863,863,144780.04,136096.03,8684.01,2024-05-13,INR,15.26,22093.43,12017.38,2024-05-17
864,864,69701.96,34748.51,34953.45,2024-05-14,USD,19.23,13403.69,5308.43,2024-06-13
865,865,26198.86,21027.27,5171.59,2024-05-15,INR,19.09,5001.36,860.09,2024-06-08
866,866,75708.11,32900.75,42807.36,2024-05-16,USD,10.54,7979.63,2498.11,2024-05-22
867,867,80093.36,66902.24,13191.12,2024-05-17,INR,10.82,8666.1,7549.05,2024-06-14
868,868,11733.43,11021.5,711.93,2024-05-18,USD,9.86,1156.92,930.01,2024-06-03
869,869,96867.21,53317.88,43549.33,2024-05-19,INR,16.13,15624.68,6829.55,2024-06-06
870,870,30208.22,22943.79,7264.43,2024-05-20,USD,10.48,3165.82,2287.78,2024-06-15
871,871,16286.43,8768.17,7518.26,2024-05-21,INR,19.59,3190.51,742.71,2024-06-02
872,872,56170.21,49275.07,6895.14,2024-05-22,USD,12.3,6908.94,3580.72,2024-06-10
873,873,5956.66,5272.35,684.31,2024-05-23,INR,11.6,690.97,274.6,2024-06-08
874,874,98304.17,50757.83,47546.34,2024-05-24,USD,7.8,7667.73,5441.69,2024-06-15
875,875,123458.49,94274.18,29184.31,2024-05-25,INR,11.22,13852.04,6557.59,2024-05-28
876,876,74819.91,49631.64,25188.27,2024-05-26,USD,8.16,6105.3,3089.11,2024-06-21
877,877,64580.39,34487.13,30093.26,2024-05-27,INR,6.92,4468.96,4615.19,2024-05-31
878,878,96283.36,40588.73,55694.63,2024-05-28,USD,13.58,13075.28,3265.34,2024-06-05
879,879,138754.8,94929.43,43825.37,2024-05-29,INR,11.08,15374.03,13576.75,2024-06-18
880,880,7699.91,6127.21,1572.7,2024-05-30,USD,14.93,1149.6,383.78,2024-06-01
881,881,36406.05,26707.09,9698.96,2024-05-31,INR,12.07,4394.21,2319.68,2024-06-07
882,882,125402.72,91601.83,33800.89,2024-06-01,USD,16.92,21218.14,10964.18,2024-06-06
883,883,95365.7,64938.58,30427.12,2024-06-02,INR,7.52,7171.5,7437.7,2024-07-01
884,884,70753.17,51283.86,19469.31,2024-06-03,USD,8.45,5978.64,4031.68,2024-06-06
885,885,7401.58,5088.52,2313.06,2024-06-04,INR,18.64,1379.65,576.63,2024-06-30
886,886,26686.37,12087.97,14598.4,2024-06-05,USD,12.14,3239.73,1948.97,2024-06-06
887,887,132274.13,91571.59,40702.54,2024-06-06,INR,16.29,21547.46,4831.09,2024-06-27
888,888,23897.68,17490.98,6406.7,2024-06-07,USD,17.41,4160.59,2217.41,2024-07-01
889,889,103391.11,65893.56,37497.55,2024-06-08,INR,11.31,11693.53,9433.17,2024-06-30
890,890,81823.4,43056.9,38766.5,2024-06-09,USD,17.03,13934.53,6976.99,2024-06-21
891,891,55825.08,47034.95,8790.13,2024-06-10,INR,18.62,10394.63,4946.29,2024-06-28
892,892,19168.95,9079.1,10089.85,2024-06-11,USD,12.16,2330.94,887.06,2024-07-08
893,893,17153.55,12505.98,4647.57,2024-06-12,INR,13.16,2257.41,824.17,2024-06-12
894,894,107826.58,89947.03,17879.55,2024-06-13,USD,13.67,14739.89,4124.15,2024-06-13
895,895,59379.33,30460.43,28918.9,2024-06-14,INR,17.06,10130.11,3480.77,2024-06-17
896,896,27442.89,20811.78,6631.11,2024-06-15,USD,8.8,2414.97,2465.7,2024-06-28
897,897,86877.18,63988.03,22889.15,2024-06-16,INR,19.88,17271.18,5023.39,2024-06-22
898,898,64918.08,53952.35,10965.73,2024-06-17,USD,12.24,7945.97,3629.89,2024-07-04
899,899,75145.22,70913.01,4232.21,2024-06-18,INR,13.66,10264.84,6326.75,2024-06-30
900,900,111688.45,97196.81,14491.64,2022-01-01,USD,14.89,16630.41,9197.21,2022-01-15
901,901,118550.84,109313.93,9236.91,2022-01-02,INR,6.5,7705.8,7775.04,2022-01-27
902,902,54073.49,38003.76,16069.73,2022-01-03,USD,15.46,8359.76,4297.51,2022-01-08
903,903,61420.03,46048.57,15371.46,2022-01-04,INR,17.07,10484.4,5382.11,2022-01-19
904,904,139249.96,89044.44,50205.52,2022-01-05,USD,5.96,8299.3,6339.2,2022-01-07
905,905,93309.18,74504.78,18804.4,2022-01-06,INR,18.96,17691.42,5416.14,2022-01-26
906,906,80545.8,63742.59,16803.21,2022-01-07,USD,13.96,11244.19,7748.51,2022-02-02
907,907,30414.31,20435.45,9978.86,2022-01-08,INR,5.16,1569.38,2723.29,2022-02-06
908,908,121566.94,67749.69,53817.25,2022-01-09,USD,5.5,6686.18,8748.69,2022-01-25
909,909,106275.21,78468.78,27806.43,2022-01-10,INR,15.11,16058.18,5864.46,2022-01-30
910,910,5041.65,2453.24,2588.41,2022-01-11,USD,19.95,1005.81,426.41,2022-01-22
911,911,102101.0,63608.72,38492.28,2022-01-12,INR,8.0,8168.08,3172.86,2022-02-03
912,912,14949.49,6721.16,8228.33,2022-01-13,USD,9.27,1385.82,1316.8,2022-02-11
913,913,89525.2,52919.36,36605.84,2022-01-14,INR,17.23,15425.19,4103.9,2022-02-13
914,914,33206.15,30262.18,2943.97,2022-01-15,USD,13.62,4522.68,1603.11,2022-01-28
915,915,78404.52,55451.35,22953.17,2022-01-16,INR,12.55,9839.77,4217.98,2022-01-19
916,916,121426.63,112464.15,8962.48,2022-01-17,USD,18.14,22026.79,10554.44,2022-02-04
917,917,41270.52,26558.52,14712.0,2022-01-18,INR,10.66,4399.44,2635.29,2022-01-25
918,918,114833.63,106643.84,8189.79,2022-01-19,USD,11.88,13642.24,7148.44,2022-02-06
919,919,129993.38,86456.46,43536.92,2022-01-20,INR,8.87,11530.41,7381.95,2022-02-14
920,920,149158.71,115195.59,33963.12,2022-01-21,USD,8.45,12603.91,7771.34,2022-02-20
921,921,56198.96,39036.28,17162.68,2022-01-22,INR,15.51,8716.46,2721.97,2022-01-31
922,922,18486.37,14244.37,4242.0,2022-01-23,USD,17.32,3201.84,652.98,2022-02-21
923,923,30880.43,17683.06,13197.37,2022-01-24,INR,8.28,2556.9,2166.57,2022-01-29
924,924,142332.13,110408.32,31923.81,2022-01-25,USD,18.65,26544.94,9241.62,2022-01-31
925,925,39054.9,20821.38,18233.52,2022-01-26,INR,8.98,3507.13,1798.26,2022-02-21
926,926,41205.84,30501.73,10704.11,2022-01-27,USD,7.34,3024.51,1543.91,2022-02-25
927,927,16380.7,15163.27,1217.43,2022-01-28,INR,12.39,2029.57,499.02,2022-02-24
928,928,83513.72,35346.74,48166.98,2022-01-29,USD,12.23,10213.73,6133.81,2022-02-13
929,929,135227.57,119614.6,15612.97,2022-01-30,INR,13.62,18418.0,6657.43,2022-02-04
930,930,147737.23,133525.46,14211.77,2022-01-31,USD,9.2,13591.83,6728.91,2022-02-18
931,931,23595.66,16261.06,7334.6,2022-02-01,INR,11.35,2678.11,2259.89,2022-02-02
932,932,77858.91,48003.47,29855.44,2022-02-02,USD,15.3,11912.41,3288.45,2022-02-05
933,933,106245.46,69382.41,36863.05,2022-02-03,INR,15.34,16298.05,3275.27,2022-02-09
934,934,60017.06,27332.45,32684.61,2022-02-04,USD,10.42,6253.78,5421.28,2022-02-09
935,935,84541.69,44843.16,39698.53,2022-02-05,INR,12.07,10204.18,6164.43,2022-02-16
936,936,31667.48,20050.85,11616.63,2022-02-06,USD,11.29,3575.26,2617.43,2022-02-17
937,937,128877.28,71371.75,57505.53,2022-02-07,INR,7.7,9923.55,5049.38,2022-02-25
938,938,104471.73,88571.64,15900.09,2022-02-08,USD,15.81,16516.98,9014.46,2022-02-25
939,939,67671.72,41244.96,26426.76,2022-02-09,INR,7.19,4865.6,6573.65,2022-02-13
940,940,73583.12,29827.53,43755.59,2022-02-10,USD,11.32,8329.61,2900.13,2022-03-10
941,941,128161.54,87707.84,40453.7,2022-02-11,INR,15.81,20262.34,10890.31,2022-02-20
942,942,41391.23,36100.44,5290.79,2022-02-12,USD,5.72,2367.58,1528.51,2022-02-17
943,943,13705.27,11616.59,2088.68,2022-02-13,INR,12.15,1665.19,1015.43,2022-02-27
944,944,112966.02,61326.2,51639.82,2022-02-14,USD,10.4,11748.47,7797.41,2022-03-11
945,945,42368.65,17409.68,24958.97,2022-02-15,INR,6.82,2889.54,3843.51,2022-03-17
946,946,92808.52,66568.73,26239.79,2022-02-16,USD,14.75,13689.26,6282.27,2022-03-12
947,947,46268.27,26780.06,19488.21,2022-02-17,INR,12.66,5857.56,3897.27,2022-03-03
948,948,133996.71,81682.93,52313.78,2022-02-18,USD,9.3,12461.69,9945.22,2022-02-22
949,949,130897.36,98476.62,32420.74,2022-02-19,INR,18.93,24778.87,7791.95,2022-03-10
950,950,87887.45,76189.23,11698.22,2022-02-20,USD,6.07,5334.77,3633.26,2022-02-27
951,951,50454.9,38303.2,12151.7,2022-02-21,INR,15.66,7901.24,3651.77,2022-03-05
952,952,44330.97,28579.92,15751.05,2022-02-22,USD,17.94,7952.98,2456.89,2022-03-12
953,953,80535.68,52159.64,28376.04,2022-02-23,INR,7.51,6048.23,7231.69,2022-02-27
954,954,110527.0,84455.05,26071.95,2022-02-24,USD,19.11,21121.71,8737.03,2022-02-26
955,955,35532.87,21972.64,13560.23,2022-02-25,INR,6.43,2284.76,3396.07,2022-03-12
956,956,84522.89,35034.8,49488.09,2022-02-26,USD,10.96,9263.71,7061.87,2022-02-28
957,957,20069.62,14850.64,5218.98,2022-02-27,INR,6.26,1256.36,1910.85,2022-03-11
958,958,49858.74,26727.68,23131.06,2022-02-28,USD,9.26,4616.92,3682.25,2022-03-04
959,959,81377.64,40187.08,41190.56,2022-03-01,INR,5.53,4500.18,4474.05,2022-03-30
960,960,52154.19,34520.08,17634.11,2022-03-02,USD,19.62,10232.65,3538.19,2022-03-10
961,961,84539.06,40097.99,44441.07,2022-03-03,INR,19.23,16256.86,5727.53,2022-03-21
962,962,91649.71,68469.31,23180.4,2022-03-04,USD,14.54,13325.87,6367.72,2022-03-20
963,963,97769.04,67810.78,29958.26,2022-03-05,INR,18.63,18214.37,6229.41,2022-03-12
964,964,121682.63,78244.75,43437.88,2022-03-06,USD,10.49,12764.51,5863.46,2022-03-15
965,965,6530.59,4491.9,2038.69,2022-03-07,INR,16.37,1069.06,258.23,2022-03-16
966,966,73033.7,29547.57,43486.13,2022-03-08,USD,18.83,13752.25,7032.2,2022-03-23
967,967,48443.53,39783.19,8660.34,2022-03-09,INR,16.97,8220.87,3477.77,2022-04-03
968,968,6046.61,3661.25,2385.36,2022-03-10,USD,11.18,676.01,418.66,2022-03-22
969,969,41234.94,32708.21,8526.73,2022-03-11,INR,14.69,6057.41,3628.26,2022-03-18
970,970,43132.14,27269.5,15862.64,2022-03-12,USD,8.59,3705.05,3602.3,2022-04-10
971,971,93916.35,73410.51,20505.84,2022-03-13,INR,9.08,8527.6,7080.54,2022-03-30
972,972,122277.25,76679.71,45597.54,2022-03-14,USD,17.8,21765.35,5229.61,2022-03-23
973,973,21001.67,13660.3,7341.37,2022-03-15,INR,11.79,2476.1,1659.83,2022-03-30
974,974,32229.47,13235.59,18993.88,2022-03-16,USD,5.74,1849.97,2173.81,2022-03-21
975,975,145988.23,81047.26,64940.97,2022-03-17,INR,6.88,10043.99,8859.9,2022-03-17
976,976,38757.52,18715.08,20042.44,2022-03-18,USD,12.4,4805.93,2090.34,2022-03-27
977,977,118930.17,80172.93,38757.24,2022-03-19,INR,10.57,12570.92,9369.97,2022-03-20
978,978,52886.05,45690.93,7195.12,2022-03-20,USD,19.27,10191.14,1794.04,2022-04-13
979,979,61901.16,43253.78,18647.38,2022-03-21,INR,7.72,4778.77,5738.17,2022-03-29
980,980,123501.35,105660.18,17841.17,2022-03-22,USD,6.83,8435.14,10345.73,2022-03-29
981,981,60795.7,56919.05,3876.65,2022-03-23,INR,8.71,5295.31,6056.31,2022-03-29
982,982,71821.02,59183.95,12637.07,2022-03-24,USD,12.82,9207.45,7092.19,2022-04-08
983,983,61422.83,57041.39,4381.44,2022-03-25,INR,19.04,11694.91,2524.65,2022-04-17
984,984,11116.96,10178.48,938.48,2022-03-26,USD,12.81,1424.08,530.63,2022-04-15
985,985,48327.9,28911.42,19416.48,2022-03-27,INR,5.78,2793.35,3705.23,2022-03-30
986,986,39215.05,25050.14,14164.91,2022-03-28,USD,5.23,2050.95,3357.1,2022-04-15
987,987,22349.19,18639.87,3709.32,2022-03-29,INR,5.13,1146.51,736.17,2022-04-23
988,988,105158.96,81879.25,23279.71,2022-03-30,USD,7.32,7697.64,8828.7,2022-04-06
989,989,27866.28,12547.37,15318.91,2022-03-31,INR,14.28,3979.3,2651.74,2022-04-24
990,990,95644.19,41402.11,54242.08,2022-04-01,USD,14.67,14031.0,7564.78,2022-04-26
991,991,20571.79,13748.41,6823.38,2022-04-02,INR,9.75,2005.75,1421.19,2022-04-22
992,992,114721.14,96714.39,18006.75,2022-04-03,USD,11.58,13284.71,4991.24,2022-04-25
993,993,59776.5,47726.73,12049.77,2022-04-04,INR,8.76,5236.42,1958.53,2022-04-26
994,994,68437.5,38468.24,29969.26,2022-04-05,USD,15.46,10580.44,2962.27,2022-04-10
995,995,83824.98,48452.89,35372.09,2022-04-06,INR,12.03,10084.15,7605.97,2022-04-25
996,996,137598.73,97005.2,40593.53,2022-04-07,USD,6.03,8297.2,5621.15,2022-04-16
997,997,123815.69,86408.9,37406.79,2022-04-08,INR,11.81,14622.63,10439.43,2022-04-24
998,998,59961.32,30103.21,29858.11,2022-04-09,USD,5.28,3165.96,5395.2,2022-05-03
999,999,94928.61,54715.12,40213.49,2022-04-10,INR,5.95,5648.25,9274.66,2022-05-06
1000,1000,61186.17,42110.67,19075.5,2022-04-11,USD,12.46,7623.8,4197.54,2022-04-30
1001,1001,46053.72,28801.65,17252.07,2022-04-12,INR,9.83,4527.08,1691.92,2022-05-03
1002,1002,14668.58,12605.54,2063.04,2022-04-13,USD,6.95,1019.47,1336.96,2022-04-19
1003,1003,20523.0,10372.1,10150.9,2022-04-14,INR,5.48,1124.66,1537.64,2022-04-26
1004,1004,100398.58,69194.88,31203.7,2022-04-15,USD,15.52,15581.86,4810.67,2022-04-26
1005,1005,37004.8,29411.96,7592.84,2022-04-16,INR,5.2,1924.25,3495.93,2022-05-06
1006,1006,76253.8,67818.0,8435.8,2022-04-17,USD,6.2,4727.74,6563.27,2022-04-18
1007,1007,57334.28,46378.42,10955.86,2022-04-18,INR,18.36,10526.57,5019.15,2022-05-13
1008,1008,107722.9,91888.02,15834.88,2022-04-19,USD,8.99,9684.29,3538.24,2022-04-21
1009,1009,125996.19,55799.23,70196.96,2022-04-20,INR,8.24,10382.09,8361.61,2022-04-23
1010,1010,110149.93,76269.31,33880.62,2022-04-21,USD,7.84,8635.75,7361.7,2022-04-28
1011,1011,87654.01,80740.46,6913.55,2022-04-22,INR,13.38,11728.11,6054.25,2022-05-15
1012,1012,20299.56,15249.91,5049.65,2022-04-23,USD,10.37,2105.06,1260.81,2022-05-14
1013,1013,66925.87,30602.28,36323.59,2022-04-24,INR,16.89,11303.78,4584.26,2022-05-10
1014,1014,53939.37,26268.31,27671.06,2022-04-25,USD,19.98,10777.09,3290.89,2022-05-06
1015,1015,135860.32,95447.95,40412.37,2022-04-26,INR,19.95,27104.13,12110.56,2022-05-09
1016,1016,115806.73,73748.44,42058.29,2022-04-27,USD,15.89,18401.69,8406.29,2022-05-15
1017,1017,84115.8,50998.12,33117.68,2022-04-28,INR,13.25,11145.34,6907.63,2022-05-09
1018,1018,144439.51,93325.96,51113.55,2022-04-29,USD,10.96,15830.57,11676.77,2022-05-08
1019,1019,91385.61,62570.37,28815.24,2022-04-30,INR,19.9,18185.74,4672.45,2022-05-09
1020,1020,147737.19,76550.4,71186.79,2022-05-01,USD,9.72,14360.05,12410.9,2022-05-31
1021,1021,105009.28,57941.65,47067.63,2022-05-02,INR,13.3,13966.23,7239.61,2022-05-31
1022,1022,87883.72,39710.95,48172.77,2022-05-03,USD,11.91,10466.95,3596.86,2022-05-11
1023,1023,58227.02,41934.26,16292.76,2022-05-04,INR,8.49,4943.47,5052.66,2022-05-06
1024,1024,87720.64,62543.56,25177.08,2022-05-05,USD,8.26,7245.72,3105.67,2022-05-15
1025,1025,119971.11,59397.26,60573.85,2022-05-06,INR,17.39,20862.98,9390.34,2022-05-24
1026,1026,123829.71,56026.78,67802.93,2022-05-07,USD,14.63,18116.29,4038.83,2022-06-01
1027,1027,88561.14,39246.98,49314.16,2022-05-08,INR,5.84,5171.97,7435.87,2022-05-19
1028,1028,132569.91,84694.6,47875.31,2022-05-09,USD,18.95,25122.0,5095.7,2022-06-02
1029,1029,37874.06,28747.49,9126.57,2022-05-10,INR,14.03,5313.73,1166.54,2022-06-03
1030,1030,96668.07,41545.07,55123.0,2022-05-11,USD,12.87,12441.18,5060.78,2022-05-29
1031,1031,26689.1,18050.4,8638.7,2022-05-12,INR,8.31,2217.86,895.06,2022-06-04
1032,1032,149618.26,139754.25,9864.01,2022-05-13,USD,16.29,24372.81,10513.35,2022-05-15
1033,1033,37202.42,20810.31,16392.11,2022-05-14,INR,10.91,4058.78,1460.32,2022-05-16
1034,1034,73998.92,59933.45,14065.47,2022-05-15,USD,13.22,9782.66,3580.0,2022-05-27
1035,1035,77764.35,64202.54,13561.81,2022-05-16,INR,6.96,5412.4,3067.1,2022-06-02
1036,1036,33725.74,20823.13,12902.61,2022-05-17,USD,13.57,4576.58,2336.58,2022-06-09
1037,1037,81015.93,43203.63,37812.3,2022-05-18,INR,8.99,7283.33,4869.43,2022-06-08
1038,1038,139000.02,62449.52,76550.5,2022-05-19,USD,15.08,20961.2,8291.05,2022-05-30
1039,1039,32621.01,19229.72,13391.29,2022-05-20,INR,14.83,4837.7,2736.17,2022-05-25
1040,1040,148209.53,109515.22,38694.31,2022-05-21,USD,19.85,29419.59,9034.07,2022-05-25
1041,1041,68867.2,62553.27,6313.93,2022-05-22,INR,8.5,5853.71,5369.93,2022-05-26
1042,1042,114871.4,99825.58,15045.82,2022-05-23,USD,6.69,7684.9,3884.68,2022-06-22
1043,1043,95045.35,45737.95,49307.4,2022-05-24,INR,17.49,16623.43,4765.38,2022-06-03
1044,1044,105600.31,48703.17,56897.14,2022-05-25,USD,11.75,12408.04,3336.16,2022-05-31
1045,1045,112301.88,58007.45,54294.43,2022-05-26,INR,13.2,14823.85,9267.7,2022-06-12
1046,1046,75038.82,60140.46,14898.36,2022-05-27,USD,7.12,5342.76,5921.53,2022-05-27
1047,1047,59607.97,53547.16,6060.81,2022-05-28,INR,12.9,7689.43,2854.15,2022-05-29
1048,1048,46181.96,38518.23,7663.73,2022-05-29,USD,14.27,6590.17,1557.07,2022-06-18
1049,1049,142050.59,62023.38,80027.21,2022-05-30,INR,14.91,21179.74,10853.9,2022-06-28
1050,1050,100714.55,88161.01,12553.54,2022-05-31,USD,5.29,5327.8,9136.7,2022-06-20
1051,1051,61045.87,57315.12,3730.75,2022-06-01,INR,12.63,7710.09,4864.03,2022-06-29
1052,1052,50741.12,44486.01,6255.11,2022-06-02,USD,12.97,6581.12,2184.37,2022-06-18
1053,1053,145184.75,102845.7,42339.05,2022-06-03,INR,15.69,22779.49,4759.54,2022-07-02
1054,1054,81765.23,47707.01,34058.22,2022-06-04,USD,10.9,8912.41,3351.59,2022-06-15
1055,1055,104225.15,62061.7,42163.45,2022-06-05,INR,9.53,9932.66,10393.29,2022-06-21
1056,1056,45002.35,19535.76,25466.59,2022-06-06,USD,8.87,3991.71,2569.72,2022-07-02
1057,1057,148602.43,136606.53,11995.9,2022-06-07,INR,19.24,28591.11,6804.62,2022-06-17
1058,1058,135090.42,102846.02,32244.4,2022-06-08,USD,6.32,8537.71,7666.99,2022-07-08
1059,1059,103309.26,90910.68,12398.58,2022-06-09,INR,15.3,15806.32,6117.29,2022-06-27
1060,1060,27148.63,25351.27,1797.36,2022-06-10,USD,18.65,5063.22,1440.23,2022-06-27
1061,1061,24106.96,18293.81,5813.15,2022-06-11,INR,13.72,3307.47,1877.53,2022-06-17
1062,1062,130075.21,74136.25,55938.96,2022-06-12,USD,15.58,20265.72,8671.64,2022-06-16
1063,1063,67359.32,60620.1,6739.22,2022-06-13,INR,16.55,11147.97,5115.01,2022-07-01
1064,1064,137981.26,79287.19,58694.07,2022-06-14,USD,13.36,18434.3,13301.68,2022-06-17
1065,1065,31699.61,27316.74,4382.87,2022-06-15,INR,7.18,2276.03,1016.41,2022-06-25
1066,1066,132619.13,83247.96,49371.17,2022-06-16,USD,11.17,14813.56,8091.13,2022-07-15
1067,1067,124146.28,93142.74,31003.54,2022-06-17,INR,16.08,19962.72,5044.93,2022-06-23
1068,1068,20481.86,10273.92,10207.94,2022-06-18,USD,16.44,3367.22,1491.87,2022-06-26
1069,1069,92812.65,68384.28,24428.37,2022-06-19,INR,13.95,12947.36,4284.59,2022-06-19
1070,1070,57092.89,44445.54,12647.35,2022-06-20,USD,12.15,6936.79,3720.33,2022-07-09
1071,1071,72970.71,55258.0,17712.71,2022-06-21,INR,7.76,5662.53,4168.25,2022-07-06
1072,1072,24939.34,12626.61,12312.73,2022-06-22,USD,5.48,1366.68,2082.88,2022-06-22
1073,1073,139188.09,128416.17,10771.92,2022-06-23,INR,8.34,11608.29,10716.61,2022-06-29
1074,1074,114877.61,50129.71,64747.9,2022-06-24,USD,18.91,21723.36,11372.19,2022-07-21
1075,1075,94473.61,73531.12,20942.49,2022-06-25,INR,18.0,17005.25,8703.96,2022-07-08
1076,1076,63705.68,26947.79,36757.89,2022-06-26,USD,16.03,10212.02,3607.41,2022-07-06
1077,1077,62151.85,56963.82,5188.03,2022-06-27,INR,13.58,8440.22,4197.19,2022-07-17
1078,1078,131988.53,109920.83,22067.7,2022-06-28,USD,12.81,16907.73,8132.17,2022-07-24
1079,1079,132276.21,116770.66,15505.55,2022-06-29,INR,8.69,11494.8,8948.6,2022-07-22
1080,1080,10691.49,6554.62,4136.87,2022-06-30,USD,16.48,1761.96,1041.15,2022-07-06
1081,1081,47221.01,29226.12,17994.89,2022-07-01,INR,9.57,4519.05,4152.31,2022-07-15
1082,1082,29140.56,16374.98,12765.58,2022-07-02,USD,18.79,5475.51,2281.61,2022-07-30
1083,1083,25624.74,21946.09,3678.65,2022-07-03,INR,11.78,3018.59,2064.98,2022-07-06
1084,1084,31066.85,22430.15,8636.7,2022-07-04,USD,18.41,5719.41,2120.27,2022-07-16
1085,1085,64966.1,42097.2,22868.9,2022-07-05,INR,7.68,4989.4,4633.52,2022-07-27
1086,1086,134890.26,119432.06,15458.2,2022-07-06,USD,6.35,8565.53,7106.72,2022-07-26
1087,1087,136538.56,114428.52,22110.04,2022-07-07,INR,15.78,21545.78,5276.96,2022-07-10
1088,1088,107402.87,80416.81,26986.06,2022-07-08,USD,6.28,6744.9,8539.55,2022-07-31
1089,1089,119704.66,81568.74,38135.92,2022-07-09,INR,19.25,23043.15,6764.21,2022-07-21
1090,1090,11366.38,5614.84,5751.54,2022-07-10,USD,10.03,1140.05,1034.24,2022-08-06
1091,1091,26763.01,23493.91,3269.1,2022-07-11,INR,7.68,2055.4,2136.85,2022-07-24
1092,1092,49669.02,39814.14,9854.88,2022-07-12,USD,19.41,9640.76,2494.11,2022-07-17
1093,1093,22045.33,10413.42,11631.91,2022-07-13,INR,8.04,1772.44,1622.08,2022-07-21
1094,1094,6770.13,4561.0,2209.13,2022-07-14,USD,12.48,844.91,585.76,2022-08-02
1095,1095,132991.92,70596.51,62395.41,2022-07-15,INR,13.83,18392.78,8418.37,2022-07-28
1096,1096,69071.93,50468.73,18603.2,2022-07-16,USD,5.1,3522.67,6337.47,2022-07-24
1097,1097,94866.08,67037.28,27828.8,2022-07-17,INR,17.38,16487.72,3170.83,2022-07-21
1098,1098,12984.27,7686.18,5298.09,2022-07-18,USD,7.18,932.27,419.01,2022-08-05
1099,1099,126512.09,71370.89,55141.2,2022-07-19,INR,18.81,23796.92,4229.58,2022-08-01
1100,1100,149091.6,72866.19,76225.41,2022-07-20,USD,9.27,13820.79,11370.43,2022-08-11
1101,1101,91270.5,76030.08,15240.42,2022-07-21,INR,7.66,6991.32,5647.24,2022-08-08
1102,1102,57227.35,24019.01,33208.34,2022-07-22,USD,16.53,9459.68,3010.02,2022-08-19
1103,1103,59946.21,26209.48,33736.73,2022-07-23,INR,11.41,6839.86,4108.29,2022-08-01
1104,1104,73268.44,34224.62,39043.82,2022-07-24,USD,17.89,13107.72,3886.49,2022-08-06
1105,1105,81073.7,63456.89,17616.81,2022-07-25,INR,14.18,11496.25,3052.52,2022-08-17
1106,1106,147005.74,101569.3,45436.44,2022-07-26,USD,6.32,9290.76,11861.19,2022-08-14
1107,1107,140414.29,132333.89,8080.4,2022-07-27,INR,9.31,13072.57,10196.76,2022-08-06
1108,1108,42650.71,30551.92,12098.79,2022-07-28,USD,14.35,6120.38,4047.44,2022-08-16
1109,1109,86581.98,59381.23,27200.75,2022-07-29,INR,14.48,12537.07,5582.4,2022-08-03
1110,1110,133131.23,70292.88,62838.35,2022-07-30,USD,9.36,12461.08,5797.72,2022-08-02
1111,1111,8478.09,6307.73,2170.36,2022-07-31,INR,6.77,573.97,757.64,2022-08-25
1112,1112,94219.66,59174.44,35045.22,2022-08-01,USD,5.68,5351.68,5132.66,2022-08-26
1113,1113,97438.01,39580.63,57857.38,2022-08-02,INR,8.02,7814.53,4844.02,2022-08-27
1114,1114,14836.23,8384.79,6451.44,2022-08-03,USD,13.25,1965.8,1241.68,2022-08-06
1115,1115,104446.19,61388.13,43058.06,2022-08-04,INR,15.87,16575.61,7637.06,2022-08-04
1116,1116,125646.2,63666.01,61980.19,2022-08-05,USD,17.51,22000.65,11881.05,2022-08-20
1117,1117,137843.64,115580.5,22263.14,2022-08-06,INR,14.68,20235.45,8781.29,2022-08-26
1118,1118,71789.6,62878.6,8911.0,2022-08-07,USD,18.44,13238.0,4477.73,2022-09-02
1119,1119,65023.19,52566.15,12457.04,2022-08-08,INR,17.53,11398.57,3313.2,2022-08-31
1120,1120,103338.66,72889.66,30449.0,2022-08-09,USD,5.28,5456.28,7276.88,2022-08-19
1121,1121,120932.62,107438.5,13494.12,2022-08-10,INR,10.3,12456.06,11836.03,2022-08-18
1122,1122,126907.18,74435.35,52471.83,2022-08-11,USD,10.63,13490.23,8553.43,2022-08-16
1123,1123,87792.34,53927.45,33864.89,2022-08-12,INR,13.93,12229.47,7947.1,2022-09-05
1124,1124,49700.81,43329.2,6371.61,2022-08-13,USD,15.65,7778.18,2435.58,2022-08-15
1125,1125,77072.89,40902.83,36170.06,2022-08-14,INR,11.78,9079.19,7441.45,2022-08-20
1126,1126,81139.56,40266.08,40873.48,2022-08-15,USD,10.61,8608.91,2646.58,2022-08-21
1127,1127,137436.31,88519.39,48916.92,2022-08-16,INR,5.37,7380.33,8766.57,2022-09-01
1128,1128,27341.28,16051.07,11290.21,2022-08-17,USD,12.25,3349.31,2492.75,2022-08-26
1129,1129,117452.32,56237.61,61214.71,2022-08-18,INR,18.08,21235.38,10282.91,2022-09-17
1130,1130,79841.26,75529.53,4311.73,2022-08-19,USD,8.08,6451.17,2599.53,2022-08-31
1131,1131,108483.22,74559.4,33923.82,2022-08-20,INR,5.06,5489.25,10334.5,2022-09-10
1132,1132,127977.98,112560.64,15417.34,2022-08-21,USD,10.0,12797.8,11805.07,2022-08-24
1133,1133,80483.77,61364.15,19119.62,2022-08-22,INR,9.69,7798.88,5668.41,2022-08-31
1134,1134,97633.37,50321.72,47311.65,2022-08-23,USD,8.01,7820.43,4887.5,2022-09-09
1135,1135,51276.72,32951.12,18325.6,2022-08-24,INR,6.76,3466.31,2074.27,2022-09-01
1136,1136,21596.76,20021.58,1575.18,2022-08-25,USD,13.39,2891.81,802.67,2022-09-11
1137,1137,55796.13,32092.08,23704.05,2022-08-26,INR,7.12,3972.68,4424.9,2022-09-04
1138,1138,88242.03,43609.32,44632.71,2022-08-27,USD,9.67,8533.0,8158.59,2022-09-13
1139,1139,69328.91,32691.4,36637.51,2022-08-28,INR,12.06,8361.07,5358.07,2022-08-31
1140,1140,60621.95,27120.19,33501.76,2022-08-29,USD,10.88,6595.67,4808.98,2022-09-26
1141,1141,90949.65,78207.23,12742.42,2022-08-30,INR,15.49,14088.1,6652.25,2022-09-08
1142,1142,53188.15,27071.75,26116.4,2022-08-31,USD,16.38,8712.22,4608.81,2022-09-02
1143,1143,146183.87,119236.13,26947.74,2022-09-01,INR,11.99,17527.45,5734.16,2022-09-27
1144,1144,121340.82,95159.07,26181.75,2022-09-02,USD,6.46,7838.62,6276.65,2022-09-22
1145,1145,107981.31,70832.3,37149.01,2022-09-03,INR,8.48,9156.82,4931.03,2022-09-30
1146,1146,134876.62,73093.55,61783.07,2022-09-04,USD,10.45,14094.61,5777.4,2022-10-03
1147,1147,101451.19,84592.87,16858.32,2022-09-05,INR,18.24,18504.7,6262.56,2022-09-05
1148,1148,14477.95,6690.09,7787.86,2022-09-06,USD,12.18,1763.41,1291.49,2022-09-15
1149,1149,116351.52,85220.75,31130.77,2022-09-07,INR,6.91,8039.89,4328.89,2022-10-03
1150,1150,108569.6,49816.04,58753.56,2022-09-08,USD,13.34,14483.18,3796.1,2022-09-17
1151,1151,82248.11,51030.76,31217.35,2022-09-09,INR,11.2,9211.79,6042.05,2022-09-26
1152,1152,28057.94,18667.12,9390.82,2022-09-10,USD,5.99,1680.67,1250.73,2022-10-02
1153,1153,90690.68,75397.75,15292.93,2022-09-11,INR,11.53,10456.64,7718.94,2022-09-28
1154,1154,105649.31,52317.22,53332.09,2022-09-12,USD,15.04,15889.66,8637.43,2022-10-04
1155,1155,88257.3,58924.69,29332.61,2022-09-13,INR,13.88,12250.11,5507.57,2022-09-30
1156,1156,19159.82,12355.57,6804.25,2022-09-14,USD,9.62,1843.17,1119.04,2022-10-03
1157,1157,20767.97,17605.77,3162.2,2022-09-15,INR,16.57,3441.25,1173.88,2022-09-30
1158,1158,98523.42,42740.96,55782.46,2022-09-16,USD,8.26,8138.03,3913.76,2022-10-04
1159,1159,135972.12,101961.83,34010.29,2022-09-17,INR,5.0,6798.61,5475.7,2022-09-21
1160,1160,70681.29,39604.62,31076.67,2022-09-18,USD,14.23,10057.95,4332.85,2022-09-24
1161,1161,103819.93,59606.01,44213.92,2022-09-19,INR,13.55,14067.6,9751.21,2022-09-28
1162,1162,138182.74,126460.98,11721.76,2022-09-20,USD,15.77,21791.42,12997.23,2022-09-22
1163,1163,89495.41,65897.25,23598.16,2022-09-21,INR,12.66,11330.12,7995.03,2022-10-18
1164,1164,47656.78,28740.5,18916.28,2022-09-22,USD,13.23,6304.99,1606.93,2022-10-14
1165,1165,86204.39,80884.11,5320.28,2022-09-23,INR,6.65,5732.59,4289.07,2022-09-23
1166,1166,39109.97,30749.12,8360.85,2022-09-24,USD,10.91,4266.9,2044.24,2022-10-06
1167,1167,63874.73,40838.6,23036.13,2022-09-25,INR,8.17,5218.57,2691.6,2022-09-29
1168,1168,32292.89,19747.98,12544.91,2022-09-26,USD,18.87,6093.67,2867.52,2022-09-30
1169,1169,46828.28,41209.1,5619.18,2022-09-27,INR,6.88,3221.79,1442.88,2022-10-17
1170,1170,7277.63,5798.35,1479.28,2022-09-28,USD,12.3,895.15,440.82,2022-10-02
1171,1171,17276.2,13013.01,4263.19,2022-09-29,INR,11.24,1941.84,1069.78,2022-10-24
1172,1172,105831.63,96483.63,9348.0,2022-09-30,USD,14.35,15186.84,6541.2,2022-10-13
1173,1173,85047.25,55070.24,29977.01,2022-10-01,INR,10.33,8785.38,3657.49,2022-10-20
1174,1174,6077.35,4096.05,1981.3,2022-10-02,USD,15.96,969.95,485.27,2022-10-10
1175,1175,64571.48,45225.31,19346.17,2022-10-03,INR,10.5,6780.01,6358.76,2022-10-21
1176,1176,75073.88,45248.4,29825.48,2022-10-04,USD,13.7,10285.12,7306.31,2022-10-06
1177,1177,25602.68,20538.76,5063.92,2022-10-05,INR,19.75,5056.53,2531.0,2022-10-29
1178,1178,45515.95,31147.58,14368.37,2022-10-06,USD,12.85,5848.8,3309.23,2022-10-13
1179,1179,73505.48,59387.09,14118.39,2022-10-07,INR,19.41,14267.41,2606.93,2022-10-27
1180,1180,83183.6,59792.01,23391.59,2022-10-08,USD,14.2,11812.07,7756.95,2022-10-25
1181,1181,117886.43,77554.87,40331.56,2022-10-09,INR,12.69,14959.79,7408.72,2022-11-01
1182,1182,53069.53,31528.77,21540.76,2022-10-10,USD,19.67,10438.78,2686.55,2022-10-15
1183,1183,10122.3,9186.75,935.55,2022-10-11,INR,16.24,1643.86,818.77,2022-10-29
1184,1184,42764.25,31907.05,10857.2,2022-10-12,USD,13.67,5845.87,2997.78,2022-11-02
1185,1185,148602.9,125553.5,23049.4,2022-10-13,INR,14.36,21339.38,7441.6,2022-10-15
1186,1186,23389.09,10344.39,13044.7,2022-10-14,USD,16.76,3920.01,1114.34,2022-11-02
1187,1187,45740.93,39877.95,5862.98,2022-10-15,INR,5.21,2383.1,1729.39,2022-10-20
1188,1188,136969.07,110456.24,26512.83,2022-10-16,USD,14.89,20394.69,7654.34,2022-10-21
1189,1189,42881.63,33680.35,9201.28,2022-10-17,INR,12.27,5261.58,3685.94,2022-11-13
1190,1190,9798.13,9222.39,575.74,2022-10-18,USD,19.51,1911.62,702.41,2022-11-13
1191,1191,27351.79,18401.51,8950.28,2022-10-19,INR,19.9,5443.01,2295.52,2022-10-26
1192,1192,100796.76,80566.8,20229.96,2022-10-20,USD,7.51,7569.84,7100.43,2022-11-15
1193,1193,55035.98,41455.5,13580.48,2022-10-21,INR,16.33,8987.38,2097.95,2022-10-26
1194,1194,72282.16,47845.55,24436.61,2022-10-22,USD,12.14,8775.05,6966.38,2022-11-20
1195,1195,82215.52,50060.24,32155.28,2022-10-23,INR,15.58,12809.18,5197.77,2022-10-27
1196,1196,81914.11,52351.63,29562.48,2022-10-24,USD,9.33,7642.59,7029.18,2022-11-05
1197,1197,103381.54,96038.3,7343.24,2022-10-25,INR,15.24,15755.35,3398.28,2022-11-23
1198,1198,82037.54,48779.97,33257.57,2022-10-26,USD,17.66,14487.83,5966.92,2022-11-15
1199,1199,129461.57,75635.6,53825.97,2022-10-27,INR,9.01,11664.49,4774.46,2022-11-16
1200,1200,89705.64,58632.48,31073.16,2022-10-28,USD,15.13,13572.46,4209.51,2022-11-18
1201,1201,90365.02,45833.96,44531.06,2022-10-29,INR,10.06,9090.72,7077.34,2022-11-03
1202,1202,50424.13,20463.01,29961.12,2022-10-30,USD,5.13,2586.76,1752.57,2022-11-12
1203,1203,19166.32,8761.86,10404.46,2022-10-31,INR,11.69,2240.54,869.37,2022-11-09
1204,1204,41524.94,17387.45,24137.49,2022-11-01,USD,14.29,5933.91,1411.09,2022-11-20
1205,1205,100207.8,86128.86,14078.94,2022-11-02,INR,19.26,19300.02,7482.1,2022-11-24
1206,1206,143880.32,64388.24,79492.08,2022-11-03,USD,14.07,20243.96,8102.92,2022-11-27
1207,1207,135485.1,96375.68,39109.42,2022-11-04,INR,19.51,26433.14,12562.19,2022-11-26
1208,1208,31718.13,17825.99,13892.14,2022-11-05,USD,14.91,4729.17,1119.65,2022-11-19
1209,1209,138790.83,76614.06,62176.77,2022-11-06,INR,11.4,15822.15,12940.5,2022-11-30
1210,1210,116667.34,63179.46,53487.88,2022-11-07,USD,16.71,19495.11,5764.55,2022-11-08
1211,1211,60505.86,35272.5,25233.36,2022-11-08,INR,5.9,3569.85,5862.56,2022-11-16
1212,1212,30799.78,13495.51,17304.27,2022-11-09,USD,19.69,6064.48,1356.63,2022-11-21
1213,1213,30874.11,20705.15,10168.96,2022-11-10,INR,7.16,2210.59,2587.54,2022-11-16
1214,1214,94025.11,43104.62,50920.49,2022-11-11,USD,11.62,10925.72,4525.4,2022-11-12
1215,1215,15573.33,11123.09,4450.24,2022-11-12,INR,8.76,1364.22,953.27,2022-12-10
1216,1216,77166.7,58575.38,18591.32,2022-11-13,USD,5.01,3866.05,2519.38,2022-11-25
1217,1217,43633.29,34253.46,9379.83,2022-11-14,INR,18.57,8102.7,3064.14,2022-11-30
1218,1218,107602.82,88669.55,18933.27,2022-11-15,USD,12.17,13095.26,6270.44,2022-12-08
1219,1219,118235.87,98367.51,19868.36,2022-11-16,INR,13.1,15488.9,3574.45,2022-12-16
1220,1220,104942.89,86987.84,17955.05,2022-11-17,USD,6.82,7157.11,7080.63,2022-11-28
1221,1221,53348.76,30225.03,23123.73,2022-11-18,INR,5.83,3110.23,5323.73,2022-12-08
1222,1222,18146.71,12594.62,5552.09,2022-11-19,USD,19.41,3522.28,646.6,2022-12-03
1223,1223,115265.7,64488.54,50777.16,2022-11-20,INR,8.05,9278.89,7931.81,2022-12-20
1224,1224,60703.73,30658.52,30045.21,2022-11-21,USD,15.44,9372.66,5630.41,2022-12-11
1225,1225,104882.17,70016.92,34865.25,2022-11-22,INR,18.28,19172.46,6362.03,2022-11-28
1226,1226,25291.73,12802.7,12489.03,2022-11-23,USD,15.8,3996.09,1808.51,2022-12-08
1227,1227,61371.29,51306.8,10064.49,2022-11-24,INR,14.65,8990.89,3987.78,2022-12-24
1228,1228,125966.29,81515.18,44451.11,2022-11-25,USD,19.94,25117.68,4105.62,2022-11-26
1229,1229,53969.2,42989.52,10979.68,2022-11-26,INR,11.08,5979.79,2418.76,2022-12-16
1230,1230,101760.88,66358.65,35402.23,2022-11-27,USD,15.17,15437.13,9280.38,2022-12-01
1231,1231,112452.47,59390.89,53061.58,2022-11-28,INR,6.08,6837.11,9162.87,2022-12-13
1232,1232,99805.57,65788.92,34016.65,2022-11-29,USD,18.77,18733.51,3314.16,2022-12-21
1233,1233,99074.03,40412.38,58661.65,2022-11-30,INR,14.49,14355.83,9246.22,2022-12-26
1234,1234,120086.08,78164.21,41921.87,2022-12-01,USD,7.56,9078.51,8570.9,2022-12-27
1235,1235,123533.21,57171.02,66362.19,2022-12-02,INR,13.92,17195.82,9029.54,2022-12-04
1236,1236,121645.76,77174.05,44471.71,2022-12-03,USD,17.17,20886.58,12012.94,2022-12-24
1237,1237,63291.25,29521.66,33769.59,2022-12-04,INR,15.26,9658.24,4317.22,2022-12-14
1238,1238,126281.93,105597.7,20684.23,2022-12-05,USD,16.46,20786.01,9031.17,2022-12-15
1239,1239,14167.17,7801.03,6366.14,2022-12-06,INR,16.36,2317.75,591.67,2022-12-17
1240,1240,85244.12,54663.96,30580.16,2022-12-07,USD,18.89,16102.61,2800.18,2022-12-10
1241,1241,119702.58,89502.46,30200.12,2022-12-08,INR,10.64,12736.35,4912.92,2023-01-05
1242,1242,75610.28,30508.16,45102.12,2022-12-09,USD,7.69,5814.43,2740.11,2022-12-29
1243,1243,91090.93,50651.33,40439.6,2022-12-10,INR,15.4,14028.0,7784.34,2022-12-25
1244,1244,105391.96,54106.98,51284.98,2022-12-11,USD,14.6,15387.23,7020.8,2022-12-24
1245,1245,39691.8,19687.21,20004.59,2022-12-12,INR,15.38,6104.6,2847.45,2023-01-03
1246,1246,77483.71,71491.42,5992.29,2022-12-13,USD,14.41,11165.4,6569.13,2022-12-24
1247,1247,65723.95,46449.79,19274.16,2022-12-14,INR,7.88,5179.05,6510.76,2022-12-17
1248,1248,94743.54,82853.42,11890.12,2022-12-15,USD,19.8,18759.22,6208.34,2022-12-29
1249,1249,116698.04,88997.42,27700.62,2022-12-16,INR,9.15,10677.87,5083.41,2023-01-10
1250,1250,26636.53,23016.09,3620.44,2022-12-17,USD,18.67,4973.04,1726.74,2022-12-22
1251,1251,102170.68,43291.1,58879.58,2022-12-18,INR,14.67,14988.44,5103.89,2022-12-31
1252,1252,41450.36,30642.21,10808.15,2022-12-19,USD,18.35,7606.14,2558.33,2022-12-22
1253,1253,112360.45,102098.99,10261.46,2022-12-20,INR,7.64,8584.34,9548.89,2023-01-04
1254,1254,79661.04,34969.02,44692.02,2022-12-21,USD,8.53,6795.09,4870.27,2023-01-08
1255,1255,52265.99,26619.76,25646.23,2022-12-22,INR,15.15,7918.3,2759.54,2023-01-15
1256,1256,20969.27,11014.74,9954.53,2022-12-23,USD,8.56,1794.97,1234.71,2022-12-29
1257,1257,59452.2,30996.27,28455.93,2022-12-24,INR,12.06,7169.94,3799.5,2023-01-21
1258,1258,68200.43,35388.58,32811.85,2022-12-25,USD,14.14,9643.54,2896.08,2023-01-05
1259,1259,24778.67,19721.38,5057.29,2022-12-26,INR,14.48,3587.95,2435.47,2023-01-01
1260,1260,53704.24,22429.68,31274.56,2022-12-27,USD,13.53,7266.18,2666.0,2022-12-30
1261,1261,128489.45,83803.18,44686.27,2022-12-28,INR,7.57,9726.65,6944.9,2023-01-25
1262,1262,47798.42,23241.19,24557.23,2022-12-29,USD,16.92,8087.49,4621.78,2023-01-26
1263,1263,29640.65,27671.76,1968.89,2022-12-30,INR,17.83,5284.93,1068.64,2023-01-26
1264,1264,80656.47,70510.65,10145.82,2022-12-31,USD,8.25,6654.16,5092.99,2023-01-14
1265,1265,45479.78,36452.49,9027.29,2023-01-01,INR,16.04,7294.96,2149.64,2023-01-11
1266,1266,67966.06,35500.28,32465.78,2023-01-02,USD,18.91,12852.38,6540.89,2023-01-31
1267,1267,88186.61,35520.92,52665.69,2023-01-03,INR,19.7,17372.76,2892.88,2023-01-18
1268,1268,111354.06,75422.22,35931.84,2023-01-04,USD,11.39,12683.23,6414.26,2023-01-29
1269,1269,120712.54,102812.1,17900.44,2023-01-05,INR,11.79,14232.01,5653.67,2023-01-22
1270,1270,114196.41,89214.56,24981.85,2023-01-06,USD,11.1,12675.8,5168.58,2023-01-17
1271,1271,47889.61,36214.22,11675.39,2023-01-07,INR,6.36,3045.78,3045.05,2023-01-16
1272,1272,28461.41,18574.07,9887.34,2023-01-08,USD,13.56,3859.37,2016.67,2023-01-22
1273,1273,72245.29,34406.32,37838.97,2023-01-09,INR,15.55,11234.14,3102.66,2023-02-05
1274,1274,58710.97,38476.98,20233.99,2023-01-10,USD,14.5,8513.09,5297.3,2023-01-12
1275,1275,60807.49,47424.54,13382.95,2023-01-11,INR,12.96,7880.65,3086.67,2023-02-04
1276,1276,44119.46,40605.46,3514.0,2023-01-12,USD,13.14,5797.3,3777.22,2023-02-06
1277,1277,104276.45,77294.96,26981.49,2023-01-13,INR,10.04,10469.36,9933.06,2023-01-29
1278,1278,142071.72,109545.7,32526.02,2023-01-14,USD,18.32,26027.54,5365.72,2023-01-25
1279,1279,72476.17,30619.8,41856.37,2023-01-15,INR,10.5,7610.0,5462.68,2023-02-06
1280,1280,14715.86,11627.52,3088.34,2023-01-16,USD,8.07,1187.57,1452.27,2023-01-23
1281,1281,83246.9,63015.5,20231.4,2023-01-17,INR,16.06,13369.45,6881.14,2023-02-13
1282,1282,144070.04,74251.78,69818.26,2023-01-18,USD,16.18,23310.53,6595.61,2023-01-29
1283,1283,135200.29,91525.36,43674.93,2023-01-19,INR,11.34,15331.71,4571.42,2023-01-30
1284,1284,55057.85,36746.97,18310.88,2023-01-20,USD,12.9,7102.46,2124.66,2023-02-11
1285,1285,82126.15,70132.32,11993.83,2023-01-21,INR,18.49,15185.13,5062.13,2023-02-01
1286,1286,120986.06,111301.24,9684.82,2023-01-22,USD,17.13,20724.91,11597.88,2023-01-24
1287,1287,32311.27,28633.87,3677.4,2023-01-23,INR,6.31,2038.84,1852.98,2023-01-28
1288,1288,46814.04,43356.58,3457.46,2023-01-24,USD,6.64,3108.45,2308.68,2023-02-15
1289,1289,26453.34,12770.98,13682.36,2023-01-25,INR,8.06,2132.14,2556.64,2023-01-25
1290,1290,47509.57,44339.07,3170.5,2023-01-26,USD,13.12,6233.26,1864.37,2023-02-06
1291,1291,65918.85,53113.46,12805.39,2023-01-27,INR,5.32,3506.88,2849.95,2023-01-27
1292,1292,131410.09,69355.67,62054.42,2023-01-28,USD,19.21,25243.88,9872.45,2023-02-10
1293,1293,88912.17,67632.67,21279.5,2023-01-29,INR,16.8,14937.24,5693.08,2023-02-19
1294,1294,106045.22,91522.26,14522.96,2023-01-30,USD,11.68,12386.08,5438.61,2023-02-03
1295,1295,135250.88,76899.9,58350.98,2023-01-31,INR,16.84,22776.25,6204.6,2023-02-11
1296,1296,145754.99,120009.17,25745.82,2023-02-01,USD,5.71,8322.61,7975.49,2023-02-15
1297,1297,143651.01,106337.18,37313.83,2023-02-02,INR,7.41,10644.54,9692.45,2023-02-07
1298,1298,146114.88,125897.32,20217.56,2023-02-03,USD,15.39,22487.08,11198.96,2023-02-07
1299,1299,28381.93,13177.86,15204.07,2023-02-04,INR,19.91,5650.84,1992.89,2023-02-18
1300,1300,42759.04,21442.51,21316.53,2023-02-05,USD,13.44,5746.81,1386.6,2023-02-15
1301,1301,146813.27,70671.4,76141.87,2023-02-06,INR,11.73,17221.2,14429.19,2023-02-23
1302,1302,48726.17,44157.54,4568.63,2023-02-07,USD,11.07,5393.99,3165.21,2023-02-11
1303,1303,142429.41,129652.95,12776.46,2023-02-08,INR,7.34,10454.32,13945.34,2023-02-25
1304,1304,146462.15,85270.9,61191.25,2023-02-09,USD,15.58,22818.8,9252.56,2023-02-18
1305,1305,145592.81,118627.41,26965.4,2023-02-10,INR,19.91,28987.53,11164.37,2023-03-07
1306,1306,86958.57,78157.01,8801.56,2023-02-11,USD,11.63,10113.28,6803.66,2023-03-06
1307,1307,74452.28,31422.18,43030.1,2023-02-12,INR,15.17,11294.41,2842.69,2023-02-12
1308,1308,63236.34,54540.22,8696.12,2023-02-13,USD,11.69,7392.33,2306.46,2023-02-14
1309,1309,93181.93,47274.21,45907.72,2023-02-14,INR,12.9,12020.47,7891.56,2023-03-10
1310,1310,45299.44,18681.57,26617.87,2023-02-15,USD,13.08,5925.17,2771.51,2023-03-08
1311,1311,143855.44,134751.08,9104.36,2023-02-16,INR,10.92,15709.01,9254.59,2023-03-07
1312,1312,92736.28,85212.7,7523.58,2023-02-17,USD,18.63,17276.77,5125.96,2023-02-21
1313,1313,108814.75,69119.38,39695.37,2023-02-18,INR,10.79,11741.11,3357.3,2023-03-01
1314,1314,55946.48,52457.55,3488.93,2023-02-19,USD,18.11,10131.91,2021.45,2023-03-14
1315,1315,133731.71,108033.85,25697.86,2023-02-20,INR,11.23,15018.07,8154.33,2023-02-25
1316,1316,121822.55,113745.52,8077.03,2023-02-21,USD,11.36,13839.04,11299.04,2023-02-25
1317,1317,126149.17,91945.67,34203.5,2023-02-22,INR,7.15,9019.67,6462.14,2023-03-21
1318,1318,81168.65,47441.39,33727.26,2023-02-23,USD,19.0,15422.04,5791.18,2023-03-07
1319,1319,17825.0,11144.25,6680.75,2023-02-24,INR,18.72,3336.84,1051.96,2023-03-13
1320,1320,72007.39,51294.75,20712.64,2023-02-25,USD,18.72,13479.78,3164.58,2023-03-23
1321,1321,60356.58,42528.86,17827.72,2023-02-26,INR,5.63,3398.08,5301.56,2023-03-24
1322,1322,89855.2,60360.7,29494.5,2023-02-27,USD,16.1,14466.69,4107.86,2023-03-24
1323,1323,5354.77,2915.52,2439.25,2023-02-28,INR,19.34,1035.61,473.35,2023-03-15
1324,1324,23005.65,17628.13,5377.52,2023-03-01,USD,9.32,2144.13,979.03,2023-03-30
1325,1325,104737.26,55993.86,48743.4,2023-03-02,INR,6.79,7111.66,5174.56,2023-03-04
1326,1326,91839.24,55008.74,36830.5,2023-03-03,USD,12.21,11213.57,5558.55,2023-03-11
1327,1327,96059.43,63574.28,32485.15,2023-03-04,INR,15.41,14802.76,3685.88,2023-03-20
1328,1328,111278.8,45585.34,65693.46,2023-03-05,USD,8.89,9892.69,7869.17,2023-03-09
1329,1329,51353.76,45349.2,6004.56,2023-03-06,INR,7.03,3610.17,2127.67,2023-03-14
1330,1330,57368.7,43022.85,14345.85,2023-03-07,USD,19.33,11089.37,1916.69,2023-03-16
1331,1331,81793.79,74839.22,6954.57,2023-03-08,INR,12.71,10395.99,6842.13,2023-03-13
1332,1332,115879.96,84513.5,31366.46,2023-03-09,USD,7.51,8702.58,6093.26,2023-03-19
1333,1333,124889.19,97005.42,27883.77,2023-03-10,INR,9.52,11889.45,9738.99,2023-04-01
1334,1334,57565.79,39946.7,17619.09,2023-03-11,USD,10.27,5912.01,2306.1,2023-03-15
1335,1335,80134.76,48494.18,31640.58,2023-03-12,INR,12.27,9832.54,4313.01,2023-04-10
1336,1336,28639.23,14887.59,13751.64,2023-03-13,USD,12.55,3594.22,2526.27,2023-04-07
1337,1337,135073.23,99601.05,35472.18,2023-03-14,INR,17.47,23597.29,9022.31,2023-03-31
1338,1338,108319.33,85165.61,23153.72,2023-03-15,USD,17.04,18457.61,6414.05,2023-04-13
1339,1339,16078.05,13672.2,2405.85,2023-03-16,INR,18.85,3030.71,1022.02,2023-03-25
1340,1340,105202.35,50124.47,55077.88,2023-03-17,USD,11.63,12235.03,10428.78,2023-04-02
1341,1341,115720.48,68058.09,47662.39,2023-03-18,INR,15.65,18110.26,3704.58,2023-04-13
1342,1342,22196.55,10449.98,11746.57,2023-03-19,USD,15.41,3420.49,1734.96,2023-03-28
1343,1343,23174.91,10929.75,12245.16,2023-03-20,INR,6.18,1432.21,1815.92,2023-04-14
1344,1344,21199.72,8699.17,12500.55,2023-03-21,USD,12.26,2599.09,1275.95,2023-03-27
1345,1345,20633.52,17253.34,3380.18,2023-03-22,INR,12.7,2620.46,704.61,2023-03-25
1346,1346,136736.75,57949.69,78787.06,2023-03-23,USD,9.52,13017.34,4200.43,2023-03-26
1347,1347,118443.77,107316.44,11127.33,2023-03-24,INR,8.08,9570.26,11025.01,2023-03-29
1348,1348,102237.09,42540.09,59697.0,2023-03-25,USD,7.18,7340.62,8407.35,2023-04-02
1349,1349,142574.78,84305.91,58268.87,2023-03-26,INR,7.41,10564.79,9273.69,2023-04-18
1350,1350,93878.68,63621.59,30257.09,2023-03-27,USD,6.03,5660.88,8202.28,2023-04-20
1351,1351,7027.73,3649.84,3377.89,2023-03-28,INR,7.87,553.08,349.49,2023-04-25
1352,1352,114332.59,46005.25,68327.34,2023-03-29,USD,15.88,18156.02,10826.87,2023-04-27
1353,1353,78108.31,61648.22,16460.09,2023-03-30,INR,10.5,8201.37,5565.74,2023-04-13
1354,1354,102661.23,47124.43,55536.8,2023-03-31,USD,17.52,17986.25,10131.75,2023-04-13
1355,1355,36069.73,18942.19,17127.54,2023-04-01,INR,6.69,2413.06,3568.12,2023-04-04
1356,1356,72555.75,49762.37,22793.38,2023-04-02,USD,12.44,9025.94,4011.43,2023-04-11
1357,1357,85784.16,36229.63,49554.53,2023-04-03,INR,9.92,8509.79,3268.43,2023-04-12
1358,1358,71257.14,57354.58,13902.56,2023-04-04,USD,15.31,10909.47,6333.07,2023-04-11
1359,1359,85317.8,47762.96,37554.84,2023-04-05,INR,17.83,15212.16,3687.0,2023-04-07
1360,1360,134739.42,113361.67,21377.75,2023-04-06,USD,19.09,25721.76,7507.8,2023-04-06
1361,1361,149814.88,100436.89,49377.99,2023-04-07,INR,6.58,9857.82,9088.38,2023-04-28
1362,1362,103095.21,47998.02,55097.19,2023-04-08,USD,10.92,11258.0,8108.71,2023-04-11
1363,1363,112507.66,100225.78,12281.88,2023-04-09,INR,7.53,8471.83,6239.64,2023-04-15
1364,1364,54101.59,39344.22,14757.37,2023-04-10,USD,19.86,10744.58,2087.96,2023-05-06
1365,1365,66582.11,44910.34,21671.77,2023-04-11,INR,16.47,10966.07,5567.47,2023-04-29
1366,1366,44581.05,37190.45,7390.6,2023-04-12,USD,14.66,6535.58,2586.44,2023-04-27
1367,1367,101668.17,93796.65,7871.52,2023-04-13,INR,19.81,20140.46,6689.67,2023-04-17
1368,1368,116359.94,53458.1,62901.84,2023-04-14,USD,8.76,10193.13,7541.19,2023-05-04
1369,1369,141648.44,58975.04,82673.4,2023-04-15,INR,16.07,22762.9,12482.33,2023-04-30
1370,1370,103325.58,96572.21,6753.37,2023-04-16,USD,10.74,11097.17,8012.31,2023-04-20
1371,1371,48899.13,36321.2,12577.93,2023-04-17,INR,16.4,8019.46,3729.81,2023-05-03
1372,1372,116297.96,97225.36,19072.6,2023-04-18,USD,8.03,9338.73,8878.95,2023-05-03
1373,1373,78195.24,54606.94,23588.3,2023-04-19,INR,17.14,13402.66,5304.53,2023-04-19
1374,1374,143124.17,59737.05,83387.12,2023-04-20,USD,11.46,16402.03,13460.22,2023-05-02
1375,1375,70266.75,61067.49,9199.26,2023-04-21,INR,11.64,8179.05,2284.98,2023-04-26
1376,1376,85716.65,74847.64,10869.01,2023-04-22,USD,9.55,8185.94,6807.97,2023-05-07
1377,1377,67448.76,38570.76,28878.0,2023-04-23,INR,10.84,7311.45,5630.68,2023-05-11
1378,1378,102878.56,78500.79,24377.77,2023-04-24,USD,15.28,15719.84,7207.13,2023-05-09
1379,1379,86527.03,42049.63,44477.4,2023-04-25,INR,5.84,5053.18,4191.14,2023-05-13
1380,1380,145776.26,107774.84,38001.42,2023-04-26,USD,10.29,15000.38,14350.92,2023-05-06
1381,1381,13906.48,10078.79,3827.69,2023-04-27,INR,6.92,962.33,773.88,2023-05-22
1382,1382,112598.28,46705.19,65893.09,2023-04-28,USD,18.37,20684.3,6067.69,2023-05-01
1383,1383,67081.49,63430.25,3651.24,2023-04-29,INR,11.18,7499.71,2277.51,2023-05-06
1384,1384,40904.02,30941.66,9962.36,2023-04-30,USD,13.89,5681.57,3833.82,2023-05-02
1385,1385,130996.29,60645.94,70350.35,2023-05-01,INR,7.55,9890.22,8867.03,2023-05-02
1386,1386,71831.86,62842.3,8989.56,2023-05-02,USD,13.52,9711.67,6687.45,2023-05-10
1387,1387,7958.33,5239.25,2719.08,2023-05-03,INR,5.33,424.18,415.07,2023-05-21
1388,1388,61593.61,44033.04,17560.57,2023-05-04,USD,17.12,10544.83,2279.21,2023-05-25
1389,1389,34856.71,23465.62,11391.09,2023-05-05,INR,17.17,5984.9,2674.11,2023-05-10
1390,1390,94150.04,56474.38,37675.66,2023-05-06,USD,11.54,10864.91,6099.66,2023-06-02
1391,1391,146245.55,64556.68,81688.87,2023-05-07,INR,17.76,25973.21,6578.94,2023-05-15
1392,1392,11892.05,11272.77,619.28,2023-05-08,USD,11.03,1311.69,544.8,2023-05-31
1393,1393,143901.45,114364.06,29537.39,2023-05-09,INR,13.67,19671.33,10278.96,2023-05-17
1394,1394,14754.12,12403.08,2351.04,2023-05-10,USD,12.13,1789.67,659.24,2023-06-04
1395,1395,16115.93,13747.8,2368.13,2023-05-11,INR,12.57,2025.77,821.81,2023-06-01
1396,1396,83292.4,42482.65,40809.75,2023-05-12,USD,11.03,9187.15,6142.6,2023-05-26
1397,1397,102376.24,71782.06,30594.18,2023-05-13,INR,18.21,18642.71,7570.63,2023-05-29
1398,1398,130092.92,93310.94,36781.98,2023-05-14,USD,8.19,10654.61,12664.31,2023-06-06
1399,1399,141024.93,77192.08,63832.85,2023-05-15,INR,14.57,20547.33,12216.33,2023-06-11
1400,1400,116522.28,74405.12,42117.16,2023-05-16,USD,13.49,15718.86,8607.86,2023-06-01
1401,1401,34093.96,22309.99,11783.97,2023-05-17,INR,8.61,2935.49,2804.24,2023-06-10
1402,1402,48539.97,31039.56,17500.41,2023-05-18,USD,9.78,4747.21,4277.1,2023-05-20
1403,1403,96919.49,83862.67,13056.82,2023-05-19,INR,9.0,8722.75,4855.0,2023-05-24
1404,1404,42184.76,30823.47,11361.29,2023-05-20,USD,11.09,4678.29,1600.87,2023-05-26
1405,1405,9017.11,7559.72,1457.39,2023-05-21,INR,9.66,871.05,576.89,2023-06-03
1406,1406,66192.77,59448.43,6744.34,2023-05-22,USD,8.03,5315.28,3249.39,2023-05-22
1407,1407,42467.54,35755.38,6712.16,2023-05-23,INR,14.88,6319.17,1797.18,2023-06-19
1408,1408,11123.69,8869.59,2254.1,2023-05-24,USD,16.73,1860.99,376.79,2023-06-21
1409,1409,17169.78,12549.05,4620.73,2023-05-25,INR,18.01,3092.28,1597.48,2023-06-07
1410,1410,135032.12,103896.37,31135.75,2023-05-26,USD,18.29,24697.37,7802.51,2023-06-21
1411,1411,110014.0,52510.57,57503.43,2023-05-27,INR,6.68,7348.94,8956.64,2023-06-25
1412,1412,22493.18,17214.47,5278.71,2023-05-28,USD,13.71,3083.81,1895.23,2023-06-13
1413,1413,41512.17,36800.98,4711.19,2023-05-29,INR,8.57,3557.59,1600.68,2023-06-23
1414,1414,50444.5,43270.47,7174.03,2023-05-30,USD,16.06,8101.39,4358.85,2023-06-22
1415,1415,39211.02,24804.03,14406.99,2023-05-31,INR,7.16,2807.51,1657.09,2023-06-08
1416,1416,68723.93,37101.87,31622.06,2023-06-01,USD,13.84,9511.39,4420.67,2023-06-12
1417,1417,106444.57,49191.1,57253.47,2023-06-02,INR,13.19,14040.04,6731.53,2023-06-09
1418,1418,144680.72,127852.68,16828.04,2023-06-03,USD,19.05,27561.68,8016.74,2023-06-25
1419,1419,58322.2,33214.16,25108.04,2023-06-04,INR,14.68,8561.7,5445.31,2023-06-05
1420,1420,127013.58,97066.69,29946.89,2023-06-05,USD,19.11,24272.3,9951.23,2023-06-30
1421,1421,102381.8,55198.18,47183.62,2023-06-06,INR,10.77,11026.52,7650.63,2023-06-28
1422,1422,57613.99,48783.94,8830.05,2023-06-07,USD,6.83,3935.04,5224.82,2023-07-04
1423,1423,69148.41,27958.52,41189.89,2023-06-08,INR,19.41,13421.71,6563.95,2023-07-07
1424,1424,42052.39,18908.34,23144.05,2023-06-09,USD,17.34,7291.88,1954.69,2023-06-15
1425,1425,129615.43,63268.53,66346.9,2023-06-10,INR,11.58,15009.47,6766.3,2023-07-05
1426,1426,116177.43,72431.85,43745.58,2023-06-11,USD,5.51,6401.38,10531.61,2023-07-07
1427,1427,118021.22,79125.03,38896.19,2023-06-12,INR,16.05,18942.41,11194.88,2023-06-22
1428,1428,109020.97,96180.34,12840.63,2023-06-13,USD,17.3,18860.63,9562.02,2023-07-05
1429,1429,42840.66,18700.03,24140.63,2023-06-14,INR,11.31,4845.28,3472.07,2023-07-01
1430,1430,111978.9,72707.22,39271.68,2023-06-15,USD,5.41,6058.06,3767.74,2023-07-05
1431,1431,31642.25,20373.58,11268.67,2023-06-16,INR,14.62,4626.1,956.08,2023-06-22
1432,1432,96102.96,55023.46,41079.5,2023-06-17,USD,6.23,5987.21,3944.79,2023-07-03
1433,1433,108466.77,89179.65,19287.12,2023-06-18,INR,14.74,15988.0,4241.76,2023-07-07
1434,1434,104434.24,87302.14,17132.1,2023-06-19,USD,9.79,10224.11,6630.07,2023-07-12
1435,1435,24358.92,12067.74,12291.18,2023-06-20,INR,13.9,3385.89,1289.33,2023-06-29
1436,1436,33806.24,21229.41,12576.83,2023-06-21,USD,7.73,2613.22,3088.11,2023-07-21
1437,1437,126028.46,89948.38,36080.08,2023-06-22,INR,5.31,6692.11,3983.5,2023-07-09
1438,1438,98830.47,73593.62,25236.85,2023-06-23,USD,18.6,18382.47,9704.06,2023-06-29
1439,1439,42958.56,37309.81,5648.75,2023-06-24,INR,5.75,2470.12,3147.16,2023-07-13
1440,1440,42722.88,19181.88,23541.0,2023-06-25,USD,10.52,4494.45,4114.51,2023-06-28
1441,1441,7046.66,4856.63,2190.03,2023-06-26,INR,16.6,1169.75,669.29,2023-07-22
1442,1442,102673.46,47761.82,54911.64,2023-06-27,USD,15.7,16119.73,4449.67,2023-07-24
1443,1443,122944.8,67178.46,55766.34,2023-06-28,INR,16.2,19917.06,6976.52,2023-07-11
1444,1444,129168.97,94299.23,34869.74,2023-06-29,USD,19.93,25743.38,6433.61,2023-07-20
1445,1445,32457.66,16202.98,16254.68,2023-06-30,INR,16.89,5482.1,1039.1,2023-07-08
1446,1446,39145.42,25367.69,13777.73,2023-07-01,USD,8.72,3413.48,2771.62,2023-07-21
1447,1447,71433.8,28978.99,42454.81,2023-07-02,INR,7.0,5000.37,3759.36,2023-07-24
1448,1448,62645.43,32370.13,30275.3,2023-07-03,USD,10.75,6734.38,3735.57,2023-07-22
1449,1449,42152.71,19070.04,23082.67,2023-07-04,INR,5.88,2478.58,2246.76,2023-07-11
1450,1450,73285.2,43594.87,29690.33,2023-07-05,USD,14.1,10333.21,5639.69,2023-07-30
1451,1451,91743.65,74453.0,17290.65,2023-07-06,INR,5.68,5211.04,4381.31,2023-07-25
1452,1452,60235.96,56479.53,3756.43,2023-07-07,USD,15.07,9077.56,2364.66,2023-08-04
1453,1453,86136.26,61955.04,24181.22,2023-07-08,INR,8.9,7666.13,5621.45,2023-08-06
1454,1454,54180.63,35620.88,18559.75,2023-07-09,USD,6.34,3435.05,4319.17,2023-07-22
1455,1455,25560.38,11866.74,13693.64,2023-07-10,INR,5.66,1446.72,995.6,2023-08-06
1456,1456,146138.87,81041.36,65097.51,2023-07-11,USD,10.41,15213.06,8783.83,2023-08-08
1457,1457,132155.78,97413.66,34742.12,2023-07-12,INR,16.42,21699.98,6404.67,2023-07-22
1458,1458,68187.43,33462.37,34725.06,2023-07-13,USD,16.05,10944.08,4390.54,2023-08-12
1459,1459,26933.39,23409.65,3523.74,2023-07-14,INR,14.86,4002.3,2312.92,2023-07-15
1460,1460,32393.39,13929.54,18463.85,2023-07-15,USD,7.75,2510.49,2038.11,2023-07-20
1461,1461,107364.62,68717.27,38647.35,2023-07-16,INR,19.93,21397.77,10189.38,2023-07-17
1462,1462,69020.35,65144.87,3875.48,2023-07-17,USD,13.41,9255.63,4282.24,2023-07-20
1463,1463,127646.56,111918.41,15728.15,2023-07-18,INR,6.85,8743.79,4665.54,2023-08-14
1464,1464,46196.89,39693.5,6503.39,2023-07-19,USD,16.25,7506.99,4045.92,2023-08-06
1465,1465,134179.71,96894.2,37285.51,2023-07-20,INR,13.75,18449.71,13151.48,2023-08-05
1466,1466,116192.91,58016.61,58176.3,2023-07-21,USD,18.81,21855.89,5487.91,2023-08-05
1467,1467,103151.73,91604.12,11547.61,2023-07-22,INR,5.39,5559.88,8014.05,2023-08-12
1468,1468,22688.69,13737.03,8951.66,2023-07-23,USD,18.94,4297.24,849.12,2023-08-02
1469,1469,27297.44,12136.03,15161.41,2023-07-24,INR,17.46,4766.13,2079.18,2023-08-07
1470,1470,96111.73,52681.26,43430.47,2023-07-25,USD,14.87,14291.81,5099.68,2023-07-26
1471,1471,100145.05,92433.16,7711.89,2023-07-26,INR,9.87,9884.32,8132.6,2023-08-18
1472,1472,136497.36,114435.07,22062.29,2023-07-27,USD,6.94,9472.92,12343.39,2023-08-21
1473,1473,98328.38,56808.63,41519.75,2023-07-28,INR,5.83,5732.54,3436.64,2023-08-27
1474,1474,92332.27,41632.9,50699.37,2023-07-29,USD,8.83,8152.94,4321.67,2023-08-22
1475,1475,130499.75,58601.38,71898.37,2023-07-30,INR,17.79,23215.91,5403.45,2023-08-23
1476,1476,63347.45,47887.02,15460.43,2023-07-31,USD,19.32,12238.73,2583.91,2023-08-09
1477,1477,76172.54,48582.63,27589.91,2023-08-01,INR,17.1,13025.5,3938.66,2023-08-22
1478,1478,92509.47,55272.03,37237.44,2023-08-02,USD,6.44,5957.61,5154.81,2023-08-08
1479,1479,75995.34,67406.13,8589.21,2023-08-03,INR,12.15,9233.43,5275.14,2023-08-16
1480,1480,18082.24,11435.12,6647.12,2023-08-04,USD,10.52,1902.25,778.35,2023-08-24
1481,1481,66772.48,28194.08,38578.4,2023-08-05,INR,10.13,6764.05,4169.72,2023-08-12
1482,1482,98903.54,78381.01,20522.53,2023-08-06,USD,18.96,18752.11,6617.59,2023-08-26
1483,1483,81078.28,45394.65,35683.63,2023-08-07,INR,11.56,9372.65,7581.19,2023-08-22
1484,1484,48557.02,45706.84,2850.18,2023-08-08,USD,15.26,7409.8,2477.8,2023-08-15
1485,1485,80848.35,45478.4,35369.95,2023-08-09,INR,5.72,4624.53,2858.58,2023-08-10
1486,1486,79445.11,54090.87,25354.24,2023-08-10,USD,11.2,8897.85,4967.38,2023-09-02
1487,1487,87429.34,47155.82,40273.52,2023-08-11,INR,8.82,7711.27,3123.31,2023-08-27
1488,1488,7358.96,5940.77,1418.19,2023-08-12,USD,11.94,878.66,625.75,2023-09-07
1489,1489,61978.81,27630.76,34348.05,2023-08-13,INR,18.15,11249.15,3150.71,2023-08-31
1490,1490,109993.73,89814.81,20178.92,2023-08-14,USD,11.75,12924.26,9519.78,2023-08-24
1491,1491,145174.35,127643.04,17531.31,2023-08-15,INR,7.81,11338.12,6236.13,2023-09-07
1492,1492,147417.0,79992.11,67424.89,2023-08-16,USD,15.1,22259.97,8898.96,2023-08-16
1493,1493,5847.83,2714.41,3133.42,2023-08-17,INR,7.58,443.27,370.74,2023-09-08
1494,1494,63738.28,48552.28,15186.0,2023-08-18,USD,16.16,10300.11,5150.93,2023-08-27
1495,1495,94682.41,88590.26,6092.15,2023-08-19,INR,10.41,9856.44,7306.28,2023-09-10
1496,1496,102889.83,86690.07,16199.76,2023-08-20,USD,6.31,6492.35,4059.82,2023-08-26
1497,1497,21227.31,8676.38,12550.93,2023-08-21,INR,19.56,4152.06,1913.24,2023-08-27
1498,1498,74761.99,35873.4,38888.59,2023-08-22,USD,8.63,6451.96,6649.8,2023-09-18
1499,1499,119551.67,60373.95,59177.72,2023-08-23,INR,9.51,11369.36,7464.78,2023-09-07
1500,1500,66172.49,30707.5,35464.99,2023-08-24,USD,18.54,12268.38,5407.26,2023-09-07
1501,1501,144760.7,95443.49,49317.21,2023-08-25,INR,17.9,25912.17,10273.06,2023-08-31
1502,1502,47750.55,40883.92,6866.63,2023-08-26,USD,10.88,5195.26,2548.42,2023-08-29
1503,1503,96409.43,76375.65,20033.78,2023-08-27,INR,19.69,18983.02,8619.31,2023-09-19
1504,1504,88905.88,71310.8,17595.08,2023-08-28,USD,19.99,17772.29,2897.55,2023-09-09
1505,1505,75484.64,54731.77,20752.87,2023-08-29,INR,14.17,10696.17,5850.57,2023-09-24
1506,1506,130806.96,69006.97,61799.99,2023-08-30,USD,5.91,7730.69,4098.36,2023-09-17
1507,1507,50798.27,22093.73,28704.54,2023-08-31,INR,18.39,9341.8,3007.24,2023-09-15
1508,1508,21956.41,16302.27,5654.14,2023-09-01,USD,14.69,3225.4,1347.75,2023-09-14
1509,1509,8017.0,4476.74,3540.26,2023-09-02,INR,7.88,631.74,433.47,2023-09-09
1510,1510,78607.21,56849.7,21757.51,2023-09-03,USD,15.27,12003.32,7430.07,2023-09-30
1511,1511,127157.73,96808.61,30349.12,2023-09-04,INR,6.97,8862.89,6426.24,2023-09-26
1512,1512,61603.83,38765.66,22838.17,2023-09-05,USD,19.12,11778.65,4661.87,2023-09-16
1513,1513,120416.04,101133.25,19282.79,2023-09-06,INR,17.67,21277.51,8854.07,2023-09-15
1514,1514,105151.14,47045.2,58105.94,2023-09-07,USD,12.24,12870.5,4430.06,2023-09-12
1515,1515,92833.61,42285.44,50548.17,2023-09-08,INR,11.24,10434.5,9242.86,2023-09-17
1516,1516,39034.24,27568.2,11466.04,2023-09-09,USD,19.99,7802.94,2151.37,2023-09-17
1517,1517,56771.36,27660.88,29110.48,2023-09-10,INR,17.42,9889.57,5257.71,2023-09-11
1518,1518,121988.25,71455.12,50533.13,2023-09-11,USD,6.71,8185.41,5595.4,2023-09-28
1519,1519,37493.87,20314.26,17179.61,2023-09-12,INR,10.1,3786.88,2057.17,2023-09-13
1520,1520,116663.76,82406.88,34256.88,2023-09-13,USD,18.44,21512.8,10469.24,2023-10-10
1521,1521,79731.18,61250.87,18480.31,2023-09-14,INR,15.6,12438.06,7563.64,2023-09-28
1522,1522,120853.1,112327.63,8525.47,2023-09-15,USD,16.34,19747.4,11870.94,2023-10-10
1523,1523,93533.02,77649.8,15883.22,2023-09-16,INR,19.21,17967.69,8198.42,2023-09-17
1524,1524,78559.33,38641.41,39917.92,2023-09-17,USD,6.77,5318.47,3486.23,2023-09-28
1525,1525,27769.72,15569.58,12200.14,2023-09-18,INR,11.62,3226.84,1816.49,2023-10-11
1526,1526,131221.44,63624.38,67597.06,2023-09-19,USD,10.46,13725.76,11461.05,2023-09-22
1527,1527,128046.29,82142.93,45903.36,2023-09-20,INR,11.24,14392.4,10734.42,2023-09-27
1528,1528,126047.94,83256.53,42791.41,2023-09-21,USD,9.3,11722.46,5292.54,2023-09-29
1529,1529,59003.27,48097.39,10905.88,2023-09-22,INR,10.41,6142.24,4516.68,2023-09-26
1530,1530,114214.91,78957.64,35257.27,2023-09-23,USD,16.81,19199.53,4529.72,2023-10-06
1531,1531,64944.37,40598.03,24346.34,2023-09-24,INR,11.88,7715.39,5823.39,2023-10-19
1532,1532,103918.8,95507.32,8411.48,2023-09-25,USD,11.64,12096.15,8719.89,2023-10-17
1533,1533,121905.8,112031.86,9873.94,2023-09-26,INR,6.27,7643.49,6343.53,2023-10-20
1534,1534,28827.08,12505.41,16321.67,2023-09-27,USD,16.39,4724.76,2196.98,2023-10-17
1535,1535,26888.05,19252.02,7636.03,2023-09-28,INR,19.67,5288.88,2651.25,2023-10-23
1536,1536,100752.44,69103.89,31648.55,2023-09-29,USD,9.44,9511.03,5857.77,2023-10-20
1537,1537,106614.61,93868.89,12745.72,2023-09-30,INR,15.82,16866.43,5539.55,2023-10-11
1538,1538,6145.82,3404.04,2741.78,2023-10-01,USD,12.92,794.04,580.36,2023-10-23
1539,1539,63571.02,47941.04,15629.98,2023-10-02,INR,18.31,11639.85,4685.51,2023-10-21
1540,1540,99545.38,78004.66,21540.72,2023-10-03,USD,18.32,18236.71,8432.43,2023-10-15
1541,1541,117433.05,103873.77,13559.28,2023-10-04,INR,6.26,7351.31,7940.86,2023-10-16
1542,1542,110139.31,88885.59,21253.72,2023-10-05,USD,6.89,7588.6,10951.67,2023-10-14
1543,1543,35991.5,24525.31,11466.19,2023-10-06,INR,9.68,3483.98,1938.13,2023-10-26
1544,1544,28203.96,11714.24,16489.72,2023-10-07,USD,16.95,4780.57,2015.89,2023-10-14
1545,1545,125673.2,71277.84,54395.36,2023-10-08,INR,11.34,14251.34,8215.16,2023-10-31
1546,1546,13692.13,8285.63,5406.5,2023-10-09,USD,14.4,1971.67,750.51,2023-10-10
1547,1547,114701.19,105265.72,9435.47,2023-10-10,INR,11.73,13454.45,8037.17,2023-10-10
1548,1548,70706.34,66508.0,4198.34,2023-10-11,USD,17.08,12076.64,7016.19,2023-10-29
1549,1549,108623.83,99461.05,9162.78,2023-10-12,INR,14.98,16271.85,9679.98,2023-10-19
1550,1550,55798.88,31051.77,24747.11,2023-10-13,USD,16.77,9357.47,4466.13,2023-11-03
1551,1551,25295.87,15372.71,9923.16,2023-10-14,INR,16.06,4062.52,945.2,2023-10-30
1552,1552,89443.51,76256.27,13187.24,2023-10-15,USD,10.42,9320.01,3296.81,2023-11-06
1553,1553,66725.36,41812.05,24913.31,2023-10-16,INR,6.38,4257.08,3986.31,2023-10-20
1554,1554,74056.7,47795.47,26261.23,2023-10-17,USD,10.54,7805.58,4949.79,2023-11-04
1555,1555,86050.43,71280.18,14770.25,2023-10-18,INR,18.08,15557.92,6101.08,2023-11-07
1556,1556,66396.22,42629.29,23766.93,2023-10-19,USD,18.97,12595.36,4267.14,2023-11-01
1557,1557,124452.72,59661.44,64791.28,2023-10-20,INR,6.91,8599.68,9928.91,2023-10-24
1558,1558,145364.61,99175.3,46189.31,2023-10-21,USD,12.94,18810.18,11427.54,2023-11-04
1559,1559,73636.56,59687.81,13948.75,2023-10-22,INR,19.16,14108.76,4112.84,2023-11-21
1560,1560,22221.08,19305.11,2915.97,2023-10-23,USD,6.66,1479.92,1241.51,2023-11-01
1561,1561,10840.91,5250.44,5590.47,2023-10-24,INR,10.57,1145.88,1077.28,2023-11-02
1562,1562,47627.29,19783.79,27843.5,2023-10-25,USD,7.14,3400.59,4041.91,2023-11-07
1563,1563,12054.4,10750.59,1303.81,2023-10-26,INR,18.34,2210.78,543.54,2023-11-21
1564,1564,112250.75,45029.07,67221.68,2023-10-27,USD,13.21,14828.32,3898.41,2023-10-28
1565,1565,65548.4,46879.07,18669.33,2023-10-28,INR,13.49,8842.48,6097.32,2023-11-22
1566,1566,59709.32,51287.5,8421.82,2023-10-29,USD,17.51,10455.1,2346.38,2023-11-02
1567,1567,78190.76,51098.83,27091.93,2023-10-30,INR,11.75,9187.41,4803.67,2023-11-26
1568,1568,110540.3,49646.22,60894.08,2023-10-31,USD,14.37,15884.64,8141.43,2023-11-12
1569,1569,38759.23,23932.6,14826.63,2023-11-01,INR,13.11,5081.34,3762.19,2023-11-29
1570,1570,69248.95,38263.94,30985.01,2023-11-02,USD,6.33,4383.46,2880.27,2023-11-02
1571,1571,87939.25,73683.18,14256.07,2023-11-03,INR,15.61,13727.32,6091.82,2023-11-06
1572,1572,98367.56,43953.93,54413.63,2023-11-04,USD,19.33,19014.45,6681.95,2023-11-28
1573,1573,12666.79,9039.46,3627.33,2023-11-05,INR,7.84,993.08,801.92,2023-12-03
1574,1574,7706.29,5872.5,1833.79,2023-11-06,USD,12.98,1000.28,750.33,2023-11-14
1575,1575,119079.77,63696.68,55383.09,2023-11-07,INR,15.58,18552.63,10971.52,2023-11-21
1576,1576,17273.95,11978.61,5295.34,2023-11-08,USD,9.81,1694.57,1230.29,2023-11-23
1577,1577,129986.28,53657.66,76328.62,2023-11-09,INR,11.56,15026.41,7675.11,2023-12-06
1578,1578,81545.75,49751.55,31794.2,2023-11-10,USD,6.37,5194.46,8039.19,2023-11-27
1579,1579,29382.62,14080.71,15301.91,2023-11-11,INR,8.83,2594.49,1065.83,2023-11-20
1580,1580,143063.89,110621.97,32441.92,2023-11-12,USD,5.88,8412.16,13917.06,2023-11-17
1581,1581,8939.82,3863.58,5076.24,2023-11-13,INR,10.85,969.97,468.47,2023-11-26
1582,1582,134486.6,72873.43,61613.17,2023-11-14,USD,19.12,25713.84,12502.56,2023-11-15
1583,1583,34371.12,27966.87,6404.25,2023-11-15,INR,13.79,4739.78,2217.23,2023-12-09
1584,1584,78141.08,72057.51,6083.57,2023-11-16,USD,9.04,7063.95,4085.49,2023-12-03
1585,1585,64026.09,42660.22,21365.87,2023-11-17,INR,11.11,7113.3,2968.37,2023-12-15
1586,1586,7700.31,5426.73,2273.58,2023-11-18,USD,13.79,1061.87,285.73,2023-12-12
1587,1587,85432.58,71068.61,14363.97,2023-11-19,INR,9.57,8175.9,4995.43,2023-11-21
1588,1588,127710.29,86234.82,41475.47,2023-11-20,USD,16.74,21378.7,5104.03,2023-12-07
1589,1589,147869.76,122748.61,25121.15,2023-11-21,INR,13.06,19311.79,8822.3,2023-12-20
1590,1590,85497.08,36164.04,49333.04,2023-11-22,USD,17.19,14696.95,8316.99,2023-12-11
1591,1591,46941.17,43873.33,3067.84,2023-11-23,INR,5.01,2351.75,4475.63,2023-12-08
1592,1592,44628.93,24009.87,20619.06,2023-11-24,USD,15.2,6783.6,4460.52,2023-12-20
1593,1593,96670.01,69780.04,26889.97,2023-11-25,INR,12.65,12228.76,3207.89,2023-12-18
1594,1594,82442.95,36148.3,46294.65,2023-11-26,USD,6.35,5235.13,6503.93,2023-12-22
1595,1595,25249.29,17827.6,7421.69,2023-11-27,INR,9.19,2320.41,1520.95,2023-12-16
1596,1596,78198.94,65775.56,12423.38,2023-11-28,USD,18.26,14279.13,7521.06,2023-12-18
1597,1597,42897.28,34917.6,7979.68,2023-11-29,INR,11.79,5057.59,2025.39,2023-12-09
1598,1598,54536.32,35606.2,18930.12,2023-11-30,USD,13.99,7629.63,1696.69,2023-12-22
1599,1599,24390.23,22127.84,2262.39,2023-12-01,INR,14.13,3446.34,739.01,2023-12-01
1600,1600,102542.43,64318.68,38223.75,2023-12-02,USD,18.43,18898.57,8124.54,2023-12-26
1601,1601,61954.71,27547.04,34407.67,2023-12-03,INR,18.15,11244.78,4683.07,2023-12-20
1602,1602,9487.39,8136.82,1350.57,2023-12-04,USD,15.07,1429.75,731.07,2023-12-15
1603,1603,145945.66,88590.04,57355.62,2023-12-05,INR,14.02,20461.58,8329.49,2023-12-31
1604,1604,116355.05,91148.66,25206.39,2023-12-06,USD,5.13,5969.01,7259.21,2024-01-04
1605,1605,32983.67,13363.33,19620.34,2023-12-07,INR,16.15,5326.86,2740.6,2023-12-28
1606,1606,138602.81,82718.37,55884.44,2023-12-08,USD,6.35,8801.28,10109.83,2023-12-17
1607,1607,122220.1,63753.82,58466.28,2023-12-09,INR,19.7,24077.36,11942.22,2023-12-10
1608,1608,45709.67,41023.48,4686.19,2023-12-10,USD,15.6,7130.71,2040.3,2023-12-16
1609,1609,147718.21,110957.04,36761.17,2023-12-11,INR,6.66,9838.03,7299.4,2023-12-27
1610,1610,76631.64,53908.97,22722.67,2023-12-12,USD,14.9,11418.11,5333.52,2024-01-02
1611,1611,92431.02,45895.78,46535.24,2023-12-13,INR,13.82,12773.97,7599.51,2023-12-17
1612,1612,42645.55,30425.33,12220.22,2023-12-14,USD,8.42,3590.76,2840.86,2024-01-08
1613,1613,44777.56,38787.08,5990.48,2023-12-15,INR,5.35,2395.6,4383.13,2024-01-05
1614,1614,82276.52,44355.81,37920.71,2023-12-16,USD,13.4,11025.05,5082.62,2024-01-15
1615,1615,66931.6,51551.05,15380.55,2023-12-17,INR,14.75,9872.41,6008.46,2023-12-27
1616,1616,67719.48,64151.24,3568.24,2023-12-18,USD,9.11,6169.24,5255.85,2024-01-01
1617,1617,76858.33,52608.86,24249.47,2023-12-19,INR,5.65,4342.5,6185.97,2023-12-20
1618,1618,45300.29,28586.03,16714.26,2023-12-20,USD,11.73,5313.72,1375.37,2023-12-26
1619,1619,53532.34,47325.49,6206.85,2023-12-21,INR,17.12,9164.74,5316.75,2023-12-28
1620,1620,146823.86,92954.35,53869.51,2023-12-22,USD,6.12,8985.62,6973.97,2023-12-27
1621,1621,52737.57,22917.86,29819.71,2023-12-23,INR,14.38,7583.66,1685.02,2024-01-05
1622,1622,122168.57,88681.18,33487.39,2023-12-24,USD,14.39,17580.06,6523.95,2024-01-01
1623,1623,40837.27,26971.67,13865.6,2023-12-25,INR,19.38,7914.26,3604.96,2024-01-20
1624,1624,53370.33,44658.22,8712.11,2023-12-26,USD,19.15,10220.42,4499.25,2024-01-14
1625,1625,68586.77,31043.67,37543.1,2023-12-27,INR,11.7,8024.65,2656.9,2023-12-28
1626,1626,137923.58,83797.86,54125.72,2023-12-28,USD,18.35,25308.98,10831.89,2024-01-22
1627,1627,23492.69,21272.95,2219.74,2023-12-29,INR,11.63,2732.2,1200.55,2024-01-18
1628,1628,67616.65,30833.54,36783.11,2023-12-30,USD,5.84,3948.81,2275.59,2024-01-26
1629,1629,60311.05,27303.21,33007.84,2023-12-31,INR,16.28,9818.64,2793.48,2024-01-19
1630,1630,119183.85,88577.97,30605.88,2024-01-01,USD,11.8,14063.69,7448.35,2024-01-14
1631,1631,132591.03,98193.84,34397.19,2024-01-02,INR,10.09,13378.43,12679.8,2024-01-27
1632,1632,8765.95,6000.0,2765.95,2024-01-03,USD,13.82,1211.45,329.25,2024-01-03
1633,1633,91300.39,39911.92,51388.47,2024-01-04,INR,16.84,15374.99,3976.41,2024-01-22
1634,1634,23267.34,15819.32,7448.02,2024-01-05,USD,10.33,2403.52,1482.08,2024-01-24
1635,1635,69470.53,37078.77,32391.76,2024-01-06,INR,16.96,11782.2,2378.28,2024-01-15
1636,1636,89755.73,61233.08,28522.65,2024-01-07,USD,14.78,13265.9,4940.34,2024-01-25
1637,1637,133357.18,110222.73,23134.45,2024-01-08,INR,7.21,9615.05,6882.19,2024-01-18
1638,1638,47204.27,44072.22,3132.05,2024-01-09,USD,12.77,6027.99,3589.29,2024-01-13
1639,1639,13311.06,9037.0,4274.06,2024-01-10,INR,17.53,2333.43,1199.45,2024-01-23
1640,1640,54853.33,51402.01,3451.32,2024-01-11,USD,14.61,8014.07,2418.39,2024-01-13
1641,1641,54525.03,41838.31,12686.72,2024-01-12,INR,15.42,8407.76,5383.51,2024-01-31
1642,1642,105400.01,91550.95,13849.06,2024-01-13,USD,13.49,14218.46,5638.5,2024-01-22
1643,1643,65710.82,32149.28,33561.54,2024-01-14,INR,11.81,7760.45,5601.41,2024-01-15
1644,1644,76909.95,69678.45,7231.5,2024-01-15,USD,14.58,11213.47,6039.39,2024-01-29
1645,1645,95468.4,50737.68,44730.72,2024-01-16,INR,16.02,15294.04,9230.0,2024-01-26
1646,1646,122054.34,74056.65,47997.69,2024-01-17,USD,11.0,13425.98,10719.53,2024-01-17
1647,1647,57608.49,25379.54,32228.95,2024-01-18,INR,5.45,3139.66,2192.77,2024-01-27
1648,1648,68859.18,51453.92,17405.26,2024-01-19,USD,18.69,12869.78,3800.59,2024-01-19
1649,1649,33872.82,18841.94,15030.88,2024-01-20,INR,8.28,2804.67,1637.41,2024-01-25
1650,1650,54273.54,38261.64,16011.9,2024-01-21,USD,7.68,4168.21,1709.86,2024-02-16
1651,1651,42959.35,19574.63,23384.72,2024-01-22,INR,17.47,7505.0,1701.49,2024-02-11
1652,1652,119175.04,54943.62,64231.42,2024-01-23,USD,19.04,22690.93,6120.24,2024-01-30
1653,1653,58597.89,35439.57,23158.32,2024-01-24,INR,7.57,4435.86,3919.31,2024-02-18
1654,1654,149665.76,132441.49,17224.27,2024-01-25,USD,18.18,27209.24,5174.91,2024-01-29
1655,1655,132994.85,62765.2,70229.65,2024-01-26,INR,7.84,10426.8,8947.74,2024-02-17
1656,1656,59267.02,43250.23,16016.79,2024-01-27,USD,19.65,11645.97,2792.57,2024-01-28
1657,1657,115646.94,83616.12,32030.82,2024-01-28,INR,17.82,20608.28,5850.9,2024-02-01
1658,1658,52513.69,22543.73,29969.96,2024-01-29,USD,16.93,8890.57,4783.98,2024-02-25
1659,1659,78699.07,56761.33,21937.74,2024-01-30,INR,12.33,9703.6,6367.61,2024-02-24
1660,1660,73246.76,56028.37,17218.39,2024-01-31,USD,5.97,4372.83,4805.2,2024-02-24
1661,1661,132951.2,108105.94,24845.26,2024-02-01,INR,10.61,14106.12,8817.65,2024-02-06
1662,1662,51664.35,31289.65,20374.7,2024-02-02,USD,15.42,7966.64,4138.08,2024-02-17
1663,1663,73694.93,53034.75,20660.18,2024-02-03,INR,14.57,10737.35,6289.4,2024-02-23
1664,1664,10307.65,5367.6,4940.05,2024-02-04,USD,8.05,829.77,932.04,2024-02-16
1665,1665,36696.09,23256.61,13439.48,2024-02-05,INR,10.66,3911.8,1504.71,2024-03-02
1666,1666,59245.57,41638.0,17607.57,2024-02-06,USD,7.01,4153.11,2125.85,2024-02-20
1667,1667,80229.0,42248.4,37980.6,2024-02-07,INR,5.62,4508.87,5283.75,2024-02-17
1668,1668,66784.84,43887.86,22896.98,2024-02-08,USD,11.13,7433.15,5764.55,2024-02-18
1669,1669,44587.82,18441.3,26146.52,2024-02-09,INR,11.63,5185.56,2166.69,2024-02-11
1670,1670,57068.48,25414.32,31654.16,2024-02-10,USD,17.64,10066.88,3760.55,2024-03-01
1671,1671,16333.06,9016.4,7316.66,2024-02-11,INR,8.42,1375.24,625.58,2024-02-22
1672,1672,10550.8,5382.69,5168.11,2024-02-12,USD,7.95,838.79,559.69,2024-02-21
1673,1673,113055.65,93006.99,20048.66,2024-02-13,INR,17.68,19988.24,4900.39,2024-03-03
1674,1674,149709.38,142092.59,7616.79,2024-02-14,USD,16.29,24387.66,12244.35,2024-03-14
1675,1675,42864.64,35300.82,7563.82,2024-02-15,INR,9.23,3956.41,2326.02,2024-02-27
1676,1676,142143.18,121109.36,21033.82,2024-02-16,USD,16.37,23268.84,4382.61,2024-03-07
1677,1677,79333.81,64945.69,14388.12,2024-02-17,INR,7.24,5743.77,4587.51,2024-02-24
1678,1678,109883.7,56637.49,53246.21,2024-02-18,USD,8.51,9351.1,7811.66,2024-03-06
1679,1679,114855.09,91583.23,23271.86,2024-02-19,INR,11.92,13690.73,9812.53,2024-02-29
1680,1680,127641.24,81158.91,46482.33,2024-02-20,USD,19.13,24417.77,7561.23,2024-03-05
1681,1681,70245.93,49674.11,20571.82,2024-02-21,INR,10.62,7460.12,4947.11,2024-02-25
1682,1682,49307.93,39731.97,9575.96,2024-02-22,USD,12.5,6163.49,3753.29,2024-03-04
1683,1683,54274.23,34221.59,20052.64,2024-02-23,INR,15.29,8298.53,3160.7,2024-03-18
1684,1684,105125.2,59374.76,45750.44,2024-02-24,USD,13.8,14507.28,7330.42,2024-02-25
1685,1685,138710.91,67209.62,71501.29,2024-02-25,INR,19.29,26757.33,7367.98,2024-03-16
1686,1686,120876.14,109098.42,11777.72,2024-02-26,USD,13.61,16451.24,6933.7,2024-03-09
1687,1687,34609.67,21279.75,13329.92,2024-02-27,INR,13.02,4506.18,1494.57,2024-03-01
1688,1688,52682.0,48945.05,3736.95,2024-02-28,USD,14.59,7686.3,2703.91,2024-03-04
1689,1689,20125.41,14170.28,5955.13,2024-02-29,INR,5.48,1102.87,1574.45,2024-03-15
1690,1690,8891.58,4529.81,4361.77,2024-03-01,USD,18.67,1660.06,506.93,2024-03-07
1691,1691,38790.72,29588.14,9202.58,2024-03-02,INR,6.05,2346.84,1319.73,2024-03-18
1692,1692,6601.83,3827.24,2774.59,2024-03-03,USD,18.65,1231.24,378.8,2024-03-06
1693,1693,23724.96,14949.74,8775.22,2024-03-04,INR,16.15,3831.58,1357.77,2024-04-01
1694,1694,130526.43,61538.35,68988.08,2024-03-05,USD,8.09,10559.59,7864.75,2024-03-27
1695,1695,101394.93,49412.76,51982.17,2024-03-06,INR,13.63,13820.13,5244.34,2024-03-12
1696,1696,77858.88,60469.86,17389.02,2024-03-07,USD,9.13,7108.52,2376.33,2024-03-11
1697,1697,69631.08,59431.55,10199.53,2024-03-08,INR,14.07,9797.09,3292.07,2024-03-18
1698,1698,136993.87,121045.27,15948.6,2024-03-09,USD,11.9,16302.27,9634.68,2024-04-01
1699,1699,18209.89,13756.93,4452.96,2024-03-10,INR,18.78,3419.82,988.34,2024-04-05
1700,1700,108188.95,60974.95,47214.0,2024-03-11,USD,14.2,15362.83,9379.87,2024-03-16
1701,1701,65182.65,32511.02,32671.63,2024-03-12,INR,14.27,9301.56,3926.95,2024-03-24
1702,1702,137070.8,68657.99,68412.81,2024-03-13,USD,13.53,18545.68,7888.23,2024-04-12
1703,1703,11331.35,10051.45,1279.9,2024-03-14,INR,7.37,835.12,1039.98,2024-03-31
1704,1704,47323.99,42779.14,4544.85,2024-03-15,USD,15.47,7321.02,3812.83,2024-03-21
1705,1705,136766.79,85643.77,51123.02,2024-03-16,INR,16.43,22470.78,5263.63,2024-03-27
1706,1706,16097.38,7370.56,8726.82,2024-03-17,USD,16.5,2656.07,850.28,2024-03-31
1707,1707,28901.67,14857.04,14044.63,2024-03-18,INR,5.67,1638.72,921.1,2024-04-07
1708,1708,105700.43,85866.26,19834.17,2024-03-19,USD,10.72,11331.09,8690.37,2024-04-15
1709,1709,33188.52,13964.93,19223.59,2024-03-20,INR,8.76,2907.31,2643.03,2024-03-24
1710,1710,52431.0,42562.01,9868.99,2024-03-21,USD,12.27,6433.28,1823.37,2024-04-07
1711,1711,100268.28,79459.59,20808.69,2024-03-22,INR,11.57,11601.04,6312.4,2024-03-30
1712,1712,127026.57,62728.77,64297.8,2024-03-23,USD,5.27,6694.3,4704.56,2024-04-01
1713,1713,23001.95,18580.87,4421.08,2024-03-24,INR,7.53,1732.05,1771.09,2024-03-24
1714,1714,103220.56,50002.42,53218.14,2024-03-25,USD,10.37,10703.97,4662.17,2024-03-26
1715,1715,134439.72,93135.04,41304.68,2024-03-26,INR,11.63,15635.34,4482.61,2024-04-15
1716,1716,122669.21,92315.54,30353.67,2024-03-27,USD,15.75,19320.4,11382.56,2024-04-08
1717,1717,105100.27,67704.82,37395.45,2024-03-28,INR,13.97,14682.51,3511.04,2024-04-09
1718,1718,116231.56,105869.67,10361.89,2024-03-29,USD,10.62,12343.79,5427.76,2024-03-31
1719,1719,7325.57,3042.82,4282.75,2024-03-30,INR,5.22,382.39,640.52,2024-04-20
1720,1720,101997.67,53172.64,48825.03,2024-03-31,USD,18.23,18594.18,8749.84,2024-04-26
1721,1721,101295.77,80854.92,20440.85,2024-04-01,INR,5.66,5733.34,6672.86,2024-04-27
1722,1722,52435.51,37183.58,15251.93,2024-04-02,USD,7.84,4110.94,2333.29,2024-04-19
1723,1723,62284.27,39571.32,22712.95,2024-04-03,INR,8.49,5287.93,2330.18,2024-04-13
1724,1724,30175.13,18744.09,11431.04,2024-04-04,USD,9.74,2939.06,1727.32,2024-04-18
1725,1725,36913.95,28123.96,8789.99,2024-04-05,INR,9.18,3388.7,2719.59,2024-04-06
1726,1726,14763.03,7679.85,7083.18,2024-04-06,USD,9.52,1405.44,1061.77,2024-04-09
1727,1727,108317.01,90465.6,17851.41,2024-04-07,INR,18.83,20396.09,7565.33,2024-04-15
1728,1728,144060.03,105153.3,38906.73,2024-04-08,USD,19.72,28408.64,11343.59,2024-04-29
1729,1729,139060.24,114623.67,24436.57,2024-04-09,INR,6.99,9720.31,5878.52,2024-05-03
1730,1730,133175.22,76560.02,56615.2,2024-04-10,USD,17.77,23665.24,8489.8,2024-04-20
1731,1731,7559.08,6815.7,743.38,2024-04-11,INR,11.73,886.68,497.17,2024-05-04
1732,1732,38701.69,27985.49,10716.2,2024-04-12,USD,19.83,7674.55,1791.21,2024-05-01
1733,1733,115046.45,53868.3,61178.15,2024-04-13,INR,8.55,9836.47,6902.19,2024-04-20
1734,1734,94866.1,41073.0,53793.1,2024-04-14,USD,10.62,10074.78,4815.69,2024-04-18
1735,1735,59483.45,44798.26,14685.19,2024-04-15,INR,8.57,5097.73,4804.57,2024-05-15
1736,1736,69340.3,61195.07,8145.23,2024-04-16,USD,7.01,4860.76,3621.48,2024-05-11
1737,1737,115271.61,79131.66,36139.95,2024-04-17,INR,19.66,22662.4,8687.24,2024-04-26
1738,1738,113829.88,59869.45,53960.43,2024-04-18,USD,15.99,18201.4,6145.79,2024-04-24
1739,1739,83200.2,74767.66,8432.54,2024-04-19,INR,14.98,12463.39,3942.33,2024-05-10
1740,1740,105960.32,55347.76,50612.56,2024-04-20,USD,18.09,19168.22,7046.68,2024-04-25
1741,1741,69142.33,27886.72,41255.61,2024-04-21,INR,18.05,12480.19,2412.99,2024-04-27
1742,1742,12555.49,11872.56,682.93,2024-04-22,USD,19.07,2394.33,487.02,2024-04-27
1743,1743,90931.44,77943.84,12987.6,2024-04-23,INR,18.98,17258.79,4232.1,2024-04-25
1744,1744,66804.77,43883.44,22921.33,2024-04-24,USD,7.46,4983.64,2927.89,2024-05-07
1745,1745,30583.15,16421.11,14162.04,2024-04-25,INR,9.28,2838.12,1877.16,2024-05-15
1746,1746,34203.15,29904.98,4298.17,2024-04-26,USD,12.22,4179.62,3303.03,2024-05-07
1747,1747,62745.45,30887.79,31857.66,2024-04-27,INR,11.62,7291.02,4101.7,2024-05-20
1748,1748,67847.42,32955.74,34891.68,2024-04-28,USD,19.31,13101.34,4324.6,2024-05-22
1749,1749,60305.8,52449.35,7856.45,2024-04-29,INR,16.38,9878.09,5699.34,2024-05-18
1750,1750,82893.66,58362.83,24530.83,2024-04-30,USD,7.64,6333.08,4694.39,2024-05-09
1751,1751,70772.45,42911.52,27860.93,2024-05-01,INR,14.09,9971.84,2479.57,2024-05-05
1752,1752,108655.19,55158.12,53497.07,2024-05-02,USD,18.74,20361.98,3291.45,2024-05-29
1753,1753,77601.47,61998.92,15602.55,2024-05-03,INR,12.37,9599.3,7356.49,2024-06-02
1754,1754,62224.21,50290.02,11934.19,2024-05-04,USD,10.76,6695.32,3207.46,2024-05-22
1755,1755,15328.98,13592.97,1736.01,2024-05-05,INR,19.89,3048.93,593.44,2024-06-03
1756,1756,87013.25,44100.53,42912.72,2024-05-06,USD,11.54,10041.33,4165.16,2024-06-04
1757,1757,113978.72,67443.29,46535.43,2024-05-07,INR,15.64,17826.27,8485.55,2024-05-18
1758,1758,105986.03,80337.25,25648.78,2024-05-08,USD,18.9,20031.36,8637.49,2024-05-15
1759,1759,74270.21,67348.8,6921.41,2024-05-09,INR,10.42,7738.96,5901.45,2024-05-09
1760,1760,106133.36,80123.62,26009.74,2024-05-10,USD,8.92,9467.1,6567.85,2024-05-31
1761,1761,26368.27,14135.45,12232.82,2024-05-11,INR,13.68,3607.18,2014.07,2024-05-16
1762,1762,6788.92,5594.31,1194.61,2024-05-12,USD,14.67,995.93,639.39,2024-05-24
1763,1763,107380.12,100484.18,6895.94,2024-05-13,INR,6.21,6668.31,10061.14,2024-06-10
1764,1764,66327.0,56799.94,9527.06,2024-05-14,USD,8.79,5830.14,3392.98,2024-06-13
1765,1765,82314.19,73066.85,9247.34,2024-05-15,INR,13.79,11351.13,6698.35,2024-06-08
1766,1766,132078.07,105690.01,26388.06,2024-05-16,USD,6.33,8360.54,9844.12,2024-06-09
1767,1767,120642.42,102283.71,18358.71,2024-05-17,INR,9.04,10906.07,5388.71,2024-06-09
1768,1768,62705.68,35708.07,26997.61,2024-05-18,USD,19.81,12422.0,5464.63,2024-05-18
1769,1769,19046.25,15723.8,3322.45,2024-05-19,INR,11.27,2146.51,1127.14,2024-05-28
1770,1770,111291.12,54960.99,56330.13,2024-05-20,USD,10.62,11819.12,8823.53,2024-05-26
1771,1771,75538.33,51096.96,24441.37,2024-05-21,INR,6.65,5023.3,5264.75,2024-05-27
1772,1772,31917.52,13802.42,18115.1,2024-05-22,USD,7.74,2470.42,2653.67,2024-05-30
1773,1773,147527.33,129733.84,17793.49,2024-05-23,INR,11.61,17127.92,13854.0,2024-05-26
1774,1774,130912.49,64326.39,66586.1,2024-05-24,USD,9.4,12305.77,7388.83,2024-06-01
1775,1775,14318.05,5960.84,8357.21,2024-05-25,INR,8.52,1219.9,915.83,2024-06-18
1776,1776,19617.33,8505.7,11111.63,2024-05-26,USD,16.28,3193.7,598.44,2024-06-13
1777,1777,119435.04,50523.73,68911.31,2024-05-27,INR,8.17,9757.84,10202.75,2024-06-08
1778,1778,92432.81,87145.03,5287.78,2024-05-28,USD,16.42,15177.47,8804.13,2024-06-12
1779,1779,114752.19,84045.0,30707.19,2024-05-29,INR,10.05,11532.6,8919.71,2024-06-08
1780,1780,149919.54,127321.56,22597.98,2024-05-30,USD,19.11,28649.62,11477.16,2024-06-11
1781,1781,93567.31,87618.09,5949.22,2024-05-31,INR,18.1,16935.68,8087.86,2024-05-31
1782,1782,71253.29,55867.53,15385.76,2024-06-01,USD,15.88,11315.02,6566.56,2024-06-05
1783,1783,8723.66,4079.11,4644.55,2024-06-02,INR,12.96,1130.59,842.48,2024-06-26
1784,1784,123182.51,74234.27,48948.24,2024-06-03,USD,14.28,17590.46,9376.82,2024-06-18
1785,1785,79662.53,60792.52,18870.01,2024-06-04,INR,5.05,4022.96,5948.01,2024-07-04
1786,1786,122829.76,50255.39,72574.37,2024-06-05,USD,10.4,12774.3,4078.29,2024-06-30
1787,1787,111692.89,86323.1,25369.79,2024-06-06,INR,8.5,9493.9,7139.13,2024-06-29
1788,1788,93825.89,41729.35,52096.54,2024-06-07,USD,11.42,10714.92,8932.59,2024-07-06
1789,1789,74037.68,56423.11,17614.57,2024-06-08,INR,15.49,11468.44,2741.76,2024-06-20
1790,1790,47610.13,24152.25,23457.88,2024-06-09,USD,7.15,3404.12,3161.49,2024-06-27
1791,1791,118804.98,94350.89,24454.09,2024-06-10,INR,5.48,6510.51,7705.07,2024-06-12
1792,1792,48695.5,37504.5,11191.0,2024-06-11,USD,13.23,6442.41,4442.73,2024-06-16
1793,1793,134979.24,124893.34,10085.9,2024-06-12,INR,12.23,16507.96,9157.9,2024-06-19
1794,1794,35687.92,29060.28,6627.64,2024-06-13,USD,14.9,5317.5,1294.05,2024-06-26
1795,1795,149037.41,62010.29,87027.12,2024-06-14,INR,18.94,28227.69,7877.38,2024-06-26
1796,1796,116114.78,60519.82,55594.96,2024-06-15,USD,8.86,10287.77,7354.85,2024-07-13
1797,1797,102237.18,78314.91,23922.27,2024-06-16,INR,18.84,19261.48,7601.17,2024-07-01
1798,1798,18114.05,14137.68,3976.37,2024-06-17,USD,18.08,3275.02,1724.9,2024-07-11
1799,1799,138957.89,60525.45,78432.44,2024-06-18,INR,10.15,14104.23,13021.98,2024-07-11
1800,1800,111720.36,68139.12,43581.24,2022-01-01,USD,14.63,16344.69,7745.91,2022-01-28
1801,1801,68359.53,36117.9,32241.63,2022-01-02,INR,8.89,6077.16,3443.16,2022-01-05
1802,1802,17925.22,14471.38,3453.84,2022-01-03,USD,19.06,3416.55,1472.08,2022-01-06
1803,1803,88061.66,41395.99,46665.67,2022-01-04,INR,9.7,8541.98,4985.49,2022-01-27
1804,1804,5243.38,2275.82,2967.56,2022-01-05,USD,13.03,683.21,468.22,2022-01-18
1805,1805,51348.23,30848.12,20500.11,2022-01-06,INR,15.19,7799.8,4403.6,2022-01-22
1806,1806,101242.7,73393.55,27849.15,2022-01-07,USD,6.6,6682.02,3102.4,2022-02-03
1807,1807,71787.4,34428.19,37359.21,2022-01-08,INR,19.14,13740.11,6360.73,2022-01-23
1808,1808,103597.23,49838.96,53758.27,2022-01-09,USD,9.25,9582.74,8525.45,2022-02-05
1809,1809,121187.3,95329.78,25857.52,2022-01-10,INR,13.98,16941.98,6255.98,2022-02-01
1810,1810,22902.28,21717.47,1184.81,2022-01-11,USD,15.6,3572.76,1453.83,2022-02-06
1811,1811,36277.23,20326.94,15950.29,2022-01-12,INR,19.5,7074.06,1237.67,2022-02-06
1812,1812,53305.96,45594.54,7711.42,2022-01-13,USD,8.16,4349.77,4333.03,2022-02-07
1813,1813,37635.4,30283.29,7352.11,2022-01-14,INR,18.85,7094.27,3173.52,2022-02-10
1814,1814,75688.17,46585.64,29102.53,2022-01-15,USD,19.77,14963.55,5763.47,2022-02-11
1815,1815,28083.02,11566.31,16516.71,2022-01-16,INR,10.88,3055.43,1672.92,2022-01-31
1816,1816,148595.57,121364.36,27231.21,2022-01-17,USD,10.87,16152.34,9948.34,2022-01-26
1817,1817,45942.79,41701.59,4241.2,2022-01-18,INR,15.52,7130.32,3140.68,2022-01-21
1818,1818,23980.6,19514.13,4466.47,2022-01-19,USD,13.71,3287.74,2070.85,2022-02-15
1819,1819,140513.44,79704.94,60808.5,2022-01-20,INR,14.82,20824.09,9892.29,2022-02-03
1820,1820,105913.55,59321.64,46591.91,2022-01-21,USD,7.17,7594.0,4794.66,2022-02-13
1821,1821,33369.98,25300.48,8069.5,2022-01-22,INR,10.43,3480.49,3000.96,2022-01-25
1822,1822,103356.08,97533.65,5822.43,2022-01-23,USD,7.21,7451.97,9976.74,2022-02-05
1823,1823,103519.56,50985.72,52533.84,2022-01-24,INR,5.84,6045.54,5682.28,2022-02-08
1824,1824,31046.77,13314.71,17732.06,2022-01-25,USD,19.7,6116.21,2344.24,2022-02-12
1825,1825,67904.11,32710.26,35193.85,2022-01-26,INR,15.84,10756.01,3201.68,2022-01-29
1826,1826,39924.04,26698.97,13225.07,2022-01-27,USD,15.32,6116.36,3865.4,2022-02-16
1827,1827,113054.03,93463.73,19590.3,2022-01-28,INR,19.87,22463.84,8699.68,2022-01-30
1828,1828,117770.97,103131.18,14639.79,2022-01-29,USD,14.75,17371.22,5802.0,2022-02-18
1829,1829,69542.15,28260.63,41281.52,2022-01-30,INR,6.75,4694.1,2680.41,2022-02-19
1830,1830,101974.87,69379.79,32595.08,2022-01-31,USD,5.35,5455.66,7149.33,2022-02-18
1831,1831,74527.26,58246.72,16280.54,2022-02-01,INR,6.42,4784.65,5328.81,2022-02-13
1832,1832,75207.76,56746.37,18461.39,2022-02-02,USD,11.5,8648.89,5264.51,2022-02-05
1833,1833,52158.2,41339.15,10819.05,2022-02-03,INR,17.93,9351.97,3527.24,2022-02-15
1834,1834,122865.85,50480.73,72385.12,2022-02-04,USD,13.34,16390.3,8299.49,2022-03-01
1835,1835,81862.71,35623.57,46239.14,2022-02-05,INR,17.56,14375.09,5544.46,2022-03-03
1836,1836,119559.82,55983.78,63576.04,2022-02-06,USD,16.29,19476.29,11668.76,2022-03-06
1837,1837,22012.28,19240.98,2771.3,2022-02-07,INR,15.43,3396.49,668.57,2022-02-21
1838,1838,121074.38,56623.45,64450.93,2022-02-08,USD,6.93,8390.45,5380.07,2022-02-13
1839,1839,17734.03,9597.98,8136.05,2022-02-09,INR,16.3,2890.65,637.05,2022-02-12
1840,1840,78391.51,47031.6,31359.91,2022-02-10,USD,13.17,10324.16,4673.2,2022-03-12
1841,1841,100433.11,53890.94,46542.17,2022-02-11,INR,5.69,5714.64,9662.23,2022-03-11
1842,1842,118506.26,90365.37,28140.89,2022-02-12,USD,11.67,13829.68,8342.25,2022-03-06
1843,1843,50375.73,45385.04,4990.69,2022-02-13,INR,19.95,10049.96,3648.82,2022-03-01
1844,1844,35426.73,16099.86,19326.87,2022-02-14,USD,17.3,6128.82,1650.78,2022-02-20
1845,1845,25541.76,22242.96,3298.8,2022-02-15,INR,8.23,2102.09,1006.21,2022-03-04
1846,1846,36325.8,21704.15,14621.65,2022-02-16,USD,6.93,2517.38,2672.19,2022-02-18
1847,1847,84728.05,46038.76,38689.29,2022-02-17,INR,14.75,12497.39,3510.48,2022-03-03
1848,1848,17071.84,9215.36,7856.48,2022-02-18,USD,11.38,1942.78,1342.12,2022-03-07
1849,1849,34545.62,25780.1,8765.52,2022-02-19,INR,9.04,3122.92,2567.37,2022-03-11
1850,1850,32930.98,19912.65,13018.33,2022-02-20,USD,14.86,4893.54,2879.34,2022-03-11
1851,1851,28786.25,24521.92,4264.33,2022-02-21,INR,9.75,2806.66,2451.0,2022-03-05
1852,1852,8756.93,6409.93,2347.0,2022-02-22,USD,6.16,539.43,339.1,2022-02-25
1853,1853,104176.99,64978.28,39198.71,2022-02-23,INR,9.94,10355.19,3774.14,2022-03-24
1854,1854,53360.02,29363.44,23996.58,2022-02-24,USD,18.03,9620.81,2444.08,2022-02-24
1855,1855,19202.29,18025.51,1176.78,2022-02-25,INR,8.33,1599.55,1855.42,2022-03-22
1856,1856,139217.2,69142.54,70074.66,2022-02-26,USD,15.92,22163.38,7163.9,2022-03-24
1857,1857,121985.73,55204.31,66781.42,2022-02-27,INR,10.23,12479.14,8545.23,2022-03-08
1858,1858,84973.62,62379.71,22593.91,2022-02-28,USD,18.45,15677.63,3564.84,2022-03-30
1859,1859,114021.57,56938.94,57082.63,2022-03-01,INR,17.09,19486.29,8830.61,2022-03-26
1860,1860,82093.91,59685.5,22408.41,2022-03-02,USD,17.74,14563.46,5203.14,2022-03-06
1861,1861,42563.85,33100.29,9463.56,2022-03-03,INR,15.7,6682.52,3236.1,2022-03-07
1862,1862,59926.1,48209.49,11716.61,2022-03-04,USD,5.79,3469.72,4840.79,2022-03-15
1863,1863,107587.85,57775.9,49811.95,2022-03-05,INR,14.13,15202.16,8550.55,2022-03-10
1864,1864,68649.2,40825.73,27823.47,2022-03-06,USD,12.03,8258.5,3437.77,2022-04-05
1865,1865,67025.94,61524.61,5501.33,2022-03-07,INR,18.22,12212.13,5830.03,2022-03-16
1866,1866,97167.11,43513.21,53653.9,2022-03-08,USD,9.58,9308.61,8156.25,2022-04-04
1867,1867,18070.39,8018.03,10052.36,2022-03-09,INR,15.95,2882.23,1737.3,2022-03-14
1868,1868,88420.92,39481.87,48939.05,2022-03-10,USD,9.29,8214.3,8406.29,2022-04-04
1869,1869,131781.18,122449.95,9331.23,2022-03-11,INR,11.36,14970.34,8645.87,2022-04-03
1870,1870,24782.12,16698.02,8084.1,2022-03-12,USD,15.28,3786.71,1917.5,2022-03-29
1871,1871,106192.88,66159.15,40033.73,2022-03-13,INR,14.24,15121.87,9956.86,2022-04-05
1872,1872,6057.09,3838.61,2218.48,2022-03-14,USD,13.01,788.03,328.02,2022-04-06
1873,1873,100870.25,91413.91,9456.34,2022-03-15,INR,19.99,20163.96,9698.26,2022-04-05
1874,1874,93333.07,68511.65,24821.42,2022-03-16,USD,19.47,18171.95,7206.86,2022-04-13
1875,1875,115738.02,103827.33,11910.69,2022-03-17,INR,7.62,8819.24,6445.86,2022-03-21
1876,1876,79484.25,73432.79,6051.46,2022-03-18,USD,11.34,9013.51,4493.77,2022-03-29
1877,1877,145610.62,85309.95,60300.67,2022-03-19,INR,15.19,22118.25,12845.89,2022-04-15
1878,1878,116130.02,53980.25,62149.77,2022-03-20,USD,9.49,11020.74,5870.16,2022-03-26
1879,1879,5323.97,3977.79,1346.18,2022-03-21,INR,10.9,580.31,503.72,2022-04-19
1880,1880,140301.16,105735.93,34565.23,2022-03-22,USD,17.39,24398.37,4556.99,2022-04-05
1881,1881,134411.62,116480.23,17931.39,2022-03-23,INR,5.86,7876.52,4087.78,2022-04-06
1882,1882,52640.01,31301.91,21338.1,2022-03-24,USD,5.08,2674.11,4859.4,2022-03-29
1883,1883,63299.87,25628.54,37671.33,2022-03-25,INR,11.46,7254.17,2774.31,2022-04-10
1884,1884,79576.2,38557.92,41018.28,2022-03-26,USD,6.86,5458.93,5102.33,2022-03-30
1885,1885,116569.9,62664.96,53904.94,2022-03-27,INR,12.06,14058.33,6551.42,2022-04-07
1886,1886,67109.51,33568.19,33541.32,2022-03-28,USD,17.17,11522.7,2523.9,2022-04-11
1887,1887,100160.55,64267.63,35892.92,2022-03-29,INR,7.1,7111.4,8242.85,2022-03-29
1888,1888,57089.33,50169.12,6920.21,2022-03-30,USD,7.98,4555.73,2470.24,2022-03-31
1889,1889,24383.65,15400.24,8983.41,2022-03-31,INR,9.97,2431.05,785.46,2022-04-21
1890,1890,33853.83,22465.82,11388.01,2022-04-01,USD,14.98,5071.3,1645.5,2022-04-14
1891,1891,75914.84,51057.45,24857.39,2022-04-02,INR,15.23,11561.83,2954.63,2022-04-26
1892,1892,115836.94,102512.4,13324.54,2022-04-03,USD,12.53,14514.37,10963.88,2022-04-29
1893,1893,124717.7,58901.64,65816.06,2022-04-04,INR,19.37,24157.82,10662.1,2022-04-08
1894,1894,27553.59,18598.69,8954.9,2022-04-05,USD,16.51,4549.1,1282.77,2022-04-26
1895,1895,125326.19,79747.03,45579.16,2022-04-06,INR,13.96,17495.54,3830.22,2022-04-21
1896,1896,46972.66,31343.03,15629.63,2022-04-07,USD,16.41,7708.21,2223.79,2022-04-11
1897,1897,110741.04,55677.62,55063.42,2022-04-08,INR,9.22,10210.32,4213.85,2022-04-16
1898,1898,149167.27,79960.35,69206.92,2022-04-09,USD,17.31,25820.85,6546.78,2022-05-01
1899,1899,118493.95,54114.49,64379.46,2022-04-10,INR,15.96,18911.63,8623.64,2022-04-16
1900,1900,148919.99,107990.51,40929.48,2022-04-11,USD,14.52,21623.18,6858.79,2022-04-15
1901,1901,63186.06,34791.75,28394.31,2022-04-12,INR,7.88,4979.06,2542.27,2022-04-12
1902,1902,94387.77,42475.86,51911.91,2022-04-13,USD,5.76,5436.74,5522.7,2022-04-22
1903,1903,106523.03,100032.41,6490.62,2022-04-14,INR,8.33,8873.37,6372.77,2022-04-15
1904,1904,78930.24,59523.68,19406.56,2022-04-15,USD,9.56,7545.73,3855.52,2022-04-23
1905,1905,141734.82,112164.98,29569.84,2022-04-16,INR,8.7,12330.93,13132.79,2022-04-21
1906,1906,10928.92,4684.92,6244.0,2022-04-17,USD,16.17,1767.21,490.04,2022-05-02
1907,1907,45623.11,33468.52,12154.59,2022-04-18,INR,11.46,5228.41,2174.33,2022-05-03
1908,1908,57719.28,32749.7,24969.58,2022-04-19,USD,6.45,3722.89,1786.78,2022-05-06
1909,1909,116717.23,55051.95,61665.28,2022-04-20,INR,10.41,12150.26,10119.67,2022-05-13
1910,1910,117927.2,81472.85,36454.35,2022-04-21,USD,10.57,12464.91,8905.55,2022-04-27
1911,1911,89727.45,40195.85,49531.6,2022-04-22,INR,6.6,5922.01,6646.03,2022-05-11
1912,1912,22451.38,16223.56,6227.82,2022-04-23,USD,18.68,4193.92,1701.92,2022-04-29
1913,1913,32974.49,21274.26,11700.23,2022-04-24,INR,6.48,2136.75,3163.15,2022-05-13
1914,1914,54720.21,43718.32,11001.89,2022-04-25,USD,19.84,10856.49,2415.35,2022-05-18
1915,1915,27282.49,12831.16,14451.33,2022-04-26,INR,11.27,3074.74,2177.48,2022-05-24
1916,1916,132175.92,114912.56,17263.36,2022-04-27,USD,18.6,24584.72,12987.45,2022-05-25
1917,1917,58071.74,43346.23,14725.51,2022-04-28,INR,6.76,3925.65,3515.01,2022-05-13
1918,1918,65755.6,59984.41,5771.19,2022-04-29,USD,12.56,8258.9,2073.36,2022-05-18
1919,1919,44751.55,41713.72,3037.83,2022-04-30,INR,9.34,4179.79,4336.7,2022-05-01
1920,1920,120186.61,93936.87,26249.74,2022-05-01,USD,16.11,19362.06,6949.74,2022-05-22
1921,1921,82208.13,56100.33,26107.8,2022-05-02,INR,6.12,5031.14,4985.28,2022-05-18
1922,1922,60701.81,50300.84,10400.97,2022-05-03,USD,11.01,6683.27,2974.67,2022-05-08
1923,1923,5522.08,3945.77,1576.31,2022-05-04,INR,13.88,766.46,169.09,2022-06-02
1924,1924,119643.8,77827.4,41816.4,2022-05-05,USD,15.62,18688.36,7986.84,2022-05-14
1925,1925,128608.89,72406.81,56202.08,2022-05-06,INR,9.03,11613.38,4930.51,2022-05-13
1926,1926,11613.81,6167.16,5446.65,2022-05-07,USD,5.59,649.21,468.85,2022-06-04
1927,1927,45274.69,21421.01,23853.68,2022-05-08,INR,18.1,8194.72,1521.52,2022-05-15
1928,1928,148482.76,76540.61,71942.15,2022-05-09,USD,6.74,10007.74,11196.37,2022-05-29
1929,1929,92748.13,55928.1,36820.03,2022-05-10,INR,6.25,5796.76,7362.56,2022-05-27
1930,1930,43285.54,20495.11,22790.43,2022-05-11,USD,18.48,7999.17,2192.1,2022-05-12
1931,1931,95763.52,38853.61,56909.91,2022-05-12,INR,10.33,9892.37,7769.62,2022-05-20
1932,1932,30626.61,28616.97,2009.64,2022-05-13,USD,13.06,3999.84,3017.13,2022-06-06
1933,1933,141157.45,101745.4,39412.05,2022-05-14,INR,15.84,22359.34,11034.01,2022-06-13
1934,1934,99804.58,87679.74,12124.84,2022-05-15,USD,14.51,14481.64,6842.75,2022-06-10
1935,1935,69116.81,39973.34,29143.47,2022-05-16,INR,8.06,5570.81,5120.59,2022-06-12
1936,1936,114170.17,55441.36,58728.81,2022-05-17,USD,8.48,9681.63,9229.52,2022-05-28
1937,1937,26508.46,17587.14,8921.32,2022-05-18,INR,12.44,3297.65,1647.69,2022-06-13
1938,1938,130041.06,65524.17,64516.89,2022-05-19,USD,12.36,16073.08,10541.6,2022-06-08
1939,1939,45896.42,26187.95,19708.47,2022-05-20,INR,18.28,8389.87,4003.31,2022-06-10
1940,1940,93134.2,40811.38,52322.82,2022-05-21,USD,6.08,5662.56,4392.93,2022-06-19
1941,1941,98542.22,61231.9,37310.32,2022-05-22,INR,15.86,15628.8,3903.3,2022-06-15
1942,1942,122158.95,89397.32,32761.63,2022-05-23,USD,10.67,13034.36,3841.91,2022-06-18
1943,1943,6965.05,5967.55,997.5,2022-05-24,INR,19.02,1324.75,273.4,2022-06-17
1944,1944,17121.35,8191.7,8929.65,2022-05-25,USD,14.41,2467.19,529.82,2022-06-24
1945,1945,6362.45,5315.28,1047.17,2022-05-26,INR,13.14,836.03,555.3,2022-06-22
1946,1946,107581.08,55003.72,52577.36,2022-05-27,USD,12.21,13135.65,7466.08,2022-06-10
1947,1947,123242.41,70132.54,53109.87,2022-05-28,INR,12.18,15010.93,5800.6,2022-06-14
1948,1948,105345.97,78495.1,26850.87,2022-05-29,USD,6.85,7216.2,9243.56,2022-06-01
1949,1949,83973.1,38326.28,45646.82,2022-05-30,INR,18.3,15367.08,4960.28,2022-05-30
1950,1950,137264.21,56717.64,80546.57,2022-05-31,USD,11.41,15661.85,5533.99,2022-06-20
1951,1951,46592.7,42256.32,4336.38,2022-06-01,INR,15.27,7114.71,3637.66,2022-06-23
1952,1952,124303.81,57406.58,66897.23,2022-06-02,USD,7.54,9372.51,4687.43,2022-06-05
1953,1953,143687.64,79746.33,63941.31,2022-06-03,INR,6.14,8822.42,7667.28,2022-06-14
1954,1954,138881.34,125816.84,13064.5,2022-06-04,USD,18.43,25595.83,10043.27,2022-06-09
1955,1955,67151.12,39227.28,27923.84,2022-06-05,INR,7.72,5184.07,4013.43,2022-07-03
1956,1956,101754.64,57578.89,44175.75,2022-06-06,USD,17.26,17562.85,5534.13,2022-06-09
1957,1957,44308.53,29890.0,14418.53,2022-06-07,INR,10.54,4670.12,2152.42,2022-07-06
1958,1958,108139.47,47797.99,60341.48,2022-06-08,USD,5.03,5439.42,10307.49,2022-06-12
1959,1959,117778.69,56607.26,61171.43,2022-06-09,INR,7.22,8503.62,7216.14,2022-07-04
1960,1960,118904.18,78849.83,40054.35,2022-06-10,USD,6.01,7146.14,8376.68,2022-07-10
1961,1961,110372.62,52931.1,57441.52,2022-06-11,INR,9.85,10871.7,4296.53,2022-07-05
1962,1962,60827.52,35013.76,25813.76,2022-06-12,USD,11.36,6910.01,4777.36,2022-06-25
1963,1963,92252.75,69201.77,23050.98,2022-06-13,INR,7.07,6522.27,8863.84,2022-07-12
1964,1964,40656.68,25624.39,15032.29,2022-06-14,USD,12.46,5065.82,2738.79,2022-07-01
1965,1965,82750.82,43573.52,39177.3,2022-06-15,INR,6.25,5171.93,6623.75,2022-07-01
1966,1966,88792.08,69384.3,19407.78,2022-06-16,USD,16.22,14402.08,7033.8,2022-06-23
1967,1967,57447.87,29402.04,28045.83,2022-06-17,INR,17.76,10202.74,3180.77,2022-07-02
1968,1968,143854.29,130403.52,13450.77,2022-06-18,USD,5.89,8473.02,7833.49,2022-07-15
1969,1969,128152.72,106143.23,22009.49,2022-06-19,INR,7.09,9086.03,7974.58,2022-07-15
1970,1970,128730.27,120298.54,8431.73,2022-06-20,USD,18.69,24059.69,6047.08,2022-07-16
1971,1971,37565.14,30459.6,7105.54,2022-06-21,INR,6.76,2539.4,2956.55,2022-06-25
1972,1972,59731.81,24758.28,34973.53,2022-06-22,USD,19.47,11629.78,3346.05,2022-07-14
1973,1973,20371.43,14665.06,5706.37,2022-06-23,INR,12.15,2475.13,1458.08,2022-06-28
1974,1974,9376.93,5634.45,3742.48,2022-06-24,USD,6.18,579.49,331.89,2022-07-12
1975,1975,125504.86,78951.62,46553.24,2022-06-25,INR,16.48,20683.2,7892.19,2022-06-29
1976,1976,113475.53,88988.66,24486.87,2022-06-26,USD,9.49,10768.83,6673.11,2022-07-06
1977,1977,69376.18,52355.84,17020.34,2022-06-27,INR,5.2,3607.56,2621.63,2022-06-28
1978,1978,132767.79,55452.53,77315.26,2022-06-28,USD,16.27,21601.32,8660.53,2022-06-28
1979,1979,62476.65,39547.18,22929.47,2022-06-29,INR,19.22,12008.01,3861.1,2022-07-21
1980,1980,125280.14,113445.25,11834.89,2022-06-30,USD,12.53,15697.6,9979.15,2022-07-13
1981,1981,140060.28,76963.85,63096.43,2022-07-01,INR,6.38,8935.85,7903.49,2022-07-31
1982,1982,23144.34,11954.64,11189.7,2022-07-02,USD,14.29,3307.33,1048.98,2022-07-07
1983,1983,124263.22,116408.92,7854.3,2022-07-03,INR,14.08,17496.26,4399.5,2022-07-25
1984,1984,72923.23,41730.63,31192.6,2022-07-04,USD,14.63,10668.67,6410.52,2022-07-09
1985,1985,12927.39,7812.19,5115.2,2022-07-05,INR,11.36,1468.55,632.08,2022-07-08
1986,1986,16282.24,11914.6,4367.64,2022-07-06,USD,17.7,2881.96,520.44,2022-07-15
1987,1987,28600.26,13114.81,15485.45,2022-07-07,INR,8.18,2339.5,879.98,2022-08-05
1988,1988,49822.42,35046.6,14775.82,2022-07-08,USD,14.58,7264.11,1607.55,2022-07-16
1989,1989,17330.71,12366.63,4964.08,2022-07-09,INR,5.67,982.65,1716.69,2022-07-24
1990,1990,11623.69,6660.6,4963.09,2022-07-10,USD,19.15,2225.94,355.61,2022-07-21
1991,1991,113993.52,105706.93,8286.59,2022-07-11,INR,12.5,14249.19,5929.15,2022-07-23
1992,1992,110224.78,103128.28,7096.5,2022-07-12,USD,15.54,17128.93,4058.1,2022-07-25
1993,1993,134994.12,91386.72,43607.4,2022-07-13,INR,12.53,16914.76,11373.82,2022-07-13
1994,1994,90140.45,55000.23,35140.22,2022-07-14,USD,13.8,12439.38,8080.36,2022-07-23
1995,1995,28377.34,22001.11,6376.23,2022-07-15,INR,6.18,1753.72,2094.72,2022-08-14
1996,1996,109177.09,96776.88,12400.21,2022-07-16,USD,17.11,18680.2,8275.12,2022-08-09
1997,1997,109190.41,103335.53,5854.88,2022-07-17,INR,12.52,13670.64,10860.03,2022-08-05
1998,1998,99452.26,90663.16,8789.1,2022-07-18,USD,10.12,10064.57,8450.92,2022-07-28
1999,1999,47172.03,35044.52,12127.51,2022-07-19,INR,19.1,9009.86,1547.29,2022-08-10
2000,2000,117255.38,71900.86,45354.52,2022-07-20,USD,8.13,9532.86,8527.64,2022-07-22
