producer_id,producer_code,producer_name,commission_rate,producer_type,state_code,producer_status,created_date
1,PRD000001,Prime Insurance,10.49,AGENCY,TN,ACTIVE,2021-01-02
2,PRD000002,Secure Insurance,2.81,BROKER,KA,INACTIVE,2021-01-03
3,PRD000003,Elite Insurance,5.94,AGENT,MH,SUSPENDED,2021-01-04
4,PRD000004,Trusted Insurance,5.29,INDIVIDUAL,AP,TERMINATED,2021-01-05
5,PRD000005,Global Insurance,11.71,AGENCY,TS,ACTIVE,2021-01-06
6,PRD000006,Royal Insurance,10.96,BROKER,KL,INACTIVE,2021-01-07
7,PRD000007,United Insurance,13.65,AGENT,DL,SUSPENDED,2021-01-08
8,PRD000008,Pioneer Insurance,3.59,INDIVIDUAL,GJ,TERMINATED,2021-01-09
9,PRD000009,Smart Insurance,7.77,AGENCY,RJ,ACTIVE,2021-01-10
10,PRD000010,Apex Insurance,2.87,BROKER,WB,INACTIVE,2021-01-11
11,PRD000011,Blue Insurance,5.23,AGENT,TN,SUSPENDED,2021-01-12
12,PRD000012,Golden Insurance,8.82,INDIVIDUAL,KA,TERMINATED,2021-01-13
13,PRD000013,Future Insurance,2.83,AGENCY,MH,ACTIVE,2021-01-14
14,PRD000014,Vertex Insurance,4.99,BROKER,AP,INACTIVE,2021-01-15
15,PRD000015,Summit Insurance,10.62,AGENT,TS,SUSPENDED,2021-01-16
16,PRD000016,Shield Insurance,9.31,INDIVIDUAL,KL,TERMINATED,2021-01-17
17,PRD000017,Crystal Insurance,5.26,AGENCY,DL,ACTIVE,2021-01-18
18,PRD000018,Infinity Insurance,9.87,BROKER,GJ,INACTIVE,2021-01-19
19,PRD000019,Vision Insurance,12.62,AGENT,RJ,SUSPENDED,2021-01-20
20,PRD000020,First Insurance,2.58,INDIVIDUAL,WB,TERMINATED,2021-01-21
21,PRD000021,Prime Brokers,12.57,AGENCY,TN,ACTIVE,2021-01-22
22,PRD000022,Secure Brokers,11.23,BROKER,KA,INACTIVE,2021-01-23
23,PRD000023,Elite Brokers,6.75,AGENT,MH,SUSPENDED,2021-01-24
24,PRD000024,Trusted Brokers,4.44,INDIVIDUAL,AP,TERMINATED,2021-01-25
25,PRD000025,Global Brokers,14.47,AGENCY,TS,ACTIVE,2021-01-26
26,PRD000026,Royal Brokers,6.71,BROKER,KL,INACTIVE,2021-01-27
27,PRD000027,United Brokers,3.66,AGENT,DL,SUSPENDED,2021-01-28
28,PRD000028,Pioneer Brokers,3.71,INDIVIDUAL,GJ,TERMINATED,2021-01-29
29,PRD000029,Smart Brokers,13.09,AGENCY,RJ,ACTIVE,2021-01-30
30,PRD000030,Apex Brokers,10.05,BROKER,WB,INACTIVE,2021-01-31
31,PRD000031,Blue Brokers,12.59,AGENT,TN,SUSPENDED,2021-02-01
32,PRD000032,Golden Brokers,11.62,INDIVIDUAL,KA,TERMINATED,2021-02-02
33,PRD000033,Future Brokers,9.2,AGENCY,MH,ACTIVE,2021-02-03
34,PRD000034,Vertex Brokers,14.66,BROKER,AP,INACTIVE,2021-02-04
35,PRD000035,Summit Brokers,7.23,AGENT,TS,SUSPENDED,2021-02-05
36,PRD000036,Shield Brokers,9.4,INDIVIDUAL,KL,TERMINATED,2021-02-06
37,PRD000037,Crystal Brokers,12.87,AGENCY,DL,ACTIVE,2021-02-07
38,PRD000038,Infinity Brokers,10.23,BROKER,GJ,INACTIVE,2021-02-08
39,PRD000039,Vision Brokers,13.27,AGENT,RJ,SUSPENDED,2021-02-09
40,PRD000040,First Brokers,9.72,INDIVIDUAL,WB,TERMINATED,2021-02-10
41,PRD000041,Prime Agency,11.31,AGENCY,TN,ACTIVE,2021-02-11
42,PRD000042,Secure Agency,3.07,BROKER,KA,INACTIVE,2021-02-12
43,PRD000043,Elite Agency,5.35,AGENT,MH,SUSPENDED,2021-02-13
44,PRD000044,Trusted Agency,6.12,INDIVIDUAL,AP,TERMINATED,2021-02-14
45,PRD000045,Global Agency,3.5,AGENCY,TS,ACTIVE,2021-02-15
46,PRD000046,Royal Agency,5.41,BROKER,KL,INACTIVE,2021-02-16
47,PRD000047,United Agency,3.76,AGENT,DL,SUSPENDED,2021-02-17
48,PRD000048,Pioneer Agency,5.97,INDIVIDUAL,GJ,TERMINATED,2021-02-18
49,PRD000049,Smart Agency,10.45,AGENCY,RJ,ACTIVE,2021-02-19
50,PRD000050,Apex Agency,7.06,BROKER,WB,INACTIVE,2021-02-20
51,PRD000051,Blue Agency,7.13,AGENT,TN,SUSPENDED,2021-02-21
52,PRD000052,Golden Agency,5.12,INDIVIDUAL,KA,TERMINATED,2021-02-22
53,PRD000053,Future Agency,5.84,AGENCY,MH,ACTIVE,2021-02-23
54,PRD000054,Vertex Agency,14.21,BROKER,AP,INACTIVE,2021-02-24
55,PRD000055,Summit Agency,10.6,AGENT,TS,SUSPENDED,2021-02-25
56,PRD000056,Shield Agency,10.11,INDIVIDUAL,KL,TERMINATED,2021-02-26
57,PRD000057,Crystal Agency,4.64,AGENCY,DL,ACTIVE,2021-02-27
58,PRD000058,Infinity Agency,11.61,BROKER,GJ,INACTIVE,2021-02-28
59,PRD000059,Vision Agency,4.54,AGENT,RJ,SUSPENDED,2021-03-01
60,PRD000060,First Agency,7.24,INDIVIDUAL,WB,TERMINATED,2021-03-02
61,PRD000061,Prime Coverage,14.87,AGENCY,TN,ACTIVE,2021-03-03
62,PRD000062,Secure Coverage,10.5,BROKER,KA,INACTIVE,2021-03-04
63,PRD000063,Elite Coverage,9.46,AGENT,MH,SUSPENDED,2021-03-05
64,PRD000064,Trusted Coverage,11.06,INDIVIDUAL,AP,TERMINATED,2021-03-06
65,PRD000065,Global Coverage,13.04,AGENCY,TS,ACTIVE,2021-03-07
66,PRD000066,Royal Coverage,12.2,BROKER,KL,INACTIVE,2021-03-08
67,PRD000067,United Coverage,5.36,AGENT,DL,SUSPENDED,2021-03-09
68,PRD000068,Pioneer Coverage,2.9,INDIVIDUAL,GJ,TERMINATED,2021-03-10
69,PRD000069,Smart Coverage,6.44,AGENCY,RJ,ACTIVE,2021-03-11
70,PRD000070,Apex Coverage,5.85,BROKER,WB,INACTIVE,2021-03-12
71,PRD000071,Blue Coverage,5.14,AGENT,TN,SUSPENDED,2021-03-13
72,PRD000072,Golden Coverage,14.29,INDIVIDUAL,KA,TERMINATED,2021-03-14
73,PRD000073,Future Coverage,13.45,AGENCY,MH,ACTIVE,2021-03-15
74,PRD000074,Vertex Coverage,6.43,BROKER,AP,INACTIVE,2021-03-16
75,PRD000075,Summit Coverage,10.69,AGENT,TS,SUSPENDED,2021-03-17
76,PRD000076,Shield Coverage,7.45,INDIVIDUAL,KL,TERMINATED,2021-03-18
77,PRD000077,Crystal Coverage,13.93,AGENCY,DL,ACTIVE,2021-03-19
78,PRD000078,Infinity Coverage,8.24,BROKER,GJ,INACTIVE,2021-03-20
79,PRD000079,Vision Coverage,5.81,AGENT,RJ,SUSPENDED,2021-03-21
80,PRD000080,First Coverage,5.58,INDIVIDUAL,WB,TERMINATED,2021-03-22
81,PRD000081,Prime Risk,9.52,AGENCY,TN,ACTIVE,2021-03-23
82,PRD000082,Secure Risk,5.78,BROKER,KA,INACTIVE,2021-03-24
83,PRD000083,Elite Risk,9.81,AGENT,MH,SUSPENDED,2021-03-25
84,PRD000084,Trusted Risk,13.72,INDIVIDUAL,AP,TERMINATED,2021-03-26
85,PRD000085,Global Risk,7.49,AGENCY,TS,ACTIVE,2021-03-27
86,PRD000086,Royal Risk,5.24,BROKER,KL,INACTIVE,2021-03-28
87,PRD000087,United Risk,14.97,AGENT,DL,SUSPENDED,2021-03-29
88,PRD000088,Pioneer Risk,8.87,INDIVIDUAL,GJ,TERMINATED,2021-03-30
89,PRD000089,Smart Risk,3.64,AGENCY,RJ,ACTIVE,2021-03-31
90,PRD000090,Apex Risk,3.09,BROKER,WB,INACTIVE,2021-04-01
91,PRD000091,Blue Risk,3.87,AGENT,TN,SUSPENDED,2021-04-02
92,PRD000092,Golden Risk,10.34,INDIVIDUAL,KA,TERMINATED,2021-04-03
93,PRD000093,Future Risk,12.4,AGENCY,MH,ACTIVE,2021-04-04
94,PRD000094,Vertex Risk,7.78,BROKER,AP,INACTIVE,2021-04-05
95,PRD000095,Summit Risk,3.29,AGENT,TS,SUSPENDED,2021-04-06
96,PRD000096,Shield Risk,7.27,INDIVIDUAL,KL,TERMINATED,2021-04-07
97,PRD000097,Crystal Risk,14.95,AGENCY,DL,ACTIVE,2021-04-08
98,PRD000098,Infinity Risk,9.11,BROKER,GJ,INACTIVE,2021-04-09
99,PRD000099,Vision Risk,14.64,AGENT,RJ,SUSPENDED,2021-04-10
100,PRD000100,First Risk,13.26,INDIVIDUAL,WB,TERMINATED,2021-04-11
101,PRD000101,Prime Assurance,2.64,AGENCY,TN,ACTIVE,2021-04-12
102,PRD000102,Secure Assurance,11.51,BROKER,KA,INACTIVE,2021-04-13
103,PRD000103,Elite Assurance,11.02,AGENT,MH,SUSPENDED,2021-04-14
104,PRD000104,Trusted Assurance,9.21,INDIVIDUAL,AP,TERMINATED,2021-04-15
105,PRD000105,Global Assurance,5.84,AGENCY,TS,ACTIVE,2021-04-16
106,PRD000106,Royal Assurance,10.51,BROKER,KL,INACTIVE,2021-04-17
107,PRD000107,United Assurance,3.89,AGENT,DL,SUSPENDED,2021-04-18
108,PRD000108,Pioneer Assurance,7.93,INDIVIDUAL,GJ,TERMINATED,2021-04-19
109,PRD000109,Smart Assurance,8.17,AGENCY,RJ,ACTIVE,2021-04-20
110,PRD000110,Apex Assurance,14.42,BROKER,WB,INACTIVE,2021-04-21
111,PRD000111,Blue Assurance,13.45,AGENT,TN,SUSPENDED,2021-04-22
112,PRD000112,Golden Assurance,5.79,INDIVIDUAL,KA,TERMINATED,2021-04-23
113,PRD000113,Future Assurance,8.76,AGENCY,MH,ACTIVE,2021-04-24
114,PRD000114,Vertex Assurance,4.73,BROKER,AP,INACTIVE,2021-04-25
115,PRD000115,Summit Assurance,13.91,AGENT,TS,SUSPENDED,2021-04-26
116,PRD000116,Shield Assurance,13.38,INDIVIDUAL,KL,TERMINATED,2021-04-27
117,PRD000117,Crystal Assurance,6.23,AGENCY,DL,ACTIVE,2021-04-28
118,PRD000118,Infinity Assurance,10.49,BROKER,GJ,INACTIVE,2021-04-29
119,PRD000119,Vision Assurance,10.11,AGENT,RJ,SUSPENDED,2021-04-30
120,PRD000120,First Assurance,4.41,INDIVIDUAL,WB,TERMINATED,2021-05-01
121,PRD000121,Prime Services,12.03,AGENCY,TN,ACTIVE,2021-05-02
122,PRD000122,Secure Services,9.24,BROKER,KA,INACTIVE,2021-05-03
123,PRD000123,Elite Services,12.23,AGENT,MH,SUSPENDED,2021-05-04
124,PRD000124,Trusted Services,9.13,INDIVIDUAL,AP,TERMINATED,2021-05-05
125,PRD000125,Global Services,2.51,AGENCY,TS,ACTIVE,2021-05-06
126,PRD000126,Royal Services,6.55,BROKER,KL,INACTIVE,2021-05-07
127,PRD000127,United Services,2.74,AGENT,DL,SUSPENDED,2021-05-08
128,PRD000128,Pioneer Services,14.11,INDIVIDUAL,GJ,TERMINATED,2021-05-09
129,PRD000129,Smart Services,13.48,AGENCY,RJ,ACTIVE,2021-05-10
130,PRD000130,Apex Services,12.9,BROKER,WB,INACTIVE,2021-05-11
131,PRD000131,Blue Services,6.34,AGENT,TN,SUSPENDED,2021-05-12
132,PRD000132,Golden Services,3.22,INDIVIDUAL,KA,TERMINATED,2021-05-13
133,PRD000133,Future Services,13.48,AGENCY,MH,ACTIVE,2021-05-14
134,PRD000134,Vertex Services,14.34,BROKER,AP,INACTIVE,2021-05-15
135,PRD000135,Summit Services,3.57,AGENT,TS,SUSPENDED,2021-05-16
136,PRD000136,Shield Services,8.57,INDIVIDUAL,KL,TERMINATED,2021-05-17
137,PRD000137,Crystal Services,3.37,AGENCY,DL,ACTIVE,2021-05-18
138,PRD000138,Infinity Services,12.01,BROKER,GJ,INACTIVE,2021-05-19
139,PRD000139,Vision Services,12.07,AGENT,RJ,SUSPENDED,2021-05-20
140,PRD000140,First Services,4.1,INDIVIDUAL,WB,TERMINATED,2021-05-21
141,PRD000141,Prime Partners,8.44,AGENCY,TN,ACTIVE,2021-05-22
142,PRD000142,Secure Partners,9.37,BROKER,KA,INACTIVE,2021-05-23
143,PRD000143,Elite Partners,5.81,AGENT,MH,SUSPENDED,2021-05-24
144,PRD000144,Trusted Partners,13.41,INDIVIDUAL,AP,TERMINATED,2021-05-25
145,PRD000145,Global Partners,7.79,AGENCY,TS,ACTIVE,2021-05-26
146,PRD000146,Royal Partners,5.15,BROKER,KL,INACTIVE,2021-05-27
147,PRD000147,United Partners,9.24,AGENT,DL,SUSPENDED,2021-05-28
148,PRD000148,Pioneer Partners,11.62,INDIVIDUAL,GJ,TERMINATED,2021-05-29
149,PRD000149,Smart Partners,5.01,AGENCY,RJ,ACTIVE,2021-05-30
150,PRD000150,Apex Partners,6.4,BROKER,WB,INACTIVE,2021-05-31
151,PRD000151,Blue Partners,14.94,AGENT,TN,SUSPENDED,2021-06-01
152,PRD000152,Golden Partners,10.62,INDIVIDUAL,KA,TERMINATED,2021-06-02
153,PRD000153,Future Partners,7.98,AGENCY,MH,ACTIVE,2021-06-03
154,PRD000154,Vertex Partners,8.97,BROKER,AP,INACTIVE,2021-06-04
155,PRD000155,Summit Partners,4.01,AGENT,TS,SUSPENDED,2021-06-05
156,PRD000156,Shield Partners,5.31,INDIVIDUAL,KL,TERMINATED,2021-06-06
157,PRD000157,Crystal Partners,6.73,AGENCY,DL,ACTIVE,2021-06-07
158,PRD000158,Infinity Partners,9.85,BROKER,GJ,INACTIVE,2021-06-08
159,PRD000159,Vision Partners,5.38,AGENT,RJ,SUSPENDED,2021-06-09
160,PRD000160,First Partners,5.25,INDIVIDUAL,WB,TERMINATED,2021-06-10
161,PRD000161,Prime Solutions,3.39,AGENCY,TN,ACTIVE,2021-06-11
162,PRD000162,Secure Solutions,10.39,BROKER,KA,INACTIVE,2021-06-12
163,PRD000163,Elite Solutions,5.36,AGENT,MH,SUSPENDED,2021-06-13
164,PRD000164,Trusted Solutions,13.82,INDIVIDUAL,AP,TERMINATED,2021-06-14
165,PRD000165,Global Solutions,13.25,AGENCY,TS,ACTIVE,2021-06-15
166,PRD000166,Royal Solutions,3.39,BROKER,KL,INACTIVE,2021-06-16
167,PRD000167,United Solutions,5.48,AGENT,DL,SUSPENDED,2021-06-17
168,PRD000168,Pioneer Solutions,10.86,INDIVIDUAL,GJ,TERMINATED,2021-06-18
169,PRD000169,Smart Solutions,5.18,AGENCY,RJ,ACTIVE,2021-06-19
170,PRD000170,Apex Solutions,4.15,BROKER,WB,INACTIVE,2021-06-20
171,PRD000171,Blue Solutions,14.19,AGENT,TN,SUSPENDED,2021-06-21
172,PRD000172,Golden Solutions,9.64,INDIVIDUAL,KA,TERMINATED,2021-06-22
173,PRD000173,Future Solutions,8.41,AGENCY,MH,ACTIVE,2021-06-23
174,PRD000174,Vertex Solutions,12.31,BROKER,AP,INACTIVE,2021-06-24
175,PRD000175,Summit Solutions,12.59,AGENT,TS,SUSPENDED,2021-06-25
176,PRD000176,Shield Solutions,4.88,INDIVIDUAL,KL,TERMINATED,2021-06-26
177,PRD000177,Crystal Solutions,3.71,AGENCY,DL,ACTIVE,2021-06-27
178,PRD000178,Infinity Solutions,7.89,BROKER,GJ,INACTIVE,2021-06-28
179,PRD000179,Vision Solutions,7.79,AGENT,RJ,SUSPENDED,2021-06-29
180,PRD000180,First Solutions,8.34,INDIVIDUAL,WB,TERMINATED,2021-06-30
181,PRD000181,Prime Consulting,11.61,AGENCY,TN,ACTIVE,2021-07-01
182,PRD000182,Secure Consulting,10.92,BROKER,KA,INACTIVE,2021-07-02
183,PRD000183,Elite Consulting,14.8,AGENT,MH,SUSPENDED,2021-07-03
184,PRD000184,Trusted Consulting,3.73,INDIVIDUAL,AP,TERMINATED,2021-07-04
185,PRD000185,Global Consulting,7.53,AGENCY,TS,ACTIVE,2021-07-05
186,PRD000186,Royal Consulting,6.74,BROKER,KL,INACTIVE,2021-07-06
187,PRD000187,United Consulting,13.27,AGENT,DL,SUSPENDED,2021-07-07
188,PRD000188,Pioneer Consulting,5.61,INDIVIDUAL,GJ,TERMINATED,2021-07-08
189,PRD000189,Smart Consulting,4.88,AGENCY,RJ,ACTIVE,2021-07-09
190,PRD000190,Apex Consulting,8.11,BROKER,WB,INACTIVE,2021-07-10
191,PRD000191,Blue Consulting,7.77,AGENT,TN,SUSPENDED,2021-07-11
192,PRD000192,Golden Consulting,5.98,INDIVIDUAL,KA,TERMINATED,2021-07-12
193,PRD000193,Future Consulting,5.62,AGENCY,MH,ACTIVE,2021-07-13
194,PRD000194,Vertex Consulting,14.04,BROKER,AP,INACTIVE,2021-07-14
195,PRD000195,Summit Consulting,8.04,AGENT,TS,SUSPENDED,2021-07-15
196,PRD000196,Shield Consulting,13.27,INDIVIDUAL,KL,TERMINATED,2021-07-16
197,PRD000197,Crystal Consulting,9.38,AGENCY,DL,ACTIVE,2021-07-17
198,PRD000198,Infinity Consulting,3.13,BROKER,GJ,INACTIVE,2021-07-18
199,PRD000199,Vision Consulting,14.99,AGENT,RJ,SUSPENDED,2021-07-19
200,PRD000200,First Consulting,12.95,INDIVIDUAL,WB,TERMINATED,2021-07-20
201,PRD000201,Prime Insurance,14.61,AGENCY,TN,ACTIVE,2021-07-21
202,PRD000202,Secure Insurance,14.08,BROKER,KA,INACTIVE,2021-07-22
203,PRD000203,Elite Insurance,13.11,AGENT,MH,SUSPENDED,2021-07-23
204,PRD000204,Trusted Insurance,4.58,INDIVIDUAL,AP,TERMINATED,2021-07-24
205,PRD000205,Global Insurance,8.57,AGENCY,TS,ACTIVE,2021-07-25
206,PRD000206,Royal Insurance,5.17,BROKER,KL,INACTIVE,2021-07-26
207,PRD000207,United Insurance,7.51,AGENT,DL,SUSPENDED,2021-07-27
208,PRD000208,Pioneer Insurance,3.23,INDIVIDUAL,GJ,TERMINATED,2021-07-28
209,PRD000209,Smart Insurance,7.24,AGENCY,RJ,ACTIVE,2021-07-29
210,PRD000210,Apex Insurance,14.82,BROKER,WB,INACTIVE,2021-07-30
211,PRD000211,Blue Insurance,5.82,AGENT,TN,SUSPENDED,2021-07-31
212,PRD000212,Golden Insurance,12.3,INDIVIDUAL,KA,TERMINATED,2021-08-01
213,PRD000213,Future Insurance,8.19,AGENCY,MH,ACTIVE,2021-08-02
214,PRD000214,Vertex Insurance,7.79,BROKER,AP,INACTIVE,2021-08-03
215,PRD000215,Summit Insurance,14.47,AGENT,TS,SUSPENDED,2021-08-04
216,PRD000216,Shield Insurance,14.94,INDIVIDUAL,KL,TERMINATED,2021-08-05
217,PRD000217,Crystal Insurance,9.45,AGENCY,DL,ACTIVE,2021-08-06
218,PRD000218,Infinity Insurance,11.48,BROKER,GJ,INACTIVE,2021-08-07
219,PRD000219,Vision Insurance,4.43,AGENT,RJ,SUSPENDED,2021-08-08
220,PRD000220,First Insurance,6.21,INDIVIDUAL,WB,TERMINATED,2021-08-09
221,PRD000221,Prime Brokers,14.61,AGENCY,TN,ACTIVE,2021-08-10
222,PRD000222,Secure Brokers,9.74,BROKER,KA,INACTIVE,2021-08-11
223,PRD000223,Elite Brokers,9.28,AGENT,MH,SUSPENDED,2021-08-12
224,PRD000224,Trusted Brokers,11.85,INDIVIDUAL,AP,TERMINATED,2021-08-13
225,PRD000225,Global Brokers,3.21,AGENCY,TS,ACTIVE,2021-08-14
226,PRD000226,Royal Brokers,9.8,BROKER,KL,INACTIVE,2021-08-15
227,PRD000227,United Brokers,8.79,AGENT,DL,SUSPENDED,2021-08-16
228,PRD000228,Pioneer Brokers,13.16,INDIVIDUAL,GJ,TERMINATED,2021-08-17
229,PRD000229,Smart Brokers,4.47,AGENCY,RJ,ACTIVE,2021-08-18
230,PRD000230,Apex Brokers,14.51,BROKER,WB,INACTIVE,2021-08-19
231,PRD000231,Blue Brokers,3.5,AGENT,TN,SUSPENDED,2021-08-20
232,PRD000232,Golden Brokers,4.82,INDIVIDUAL,KA,TERMINATED,2021-08-21
233,PRD000233,Future Brokers,9.94,AGENCY,MH,ACTIVE,2021-08-22
234,PRD000234,Vertex Brokers,10.94,BROKER,AP,INACTIVE,2021-08-23
235,PRD000235,Summit Brokers,5.44,AGENT,TS,SUSPENDED,2021-08-24
236,PRD000236,Shield Brokers,4.0,INDIVIDUAL,KL,TERMINATED,2021-08-25
237,PRD000237,Crystal Brokers,13.63,AGENCY,DL,ACTIVE,2021-08-26
238,PRD000238,Infinity Brokers,5.58,BROKER,GJ,INACTIVE,2021-08-27
239,PRD000239,Vision Brokers,9.93,AGENT,RJ,SUSPENDED,2021-08-28
240,PRD000240,First Brokers,10.24,INDIVIDUAL,WB,TERMINATED,2021-08-29
241,PRD000241,Prime Agency,7.74,AGENCY,TN,ACTIVE,2021-08-30
242,PRD000242,Secure Agency,9.8,BROKER,KA,INACTIVE,2021-08-31
243,PRD000243,Elite Agency,9.03,AGENT,MH,SUSPENDED,2021-09-01
244,PRD000244,Trusted Agency,14.18,INDIVIDUAL,AP,TERMINATED,2021-09-02
245,PRD000245,Global Agency,5.05,AGENCY,TS,ACTIVE,2021-09-03
246,PRD000246,Royal Agency,11.45,BROKER,KL,INACTIVE,2021-09-04
247,PRD000247,United Agency,5.48,AGENT,DL,SUSPENDED,2021-09-05
248,PRD000248,Pioneer Agency,7.45,INDIVIDUAL,GJ,TERMINATED,2021-09-06
249,PRD000249,Smart Agency,10.9,AGENCY,RJ,ACTIVE,2021-09-07
250,PRD000250,Apex Agency,6.25,BROKER,WB,INACTIVE,2021-09-08
251,PRD000251,Blue Agency,6.45,AGENT,TN,SUSPENDED,2021-09-09
252,PRD000252,Golden Agency,11.9,INDIVIDUAL,KA,TERMINATED,2021-09-10
253,PRD000253,Future Agency,3.41,AGENCY,MH,ACTIVE,2021-09-11
254,PRD000254,Vertex Agency,8.23,BROKER,AP,INACTIVE,2021-09-12
255,PRD000255,Summit Agency,14.98,AGENT,TS,SUSPENDED,2021-09-13
256,PRD000256,Shield Agency,14.95,INDIVIDUAL,KL,TERMINATED,2021-09-14
257,PRD000257,Crystal Agency,3.42,AGENCY,DL,ACTIVE,2021-09-15
258,PRD000258,Infinity Agency,5.16,BROKER,GJ,INACTIVE,2021-09-16
259,PRD000259,Vision Agency,5.82,AGENT,RJ,SUSPENDED,2021-09-17
260,PRD000260,First Agency,14.17,INDIVIDUAL,WB,TERMINATED,2021-09-18
261,PRD000261,Prime Coverage,13.51,AGENCY,TN,ACTIVE,2021-09-19
262,PRD000262,Secure Coverage,13.49,BROKER,KA,INACTIVE,2021-09-20
263,PRD000263,Elite Coverage,7.12,AGENT,MH,SUSPENDED,2021-09-21
264,PRD000264,Trusted Coverage,4.47,INDIVIDUAL,AP,TERMINATED,2021-09-22
265,PRD000265,Global Coverage,12.92,AGENCY,TS,ACTIVE,2021-09-23
266,PRD000266,Royal Coverage,11.29,BROKER,KL,INACTIVE,2021-09-24
267,PRD000267,United Coverage,10.15,AGENT,DL,SUSPENDED,2021-09-25
268,PRD000268,Pioneer Coverage,14.84,INDIVIDUAL,GJ,TERMINATED,2021-09-26
269,PRD000269,Smart Coverage,10.67,AGENCY,RJ,ACTIVE,2021-09-27
270,PRD000270,Apex Coverage,2.6,BROKER,WB,INACTIVE,2021-09-28
271,PRD000271,Blue Coverage,12.71,AGENT,TN,SUSPENDED,2021-09-29
272,PRD000272,Golden Coverage,6.24,INDIVIDUAL,KA,TERMINATED,2021-09-30
273,PRD000273,Future Coverage,10.79,AGENCY,MH,ACTIVE,2021-10-01
274,PRD000274,Vertex Coverage,14.24,BROKER,AP,INACTIVE,2021-10-02
275,PRD000275,Summit Coverage,4.18,AGENT,TS,SUSPENDED,2021-10-03
276,PRD000276,Shield Coverage,3.94,INDIVIDUAL,KL,TERMINATED,2021-10-04
277,PRD000277,Crystal Coverage,3.84,AGENCY,DL,ACTIVE,2021-10-05
278,PRD000278,Infinity Coverage,9.42,BROKER,GJ,INACTIVE,2021-10-06
279,PRD000279,Vision Coverage,5.9,AGENT,RJ,SUSPENDED,2021-10-07
280,PRD000280,First Coverage,10.06,INDIVIDUAL,WB,TERMINATED,2021-10-08
281,PRD000281,Prime Risk,11.47,AGENCY,TN,ACTIVE,2021-10-09
282,PRD000282,Secure Risk,5.04,BROKER,KA,INACTIVE,2021-10-10
283,PRD000283,Elite Risk,10.43,AGENT,MH,SUSPENDED,2021-10-11
284,PRD000284,Trusted Risk,5.8,INDIVIDUAL,AP,TERMINATED,2021-10-12
285,PRD000285,Global Risk,8.61,AGENCY,TS,ACTIVE,2021-10-13
286,PRD000286,Royal Risk,13.82,BROKER,KL,INACTIVE,2021-10-14
287,PRD000287,United Risk,13.08,AGENT,DL,SUSPENDED,2021-10-15
288,PRD000288,Pioneer Risk,3.65,INDIVIDUAL,GJ,TERMINATED,2021-10-16
289,PRD000289,Smart Risk,7.79,AGENCY,RJ,ACTIVE,2021-10-17
290,PRD000290,Apex Risk,5.96,BROKER,WB,INACTIVE,2021-10-18
291,PRD000291,Blue Risk,2.54,AGENT,TN,SUSPENDED,2021-10-19
292,PRD000292,Golden Risk,12.14,INDIVIDUAL,KA,TERMINATED,2021-10-20
293,PRD000293,Future Risk,10.46,AGENCY,MH,ACTIVE,2021-10-21
294,PRD000294,Vertex Risk,5.77,BROKER,AP,INACTIVE,2021-10-22
295,PRD000295,Summit Risk,11.77,AGENT,TS,SUSPENDED,2021-10-23
296,PRD000296,Shield Risk,9.4,INDIVIDUAL,KL,TERMINATED,2021-10-24
297,PRD000297,Crystal Risk,7.85,AGENCY,DL,ACTIVE,2021-10-25
298,PRD000298,Infinity Risk,2.62,BROKER,GJ,INACTIVE,2021-10-26
299,PRD000299,Vision Risk,3.44,AGENT,RJ,SUSPENDED,2021-10-27
300,PRD000300,First Risk,13.54,INDIVIDUAL,WB,TERMINATED,2021-10-28
301,PRD000301,Prime Assurance,13.8,AGENCY,TN,ACTIVE,2021-10-29
302,PRD000302,Secure Assurance,9.32,BROKER,KA,INACTIVE,2021-10-30
303,PRD000303,Elite Assurance,12.93,AGENT,MH,SUSPENDED,2021-10-31
304,PRD000304,Trusted Assurance,9.78,INDIVIDUAL,AP,TERMINATED,2021-11-01
305,PRD000305,Global Assurance,4.35,AGENCY,TS,ACTIVE,2021-11-02
306,PRD000306,Royal Assurance,4.09,BROKER,KL,INACTIVE,2021-11-03
307,PRD000307,United Assurance,6.35,AGENT,DL,SUSPENDED,2021-11-04
308,PRD000308,Pioneer Assurance,13.74,INDIVIDUAL,GJ,TERMINATED,2021-11-05
309,PRD000309,Smart Assurance,12.45,AGENCY,RJ,ACTIVE,2021-11-06
310,PRD000310,Apex Assurance,13.26,BROKER,WB,INACTIVE,2021-11-07
311,PRD000311,Blue Assurance,13.74,AGENT,TN,SUSPENDED,2021-11-08
312,PRD000312,Golden Assurance,5.13,INDIVIDUAL,KA,TERMINATED,2021-11-09
313,PRD000313,Future Assurance,5.62,AGENCY,MH,ACTIVE,2021-11-10
314,PRD000314,Vertex Assurance,3.78,BROKER,AP,INACTIVE,2021-11-11
315,PRD000315,Summit Assurance,12.25,AGENT,TS,SUSPENDED,2021-11-12
316,PRD000316,Shield Assurance,13.55,INDIVIDUAL,KL,TERMINATED,2021-11-13
317,PRD000317,Crystal Assurance,7.58,AGENCY,DL,ACTIVE,2021-11-14
318,PRD000318,Infinity Assurance,10.26,BROKER,GJ,INACTIVE,2021-11-15
319,PRD000319,Vision Assurance,4.43,AGENT,RJ,SUSPENDED,2021-11-16
320,PRD000320,First Assurance,14.12,INDIVIDUAL,WB,TERMINATED,2021-11-17
321,PRD000321,Prime Services,13.31,AGENCY,TN,ACTIVE,2021-11-18
322,PRD000322,Secure Services,14.7,BROKER,KA,INACTIVE,2021-11-19
323,PRD000323,Elite Services,12.63,AGENT,MH,SUSPENDED,2021-11-20
324,PRD000324,Trusted Services,13.52,INDIVIDUAL,AP,TERMINATED,2021-11-21
325,PRD000325,Global Services,2.81,AGENCY,TS,ACTIVE,2021-11-22
326,PRD000326,Royal Services,11.71,BROKER,KL,INACTIVE,2021-11-23
327,PRD000327,United Services,6.65,AGENT,DL,SUSPENDED,2021-11-24
328,PRD000328,Pioneer Services,14.14,INDIVIDUAL,GJ,TERMINATED,2021-11-25
329,PRD000329,Smart Services,12.53,AGENCY,RJ,ACTIVE,2021-11-26
330,PRD000330,Apex Services,13.3,BROKER,WB,INACTIVE,2021-11-27
331,PRD000331,Blue Services,12.63,AGENT,TN,SUSPENDED,2021-11-28
332,PRD000332,Golden Services,5.84,INDIVIDUAL,KA,TERMINATED,2021-11-29
333,PRD000333,Future Services,12.34,AGENCY,MH,ACTIVE,2021-11-30
334,PRD000334,Vertex Services,3.85,BROKER,AP,INACTIVE,2021-12-01
335,PRD000335,Summit Services,13.4,AGENT,TS,SUSPENDED,2021-12-02
336,PRD000336,Shield Services,13.23,INDIVIDUAL,KL,TERMINATED,2021-12-03
337,PRD000337,Crystal Services,5.28,AGENCY,DL,ACTIVE,2021-12-04
338,PRD000338,Infinity Services,12.71,BROKER,GJ,INACTIVE,2021-12-05
339,PRD000339,Vision Services,8.25,AGENT,RJ,SUSPENDED,2021-12-06
340,PRD000340,First Services,6.31,INDIVIDUAL,WB,TERMINATED,2021-12-07
341,PRD000341,Prime Partners,12.44,AGENCY,TN,ACTIVE,2021-12-08
342,PRD000342,Secure Partners,5.34,BROKER,KA,INACTIVE,2021-12-09
343,PRD000343,Elite Partners,2.8,AGENT,MH,SUSPENDED,2021-12-10
344,PRD000344,Trusted Partners,4.91,INDIVIDUAL,AP,TERMINATED,2021-12-11
345,PRD000345,Global Partners,6.6,AGENCY,TS,ACTIVE,2021-12-12
346,PRD000346,Royal Partners,13.3,BROKER,KL,INACTIVE,2021-12-13
347,PRD000347,United Partners,14.59,AGENT,DL,SUSPENDED,2021-12-14
348,PRD000348,Pioneer Partners,5.99,INDIVIDUAL,GJ,TERMINATED,2021-12-15
349,PRD000349,Smart Partners,10.52,AGENCY,RJ,ACTIVE,2021-12-16
350,PRD000350,Apex Partners,7.5,BROKER,WB,INACTIVE,2021-12-17
351,PRD000351,Blue Partners,14.76,AGENT,TN,SUSPENDED,2021-12-18
352,PRD000352,Golden Partners,9.2,INDIVIDUAL,KA,TERMINATED,2021-12-19
353,PRD000353,Future Partners,14.24,AGENCY,MH,ACTIVE,2021-12-20
354,PRD000354,Vertex Partners,3.94,BROKER,AP,INACTIVE,2021-12-21
355,PRD000355,Summit Partners,14.63,AGENT,TS,SUSPENDED,2021-12-22
356,PRD000356,Shield Partners,4.73,INDIVIDUAL,KL,TERMINATED,2021-12-23
357,PRD000357,Crystal Partners,14.53,AGENCY,DL,ACTIVE,2021-12-24
358,PRD000358,Infinity Partners,5.82,BROKER,GJ,INACTIVE,2021-12-25
359,PRD000359,Vision Partners,3.86,AGENT,RJ,SUSPENDED,2021-12-26
360,PRD000360,First Partners,7.93,INDIVIDUAL,WB,TERMINATED,2021-12-27
361,PRD000361,Prime Solutions,11.61,AGENCY,TN,ACTIVE,2021-12-28
362,PRD000362,Secure Solutions,6.42,BROKER,KA,INACTIVE,2021-12-29
363,PRD000363,Elite Solutions,10.08,AGENT,MH,SUSPENDED,2021-12-30
364,PRD000364,Trusted Solutions,8.89,INDIVIDUAL,AP,TERMINATED,2021-12-31
365,PRD000365,Global Solutions,7.31,AGENCY,TS,ACTIVE,2022-01-01
366,PRD000366,Royal Solutions,9.71,BROKER,KL,INACTIVE,2022-01-02
367,PRD000367,United Solutions,5.68,AGENT,DL,SUSPENDED,2022-01-03
368,PRD000368,Pioneer Solutions,11.36,INDIVIDUAL,GJ,TERMINATED,2022-01-04
369,PRD000369,Smart Solutions,2.52,AGENCY,RJ,ACTIVE,2022-01-05
370,PRD000370,Apex Solutions,14.07,BROKER,WB,INACTIVE,2022-01-06
371,PRD000371,Blue Solutions,9.23,AGENT,TN,SUSPENDED,2022-01-07
372,PRD000372,Golden Solutions,11.49,INDIVIDUAL,KA,TERMINATED,2022-01-08
373,PRD000373,Future Solutions,11.77,AGENCY,MH,ACTIVE,2022-01-09
374,PRD000374,Vertex Solutions,10.88,BROKER,AP,INACTIVE,2022-01-10
375,PRD000375,Summit Solutions,7.05,AGENT,TS,SUSPENDED,2022-01-11
376,PRD000376,Shield Solutions,3.37,INDIVIDUAL,KL,TERMINATED,2022-01-12
377,PRD000377,Crystal Solutions,10.8,AGENCY,DL,ACTIVE,2022-01-13
378,PRD000378,Infinity Solutions,6.63,BROKER,GJ,INACTIVE,2022-01-14
379,PRD000379,Vision Solutions,6.42,AGENT,RJ,SUSPENDED,2022-01-15
380,PRD000380,First Solutions,13.1,INDIVIDUAL,WB,TERMINATED,2022-01-16
381,PRD000381,Prime Consulting,11.5,AGENCY,TN,ACTIVE,2022-01-17
382,PRD000382,Secure Consulting,6.25,BROKER,KA,INACTIVE,2022-01-18
383,PRD000383,Elite Consulting,6.37,AGENT,MH,SUSPENDED,2022-01-19
384,PRD000384,Trusted Consulting,7.6,INDIVIDUAL,AP,TERMINATED,2022-01-20
385,PRD000385,Global Consulting,7.53,AGENCY,TS,ACTIVE,2022-01-21
386,PRD000386,Royal Consulting,6.2,BROKER,KL,INACTIVE,2022-01-22
387,PRD000387,United Consulting,4.09,AGENT,DL,SUSPENDED,2022-01-23
388,PRD000388,Pioneer Consulting,7.76,INDIVIDUAL,GJ,TERMINATED,2022-01-24
389,PRD000389,Smart Consulting,14.25,AGENCY,RJ,ACTIVE,2022-01-25
390,PRD000390,Apex Consulting,10.97,BROKER,WB,INACTIVE,2022-01-26
391,PRD000391,Blue Consulting,13.79,AGENT,TN,SUSPENDED,2022-01-27
392,PRD000392,Golden Consulting,10.19,INDIVIDUAL,KA,TERMINATED,2022-01-28
393,PRD000393,Future Consulting,6.26,AGENCY,MH,ACTIVE,2022-01-29
394,PRD000394,Vertex Consulting,9.35,BROKER,AP,INACTIVE,2022-01-30
395,PRD000395,Summit Consulting,2.51,AGENT,TS,SUSPENDED,2022-01-31
396,PRD000396,Shield Consulting,6.09,INDIVIDUAL,KL,TERMINATED,2022-02-01
397,PRD000397,Crystal Consulting,7.87,AGENCY,DL,ACTIVE,2022-02-02
398,PRD000398,Infinity Consulting,9.75,BROKER,GJ,INACTIVE,2022-02-03
399,PRD000399,Vision Consulting,10.68,AGENT,RJ,SUSPENDED,2022-02-04
400,PRD000400,First Consulting,8.31,INDIVIDUAL,WB,TERMINATED,2022-02-05
401,PRD000401,Prime Insurance,8.03,AGENCY,TN,ACTIVE,2022-02-06
402,PRD000402,Secure Insurance,5.17,BROKER,KA,INACTIVE,2022-02-07
403,PRD000403,Elite Insurance,8.41,AGENT,MH,SUSPENDED,2022-02-08
404,PRD000404,Trusted Insurance,13.76,INDIVIDUAL,AP,TERMINATED,2022-02-09
405,PRD000405,Global Insurance,12.45,AGENCY,TS,ACTIVE,2022-02-10
406,PRD000406,Royal Insurance,4.62,BROKER,KL,INACTIVE,2022-02-11
407,PRD000407,United Insurance,3.56,AGENT,DL,SUSPENDED,2022-02-12
408,PRD000408,Pioneer Insurance,8.94,INDIVIDUAL,GJ,TERMINATED,2022-02-13
409,PRD000409,Smart Insurance,10.41,AGENCY,RJ,ACTIVE,2022-02-14
410,PRD000410,Apex Insurance,6.69,BROKER,WB,INACTIVE,2022-02-15
411,PRD000411,Blue Insurance,12.73,AGENT,TN,SUSPENDED,2022-02-16
412,PRD000412,Golden Insurance,11.89,INDIVIDUAL,KA,TERMINATED,2022-02-17
413,PRD000413,Future Insurance,10.91,AGENCY,MH,ACTIVE,2022-02-18
414,PRD000414,Vertex Insurance,5.31,BROKER,AP,INACTIVE,2022-02-19
415,PRD000415,Summit Insurance,4.99,AGENT,TS,SUSPENDED,2022-02-20
416,PRD000416,Shield Insurance,2.81,INDIVIDUAL,KL,TERMINATED,2022-02-21
417,PRD000417,Crystal Insurance,5.56,AGENCY,DL,ACTIVE,2022-02-22
418,PRD000418,Infinity Insurance,8.44,BROKER,GJ,INACTIVE,2022-02-23
419,PRD000419,Vision Insurance,13.12,AGENT,RJ,SUSPENDED,2022-02-24
420,PRD000420,First Insurance,3.41,INDIVIDUAL,WB,TERMINATED,2022-02-25
421,PRD000421,Prime Brokers,7.68,AGENCY,TN,ACTIVE,2022-02-26
422,PRD000422,Secure Brokers,10.37,BROKER,KA,INACTIVE,2022-02-27
423,PRD000423,Elite Brokers,4.93,AGENT,MH,SUSPENDED,2022-02-28
424,PRD000424,Trusted Brokers,11.2,INDIVIDUAL,AP,TERMINATED,2022-03-01
425,PRD000425,Global Brokers,8.68,AGENCY,TS,ACTIVE,2022-03-02
426,PRD000426,Royal Brokers,5.55,BROKER,KL,INACTIVE,2022-03-03
427,PRD000427,United Brokers,10.7,AGENT,DL,SUSPENDED,2022-03-04
428,PRD000428,Pioneer Brokers,2.57,INDIVIDUAL,GJ,TERMINATED,2022-03-05
429,PRD000429,Smart Brokers,11.89,AGENCY,RJ,ACTIVE,2022-03-06
430,PRD000430,Apex Brokers,12.13,BROKER,WB,INACTIVE,2022-03-07
431,PRD000431,Blue Brokers,3.83,AGENT,TN,SUSPENDED,2022-03-08
432,PRD000432,Golden Brokers,7.81,INDIVIDUAL,KA,TERMINATED,2022-03-09
433,PRD000433,Future Brokers,4.7,AGENCY,MH,ACTIVE,2022-03-10
434,PRD000434,Vertex Brokers,14.47,BROKER,AP,INACTIVE,2022-03-11
435,PRD000435,Summit Brokers,8.97,AGENT,TS,SUSPENDED,2022-03-12
436,PRD000436,Shield Brokers,3.13,INDIVIDUAL,KL,TERMINATED,2022-03-13
437,PRD000437,Crystal Brokers,5.61,AGENCY,DL,ACTIVE,2022-03-14
438,PRD000438,Infinity Brokers,13.1,BROKER,GJ,INACTIVE,2022-03-15
439,PRD000439,Vision Brokers,8.21,AGENT,RJ,SUSPENDED,2022-03-16
440,PRD000440,First Brokers,12.52,INDIVIDUAL,WB,TERMINATED,2022-03-17
441,PRD000441,Prime Agency,10.84,AGENCY,TN,ACTIVE,2022-03-18
442,PRD000442,Secure Agency,14.85,BROKER,KA,INACTIVE,2022-03-19
443,PRD000443,Elite Agency,9.94,AGENT,MH,SUSPENDED,2022-03-20
444,PRD000444,Trusted Agency,14.38,INDIVIDUAL,AP,TERMINATED,2022-03-21
445,PRD000445,Global Agency,13.64,AGENCY,TS,ACTIVE,2022-03-22
446,PRD000446,Royal Agency,10.16,BROKER,KL,INACTIVE,2022-03-23
447,PRD000447,United Agency,11.49,AGENT,DL,SUSPENDED,2022-03-24
448,PRD000448,Pioneer Agency,8.81,INDIVIDUAL,GJ,TERMINATED,2022-03-25
449,PRD000449,Smart Agency,12.88,AGENCY,RJ,ACTIVE,2022-03-26
450,PRD000450,Apex Agency,9.35,BROKER,WB,INACTIVE,2022-03-27
451,PRD000451,Blue Agency,13.72,AGENT,TN,SUSPENDED,2022-03-28
452,PRD000452,Golden Agency,11.8,INDIVIDUAL,KA,TERMINATED,2022-03-29
453,PRD000453,Future Agency,8.43,AGENCY,MH,ACTIVE,2022-03-30
454,PRD000454,Vertex Agency,5.74,BROKER,AP,INACTIVE,2022-03-31
455,PRD000455,Summit Agency,5.59,AGENT,TS,SUSPENDED,2022-04-01
456,PRD000456,Shield Agency,10.47,INDIVIDUAL,KL,TERMINATED,2022-04-02
457,PRD000457,Crystal Agency,12.07,AGENCY,DL,ACTIVE,2022-04-03
458,PRD000458,Infinity Agency,9.02,BROKER,GJ,INACTIVE,2022-04-04
459,PRD000459,Vision Agency,10.33,AGENT,RJ,SUSPENDED,2022-04-05
460,PRD000460,First Agency,5.93,INDIVIDUAL,WB,TERMINATED,2022-04-06
461,PRD000461,Prime Coverage,3.47,AGENCY,TN,ACTIVE,2022-04-07
462,PRD000462,Secure Coverage,6.07,BROKER,KA,INACTIVE,2022-04-08
463,PRD000463,Elite Coverage,5.9,AGENT,MH,SUSPENDED,2022-04-09
464,PRD000464,Trusted Coverage,6.5,INDIVIDUAL,AP,TERMINATED,2022-04-10
465,PRD000465,Global Coverage,9.25,AGENCY,TS,ACTIVE,2022-04-11
466,PRD000466,Royal Coverage,4.23,BROKER,KL,INACTIVE,2022-04-12
467,PRD000467,United Coverage,5.39,AGENT,DL,SUSPENDED,2022-04-13
468,PRD000468,Pioneer Coverage,11.17,INDIVIDUAL,GJ,TERMINATED,2022-04-14
469,PRD000469,Smart Coverage,11.33,AGENCY,RJ,ACTIVE,2022-04-15
470,PRD000470,Apex Coverage,3.3,BROKER,WB,INACTIVE,2022-04-16
471,PRD000471,Blue Coverage,7.59,AGENT,TN,SUSPENDED,2022-04-17
472,PRD000472,Golden Coverage,9.28,INDIVIDUAL,KA,TERMINATED,2022-04-18
473,PRD000473,Future Coverage,7.7,AGENCY,MH,ACTIVE,2022-04-19
474,PRD000474,Vertex Coverage,5.09,BROKER,AP,INACTIVE,2022-04-20
475,PRD000475,Summit Coverage,7.75,AGENT,TS,SUSPENDED,2022-04-21
476,PRD000476,Shield Coverage,13.81,INDIVIDUAL,KL,TERMINATED,2022-04-22
477,PRD000477,Crystal Coverage,9.8,AGENCY,DL,ACTIVE,2022-04-23
478,PRD000478,Infinity Coverage,11.19,BROKER,GJ,INACTIVE,2022-04-24
479,PRD000479,Vision Coverage,13.21,AGENT,RJ,SUSPENDED,2022-04-25
480,PRD000480,First Coverage,12.07,INDIVIDUAL,WB,TERMINATED,2022-04-26
481,PRD000481,Prime Risk,7.25,AGENCY,TN,ACTIVE,2022-04-27
482,PRD000482,Secure Risk,2.57,BROKER,KA,INACTIVE,2022-04-28
483,PRD000483,Elite Risk,6.9,AGENT,MH,SUSPENDED,2022-04-29
484,PRD000484,Trusted Risk,11.92,INDIVIDUAL,AP,TERMINATED,2022-04-30
485,PRD000485,Global Risk,13.17,AGENCY,TS,ACTIVE,2022-05-01
486,PRD000486,Royal Risk,14.42,BROKER,KL,INACTIVE,2022-05-02
487,PRD000487,United Risk,7.74,AGENT,DL,SUSPENDED,2022-05-03
488,PRD000488,Pioneer Risk,11.84,INDIVIDUAL,GJ,TERMINATED,2022-05-04
489,PRD000489,Smart Risk,9.33,AGENCY,RJ,ACTIVE,2022-05-05
490,PRD000490,Apex Risk,10.04,BROKER,WB,INACTIVE,2022-05-06
491,PRD000491,Blue Risk,5.26,AGENT,TN,SUSPENDED,2022-05-07
492,PRD000492,Golden Risk,5.24,INDIVIDUAL,KA,TERMINATED,2022-05-08
493,PRD000493,Future Risk,7.95,AGENCY,MH,ACTIVE,2022-05-09
494,PRD000494,Vertex Risk,2.86,BROKER,AP,INACTIVE,2022-05-10
495,PRD000495,Summit Risk,6.7,AGENT,TS,SUSPENDED,2022-05-11
496,PRD000496,Shield Risk,10.99,INDIVIDUAL,KL,TERMINATED,2022-05-12
497,PRD000497,Crystal Risk,7.55,AGENCY,DL,ACTIVE,2022-05-13
498,PRD000498,Infinity Risk,4.56,BROKER,GJ,INACTIVE,2022-05-14
499,PRD000499,Vision Risk,8.34,AGENT,RJ,SUSPENDED,2022-05-15
500,PRD000500,First Risk,4.1,INDIVIDUAL,WB,TERMINATED,2022-05-16
501,PRD000501,Prime Assurance,10.28,AGENCY,TN,ACTIVE,2022-05-17
502,PRD000502,Secure Assurance,2.84,BROKER,KA,INACTIVE,2022-05-18
503,PRD000503,Elite Assurance,7.43,AGENT,MH,SUSPENDED,2022-05-19
504,PRD000504,Trusted Assurance,9.55,INDIVIDUAL,AP,TERMINATED,2022-05-20
505,PRD000505,Global Assurance,2.84,AGENCY,TS,ACTIVE,2022-05-21
506,PRD000506,Royal Assurance,10.53,BROKER,KL,INACTIVE,2022-05-22
507,PRD000507,United Assurance,4.2,AGENT,DL,SUSPENDED,2022-05-23
508,PRD000508,Pioneer Assurance,8.27,INDIVIDUAL,GJ,TERMINATED,2022-05-24
509,PRD000509,Smart Assurance,3.13,AGENCY,RJ,ACTIVE,2022-05-25
510,PRD000510,Apex Assurance,7.24,BROKER,WB,INACTIVE,2022-05-26
511,PRD000511,Blue Assurance,5.15,AGENT,TN,SUSPENDED,2022-05-27
512,PRD000512,Golden Assurance,6.59,INDIVIDUAL,KA,TERMINATED,2022-05-28
513,PRD000513,Future Assurance,12.02,AGENCY,MH,ACTIVE,2022-05-29
514,PRD000514,Vertex Assurance,7.24,BROKER,AP,INACTIVE,2022-05-30
515,PRD000515,Summit Assurance,11.9,AGENT,TS,SUSPENDED,2022-05-31
516,PRD000516,Shield Assurance,12.9,INDIVIDUAL,KL,TERMINATED,2022-06-01
517,PRD000517,Crystal Assurance,5.65,AGENCY,DL,ACTIVE,2022-06-02
518,PRD000518,Infinity Assurance,3.52,BROKER,GJ,INACTIVE,2022-06-03
519,PRD000519,Vision Assurance,2.74,AGENT,RJ,SUSPENDED,2022-06-04
520,PRD000520,First Assurance,9.24,INDIVIDUAL,WB,TERMINATED,2022-06-05
521,PRD000521,Prime Services,15.0,AGENCY,TN,ACTIVE,2022-06-06
522,PRD000522,Secure Services,6.87,BROKER,KA,INACTIVE,2022-06-07
523,PRD000523,Elite Services,10.63,AGENT,MH,SUSPENDED,2022-06-08
524,PRD000524,Trusted Services,12.27,INDIVIDUAL,AP,TERMINATED,2022-06-09
525,PRD000525,Global Services,10.65,AGENCY,TS,ACTIVE,2022-06-10
526,PRD000526,Royal Services,11.93,BROKER,KL,INACTIVE,2022-06-11
527,PRD000527,United Services,14.37,AGENT,DL,SUSPENDED,2022-06-12
528,PRD000528,Pioneer Services,4.99,INDIVIDUAL,GJ,TERMINATED,2022-06-13
529,PRD000529,Smart Services,2.75,AGENCY,RJ,ACTIVE,2022-06-14
530,PRD000530,Apex Services,4.4,BROKER,WB,INACTIVE,2022-06-15
531,PRD000531,Blue Services,4.08,AGENT,TN,SUSPENDED,2022-06-16
532,PRD000532,Golden Services,10.87,INDIVIDUAL,KA,TERMINATED,2022-06-17
533,PRD000533,Future Services,9.55,AGENCY,MH,ACTIVE,2022-06-18
534,PRD000534,Vertex Services,5.22,BROKER,AP,INACTIVE,2022-06-19
535,PRD000535,Summit Services,11.24,AGENT,TS,SUSPENDED,2022-06-20
536,PRD000536,Shield Services,12.09,INDIVIDUAL,KL,TERMINATED,2022-06-21
537,PRD000537,Crystal Services,4.6,AGENCY,DL,ACTIVE,2022-06-22
538,PRD000538,Infinity Services,10.09,BROKER,GJ,INACTIVE,2022-06-23
539,PRD000539,Vision Services,11.85,AGENT,RJ,SUSPENDED,2022-06-24
540,PRD000540,First Services,3.93,INDIVIDUAL,WB,TERMINATED,2022-06-25
541,PRD000541,Prime Partners,12.74,AGENCY,TN,ACTIVE,2022-06-26
542,PRD000542,Secure Partners,14.56,BROKER,KA,INACTIVE,2022-06-27
543,PRD000543,Elite Partners,3.85,AGENT,MH,SUSPENDED,2022-06-28
544,PRD000544,Trusted Partners,2.82,INDIVIDUAL,AP,TERMINATED,2022-06-29
545,PRD000545,Global Partners,6.4,AGENCY,TS,ACTIVE,2022-06-30
546,PRD000546,Royal Partners,10.97,BROKER,KL,INACTIVE,2022-07-01
547,PRD000547,United Partners,14.48,AGENT,DL,SUSPENDED,2022-07-02
548,PRD000548,Pioneer Partners,7.46,INDIVIDUAL,GJ,TERMINATED,2022-07-03
549,PRD000549,Smart Partners,11.44,AGENCY,RJ,ACTIVE,2022-07-04
550,PRD000550,Apex Partners,3.45,BROKER,WB,INACTIVE,2022-07-05
551,PRD000551,Blue Partners,11.13,AGENT,TN,SUSPENDED,2022-07-06
552,PRD000552,Golden Partners,10.34,INDIVIDUAL,KA,TERMINATED,2022-07-07
553,PRD000553,Future Partners,3.77,AGENCY,MH,ACTIVE,2022-07-08
554,PRD000554,Vertex Partners,12.16,BROKER,AP,INACTIVE,2022-07-09
555,PRD000555,Summit Partners,13.13,AGENT,TS,SUSPENDED,2022-07-10
556,PRD000556,Shield Partners,10.01,INDIVIDUAL,KL,TERMINATED,2022-07-11
557,PRD000557,Crystal Partners,4.01,AGENCY,DL,ACTIVE,2022-07-12
558,PRD000558,Infinity Partners,14.8,BROKER,GJ,INACTIVE,2022-07-13
559,PRD000559,Vision Partners,12.28,AGENT,RJ,SUSPENDED,2022-07-14
560,PRD000560,First Partners,6.84,INDIVIDUAL,WB,TERMINATED,2022-07-15
561,PRD000561,Prime Solutions,7.85,AGENCY,TN,ACTIVE,2022-07-16
562,PRD000562,Secure Solutions,7.13,BROKER,KA,INACTIVE,2022-07-17
563,PRD000563,Elite Solutions,8.82,AGENT,MH,SUSPENDED,2022-07-18
564,PRD000564,Trusted Solutions,6.77,INDIVIDUAL,AP,TERMINATED,2022-07-19
565,PRD000565,Global Solutions,13.12,AGENCY,TS,ACTIVE,2022-07-20
566,PRD000566,Royal Solutions,12.78,BROKER,KL,INACTIVE,2022-07-21
567,PRD000567,United Solutions,3.82,AGENT,DL,SUSPENDED,2022-07-22
568,PRD000568,Pioneer Solutions,14.51,INDIVIDUAL,GJ,TERMINATED,2022-07-23
569,PRD000569,Smart Solutions,10.44,AGENCY,RJ,ACTIVE,2022-07-24
570,PRD000570,Apex Solutions,12.86,BROKER,WB,INACTIVE,2022-07-25
571,PRD000571,Blue Solutions,11.34,AGENT,TN,SUSPENDED,2022-07-26
572,PRD000572,Golden Solutions,7.94,INDIVIDUAL,KA,TERMINATED,2022-07-27
573,PRD000573,Future Solutions,11.67,AGENCY,MH,ACTIVE,2022-07-28
574,PRD000574,Vertex Solutions,14.57,BROKER,AP,INACTIVE,2022-07-29
575,PRD000575,Summit Solutions,5.88,AGENT,TS,SUSPENDED,2022-07-30
576,PRD000576,Shield Solutions,12.6,INDIVIDUAL,KL,TERMINATED,2022-07-31
577,PRD000577,Crystal Solutions,9.23,AGENCY,DL,ACTIVE,2022-08-01
578,PRD000578,Infinity Solutions,8.54,BROKER,GJ,INACTIVE,2022-08-02
579,PRD000579,Vision Solutions,7.94,AGENT,RJ,SUSPENDED,2022-08-03
580,PRD000580,First Solutions,11.64,INDIVIDUAL,WB,TERMINATED,2022-08-04
581,PRD000581,Prime Consulting,5.85,AGENCY,TN,ACTIVE,2022-08-05
582,PRD000582,Secure Consulting,13.15,BROKER,KA,INACTIVE,2022-08-06
583,PRD000583,Elite Consulting,12.88,AGENT,MH,SUSPENDED,2022-08-07
584,PRD000584,Trusted Consulting,3.58,INDIVIDUAL,AP,TERMINATED,2022-08-08
585,PRD000585,Global Consulting,13.52,AGENCY,TS,ACTIVE,2022-08-09
586,PRD000586,Royal Consulting,5.55,BROKER,KL,INACTIVE,2022-08-10
587,PRD000587,United Consulting,8.31,AGENT,DL,SUSPENDED,2022-08-11
588,PRD000588,Pioneer Consulting,10.13,INDIVIDUAL,GJ,TERMINATED,2022-08-12
589,PRD000589,Smart Consulting,7.24,AGENCY,RJ,ACTIVE,2022-08-13
590,PRD000590,Apex Consulting,2.86,BROKER,WB,INACTIVE,2022-08-14
591,PRD000591,Blue Consulting,13.14,AGENT,TN,SUSPENDED,2022-08-15
592,PRD000592,Golden Consulting,4.77,INDIVIDUAL,KA,TERMINATED,2022-08-16
593,PRD000593,Future Consulting,5.15,AGENCY,MH,ACTIVE,2022-08-17
594,PRD000594,Vertex Consulting,12.47,BROKER,AP,INACTIVE,2022-08-18
595,PRD000595,Summit Consulting,6.75,AGENT,TS,SUSPENDED,2022-08-19
596,PRD000596,Shield Consulting,13.5,INDIVIDUAL,KL,TERMINATED,2022-08-20
597,PRD000597,Crystal Consulting,11.26,AGENCY,DL,ACTIVE,2022-08-21
598,PRD000598,Infinity Consulting,5.95,BROKER,GJ,INACTIVE,2022-08-22
599,PRD000599,Vision Consulting,2.63,AGENT,RJ,SUSPENDED,2022-08-23
600,PRD000600,First Consulting,14.35,INDIVIDUAL,WB,TERMINATED,2022-08-24
601,PRD000601,Prime Insurance,3.57,AGENCY,TN,ACTIVE,2022-08-25
602,PRD000602,Secure Insurance,11.5,BROKER,KA,INACTIVE,2022-08-26
603,PRD000603,Elite Insurance,8.61,AGENT,MH,SUSPENDED,2022-08-27
604,PRD000604,Trusted Insurance,11.98,INDIVIDUAL,AP,TERMINATED,2022-08-28
605,PRD000605,Global Insurance,11.13,AGENCY,TS,ACTIVE,2022-08-29
606,PRD000606,Royal Insurance,10.57,BROKER,KL,INACTIVE,2022-08-30
607,PRD000607,United Insurance,8.64,AGENT,DL,SUSPENDED,2022-08-31
608,PRD000608,Pioneer Insurance,12.41,INDIVIDUAL,GJ,TERMINATED,2022-09-01
609,PRD000609,Smart Insurance,3.66,AGENCY,RJ,ACTIVE,2022-09-02
610,PRD000610,Apex Insurance,5.27,BROKER,WB,INACTIVE,2022-09-03
611,PRD000611,Blue Insurance,11.15,AGENT,TN,SUSPENDED,2022-09-04
612,PRD000612,Golden Insurance,6.33,INDIVIDUAL,KA,TERMINATED,2022-09-05
613,PRD000613,Future Insurance,9.77,AGENCY,MH,ACTIVE,2022-09-06
614,PRD000614,Vertex Insurance,8.42,BROKER,AP,INACTIVE,2022-09-07
615,PRD000615,Summit Insurance,9.14,AGENT,TS,SUSPENDED,2022-09-08
616,PRD000616,Shield Insurance,7.82,INDIVIDUAL,KL,TERMINATED,2022-09-09
617,PRD000617,Crystal Insurance,11.82,AGENCY,DL,ACTIVE,2022-09-10
618,PRD000618,Infinity Insurance,6.63,BROKER,GJ,INACTIVE,2022-09-11
619,PRD000619,Vision Insurance,11.29,AGENT,RJ,SUSPENDED,2022-09-12
620,PRD000620,First Insurance,5.89,INDIVIDUAL,WB,TERMINATED,2022-09-13
621,PRD000621,Prime Brokers,5.64,AGENCY,TN,ACTIVE,2022-09-14
622,PRD000622,Secure Brokers,4.01,BROKER,KA,INACTIVE,2022-09-15
623,PRD000623,Elite Brokers,4.91,AGENT,MH,SUSPENDED,2022-09-16
624,PRD000624,Trusted Brokers,3.99,INDIVIDUAL,AP,TERMINATED,2022-09-17
625,PRD000625,Global Brokers,9.2,AGENCY,TS,ACTIVE,2022-09-18
626,PRD000626,Royal Brokers,12.03,BROKER,KL,INACTIVE,2022-09-19
627,PRD000627,United Brokers,4.81,AGENT,DL,SUSPENDED,2022-09-20
628,PRD000628,Pioneer Brokers,5.2,INDIVIDUAL,GJ,TERMINATED,2022-09-21
629,PRD000629,Smart Brokers,8.55,AGENCY,RJ,ACTIVE,2022-09-22
630,PRD000630,Apex Brokers,11.56,BROKER,WB,INACTIVE,2022-09-23
631,PRD000631,Blue Brokers,14.71,AGENT,TN,SUSPENDED,2022-09-24
632,PRD000632,Golden Brokers,9.06,INDIVIDUAL,KA,TERMINATED,2022-09-25
633,PRD000633,Future Brokers,6.04,AGENCY,MH,ACTIVE,2022-09-26
634,PRD000634,Vertex Brokers,3.76,BROKER,AP,INACTIVE,2022-09-27
635,PRD000635,Summit Brokers,4.93,AGENT,TS,SUSPENDED,2022-09-28
636,PRD000636,Shield Brokers,5.34,INDIVIDUAL,KL,TERMINATED,2022-09-29
637,PRD000637,Crystal Brokers,4.74,AGENCY,DL,ACTIVE,2022-09-30
638,PRD000638,Infinity Brokers,2.68,BROKER,GJ,INACTIVE,2022-10-01
639,PRD000639,Vision Brokers,9.18,AGENT,RJ,SUSPENDED,2022-10-02
640,PRD000640,First Brokers,5.93,INDIVIDUAL,WB,TERMINATED,2022-10-03
641,PRD000641,Prime Agency,14.68,AGENCY,TN,ACTIVE,2022-10-04
642,PRD000642,Secure Agency,9.42,BROKER,KA,INACTIVE,2022-10-05
643,PRD000643,Elite Agency,11.22,AGENT,MH,SUSPENDED,2022-10-06
644,PRD000644,Trusted Agency,4.08,INDIVIDUAL,AP,TERMINATED,2022-10-07
645,PRD000645,Global Agency,13.36,AGENCY,TS,ACTIVE,2022-10-08
646,PRD000646,Royal Agency,8.64,BROKER,KL,INACTIVE,2022-10-09
647,PRD000647,United Agency,13.41,AGENT,DL,SUSPENDED,2022-10-10
648,PRD000648,Pioneer Agency,9.68,INDIVIDUAL,GJ,TERMINATED,2022-10-11
649,PRD000649,Smart Agency,8.37,AGENCY,RJ,ACTIVE,2022-10-12
650,PRD000650,Apex Agency,8.01,BROKER,WB,INACTIVE,2022-10-13
651,PRD000651,Blue Agency,4.8,AGENT,TN,SUSPENDED,2022-10-14
652,PRD000652,Golden Agency,3.14,INDIVIDUAL,KA,TERMINATED,2022-10-15
653,PRD000653,Future Agency,14.26,AGENCY,MH,ACTIVE,2022-10-16
654,PRD000654,Vertex Agency,8.47,BROKER,AP,INACTIVE,2022-10-17
655,PRD000655,Summit Agency,12.78,AGENT,TS,SUSPENDED,2022-10-18
656,PRD000656,Shield Agency,7.51,INDIVIDUAL,KL,TERMINATED,2022-10-19
657,PRD000657,Crystal Agency,3.43,AGENCY,DL,ACTIVE,2022-10-20
658,PRD000658,Infinity Agency,10.37,BROKER,GJ,INACTIVE,2022-10-21
659,PRD000659,Vision Agency,3.17,AGENT,RJ,SUSPENDED,2022-10-22
660,PRD000660,First Agency,4.36,INDIVIDUAL,WB,TERMINATED,2022-10-23
661,PRD000661,Prime Coverage,9.54,AGENCY,TN,ACTIVE,2022-10-24
662,PRD000662,Secure Coverage,6.3,BROKER,KA,INACTIVE,2022-10-25
663,PRD000663,Elite Coverage,14.92,AGENT,MH,SUSPENDED,2022-10-26
664,PRD000664,Trusted Coverage,3.98,INDIVIDUAL,AP,TERMINATED,2022-10-27
665,PRD000665,Global Coverage,12.06,AGENCY,TS,ACTIVE,2022-10-28
666,PRD000666,Royal Coverage,10.08,BROKER,KL,INACTIVE,2022-10-29
667,PRD000667,United Coverage,12.38,AGENT,DL,SUSPENDED,2022-10-30
668,PRD000668,Pioneer Coverage,5.32,INDIVIDUAL,GJ,TERMINATED,2022-10-31
669,PRD000669,Smart Coverage,9.03,AGENCY,RJ,ACTIVE,2022-11-01
670,PRD000670,Apex Coverage,8.13,BROKER,WB,INACTIVE,2022-11-02
671,PRD000671,Blue Coverage,8.03,AGENT,TN,SUSPENDED,2022-11-03
672,PRD000672,Golden Coverage,13.25,INDIVIDUAL,KA,TERMINATED,2022-11-04
673,PRD000673,Future Coverage,14.88,AGENCY,MH,ACTIVE,2022-11-05
674,PRD000674,Vertex Coverage,6.32,BROKER,AP,INACTIVE,2022-11-06
675,PRD000675,Summit Coverage,10.26,AGENT,TS,SUSPENDED,2022-11-07
676,PRD000676,Shield Coverage,10.12,INDIVIDUAL,KL,TERMINATED,2022-11-08
677,PRD000677,Crystal Coverage,11.75,AGENCY,DL,ACTIVE,2022-11-09
678,PRD000678,Infinity Coverage,14.34,BROKER,GJ,INACTIVE,2022-11-10
679,PRD000679,Vision Coverage,5.1,AGENT,RJ,SUSPENDED,2022-11-11
680,PRD000680,First Coverage,5.14,INDIVIDUAL,WB,TERMINATED,2022-11-12
681,PRD000681,Prime Risk,10.76,AGENCY,TN,ACTIVE,2022-11-13
682,PRD000682,Secure Risk,4.46,BROKER,KA,INACTIVE,2022-11-14
683,PRD000683,Elite Risk,4.67,AGENT,MH,SUSPENDED,2022-11-15
684,PRD000684,Trusted Risk,3.44,INDIVIDUAL,AP,TERMINATED,2022-11-16
685,PRD000685,Global Risk,2.53,AGENCY,TS,ACTIVE,2022-11-17
686,PRD000686,Royal Risk,8.13,BROKER,KL,INACTIVE,2022-11-18
687,PRD000687,United Risk,9.92,AGENT,DL,SUSPENDED,2022-11-19
688,PRD000688,Pioneer Risk,6.14,INDIVIDUAL,GJ,TERMINATED,2022-11-20
689,PRD000689,Smart Risk,5.39,AGENCY,RJ,ACTIVE,2022-11-21
690,PRD000690,Apex Risk,11.34,BROKER,WB,INACTIVE,2022-11-22
691,PRD000691,Blue Risk,11.29,AGENT,TN,SUSPENDED,2022-11-23
692,PRD000692,Golden Risk,8.18,INDIVIDUAL,KA,TERMINATED,2022-11-24
693,PRD000693,Future Risk,11.09,AGENCY,MH,ACTIVE,2022-11-25
694,PRD000694,Vertex Risk,14.05,BROKER,AP,INACTIVE,2022-11-26
695,PRD000695,Summit Risk,12.35,AGENT,TS,SUSPENDED,2022-11-27
696,PRD000696,Shield Risk,10.31,INDIVIDUAL,KL,TERMINATED,2022-11-28
697,PRD000697,Crystal Risk,10.76,AGENCY,DL,ACTIVE,2022-11-29
698,PRD000698,Infinity Risk,14.17,BROKER,GJ,INACTIVE,2022-11-30
699,PRD000699,Vision Risk,7.81,AGENT,RJ,SUSPENDED,2022-12-01
700,PRD000700,First Risk,9.31,INDIVIDUAL,WB,TERMINATED,2022-12-02
701,PRD000701,Prime Assurance,10.6,AGENCY,TN,ACTIVE,2022-12-03
702,PRD000702,Secure Assurance,13.86,BROKER,KA,INACTIVE,2022-12-04
703,PRD000703,Elite Assurance,12.83,AGENT,MH,SUSPENDED,2022-12-05
704,PRD000704,Trusted Assurance,3.39,INDIVIDUAL,AP,TERMINATED,2022-12-06
705,PRD000705,Global Assurance,4.57,AGENCY,TS,ACTIVE,2022-12-07
706,PRD000706,Royal Assurance,6.35,BROKER,KL,INACTIVE,2022-12-08
707,PRD000707,United Assurance,11.86,AGENT,DL,SUSPENDED,2022-12-09
708,PRD000708,Pioneer Assurance,9.62,INDIVIDUAL,GJ,TERMINATED,2022-12-10
709,PRD000709,Smart Assurance,6.11,AGENCY,RJ,ACTIVE,2022-12-11
710,PRD000710,Apex Assurance,4.05,BROKER,WB,INACTIVE,2022-12-12
711,PRD000711,Blue Assurance,11.11,AGENT,TN,SUSPENDED,2022-12-13
712,PRD000712,Golden Assurance,11.25,INDIVIDUAL,KA,TERMINATED,2022-12-14
713,PRD000713,Future Assurance,14.28,AGENCY,MH,ACTIVE,2022-12-15
714,PRD000714,Vertex Assurance,8.76,BROKER,AP,INACTIVE,2022-12-16
715,PRD000715,Summit Assurance,8.67,AGENT,TS,SUSPENDED,2022-12-17
716,PRD000716,Shield Assurance,3.51,INDIVIDUAL,KL,TERMINATED,2022-12-18
717,PRD000717,Crystal Assurance,3.0,AGENCY,DL,ACTIVE,2022-12-19
718,PRD000718,Infinity Assurance,7.9,BROKER,GJ,INACTIVE,2022-12-20
719,PRD000719,Vision Assurance,6.53,AGENT,RJ,SUSPENDED,2022-12-21
720,PRD000720,First Assurance,5.63,INDIVIDUAL,WB,TERMINATED,2022-12-22
721,PRD000721,Prime Services,3.64,AGENCY,TN,ACTIVE,2022-12-23
722,PRD000722,Secure Services,14.52,BROKER,KA,INACTIVE,2022-12-24
723,PRD000723,Elite Services,12.95,AGENT,MH,SUSPENDED,2022-12-25
724,PRD000724,Trusted Services,9.69,INDIVIDUAL,AP,TERMINATED,2022-12-26
725,PRD000725,Global Services,14.38,AGENCY,TS,ACTIVE,2022-12-27
726,PRD000726,Royal Services,14.99,BROKER,KL,INACTIVE,2022-12-28
727,PRD000727,United Services,10.9,AGENT,DL,SUSPENDED,2022-12-29
728,PRD000728,Pioneer Services,5.87,INDIVIDUAL,GJ,TERMINATED,2022-12-30
729,PRD000729,Smart Services,3.0,AGENCY,RJ,ACTIVE,2022-12-31
730,PRD000730,Apex Services,11.95,BROKER,WB,INACTIVE,2023-01-01
731,PRD000731,Blue Services,8.38,AGENT,TN,SUSPENDED,2023-01-02
732,PRD000732,Golden Services,10.64,INDIVIDUAL,KA,TERMINATED,2023-01-03
733,PRD000733,Future Services,13.95,AGENCY,MH,ACTIVE,2023-01-04
734,PRD000734,Vertex Services,4.77,BROKER,AP,INACTIVE,2023-01-05
735,PRD000735,Summit Services,9.82,AGENT,TS,SUSPENDED,2023-01-06
736,PRD000736,Shield Services,10.43,INDIVIDUAL,KL,TERMINATED,2023-01-07
737,PRD000737,Crystal Services,8.65,AGENCY,DL,ACTIVE,2023-01-08
738,PRD000738,Infinity Services,3.64,BROKER,GJ,INACTIVE,2023-01-09
739,PRD000739,Vision Services,6.85,AGENT,RJ,SUSPENDED,2023-01-10
740,PRD000740,First Services,6.67,INDIVIDUAL,WB,TERMINATED,2023-01-11
741,PRD000741,Prime Partners,10.88,AGENCY,TN,ACTIVE,2023-01-12
742,PRD000742,Secure Partners,13.22,BROKER,KA,INACTIVE,2023-01-13
743,PRD000743,Elite Partners,6.62,AGENT,MH,SUSPENDED,2023-01-14
744,PRD000744,Trusted Partners,11.17,INDIVIDUAL,AP,TERMINATED,2023-01-15
745,PRD000745,Global Partners,6.1,AGENCY,TS,ACTIVE,2023-01-16
746,PRD000746,Royal Partners,14.31,BROKER,KL,INACTIVE,2023-01-17
747,PRD000747,United Partners,12.67,AGENT,DL,SUSPENDED,2023-01-18
748,PRD000748,Pioneer Partners,9.38,INDIVIDUAL,GJ,TERMINATED,2023-01-19
749,PRD000749,Smart Partners,8.19,AGENCY,RJ,ACTIVE,2023-01-20
750,PRD000750,Apex Partners,6.43,BROKER,WB,INACTIVE,2023-01-21
751,PRD000751,Blue Partners,6.54,AGENT,TN,SUSPENDED,2023-01-22
752,PRD000752,Golden Partners,14.63,INDIVIDUAL,KA,TERMINATED,2023-01-23
753,PRD000753,Future Partners,7.55,AGENCY,MH,ACTIVE,2023-01-24
754,PRD000754,Vertex Partners,8.93,BROKER,AP,INACTIVE,2023-01-25
755,PRD000755,Summit Partners,14.85,AGENT,TS,SUSPENDED,2023-01-26
756,PRD000756,Shield Partners,10.72,INDIVIDUAL,KL,TERMINATED,2023-01-27
757,PRD000757,Crystal Partners,9.28,AGENCY,DL,ACTIVE,2023-01-28
758,PRD000758,Infinity Partners,7.67,BROKER,GJ,INACTIVE,2023-01-29
759,PRD000759,Vision Partners,4.84,AGENT,RJ,SUSPENDED,2023-01-30
760,PRD000760,First Partners,7.02,INDIVIDUAL,WB,TERMINATED,2023-01-31
761,PRD000761,Prime Solutions,11.96,AGENCY,TN,ACTIVE,2023-02-01
762,PRD000762,Secure Solutions,10.32,BROKER,KA,INACTIVE,2023-02-02
763,PRD000763,Elite Solutions,12.0,AGENT,MH,SUSPENDED,2023-02-03
764,PRD000764,Trusted Solutions,5.04,INDIVIDUAL,AP,TERMINATED,2023-02-04
765,PRD000765,Global Solutions,9.37,AGENCY,TS,ACTIVE,2023-02-05
766,PRD000766,Royal Solutions,14.1,BROKER,KL,INACTIVE,2023-02-06
767,PRD000767,United Solutions,7.98,AGENT,DL,SUSPENDED,2023-02-07
768,PRD000768,Pioneer Solutions,11.23,INDIVIDUAL,GJ,TERMINATED,2023-02-08
769,PRD000769,Smart Solutions,4.02,AGENCY,RJ,ACTIVE,2023-02-09
770,PRD000770,Apex Solutions,14.66,BROKER,WB,INACTIVE,2023-02-10
771,PRD000771,Blue Solutions,10.11,AGENT,TN,SUSPENDED,2023-02-11
772,PRD000772,Golden Solutions,5.49,INDIVIDUAL,KA,TERMINATED,2023-02-12
773,PRD000773,Future Solutions,4.48,AGENCY,MH,ACTIVE,2023-02-13
774,PRD000774,Vertex Solutions,9.39,BROKER,AP,INACTIVE,2023-02-14
775,PRD000775,Summit Solutions,9.4,AGENT,TS,SUSPENDED,2023-02-15
776,PRD000776,Shield Solutions,3.67,INDIVIDUAL,KL,TERMINATED,2023-02-16
777,PRD000777,Crystal Solutions,14.9,AGENCY,DL,ACTIVE,2023-02-17
778,PRD000778,Infinity Solutions,13.91,BROKER,GJ,INACTIVE,2023-02-18
779,PRD000779,Vision Solutions,8.27,AGENT,RJ,SUSPENDED,2023-02-19
780,PRD000780,First Solutions,3.97,INDIVIDUAL,WB,TERMINATED,2023-02-20
781,PRD000781,Prime Consulting,12.9,AGENCY,TN,ACTIVE,2023-02-21
782,PRD000782,Secure Consulting,8.73,BROKER,KA,INACTIVE,2023-02-22
783,PRD000783,Elite Consulting,11.46,AGENT,MH,SUSPENDED,2023-02-23
784,PRD000784,Trusted Consulting,8.86,INDIVIDUAL,AP,TERMINATED,2023-02-24
785,PRD000785,Global Consulting,5.92,AGENCY,TS,ACTIVE,2023-02-25
786,PRD000786,Royal Consulting,12.93,BROKER,KL,INACTIVE,2023-02-26
787,PRD000787,United Consulting,14.75,AGENT,DL,SUSPENDED,2023-02-27
788,PRD000788,Pioneer Consulting,5.55,INDIVIDUAL,GJ,TERMINATED,2023-02-28
789,PRD000789,Smart Consulting,9.39,AGENCY,RJ,ACTIVE,2023-03-01
790,PRD000790,Apex Consulting,7.29,BROKER,WB,INACTIVE,2023-03-02
791,PRD000791,Blue Consulting,14.02,AGENT,TN,SUSPENDED,2023-03-03
792,PRD000792,Golden Consulting,8.85,INDIVIDUAL,KA,TERMINATED,2023-03-04
793,PRD000793,Future Consulting,13.49,AGENCY,MH,ACTIVE,2023-03-05
794,PRD000794,Vertex Consulting,13.3,BROKER,AP,INACTIVE,2023-03-06
795,PRD000795,Summit Consulting,5.95,AGENT,TS,SUSPENDED,2023-03-07
796,PRD000796,Shield Consulting,12.38,INDIVIDUAL,KL,TERMINATED,2023-03-08
797,PRD000797,Crystal Consulting,7.69,AGENCY,DL,ACTIVE,2023-03-09
798,PRD000798,Infinity Consulting,14.18,BROKER,GJ,INACTIVE,2023-03-10
799,PRD000799,Vision Consulting,8.85,AGENT,RJ,SUSPENDED,2023-03-11
800,PRD000800,First Consulting,12.76,INDIVIDUAL,WB,TERMINATED,2023-03-12
801,PRD000801,Prime Insurance,6.04,AGENCY,TN,ACTIVE,2023-03-13
802,PRD000802,Secure Insurance,6.23,BROKER,KA,INACTIVE,2023-03-14
803,PRD000803,Elite Insurance,9.84,AGENT,MH,SUSPENDED,2023-03-15
804,PRD000804,Trusted Insurance,14.99,INDIVIDUAL,AP,TERMINATED,2023-03-16
805,PRD000805,Global Insurance,8.62,AGENCY,TS,ACTIVE,2023-03-17
806,PRD000806,Royal Insurance,4.36,BROKER,KL,INACTIVE,2023-03-18
807,PRD000807,United Insurance,9.23,AGENT,DL,SUSPENDED,2023-03-19
808,PRD000808,Pioneer Insurance,6.81,INDIVIDUAL,GJ,TERMINATED,2023-03-20
809,PRD000809,Smart Insurance,9.4,AGENCY,RJ,ACTIVE,2023-03-21
810,PRD000810,Apex Insurance,9.29,BROKER,WB,INACTIVE,2023-03-22
811,PRD000811,Blue Insurance,8.19,AGENT,TN,SUSPENDED,2023-03-23
812,PRD000812,Golden Insurance,6.52,INDIVIDUAL,KA,TERMINATED,2023-03-24
813,PRD000813,Future Insurance,4.86,AGENCY,MH,ACTIVE,2023-03-25
814,PRD000814,Vertex Insurance,11.22,BROKER,AP,INACTIVE,2023-03-26
815,PRD000815,Summit Insurance,9.65,AGENT,TS,SUSPENDED,2023-03-27
816,PRD000816,Shield Insurance,5.42,INDIVIDUAL,KL,TERMINATED,2023-03-28
817,PRD000817,Crystal Insurance,12.19,AGENCY,DL,ACTIVE,2023-03-29
818,PRD000818,Infinity Insurance,3.05,BROKER,GJ,INACTIVE,2023-03-30
819,PRD000819,Vision Insurance,11.81,AGENT,RJ,SUSPENDED,2023-03-31
820,PRD000820,First Insurance,11.32,INDIVIDUAL,WB,TERMINATED,2023-04-01
821,PRD000821,Prime Brokers,12.64,AGENCY,TN,ACTIVE,2023-04-02
822,PRD000822,Secure Brokers,7.33,BROKER,KA,INACTIVE,2023-04-03
823,PRD000823,Elite Brokers,10.8,AGENT,MH,SUSPENDED,2023-04-04
824,PRD000824,Trusted Brokers,12.76,INDIVIDUAL,AP,TERMINATED,2023-04-05
825,PRD000825,Global Brokers,14.76,AGENCY,TS,ACTIVE,2023-04-06
826,PRD000826,Royal Brokers,8.69,BROKER,KL,INACTIVE,2023-04-07
827,PRD000827,United Brokers,2.96,AGENT,DL,SUSPENDED,2023-04-08
828,PRD000828,Pioneer Brokers,8.78,INDIVIDUAL,GJ,TERMINATED,2023-04-09
829,PRD000829,Smart Brokers,9.88,AGENCY,RJ,ACTIVE,2023-04-10
830,PRD000830,Apex Brokers,13.37,BROKER,WB,INACTIVE,2023-04-11
831,PRD000831,Blue Brokers,13.43,AGENT,TN,SUSPENDED,2023-04-12
832,PRD000832,Golden Brokers,8.0,INDIVIDUAL,KA,TERMINATED,2023-04-13
833,PRD000833,Future Brokers,9.07,AGENCY,MH,ACTIVE,2023-04-14
834,PRD000834,Vertex Brokers,8.21,BROKER,AP,INACTIVE,2023-04-15
835,PRD000835,Summit Brokers,11.53,AGENT,TS,SUSPENDED,2023-04-16
836,PRD000836,Shield Brokers,7.62,INDIVIDUAL,KL,TERMINATED,2023-04-17
837,PRD000837,Crystal Brokers,10.68,AGENCY,DL,ACTIVE,2023-04-18
838,PRD000838,Infinity Brokers,4.43,BROKER,GJ,INACTIVE,2023-04-19
839,PRD000839,Vision Brokers,8.37,AGENT,RJ,SUSPENDED,2023-04-20
840,PRD000840,First Brokers,14.62,INDIVIDUAL,WB,TERMINATED,2023-04-21
841,PRD000841,Prime Agency,6.73,AGENCY,TN,ACTIVE,2023-04-22
842,PRD000842,Secure Agency,11.16,BROKER,KA,INACTIVE,2023-04-23
843,PRD000843,Elite Agency,10.62,AGENT,MH,SUSPENDED,2023-04-24
844,PRD000844,Trusted Agency,13.15,INDIVIDUAL,AP,TERMINATED,2023-04-25
845,PRD000845,Global Agency,13.15,AGENCY,TS,ACTIVE,2023-04-26
846,PRD000846,Royal Agency,13.24,BROKER,KL,INACTIVE,2023-04-27
847,PRD000847,United Agency,7.25,AGENT,DL,SUSPENDED,2023-04-28
848,PRD000848,Pioneer Agency,6.46,INDIVIDUAL,GJ,TERMINATED,2023-04-29
849,PRD000849,Smart Agency,11.48,AGENCY,RJ,ACTIVE,2023-04-30
850,PRD000850,Apex Agency,11.99,BROKER,WB,INACTIVE,2023-05-01
851,PRD000851,Blue Agency,13.4,AGENT,TN,SUSPENDED,2023-05-02
852,PRD000852,Golden Agency,2.95,INDIVIDUAL,KA,TERMINATED,2023-05-03
853,PRD000853,Future Agency,3.36,AGENCY,MH,ACTIVE,2023-05-04
854,PRD000854,Vertex Agency,10.39,BROKER,AP,INACTIVE,2023-05-05
855,PRD000855,Summit Agency,14.01,AGENT,TS,SUSPENDED,2023-05-06
856,PRD000856,Shield Agency,14.97,INDIVIDUAL,KL,TERMINATED,2023-05-07
857,PRD000857,Crystal Agency,11.83,AGENCY,DL,ACTIVE,2023-05-08
858,PRD000858,Infinity Agency,7.92,BROKER,GJ,INACTIVE,2023-05-09
859,PRD000859,Vision Agency,3.73,AGENT,RJ,SUSPENDED,2023-05-10
860,PRD000860,First Agency,10.42,INDIVIDUAL,WB,TERMINATED,2023-05-11
861,PRD000861,Prime Coverage,13.41,AGENCY,TN,ACTIVE,2023-05-12
862,PRD000862,Secure Coverage,8.05,BROKER,KA,INACTIVE,2023-05-13
863,PRD000863,Elite Coverage,11.18,AGENT,MH,SUSPENDED,2023-05-14
864,PRD000864,Trusted Coverage,13.79,INDIVIDUAL,AP,TERMINATED,2023-05-15
865,PRD000865,Global Coverage,3.07,AGENCY,TS,ACTIVE,2023-05-16
866,PRD000866,Royal Coverage,12.45,BROKER,KL,INACTIVE,2023-05-17
867,PRD000867,United Coverage,6.17,AGENT,DL,SUSPENDED,2023-05-18
868,PRD000868,Pioneer Coverage,7.19,INDIVIDUAL,GJ,TERMINATED,2023-05-19
869,PRD000869,Smart Coverage,4.32,AGENCY,RJ,ACTIVE,2023-05-20
870,PRD000870,Apex Coverage,9.14,BROKER,WB,INACTIVE,2023-05-21
871,PRD000871,Blue Coverage,9.57,AGENT,TN,SUSPENDED,2023-05-22
872,PRD000872,Golden Coverage,12.41,INDIVIDUAL,KA,TERMINATED,2023-05-23
873,PRD000873,Future Coverage,4.62,AGENCY,MH,ACTIVE,2023-05-24
874,PRD000874,Vertex Coverage,3.49,BROKER,AP,INACTIVE,2023-05-25
875,PRD000875,Summit Coverage,13.39,AGENT,TS,SUSPENDED,2023-05-26
876,PRD000876,Shield Coverage,10.25,INDIVIDUAL,KL,TERMINATED,2023-05-27
877,PRD000877,Crystal Coverage,5.51,AGENCY,DL,ACTIVE,2023-05-28
878,PRD000878,Infinity Coverage,13.91,BROKER,GJ,INACTIVE,2023-05-29
879,PRD000879,Vision Coverage,4.29,AGENT,RJ,SUSPENDED,2023-05-30
880,PRD000880,First Coverage,8.26,INDIVIDUAL,WB,TERMINATED,2023-05-31
881,PRD000881,Prime Risk,5.67,AGENCY,TN,ACTIVE,2023-06-01
882,PRD000882,Secure Risk,5.69,BROKER,KA,INACTIVE,2023-06-02
883,PRD000883,Elite Risk,2.62,AGENT,MH,SUSPENDED,2023-06-03
884,PRD000884,Trusted Risk,12.56,INDIVIDUAL,AP,TERMINATED,2023-06-04
885,PRD000885,Global Risk,13.77,AGENCY,TS,ACTIVE,2023-06-05
886,PRD000886,Royal Risk,10.97,BROKER,KL,INACTIVE,2023-06-06
887,PRD000887,United Risk,4.47,AGENT,DL,SUSPENDED,2023-06-07
888,PRD000888,Pioneer Risk,8.02,INDIVIDUAL,GJ,TERMINATED,2023-06-08
889,PRD000889,Smart Risk,6.82,AGENCY,RJ,ACTIVE,2023-06-09
890,PRD000890,Apex Risk,9.84,BROKER,WB,INACTIVE,2023-06-10
891,PRD000891,Blue Risk,10.49,AGENT,TN,SUSPENDED,2023-06-11
892,PRD000892,Golden Risk,7.8,INDIVIDUAL,KA,TERMINATED,2023-06-12
893,PRD000893,Future Risk,5.63,AGENCY,MH,ACTIVE,2023-06-13
894,PRD000894,Vertex Risk,13.07,BROKER,AP,INACTIVE,2023-06-14
895,PRD000895,Summit Risk,4.99,AGENT,TS,SUSPENDED,2023-06-15
896,PRD000896,Shield Risk,7.31,INDIVIDUAL,KL,TERMINATED,2023-06-16
897,PRD000897,Crystal Risk,8.54,AGENCY,DL,ACTIVE,2023-06-17
898,PRD000898,Infinity Risk,5.47,BROKER,GJ,INACTIVE,2023-06-18
899,PRD000899,Vision Risk,9.65,AGENT,RJ,SUSPENDED,2023-06-19
900,PRD000900,First Risk,9.69,INDIVIDUAL,WB,TERMINATED,2023-06-20
901,PRD000901,Prime Assurance,14.91,AGENCY,TN,ACTIVE,2023-06-21
902,PRD000902,Secure Assurance,6.19,BROKER,KA,INACTIVE,2023-06-22
903,PRD000903,Elite Assurance,14.72,AGENT,MH,SUSPENDED,2023-06-23
904,PRD000904,Trusted Assurance,10.73,INDIVIDUAL,AP,TERMINATED,2023-06-24
905,PRD000905,Global Assurance,5.93,AGENCY,TS,ACTIVE,2023-06-25
906,PRD000906,Royal Assurance,9.57,BROKER,KL,INACTIVE,2023-06-26
907,PRD000907,United Assurance,11.07,AGENT,DL,SUSPENDED,2023-06-27
908,PRD000908,Pioneer Assurance,11.81,INDIVIDUAL,GJ,TERMINATED,2023-06-28
909,PRD000909,Smart Assurance,3.11,AGENCY,RJ,ACTIVE,2023-06-29
910,PRD000910,Apex Assurance,10.08,BROKER,WB,INACTIVE,2023-06-30
911,PRD000911,Blue Assurance,8.71,AGENT,TN,SUSPENDED,2023-07-01
912,PRD000912,Golden Assurance,13.8,INDIVIDUAL,KA,TERMINATED,2023-07-02
913,PRD000913,Future Assurance,6.08,AGENCY,MH,ACTIVE,2023-07-03
914,PRD000914,Vertex Assurance,12.49,BROKER,AP,INACTIVE,2023-07-04
915,PRD000915,Summit Assurance,10.09,AGENT,TS,SUSPENDED,2023-07-05
916,PRD000916,Shield Assurance,6.9,INDIVIDUAL,KL,TERMINATED,2023-07-06
917,PRD000917,Crystal Assurance,10.46,AGENCY,DL,ACTIVE,2023-07-07
918,PRD000918,Infinity Assurance,10.26,BROKER,GJ,INACTIVE,2023-07-08
919,PRD000919,Vision Assurance,10.97,AGENT,RJ,SUSPENDED,2023-07-09
920,PRD000920,First Assurance,11.51,INDIVIDUAL,WB,TERMINATED,2023-07-10
921,PRD000921,Prime Services,10.74,AGENCY,TN,ACTIVE,2023-07-11
922,PRD000922,Secure Services,12.98,BROKER,KA,INACTIVE,2023-07-12
923,PRD000923,Elite Services,10.35,AGENT,MH,SUSPENDED,2023-07-13
924,PRD000924,Trusted Services,13.79,INDIVIDUAL,AP,TERMINATED,2023-07-14
925,PRD000925,Global Services,10.58,AGENCY,TS,ACTIVE,2023-07-15
926,PRD000926,Royal Services,6.36,BROKER,KL,INACTIVE,2023-07-16
927,PRD000927,United Services,8.01,AGENT,DL,SUSPENDED,2023-07-17
928,PRD000928,Pioneer Services,9.74,INDIVIDUAL,GJ,TERMINATED,2023-07-18
929,PRD000929,Smart Services,11.65,AGENCY,RJ,ACTIVE,2023-07-19
930,PRD000930,Apex Services,3.63,BROKER,WB,INACTIVE,2023-07-20
931,PRD000931,Blue Services,6.19,AGENT,TN,SUSPENDED,2023-07-21
932,PRD000932,Golden Services,11.84,INDIVIDUAL,KA,TERMINATED,2023-07-22
933,PRD000933,Future Services,4.7,AGENCY,MH,ACTIVE,2023-07-23
934,PRD000934,Vertex Services,4.15,BROKER,AP,INACTIVE,2023-07-24
935,PRD000935,Summit Services,9.24,AGENT,TS,SUSPENDED,2023-07-25
936,PRD000936,Shield Services,14.64,INDIVIDUAL,KL,TERMINATED,2023-07-26
937,PRD000937,Crystal Services,9.14,AGENCY,DL,ACTIVE,2023-07-27
938,PRD000938,Infinity Services,13.92,BROKER,GJ,INACTIVE,2023-07-28
939,PRD000939,Vision Services,12.88,AGENT,RJ,SUSPENDED,2023-07-29
940,PRD000940,First Services,5.71,INDIVIDUAL,WB,TERMINATED,2023-07-30
941,PRD000941,Prime Partners,12.81,AGENCY,TN,ACTIVE,2023-07-31
942,PRD000942,Secure Partners,8.52,BROKER,KA,INACTIVE,2023-08-01
943,PRD000943,Elite Partners,12.58,AGENT,MH,SUSPENDED,2023-08-02
944,PRD000944,Trusted Partners,11.83,INDIVIDUAL,AP,TERMINATED,2023-08-03
945,PRD000945,Global Partners,6.73,AGENCY,TS,ACTIVE,2023-08-04
946,PRD000946,Royal Partners,3.94,BROKER,KL,INACTIVE,2023-08-05
947,PRD000947,United Partners,14.54,AGENT,DL,SUSPENDED,2023-08-06
948,PRD000948,Pioneer Partners,4.26,INDIVIDUAL,GJ,TERMINATED,2023-08-07
949,PRD000949,Smart Partners,14.58,AGENCY,RJ,ACTIVE,2023-08-08
950,PRD000950,Apex Partners,13.25,BROKER,WB,INACTIVE,2023-08-09
951,PRD000951,Blue Partners,11.55,AGENT,TN,SUSPENDED,2023-08-10
952,PRD000952,Golden Partners,14.75,INDIVIDUAL,KA,TERMINATED,2023-08-11
953,PRD000953,Future Partners,14.59,AGENCY,MH,ACTIVE,2023-08-12
954,PRD000954,Vertex Partners,12.56,BROKER,AP,INACTIVE,2023-08-13
955,PRD000955,Summit Partners,7.07,AGENT,TS,SUSPENDED,2023-08-14
956,PRD000956,Shield Partners,12.38,INDIVIDUAL,KL,TERMINATED,2023-08-15
957,PRD000957,Crystal Partners,2.67,AGENCY,DL,ACTIVE,2023-08-16
958,PRD000958,Infinity Partners,9.21,BROKER,GJ,INACTIVE,2023-08-17
959,PRD000959,Vision Partners,8.18,AGENT,RJ,SUSPENDED,2023-08-18
960,PRD000960,First Partners,10.91,INDIVIDUAL,WB,TERMINATED,2023-08-19
961,PRD000961,Prime Solutions,10.9,AGENCY,TN,ACTIVE,2023-08-20
962,PRD000962,Secure Solutions,9.81,BROKER,KA,INACTIVE,2023-08-21
963,PRD000963,Elite Solutions,12.78,AGENT,MH,SUSPENDED,2023-08-22
964,PRD000964,Trusted Solutions,14.25,INDIVIDUAL,AP,TERMINATED,2023-08-23
965,PRD000965,Global Solutions,3.85,AGENCY,TS,ACTIVE,2023-08-24
966,PRD000966,Royal Solutions,5.42,BROKER,KL,INACTIVE,2023-08-25
967,PRD000967,United Solutions,2.81,AGENT,DL,SUSPENDED,2023-08-26
968,PRD000968,Pioneer Solutions,13.55,INDIVIDUAL,GJ,TERMINATED,2023-08-27
969,PRD000969,Smart Solutions,9.52,AGENCY,RJ,ACTIVE,2023-08-28
970,PRD000970,Apex Solutions,13.94,BROKER,WB,INACTIVE,2023-08-29
971,PRD000971,Blue Solutions,5.27,AGENT,TN,SUSPENDED,2023-08-30
972,PRD000972,Golden Solutions,3.29,INDIVIDUAL,KA,TERMINATED,2023-08-31
973,PRD000973,Future Solutions,12.8,AGENCY,MH,ACTIVE,2023-09-01
974,PRD000974,Vertex Solutions,13.87,BROKER,AP,INACTIVE,2023-09-02
975,PRD000975,Summit Solutions,6.28,AGENT,TS,SUSPENDED,2023-09-03
976,PRD000976,Shield Solutions,7.6,INDIVIDUAL,KL,TERMINATED,2023-09-04
977,PRD000977,Crystal Solutions,4.25,AGENCY,DL,ACTIVE,2023-09-05
978,PRD000978,Infinity Solutions,14.33,BROKER,GJ,INACTIVE,2023-09-06
979,PRD000979,Vision Solutions,6.3,AGENT,RJ,SUSPENDED,2023-09-07
980,PRD000980,First Solutions,8.66,INDIVIDUAL,WB,TERMINATED,2023-09-08
981,PRD000981,Prime Consulting,3.71,AGENCY,TN,ACTIVE,2023-09-09
982,PRD000982,Secure Consulting,13.59,BROKER,KA,INACTIVE,2023-09-10
983,PRD000983,Elite Consulting,4.2,AGENT,MH,SUSPENDED,2023-09-11
984,PRD000984,Trusted Consulting,8.17,INDIVIDUAL,AP,TERMINATED,2023-09-12
985,PRD000985,Global Consulting,10.88,AGENCY,TS,ACTIVE,2023-09-13
986,PRD000986,Royal Consulting,11.79,BROKER,KL,INACTIVE,2023-09-14
987,PRD000987,United Consulting,14.32,AGENT,DL,SUSPENDED,2023-09-15
988,PRD000988,Pioneer Consulting,7.74,INDIVIDUAL,GJ,TERMINATED,2023-09-16
989,PRD000989,Smart Consulting,11.78,AGENCY,RJ,ACTIVE,2023-09-17
990,PRD000990,Apex Consulting,4.43,BROKER,WB,INACTIVE,2023-09-18
991,PRD000991,Blue Consulting,7.69,AGENT,TN,SUSPENDED,2023-09-19
992,PRD000992,Golden Consulting,3.74,INDIVIDUAL,KA,TERMINATED,2023-09-20
993,PRD000993,Future Consulting,8.62,AGENCY,MH,ACTIVE,2023-09-21
994,PRD000994,Vertex Consulting,7.6,BROKER,AP,INACTIVE,2023-09-22
995,PRD000995,Summit Consulting,14.39,AGENT,TS,SUSPENDED,2023-09-23
996,PRD000996,Shield Consulting,2.91,INDIVIDUAL,KL,TERMINATED,2023-09-24
997,PRD000997,Crystal Consulting,7.13,AGENCY,DL,ACTIVE,2023-09-25
998,PRD000998,Infinity Consulting,8.04,BROKER,GJ,INACTIVE,2023-09-26
999,PRD000999,Vision Consulting,14.38,AGENT,RJ,SUSPENDED,2023-09-27
1000,PRD001000,First Consulting,13.19,INDIVIDUAL,WB,TERMINATED,2023-09-28
1001,PRD001001,Prime Insurance,3.74,AGENCY,TN,ACTIVE,2023-09-29
1002,PRD001002,Secure Insurance,11.07,BROKER,KA,INACTIVE,2023-09-30
1003,PRD001003,Elite Insurance,9.31,AGENT,MH,SUSPENDED,2023-10-01
1004,PRD001004,Trusted Insurance,14.72,INDIVIDUAL,AP,TERMINATED,2023-10-02
1005,PRD001005,Global Insurance,6.98,AGENCY,TS,ACTIVE,2023-10-03
1006,PRD001006,Royal Insurance,7.48,BROKER,KL,INACTIVE,2023-10-04
1007,PRD001007,United Insurance,4.87,AGENT,DL,SUSPENDED,2023-10-05
1008,PRD001008,Pioneer Insurance,4.03,INDIVIDUAL,GJ,TERMINATED,2023-10-06
1009,PRD001009,Smart Insurance,13.1,AGENCY,RJ,ACTIVE,2023-10-07
1010,PRD001010,Apex Insurance,8.18,BROKER,WB,INACTIVE,2023-10-08
1011,PRD001011,Blue Insurance,10.78,AGENT,TN,SUSPENDED,2023-10-09
1012,PRD001012,Golden Insurance,10.52,INDIVIDUAL,KA,TERMINATED,2023-10-10
1013,PRD001013,Future Insurance,9.96,AGENCY,MH,ACTIVE,2023-10-11
1014,PRD001014,Vertex Insurance,2.77,BROKER,AP,INACTIVE,2023-10-12
1015,PRD001015,Summit Insurance,12.33,AGENT,TS,SUSPENDED,2023-10-13
1016,PRD001016,Shield Insurance,5.54,INDIVIDUAL,KL,TERMINATED,2023-10-14
1017,PRD001017,Crystal Insurance,4.07,AGENCY,DL,ACTIVE,2023-10-15
1018,PRD001018,Infinity Insurance,9.56,BROKER,GJ,INACTIVE,2023-10-16
1019,PRD001019,Vision Insurance,3.36,AGENT,RJ,SUSPENDED,2023-10-17
1020,PRD001020,First Insurance,12.06,INDIVIDUAL,WB,TERMINATED,2023-10-18
1021,PRD001021,Prime Brokers,5.09,AGENCY,TN,ACTIVE,2023-10-19
1022,PRD001022,Secure Brokers,5.2,BROKER,KA,INACTIVE,2023-10-20
1023,PRD001023,Elite Brokers,13.37,AGENT,MH,SUSPENDED,2023-10-21
1024,PRD001024,Trusted Brokers,6.61,INDIVIDUAL,AP,TERMINATED,2023-10-22
1025,PRD001025,Global Brokers,4.34,AGENCY,TS,ACTIVE,2023-10-23
1026,PRD001026,Royal Brokers,13.76,BROKER,KL,INACTIVE,2023-10-24
1027,PRD001027,United Brokers,2.54,AGENT,DL,SUSPENDED,2023-10-25
1028,PRD001028,Pioneer Brokers,13.23,INDIVIDUAL,GJ,TERMINATED,2023-10-26
1029,PRD001029,Smart Brokers,4.31,AGENCY,RJ,ACTIVE,2023-10-27
1030,PRD001030,Apex Brokers,4.12,BROKER,WB,INACTIVE,2023-10-28
1031,PRD001031,Blue Brokers,5.63,AGENT,TN,SUSPENDED,2023-10-29
1032,PRD001032,Golden Brokers,4.68,INDIVIDUAL,KA,TERMINATED,2023-10-30
1033,PRD001033,Future Brokers,10.76,AGENCY,MH,ACTIVE,2023-10-31
1034,PRD001034,Vertex Brokers,2.82,BROKER,AP,INACTIVE,2023-11-01
1035,PRD001035,Summit Brokers,2.69,AGENT,TS,SUSPENDED,2023-11-02
1036,PRD001036,Shield Brokers,12.37,INDIVIDUAL,KL,TERMINATED,2023-11-03
1037,PRD001037,Crystal Brokers,5.47,AGENCY,DL,ACTIVE,2023-11-04
1038,PRD001038,Infinity Brokers,6.55,BROKER,GJ,INACTIVE,2023-11-05
1039,PRD001039,Vision Brokers,4.68,AGENT,RJ,SUSPENDED,2023-11-06
1040,PRD001040,First Brokers,3.15,INDIVIDUAL,WB,TERMINATED,2023-11-07
1041,PRD001041,Prime Agency,11.77,AGENCY,TN,ACTIVE,2023-11-08
1042,PRD001042,Secure Agency,9.08,BROKER,KA,INACTIVE,2023-11-09
1043,PRD001043,Elite Agency,11.82,AGENT,MH,SUSPENDED,2023-11-10
1044,PRD001044,Trusted Agency,8.45,INDIVIDUAL,AP,TERMINATED,2023-11-11
1045,PRD001045,Global Agency,12.23,AGENCY,TS,ACTIVE,2023-11-12
1046,PRD001046,Royal Agency,8.92,BROKER,KL,INACTIVE,2023-11-13
1047,PRD001047,United Agency,3.86,AGENT,DL,SUSPENDED,2023-11-14
1048,PRD001048,Pioneer Agency,8.8,INDIVIDUAL,GJ,TERMINATED,2023-11-15
1049,PRD001049,Smart Agency,14.32,AGENCY,RJ,ACTIVE,2023-11-16
1050,PRD001050,Apex Agency,3.04,BROKER,WB,INACTIVE,2023-11-17
1051,PRD001051,Blue Agency,12.29,AGENT,TN,SUSPENDED,2023-11-18
1052,PRD001052,Golden Agency,13.34,INDIVIDUAL,KA,TERMINATED,2023-11-19
1053,PRD001053,Future Agency,9.02,AGENCY,MH,ACTIVE,2023-11-20
1054,PRD001054,Vertex Agency,8.23,BROKER,AP,INACTIVE,2023-11-21
1055,PRD001055,Summit Agency,14.55,AGENT,TS,SUSPENDED,2023-11-22
1056,PRD001056,Shield Agency,3.26,INDIVIDUAL,KL,TERMINATED,2023-11-23
1057,PRD001057,Crystal Agency,8.49,AGENCY,DL,ACTIVE,2023-11-24
1058,PRD001058,Infinity Agency,7.52,BROKER,GJ,INACTIVE,2023-11-25
1059,PRD001059,Vision Agency,11.08,AGENT,RJ,SUSPENDED,2023-11-26
1060,PRD001060,First Agency,8.63,INDIVIDUAL,WB,TERMINATED,2023-11-27
1061,PRD001061,Prime Coverage,13.87,AGENCY,TN,ACTIVE,2023-11-28
1062,PRD001062,Secure Coverage,3.42,BROKER,KA,INACTIVE,2023-11-29
1063,PRD001063,Elite Coverage,3.51,AGENT,MH,SUSPENDED,2023-11-30
1064,PRD001064,Trusted Coverage,10.1,INDIVIDUAL,AP,TERMINATED,2023-12-01
1065,PRD001065,Global Coverage,3.32,AGENCY,TS,ACTIVE,2023-12-02
1066,PRD001066,Royal Coverage,5.94,BROKER,KL,INACTIVE,2023-12-03
1067,PRD001067,United Coverage,10.41,AGENT,DL,SUSPENDED,2023-12-04
1068,PRD001068,Pioneer Coverage,9.35,INDIVIDUAL,GJ,TERMINATED,2023-12-05
1069,PRD001069,Smart Coverage,6.56,AGENCY,RJ,ACTIVE,2023-12-06
1070,PRD001070,Apex Coverage,14.93,BROKER,WB,INACTIVE,2023-12-07
1071,PRD001071,Blue Coverage,9.13,AGENT,TN,SUSPENDED,2023-12-08
1072,PRD001072,Golden Coverage,8.17,INDIVIDUAL,KA,TERMINATED,2023-12-09
1073,PRD001073,Future Coverage,10.07,AGENCY,MH,ACTIVE,2023-12-10
1074,PRD001074,Vertex Coverage,3.74,BROKER,AP,INACTIVE,2023-12-11
1075,PRD001075,Summit Coverage,11.27,AGENT,TS,SUSPENDED,2023-12-12
1076,PRD001076,Shield Coverage,13.16,INDIVIDUAL,KL,TERMINATED,2023-12-13
1077,PRD001077,Crystal Coverage,10.64,AGENCY,DL,ACTIVE,2023-12-14
1078,PRD001078,Infinity Coverage,12.11,BROKER,GJ,INACTIVE,2023-12-15
1079,PRD001079,Vision Coverage,11.51,AGENT,RJ,SUSPENDED,2023-12-16
1080,PRD001080,First Coverage,5.19,INDIVIDUAL,WB,TERMINATED,2023-12-17
1081,PRD001081,Prime Risk,8.14,AGENCY,TN,ACTIVE,2023-12-18
1082,PRD001082,Secure Risk,5.36,BROKER,KA,INACTIVE,2023-12-19
1083,PRD001083,Elite Risk,6.74,AGENT,MH,SUSPENDED,2023-12-20
1084,PRD001084,Trusted Risk,8.17,INDIVIDUAL,AP,TERMINATED,2023-12-21
1085,PRD001085,Global Risk,7.7,AGENCY,TS,ACTIVE,2023-12-22
1086,PRD001086,Royal Risk,3.69,BROKER,KL,INACTIVE,2023-12-23
1087,PRD001087,United Risk,7.83,AGENT,DL,SUSPENDED,2023-12-24
1088,PRD001088,Pioneer Risk,10.81,INDIVIDUAL,GJ,TERMINATED,2023-12-25
1089,PRD001089,Smart Risk,7.18,AGENCY,RJ,ACTIVE,2023-12-26
1090,PRD001090,Apex Risk,4.41,BROKER,WB,INACTIVE,2023-12-27
1091,PRD001091,Blue Risk,14.04,AGENT,TN,SUSPENDED,2023-12-28
1092,PRD001092,Golden Risk,3.34,INDIVIDUAL,KA,TERMINATED,2023-12-29
1093,PRD001093,Future Risk,12.9,AGENCY,MH,ACTIVE,2023-12-30
1094,PRD001094,Vertex Risk,3.67,BROKER,AP,INACTIVE,2023-12-31
1095,PRD001095,Summit Risk,3.71,AGENT,TS,SUSPENDED,2024-01-01
1096,PRD001096,Shield Risk,11.73,INDIVIDUAL,KL,TERMINATED,2024-01-02
1097,PRD001097,Crystal Risk,12.65,AGENCY,DL,ACTIVE,2024-01-03
1098,PRD001098,Infinity Risk,9.45,BROKER,GJ,INACTIVE,2024-01-04
1099,PRD001099,Vision Risk,9.83,AGENT,RJ,SUSPENDED,2024-01-05
1100,PRD001100,First Risk,9.52,INDIVIDUAL,WB,TERMINATED,2024-01-06
1101,PRD001101,Prime Assurance,6.62,AGENCY,TN,ACTIVE,2024-01-07
1102,PRD001102,Secure Assurance,4.03,BROKER,KA,INACTIVE,2024-01-08
1103,PRD001103,Elite Assurance,6.92,AGENT,MH,SUSPENDED,2024-01-09
1104,PRD001104,Trusted Assurance,10.82,INDIVIDUAL,AP,TERMINATED,2024-01-10
1105,PRD001105,Global Assurance,11.88,AGENCY,TS,ACTIVE,2024-01-11
1106,PRD001106,Royal Assurance,13.35,BROKER,KL,INACTIVE,2024-01-12
1107,PRD001107,United Assurance,11.51,AGENT,DL,SUSPENDED,2024-01-13
1108,PRD001108,Pioneer Assurance,14.6,INDIVIDUAL,GJ,TERMINATED,2024-01-14
1109,PRD001109,Smart Assurance,10.01,AGENCY,RJ,ACTIVE,2024-01-15
1110,PRD001110,Apex Assurance,6.9,BROKER,WB,INACTIVE,2024-01-16
1111,PRD001111,Blue Assurance,9.72,AGENT,TN,SUSPENDED,2024-01-17
1112,PRD001112,Golden Assurance,5.16,INDIVIDUAL,KA,TERMINATED,2024-01-18
1113,PRD001113,Future Assurance,10.71,AGENCY,MH,ACTIVE,2024-01-19
1114,PRD001114,Vertex Assurance,5.3,BROKER,AP,INACTIVE,2024-01-20
1115,PRD001115,Summit Assurance,3.85,AGENT,TS,SUSPENDED,2024-01-21
1116,PRD001116,Shield Assurance,13.07,INDIVIDUAL,KL,TERMINATED,2024-01-22
1117,PRD001117,Crystal Assurance,7.09,AGENCY,DL,ACTIVE,2024-01-23
1118,PRD001118,Infinity Assurance,12.03,BROKER,GJ,INACTIVE,2024-01-24
1119,PRD001119,Vision Assurance,9.68,AGENT,RJ,SUSPENDED,2024-01-25
1120,PRD001120,First Assurance,12.59,INDIVIDUAL,WB,TERMINATED,2024-01-26
1121,PRD001121,Prime Services,13.06,AGENCY,TN,ACTIVE,2024-01-27
1122,PRD001122,Secure Services,14.68,BROKER,KA,INACTIVE,2024-01-28
1123,PRD001123,Elite Services,12.73,AGENT,MH,SUSPENDED,2024-01-29
1124,PRD001124,Trusted Services,10.17,INDIVIDUAL,AP,TERMINATED,2024-01-30
1125,PRD001125,Global Services,10.53,AGENCY,TS,ACTIVE,2024-01-31
1126,PRD001126,Royal Services,2.83,BROKER,KL,INACTIVE,2024-02-01
1127,PRD001127,United Services,14.11,AGENT,DL,SUSPENDED,2024-02-02
1128,PRD001128,Pioneer Services,12.87,INDIVIDUAL,GJ,TERMINATED,2024-02-03
1129,PRD001129,Smart Services,5.84,AGENCY,RJ,ACTIVE,2024-02-04
1130,PRD001130,Apex Services,4.76,BROKER,WB,INACTIVE,2024-02-05
1131,PRD001131,Blue Services,11.28,AGENT,TN,SUSPENDED,2024-02-06
1132,PRD001132,Golden Services,6.36,INDIVIDUAL,KA,TERMINATED,2024-02-07
1133,PRD001133,Future Services,6.75,AGENCY,MH,ACTIVE,2024-02-08
1134,PRD001134,Vertex Services,2.58,BROKER,AP,INACTIVE,2024-02-09
1135,PRD001135,Summit Services,13.37,AGENT,TS,SUSPENDED,2024-02-10
1136,PRD001136,Shield Services,9.58,INDIVIDUAL,KL,TERMINATED,2024-02-11
1137,PRD001137,Crystal Services,7.51,AGENCY,DL,ACTIVE,2024-02-12
1138,PRD001138,Infinity Services,4.27,BROKER,GJ,INACTIVE,2024-02-13
1139,PRD001139,Vision Services,10.41,AGENT,RJ,SUSPENDED,2024-02-14
1140,PRD001140,First Services,2.88,INDIVIDUAL,WB,TERMINATED,2024-02-15
1141,PRD001141,Prime Partners,11.83,AGENCY,TN,ACTIVE,2024-02-16
1142,PRD001142,Secure Partners,5.19,BROKER,KA,INACTIVE,2024-02-17
1143,PRD001143,Elite Partners,7.75,AGENT,MH,SUSPENDED,2024-02-18
1144,PRD001144,Trusted Partners,6.76,INDIVIDUAL,AP,TERMINATED,2024-02-19
1145,PRD001145,Global Partners,7.13,AGENCY,TS,ACTIVE,2024-02-20
1146,PRD001146,Royal Partners,11.52,BROKER,KL,INACTIVE,2024-02-21
1147,PRD001147,United Partners,12.21,AGENT,DL,SUSPENDED,2024-02-22
1148,PRD001148,Pioneer Partners,9.59,INDIVIDUAL,GJ,TERMINATED,2024-02-23
1149,PRD001149,Smart Partners,3.56,AGENCY,RJ,ACTIVE,2024-02-24
1150,PRD001150,Apex Partners,3.16,BROKER,WB,INACTIVE,2024-02-25
1151,PRD001151,Blue Partners,4.47,AGENT,TN,SUSPENDED,2024-02-26
1152,PRD001152,Golden Partners,10.22,INDIVIDUAL,KA,TERMINATED,2024-02-27
1153,PRD001153,Future Partners,10.92,AGENCY,MH,ACTIVE,2024-02-28
1154,PRD001154,Vertex Partners,5.9,BROKER,AP,INACTIVE,2024-02-29
1155,PRD001155,Summit Partners,10.77,AGENT,TS,SUSPENDED,2024-03-01
1156,PRD001156,Shield Partners,8.57,INDIVIDUAL,KL,TERMINATED,2024-03-02
1157,PRD001157,Crystal Partners,8.03,AGENCY,DL,ACTIVE,2024-03-03
1158,PRD001158,Infinity Partners,5.91,BROKER,GJ,INACTIVE,2024-03-04
1159,PRD001159,Vision Partners,11.94,AGENT,RJ,SUSPENDED,2024-03-05
1160,PRD001160,First Partners,3.92,INDIVIDUAL,WB,TERMINATED,2024-03-06
1161,PRD001161,Prime Solutions,7.87,AGENCY,TN,ACTIVE,2024-03-07
1162,PRD001162,Secure Solutions,6.04,BROKER,KA,INACTIVE,2024-03-08
1163,PRD001163,Elite Solutions,10.98,AGENT,MH,SUSPENDED,2024-03-09
1164,PRD001164,Trusted Solutions,8.58,INDIVIDUAL,AP,TERMINATED,2024-03-10
1165,PRD001165,Global Solutions,10.84,AGENCY,TS,ACTIVE,2024-03-11
1166,PRD001166,Royal Solutions,3.07,BROKER,KL,INACTIVE,2024-03-12
1167,PRD001167,United Solutions,7.44,AGENT,DL,SUSPENDED,2024-03-13
1168,PRD001168,Pioneer Solutions,9.99,INDIVIDUAL,GJ,TERMINATED,2024-03-14
1169,PRD001169,Smart Solutions,2.6,AGENCY,RJ,ACTIVE,2024-03-15
1170,PRD001170,Apex Solutions,6.27,BROKER,WB,INACTIVE,2024-03-16
1171,PRD001171,Blue Solutions,5.14,AGENT,TN,SUSPENDED,2024-03-17
1172,PRD001172,Golden Solutions,4.22,INDIVIDUAL,KA,TERMINATED,2024-03-18
1173,PRD001173,Future Solutions,5.69,AGENCY,MH,ACTIVE,2024-03-19
1174,PRD001174,Vertex Solutions,6.6,BROKER,AP,INACTIVE,2024-03-20
1175,PRD001175,Summit Solutions,2.6,AGENT,TS,SUSPENDED,2024-03-21
1176,PRD001176,Shield Solutions,11.84,INDIVIDUAL,KL,TERMINATED,2024-03-22
1177,PRD001177,Crystal Solutions,4.7,AGENCY,DL,ACTIVE,2024-03-23
1178,PRD001178,Infinity Solutions,7.25,BROKER,GJ,INACTIVE,2024-03-24
1179,PRD001179,Vision Solutions,11.3,AGENT,RJ,SUSPENDED,2024-03-25
1180,PRD001180,First Solutions,8.75,INDIVIDUAL,WB,TERMINATED,2024-03-26
1181,PRD001181,Prime Consulting,12.92,AGENCY,TN,ACTIVE,2024-03-27
1182,PRD001182,Secure Consulting,12.58,BROKER,KA,INACTIVE,2024-03-28
1183,PRD001183,Elite Consulting,3.4,AGENT,MH,SUSPENDED,2024-03-29
1184,PRD001184,Trusted Consulting,13.27,INDIVIDUAL,AP,TERMINATED,2024-03-30
1185,PRD001185,Global Consulting,3.03,AGENCY,TS,ACTIVE,2024-03-31
1186,PRD001186,Royal Consulting,2.73,BROKER,KL,INACTIVE,2024-04-01
1187,PRD001187,United Consulting,14.01,AGENT,DL,SUSPENDED,2024-04-02
1188,PRD001188,Pioneer Consulting,13.28,INDIVIDUAL,GJ,TERMINATED,2024-04-03
1189,PRD001189,Smart Consulting,9.7,AGENCY,RJ,ACTIVE,2024-04-04
1190,PRD001190,Apex Consulting,9.67,BROKER,WB,INACTIVE,2024-04-05
1191,PRD001191,Blue Consulting,11.37,AGENT,TN,SUSPENDED,2024-04-06
1192,PRD001192,Golden Consulting,7.72,INDIVIDUAL,KA,TERMINATED,2024-04-07
1193,PRD001193,Future Consulting,3.94,AGENCY,MH,ACTIVE,2024-04-08
1194,PRD001194,Vertex Consulting,2.76,BROKER,AP,INACTIVE,2024-04-09
1195,PRD001195,Summit Consulting,6.56,AGENT,TS,SUSPENDED,2024-04-10
1196,PRD001196,Shield Consulting,12.52,INDIVIDUAL,KL,TERMINATED,2024-04-11
1197,PRD001197,Crystal Consulting,10.23,AGENCY,DL,ACTIVE,2024-04-12
1198,PRD001198,Infinity Consulting,12.9,BROKER,GJ,INACTIVE,2024-04-13
1199,PRD001199,Vision Consulting,14.0,AGENT,RJ,SUSPENDED,2024-04-14
1200,PRD001200,First Consulting,3.6,INDIVIDUAL,WB,TERMINATED,2024-04-15
1201,PRD001201,Prime Insurance,13.06,AGENCY,TN,ACTIVE,2024-04-16
1202,PRD001202,Secure Insurance,5.54,BROKER,KA,INACTIVE,2024-04-17
1203,PRD001203,Elite Insurance,9.86,AGENT,MH,SUSPENDED,2024-04-18
1204,PRD001204,Trusted Insurance,9.05,INDIVIDUAL,AP,TERMINATED,2024-04-19
1205,PRD001205,Global Insurance,7.45,AGENCY,TS,ACTIVE,2024-04-20
1206,PRD001206,Royal Insurance,6.38,BROKER,KL,INACTIVE,2024-04-21
1207,PRD001207,United Insurance,6.74,AGENT,DL,SUSPENDED,2024-04-22
1208,PRD001208,Pioneer Insurance,6.66,INDIVIDUAL,GJ,TERMINATED,2024-04-23
1209,PRD001209,Smart Insurance,4.6,AGENCY,RJ,ACTIVE,2024-04-24
1210,PRD001210,Apex Insurance,8.88,BROKER,WB,INACTIVE,2024-04-25
1211,PRD001211,Blue Insurance,3.93,AGENT,TN,SUSPENDED,2024-04-26
1212,PRD001212,Golden Insurance,8.87,INDIVIDUAL,KA,TERMINATED,2024-04-27
1213,PRD001213,Future Insurance,13.82,AGENCY,MH,ACTIVE,2024-04-28
1214,PRD001214,Vertex Insurance,6.87,BROKER,AP,INACTIVE,2024-04-29
1215,PRD001215,Summit Insurance,11.59,AGENT,TS,SUSPENDED,2024-04-30
1216,PRD001216,Shield Insurance,12.74,INDIVIDUAL,KL,TERMINATED,2024-05-01
1217,PRD001217,Crystal Insurance,12.69,AGENCY,DL,ACTIVE,2024-05-02
1218,PRD001218,Infinity Insurance,5.45,BROKER,GJ,INACTIVE,2024-05-03
1219,PRD001219,Vision Insurance,4.33,AGENT,RJ,SUSPENDED,2024-05-04
1220,PRD001220,First Insurance,4.97,INDIVIDUAL,WB,TERMINATED,2024-05-05
1221,PRD001221,Prime Brokers,10.03,AGENCY,TN,ACTIVE,2024-05-06
1222,PRD001222,Secure Brokers,12.0,BROKER,KA,INACTIVE,2024-05-07
1223,PRD001223,Elite Brokers,10.69,AGENT,MH,SUSPENDED,2024-05-08
1224,PRD001224,Trusted Brokers,4.71,INDIVIDUAL,AP,TERMINATED,2024-05-09
1225,PRD001225,Global Brokers,12.16,AGENCY,TS,ACTIVE,2024-05-10
1226,PRD001226,Royal Brokers,8.68,BROKER,KL,INACTIVE,2024-05-11
1227,PRD001227,United Brokers,11.93,AGENT,DL,SUSPENDED,2024-05-12
1228,PRD001228,Pioneer Brokers,12.0,INDIVIDUAL,GJ,TERMINATED,2024-05-13
1229,PRD001229,Smart Brokers,8.11,AGENCY,RJ,ACTIVE,2024-05-14
1230,PRD001230,Apex Brokers,14.05,BROKER,WB,INACTIVE,2024-05-15
1231,PRD001231,Blue Brokers,9.56,AGENT,TN,SUSPENDED,2024-05-16
1232,PRD001232,Golden Brokers,10.44,INDIVIDUAL,KA,TERMINATED,2024-05-17
1233,PRD001233,Future Brokers,10.31,AGENCY,MH,ACTIVE,2024-05-18
1234,PRD001234,Vertex Brokers,13.3,BROKER,AP,INACTIVE,2024-05-19
1235,PRD001235,Summit Brokers,10.34,AGENT,TS,SUSPENDED,2024-05-20
1236,PRD001236,Shield Brokers,4.39,INDIVIDUAL,KL,TERMINATED,2024-05-21
1237,PRD001237,Crystal Brokers,3.35,AGENCY,DL,ACTIVE,2024-05-22
1238,PRD001238,Infinity Brokers,8.03,BROKER,GJ,INACTIVE,2024-05-23
1239,PRD001239,Vision Brokers,6.29,AGENT,RJ,SUSPENDED,2024-05-24
1240,PRD001240,First Brokers,5.93,INDIVIDUAL,WB,TERMINATED,2024-05-25
1241,PRD001241,Prime Agency,3.2,AGENCY,TN,ACTIVE,2024-05-26
1242,PRD001242,Secure Agency,8.84,BROKER,KA,INACTIVE,2024-05-27
1243,PRD001243,Elite Agency,6.38,AGENT,MH,SUSPENDED,2024-05-28
1244,PRD001244,Trusted Agency,8.15,INDIVIDUAL,AP,TERMINATED,2024-05-29
1245,PRD001245,Global Agency,3.21,AGENCY,TS,ACTIVE,2024-05-30
1246,PRD001246,Royal Agency,12.9,BROKER,KL,INACTIVE,2024-05-31
1247,PRD001247,United Agency,3.46,AGENT,DL,SUSPENDED,2024-06-01
1248,PRD001248,Pioneer Agency,13.3,INDIVIDUAL,GJ,TERMINATED,2024-06-02
1249,PRD001249,Smart Agency,13.19,AGENCY,RJ,ACTIVE,2024-06-03
1250,PRD001250,Apex Agency,10.19,BROKER,WB,INACTIVE,2024-06-04
1251,PRD001251,Blue Agency,8.84,AGENT,TN,SUSPENDED,2024-06-05
1252,PRD001252,Golden Agency,8.28,INDIVIDUAL,KA,TERMINATED,2024-06-06
1253,PRD001253,Future Agency,9.43,AGENCY,MH,ACTIVE,2024-06-07
1254,PRD001254,Vertex Agency,12.4,BROKER,AP,INACTIVE,2024-06-08
1255,PRD001255,Summit Agency,13.7,AGENT,TS,SUSPENDED,2024-06-09
1256,PRD001256,Shield Agency,8.12,INDIVIDUAL,KL,TERMINATED,2024-06-10
1257,PRD001257,Crystal Agency,12.62,AGENCY,DL,ACTIVE,2024-06-11
1258,PRD001258,Infinity Agency,10.65,BROKER,GJ,INACTIVE,2024-06-12
1259,PRD001259,Vision Agency,6.52,AGENT,RJ,SUSPENDED,2024-06-13
1260,PRD001260,First Agency,8.45,INDIVIDUAL,WB,TERMINATED,2024-06-14
1261,PRD001261,Prime Coverage,4.39,AGENCY,TN,ACTIVE,2024-06-15
1262,PRD001262,Secure Coverage,3.27,BROKER,KA,INACTIVE,2024-06-16
1263,PRD001263,Elite Coverage,3.79,AGENT,MH,SUSPENDED,2024-06-17
1264,PRD001264,Trusted Coverage,13.74,INDIVIDUAL,AP,TERMINATED,2024-06-18
1265,PRD001265,Global Coverage,6.79,AGENCY,TS,ACTIVE,2024-06-19
1266,PRD001266,Royal Coverage,11.43,BROKER,KL,INACTIVE,2024-06-20
1267,PRD001267,United Coverage,8.81,AGENT,DL,SUSPENDED,2024-06-21
1268,PRD001268,Pioneer Coverage,4.66,INDIVIDUAL,GJ,TERMINATED,2024-06-22
1269,PRD001269,Smart Coverage,5.6,AGENCY,RJ,ACTIVE,2024-06-23
1270,PRD001270,Apex Coverage,7.97,BROKER,WB,INACTIVE,2024-06-24
1271,PRD001271,Blue Coverage,7.99,AGENT,TN,SUSPENDED,2024-06-25
1272,PRD001272,Golden Coverage,9.03,INDIVIDUAL,KA,TERMINATED,2024-06-26
1273,PRD001273,Future Coverage,4.48,AGENCY,MH,ACTIVE,2024-06-27
1274,PRD001274,Vertex Coverage,7.16,BROKER,AP,INACTIVE,2024-06-28
1275,PRD001275,Summit Coverage,6.04,AGENT,TS,SUSPENDED,2024-06-29
1276,PRD001276,Shield Coverage,7.61,INDIVIDUAL,KL,TERMINATED,2024-06-30
1277,PRD001277,Crystal Coverage,6.73,AGENCY,DL,ACTIVE,2024-07-01
1278,PRD001278,Infinity Coverage,9.97,BROKER,GJ,INACTIVE,2024-07-02
1279,PRD001279,Vision Coverage,12.37,AGENT,RJ,SUSPENDED,2024-07-03
1280,PRD001280,First Coverage,10.59,INDIVIDUAL,WB,TERMINATED,2024-07-04
1281,PRD001281,Prime Risk,3.32,AGENCY,TN,ACTIVE,2024-07-05
1282,PRD001282,Secure Risk,3.68,BROKER,KA,INACTIVE,2024-07-06
1283,PRD001283,Elite Risk,10.98,AGENT,MH,SUSPENDED,2024-07-07
1284,PRD001284,Trusted Risk,6.05,INDIVIDUAL,AP,TERMINATED,2024-07-08
1285,PRD001285,Global Risk,11.55,AGENCY,TS,ACTIVE,2024-07-09
1286,PRD001286,Royal Risk,10.71,BROKER,KL,INACTIVE,2024-07-10
1287,PRD001287,United Risk,13.83,AGENT,DL,SUSPENDED,2024-07-11
1288,PRD001288,Pioneer Risk,13.42,INDIVIDUAL,GJ,TERMINATED,2024-07-12
1289,PRD001289,Smart Risk,6.67,AGENCY,RJ,ACTIVE,2024-07-13
1290,PRD001290,Apex Risk,9.78,BROKER,WB,INACTIVE,2024-07-14
1291,PRD001291,Blue Risk,4.27,AGENT,TN,SUSPENDED,2024-07-15
1292,PRD001292,Golden Risk,6.87,INDIVIDUAL,KA,TERMINATED,2024-07-16
1293,PRD001293,Future Risk,14.6,AGENCY,MH,ACTIVE,2024-07-17
1294,PRD001294,Vertex Risk,11.23,BROKER,AP,INACTIVE,2024-07-18
1295,PRD001295,Summit Risk,7.4,AGENT,TS,SUSPENDED,2024-07-19
1296,PRD001296,Shield Risk,9.94,INDIVIDUAL,KL,TERMINATED,2024-07-20
1297,PRD001297,Crystal Risk,14.23,AGENCY,DL,ACTIVE,2024-07-21
1298,PRD001298,Infinity Risk,6.37,BROKER,GJ,INACTIVE,2024-07-22
1299,PRD001299,Vision Risk,7.21,AGENT,RJ,SUSPENDED,2024-07-23
1300,PRD001300,First Risk,12.4,INDIVIDUAL,WB,TERMINATED,2024-07-24
1301,PRD001301,Prime Assurance,12.66,AGENCY,TN,ACTIVE,2024-07-25
1302,PRD001302,Secure Assurance,10.88,BROKER,KA,INACTIVE,2024-07-26
1303,PRD001303,Elite Assurance,12.86,AGENT,MH,SUSPENDED,2024-07-27
1304,PRD001304,Trusted Assurance,11.73,INDIVIDUAL,AP,TERMINATED,2024-07-28
1305,PRD001305,Global Assurance,11.07,AGENCY,TS,ACTIVE,2024-07-29
1306,PRD001306,Royal Assurance,9.08,BROKER,KL,INACTIVE,2024-07-30
1307,PRD001307,United Assurance,10.58,AGENT,DL,SUSPENDED,2024-07-31
1308,PRD001308,Pioneer Assurance,7.79,INDIVIDUAL,GJ,TERMINATED,2024-08-01
1309,PRD001309,Smart Assurance,7.02,AGENCY,RJ,ACTIVE,2024-08-02
1310,PRD001310,Apex Assurance,7.03,BROKER,WB,INACTIVE,2024-08-03
1311,PRD001311,Blue Assurance,4.75,AGENT,TN,SUSPENDED,2024-08-04
1312,PRD001312,Golden Assurance,5.18,INDIVIDUAL,KA,TERMINATED,2024-08-05
1313,PRD001313,Future Assurance,14.35,AGENCY,MH,ACTIVE,2024-08-06
1314,PRD001314,Vertex Assurance,8.58,BROKER,AP,INACTIVE,2024-08-07
1315,PRD001315,Summit Assurance,5.33,AGENT,TS,SUSPENDED,2024-08-08
1316,PRD001316,Shield Assurance,4.22,INDIVIDUAL,KL,TERMINATED,2024-08-09
1317,PRD001317,Crystal Assurance,3.46,AGENCY,DL,ACTIVE,2024-08-10
1318,PRD001318,Infinity Assurance,13.06,BROKER,GJ,INACTIVE,2024-08-11
1319,PRD001319,Vision Assurance,3.76,AGENT,RJ,SUSPENDED,2024-08-12
1320,PRD001320,First Assurance,12.14,INDIVIDUAL,WB,TERMINATED,2024-08-13
1321,PRD001321,Prime Services,12.94,AGENCY,TN,ACTIVE,2024-08-14
1322,PRD001322,Secure Services,13.55,BROKER,KA,INACTIVE,2024-08-15
1323,PRD001323,Elite Services,2.97,AGENT,MH,SUSPENDED,2024-08-16
1324,PRD001324,Trusted Services,6.71,INDIVIDUAL,AP,TERMINATED,2024-08-17
1325,PRD001325,Global Services,12.08,AGENCY,TS,ACTIVE,2024-08-18
1326,PRD001326,Royal Services,4.14,BROKER,KL,INACTIVE,2024-08-19
1327,PRD001327,United Services,7.21,AGENT,DL,SUSPENDED,2024-08-20
1328,PRD001328,Pioneer Services,4.53,INDIVIDUAL,GJ,TERMINATED,2024-08-21
1329,PRD001329,Smart Services,12.89,AGENCY,RJ,ACTIVE,2024-08-22
1330,PRD001330,Apex Services,12.14,BROKER,WB,INACTIVE,2024-08-23
1331,PRD001331,Blue Services,12.61,AGENT,TN,SUSPENDED,2024-08-24
1332,PRD001332,Golden Services,4.57,INDIVIDUAL,KA,TERMINATED,2024-08-25
1333,PRD001333,Future Services,7.97,AGENCY,MH,ACTIVE,2024-08-26
1334,PRD001334,Vertex Services,7.64,BROKER,AP,INACTIVE,2024-08-27
1335,PRD001335,Summit Services,10.95,AGENT,TS,SUSPENDED,2024-08-28
1336,PRD001336,Shield Services,5.47,INDIVIDUAL,KL,TERMINATED,2024-08-29
1337,PRD001337,Crystal Services,8.05,AGENCY,DL,ACTIVE,2024-08-30
1338,PRD001338,Infinity Services,6.06,BROKER,GJ,INACTIVE,2024-08-31
1339,PRD001339,Vision Services,11.86,AGENT,RJ,SUSPENDED,2024-09-01
1340,PRD001340,First Services,8.11,INDIVIDUAL,WB,TERMINATED,2024-09-02
1341,PRD001341,Prime Partners,9.18,AGENCY,TN,ACTIVE,2024-09-03
1342,PRD001342,Secure Partners,6.37,BROKER,KA,INACTIVE,2024-09-04
1343,PRD001343,Elite Partners,12.61,AGENT,MH,SUSPENDED,2024-09-05
1344,PRD001344,Trusted Partners,8.36,INDIVIDUAL,AP,TERMINATED,2024-09-06
1345,PRD001345,Global Partners,12.94,AGENCY,TS,ACTIVE,2024-09-07
1346,PRD001346,Royal Partners,7.1,BROKER,KL,INACTIVE,2024-09-08
1347,PRD001347,United Partners,14.34,AGENT,DL,SUSPENDED,2024-09-09
1348,PRD001348,Pioneer Partners,14.81,INDIVIDUAL,GJ,TERMINATED,2024-09-10
1349,PRD001349,Smart Partners,8.27,AGENCY,RJ,ACTIVE,2024-09-11
1350,PRD001350,Apex Partners,6.02,BROKER,WB,INACTIVE,2024-09-12
1351,PRD001351,Blue Partners,7.27,AGENT,TN,SUSPENDED,2024-09-13
1352,PRD001352,Golden Partners,9.09,INDIVIDUAL,KA,TERMINATED,2024-09-14
1353,PRD001353,Future Partners,14.58,AGENCY,MH,ACTIVE,2024-09-15
1354,PRD001354,Vertex Partners,12.71,BROKER,AP,INACTIVE,2024-09-16
1355,PRD001355,Summit Partners,12.52,AGENT,TS,SUSPENDED,2024-09-17
1356,PRD001356,Shield Partners,4.23,INDIVIDUAL,KL,TERMINATED,2024-09-18
1357,PRD001357,Crystal Partners,5.63,AGENCY,DL,ACTIVE,2024-09-19
1358,PRD001358,Infinity Partners,10.51,BROKER,GJ,INACTIVE,2024-09-20
1359,PRD001359,Vision Partners,13.43,AGENT,RJ,SUSPENDED,2024-09-21
1360,PRD001360,First Partners,9.43,INDIVIDUAL,WB,TERMINATED,2024-09-22
1361,PRD001361,Prime Solutions,3.78,AGENCY,TN,ACTIVE,2024-09-23
1362,PRD001362,Secure Solutions,13.07,BROKER,KA,INACTIVE,2024-09-24
1363,PRD001363,Elite Solutions,13.14,AGENT,MH,SUSPENDED,2024-09-25
1364,PRD001364,Trusted Solutions,6.06,INDIVIDUAL,AP,TERMINATED,2024-09-26
1365,PRD001365,Global Solutions,12.04,AGENCY,TS,ACTIVE,2024-09-27
1366,PRD001366,Royal Solutions,5.91,BROKER,KL,INACTIVE,2024-09-28
1367,PRD001367,United Solutions,13.82,AGENT,DL,SUSPENDED,2024-09-29
1368,PRD001368,Pioneer Solutions,4.34,INDIVIDUAL,GJ,TERMINATED,2024-09-30
1369,PRD001369,Smart Solutions,7.97,AGENCY,RJ,ACTIVE,2024-10-01
1370,PRD001370,Apex Solutions,14.33,BROKER,WB,INACTIVE,2024-10-02
1371,PRD001371,Blue Solutions,5.28,AGENT,TN,SUSPENDED,2024-10-03
1372,PRD001372,Golden Solutions,8.14,INDIVIDUAL,KA,TERMINATED,2024-10-04
1373,PRD001373,Future Solutions,6.87,AGENCY,MH,ACTIVE,2024-10-05
1374,PRD001374,Vertex Solutions,2.83,BROKER,AP,INACTIVE,2024-10-06
1375,PRD001375,Summit Solutions,3.17,AGENT,TS,SUSPENDED,2024-10-07
1376,PRD001376,Shield Solutions,8.78,INDIVIDUAL,KL,TERMINATED,2024-10-08
1377,PRD001377,Crystal Solutions,5.45,AGENCY,DL,ACTIVE,2024-10-09
1378,PRD001378,Infinity Solutions,14.93,BROKER,GJ,INACTIVE,2024-10-10
1379,PRD001379,Vision Solutions,7.19,AGENT,RJ,SUSPENDED,2024-10-11
1380,PRD001380,First Solutions,2.85,INDIVIDUAL,WB,TERMINATED,2024-10-12
1381,PRD001381,Prime Consulting,14.14,AGENCY,TN,ACTIVE,2024-10-13
1382,PRD001382,Secure Consulting,12.99,BROKER,KA,INACTIVE,2024-10-14
1383,PRD001383,Elite Consulting,10.62,AGENT,MH,SUSPENDED,2024-10-15
1384,PRD001384,Trusted Consulting,12.39,INDIVIDUAL,AP,TERMINATED,2024-10-16
1385,PRD001385,Global Consulting,4.22,AGENCY,TS,ACTIVE,2024-10-17
1386,PRD001386,Royal Consulting,6.09,BROKER,KL,INACTIVE,2024-10-18
1387,PRD001387,United Consulting,12.87,AGENT,DL,SUSPENDED,2024-10-19
1388,PRD001388,Pioneer Consulting,11.2,INDIVIDUAL,GJ,TERMINATED,2024-10-20
1389,PRD001389,Smart Consulting,4.23,AGENCY,RJ,ACTIVE,2024-10-21
1390,PRD001390,Apex Consulting,11.32,BROKER,WB,INACTIVE,2024-10-22
1391,PRD001391,Blue Consulting,8.11,AGENT,TN,SUSPENDED,2024-10-23
1392,PRD001392,Golden Consulting,2.57,INDIVIDUAL,KA,TERMINATED,2024-10-24
1393,PRD001393,Future Consulting,3.49,AGENCY,MH,ACTIVE,2024-10-25
1394,PRD001394,Vertex Consulting,5.7,BROKER,AP,INACTIVE,2024-10-26
1395,PRD001395,Summit Consulting,12.94,AGENT,TS,SUSPENDED,2024-10-27
1396,PRD001396,Shield Consulting,9.36,INDIVIDUAL,KL,TERMINATED,2024-10-28
1397,PRD001397,Crystal Consulting,11.59,AGENCY,DL,ACTIVE,2024-10-29
1398,PRD001398,Infinity Consulting,9.1,BROKER,GJ,INACTIVE,2024-10-30
1399,PRD001399,Vision Consulting,3.89,AGENT,RJ,SUSPENDED,2024-10-31
1400,PRD001400,First Consulting,6.1,INDIVIDUAL,WB,TERMINATED,2021-01-01
1401,PRD001401,Prime Insurance,6.26,AGENCY,TN,ACTIVE,2021-01-02
1402,PRD001402,Secure Insurance,3.1,BROKER,KA,INACTIVE,2021-01-03
1403,PRD001403,Elite Insurance,7.75,AGENT,MH,SUSPENDED,2021-01-04
1404,PRD001404,Trusted Insurance,12.42,INDIVIDUAL,AP,TERMINATED,2021-01-05
1405,PRD001405,Global Insurance,8.21,AGENCY,TS,ACTIVE,2021-01-06
1406,PRD001406,Royal Insurance,3.89,BROKER,KL,INACTIVE,2021-01-07
1407,PRD001407,United Insurance,13.81,AGENT,DL,SUSPENDED,2021-01-08
1408,PRD001408,Pioneer Insurance,9.96,INDIVIDUAL,GJ,TERMINATED,2021-01-09
1409,PRD001409,Smart Insurance,2.71,AGENCY,RJ,ACTIVE,2021-01-10
1410,PRD001410,Apex Insurance,8.94,BROKER,WB,INACTIVE,2021-01-11
1411,PRD001411,Blue Insurance,5.52,AGENT,TN,SUSPENDED,2021-01-12
1412,PRD001412,Golden Insurance,4.29,INDIVIDUAL,KA,TERMINATED,2021-01-13
1413,PRD001413,Future Insurance,7.87,AGENCY,MH,ACTIVE,2021-01-14
1414,PRD001414,Vertex Insurance,10.19,BROKER,AP,INACTIVE,2021-01-15
1415,PRD001415,Summit Insurance,5.51,AGENT,TS,SUSPENDED,2021-01-16
1416,PRD001416,Shield Insurance,7.71,INDIVIDUAL,KL,TERMINATED,2021-01-17
1417,PRD001417,Crystal Insurance,10.8,AGENCY,DL,ACTIVE,2021-01-18
1418,PRD001418,Infinity Insurance,3.57,BROKER,GJ,INACTIVE,2021-01-19
1419,PRD001419,Vision Insurance,14.68,AGENT,RJ,SUSPENDED,2021-01-20
1420,PRD001420,First Insurance,3.35,INDIVIDUAL,WB,TERMINATED,2021-01-21
1421,PRD001421,Prime Brokers,9.08,AGENCY,TN,ACTIVE,2021-01-22
1422,PRD001422,Secure Brokers,8.84,BROKER,KA,INACTIVE,2021-01-23
1423,PRD001423,Elite Brokers,14.85,AGENT,MH,SUSPENDED,2021-01-24
1424,PRD001424,Trusted Brokers,9.43,INDIVIDUAL,AP,TERMINATED,2021-01-25
1425,PRD001425,Global Brokers,7.38,AGENCY,TS,ACTIVE,2021-01-26
1426,PRD001426,Royal Brokers,8.38,BROKER,KL,INACTIVE,2021-01-27
1427,PRD001427,United Brokers,10.45,AGENT,DL,SUSPENDED,2021-01-28
1428,PRD001428,Pioneer Brokers,14.76,INDIVIDUAL,GJ,TERMINATED,2021-01-29
1429,PRD001429,Smart Brokers,5.67,AGENCY,RJ,ACTIVE,2021-01-30
1430,PRD001430,Apex Brokers,2.7,BROKER,WB,INACTIVE,2021-01-31
1431,PRD001431,Blue Brokers,12.36,AGENT,TN,SUSPENDED,2021-02-01
1432,PRD001432,Golden Brokers,6.81,INDIVIDUAL,KA,TERMINATED,2021-02-02
1433,PRD001433,Future Brokers,11.66,AGENCY,MH,ACTIVE,2021-02-03
1434,PRD001434,Vertex Brokers,10.35,BROKER,AP,INACTIVE,2021-02-04
1435,PRD001435,Summit Brokers,12.14,AGENT,TS,SUSPENDED,2021-02-05
1436,PRD001436,Shield Brokers,11.69,INDIVIDUAL,KL,TERMINATED,2021-02-06
1437,PRD001437,Crystal Brokers,6.66,AGENCY,DL,ACTIVE,2021-02-07
1438,PRD001438,Infinity Brokers,3.05,BROKER,GJ,INACTIVE,2021-02-08
1439,PRD001439,Vision Brokers,9.33,AGENT,RJ,SUSPENDED,2021-02-09
1440,PRD001440,First Brokers,12.67,INDIVIDUAL,WB,TERMINATED,2021-02-10
1441,PRD001441,Prime Agency,4.69,AGENCY,TN,ACTIVE,2021-02-11
1442,PRD001442,Secure Agency,12.24,BROKER,KA,INACTIVE,2021-02-12
1443,PRD001443,Elite Agency,8.31,AGENT,MH,SUSPENDED,2021-02-13
1444,PRD001444,Trusted Agency,11.19,INDIVIDUAL,AP,TERMINATED,2021-02-14
1445,PRD001445,Global Agency,10.4,AGENCY,TS,ACTIVE,2021-02-15
1446,PRD001446,Royal Agency,12.64,BROKER,KL,INACTIVE,2021-02-16
1447,PRD001447,United Agency,3.29,AGENT,DL,SUSPENDED,2021-02-17
1448,PRD001448,Pioneer Agency,12.2,INDIVIDUAL,GJ,TERMINATED,2021-02-18
1449,PRD001449,Smart Agency,8.22,AGENCY,RJ,ACTIVE,2021-02-19
1450,PRD001450,Apex Agency,6.17,BROKER,WB,INACTIVE,2021-02-20
1451,PRD001451,Blue Agency,3.05,AGENT,TN,SUSPENDED,2021-02-21
1452,PRD001452,Golden Agency,4.99,INDIVIDUAL,KA,TERMINATED,2021-02-22
1453,PRD001453,Future Agency,3.02,AGENCY,MH,ACTIVE,2021-02-23
1454,PRD001454,Vertex Agency,14.17,BROKER,AP,INACTIVE,2021-02-24
1455,PRD001455,Summit Agency,8.94,AGENT,TS,SUSPENDED,2021-02-25
1456,PRD001456,Shield Agency,14.86,INDIVIDUAL,KL,TERMINATED,2021-02-26
1457,PRD001457,Crystal Agency,9.29,AGENCY,DL,ACTIVE,2021-02-27
1458,PRD001458,Infinity Agency,5.67,BROKER,GJ,INACTIVE,2021-02-28
1459,PRD001459,Vision Agency,11.92,AGENT,RJ,SUSPENDED,2021-03-01
1460,PRD001460,First Agency,4.89,INDIVIDUAL,WB,TERMINATED,2021-03-02
1461,PRD001461,Prime Coverage,6.96,AGENCY,TN,ACTIVE,2021-03-03
1462,PRD001462,Secure Coverage,12.26,BROKER,KA,INACTIVE,2021-03-04
1463,PRD001463,Elite Coverage,13.32,AGENT,MH,SUSPENDED,2021-03-05
1464,PRD001464,Trusted Coverage,6.65,INDIVIDUAL,AP,TERMINATED,2021-03-06
1465,PRD001465,Global Coverage,4.06,AGENCY,TS,ACTIVE,2021-03-07
1466,PRD001466,Royal Coverage,7.1,BROKER,KL,INACTIVE,2021-03-08
1467,PRD001467,United Coverage,13.62,AGENT,DL,SUSPENDED,2021-03-09
1468,PRD001468,Pioneer Coverage,11.79,INDIVIDUAL,GJ,TERMINATED,2021-03-10
1469,PRD001469,Smart Coverage,13.68,AGENCY,RJ,ACTIVE,2021-03-11
1470,PRD001470,Apex Coverage,7.33,BROKER,WB,INACTIVE,2021-03-12
1471,PRD001471,Blue Coverage,14.67,AGENT,TN,SUSPENDED,2021-03-13
1472,PRD001472,Golden Coverage,8.7,INDIVIDUAL,KA,TERMINATED,2021-03-14
1473,PRD001473,Future Coverage,8.72,AGENCY,MH,ACTIVE,2021-03-15
1474,PRD001474,Vertex Coverage,14.05,BROKER,AP,INACTIVE,2021-03-16
1475,PRD001475,Summit Coverage,8.99,AGENT,TS,SUSPENDED,2021-03-17
1476,PRD001476,Shield Coverage,12.51,INDIVIDUAL,KL,TERMINATED,2021-03-18
1477,PRD001477,Crystal Coverage,11.59,AGENCY,DL,ACTIVE,2021-03-19
1478,PRD001478,Infinity Coverage,3.49,BROKER,GJ,INACTIVE,2021-03-20
1479,PRD001479,Vision Coverage,10.03,AGENT,RJ,SUSPENDED,2021-03-21
1480,PRD001480,First Coverage,12.78,INDIVIDUAL,WB,TERMINATED,2021-03-22
1481,PRD001481,Prime Risk,9.32,AGENCY,TN,ACTIVE,2021-03-23
1482,PRD001482,Secure Risk,6.52,BROKER,KA,INACTIVE,2021-03-24
1483,PRD001483,Elite Risk,3.5,AGENT,MH,SUSPENDED,2021-03-25
1484,PRD001484,Trusted Risk,10.76,INDIVIDUAL,AP,TERMINATED,2021-03-26
1485,PRD001485,Global Risk,6.33,AGENCY,TS,ACTIVE,2021-03-27
1486,PRD001486,Royal Risk,10.03,BROKER,KL,INACTIVE,2021-03-28
1487,PRD001487,United Risk,7.83,AGENT,DL,SUSPENDED,2021-03-29
1488,PRD001488,Pioneer Risk,11.12,INDIVIDUAL,GJ,TERMINATED,2021-03-30
1489,PRD001489,Smart Risk,6.89,AGENCY,RJ,ACTIVE,2021-03-31
1490,PRD001490,Apex Risk,3.03,BROKER,WB,INACTIVE,2021-04-01
1491,PRD001491,Blue Risk,13.38,AGENT,TN,SUSPENDED,2021-04-02
1492,PRD001492,Golden Risk,6.91,INDIVIDUAL,KA,TERMINATED,2021-04-03
1493,PRD001493,Future Risk,14.98,AGENCY,MH,ACTIVE,2021-04-04
1494,PRD001494,Vertex Risk,5.93,BROKER,AP,INACTIVE,2021-04-05
1495,PRD001495,Summit Risk,14.75,AGENT,TS,SUSPENDED,2021-04-06
1496,PRD001496,Shield Risk,14.35,INDIVIDUAL,KL,TERMINATED,2021-04-07
1497,PRD001497,Crystal Risk,3.44,AGENCY,DL,ACTIVE,2021-04-08
1498,PRD001498,Infinity Risk,10.47,BROKER,GJ,INACTIVE,2021-04-09
1499,PRD001499,Vision Risk,7.04,AGENT,RJ,SUSPENDED,2021-04-10
1500,PRD001500,First Risk,12.51,INDIVIDUAL,WB,TERMINATED,2021-04-11
1501,PRD001501,Prime Assurance,10.99,AGENCY,TN,ACTIVE,2021-04-12
1502,PRD001502,Secure Assurance,14.41,BROKER,KA,INACTIVE,2021-04-13
1503,PRD001503,Elite Assurance,4.28,AGENT,MH,SUSPENDED,2021-04-14
1504,PRD001504,Trusted Assurance,10.09,INDIVIDUAL,AP,TERMINATED,2021-04-15
1505,PRD001505,Global Assurance,12.27,AGENCY,TS,ACTIVE,2021-04-16
1506,PRD001506,Royal Assurance,2.93,BROKER,KL,INACTIVE,2021-04-17
1507,PRD001507,United Assurance,3.34,AGENT,DL,SUSPENDED,2021-04-18
1508,PRD001508,Pioneer Assurance,12.23,INDIVIDUAL,GJ,TERMINATED,2021-04-19
1509,PRD001509,Smart Assurance,7.08,AGENCY,RJ,ACTIVE,2021-04-20
1510,PRD001510,Apex Assurance,7.29,BROKER,WB,INACTIVE,2021-04-21
1511,PRD001511,Blue Assurance,9.59,AGENT,TN,SUSPENDED,2021-04-22
1512,PRD001512,Golden Assurance,10.06,INDIVIDUAL,KA,TERMINATED,2021-04-23
1513,PRD001513,Future Assurance,10.99,AGENCY,MH,ACTIVE,2021-04-24
1514,PRD001514,Vertex Assurance,14.36,BROKER,AP,INACTIVE,2021-04-25
1515,PRD001515,Summit Assurance,7.15,AGENT,TS,SUSPENDED,2021-04-26
1516,PRD001516,Shield Assurance,12.04,INDIVIDUAL,KL,TERMINATED,2021-04-27
1517,PRD001517,Crystal Assurance,9.67,AGENCY,DL,ACTIVE,2021-04-28
1518,PRD001518,Infinity Assurance,9.12,BROKER,GJ,INACTIVE,2021-04-29
1519,PRD001519,Vision Assurance,7.48,AGENT,RJ,SUSPENDED,2021-04-30
1520,PRD001520,First Assurance,10.62,INDIVIDUAL,WB,TERMINATED,2021-05-01
1521,PRD001521,Prime Services,5.62,AGENCY,TN,ACTIVE,2021-05-02
1522,PRD001522,Secure Services,3.92,BROKER,KA,INACTIVE,2021-05-03
1523,PRD001523,Elite Services,11.7,AGENT,MH,SUSPENDED,2021-05-04
1524,PRD001524,Trusted Services,8.74,INDIVIDUAL,AP,TERMINATED,2021-05-05
1525,PRD001525,Global Services,7.34,AGENCY,TS,ACTIVE,2021-05-06
1526,PRD001526,Royal Services,9.52,BROKER,KL,INACTIVE,2021-05-07
1527,PRD001527,United Services,5.77,AGENT,DL,SUSPENDED,2021-05-08
1528,PRD001528,Pioneer Services,5.75,INDIVIDUAL,GJ,TERMINATED,2021-05-09
1529,PRD001529,Smart Services,8.08,AGENCY,RJ,ACTIVE,2021-05-10
1530,PRD001530,Apex Services,14.95,BROKER,WB,INACTIVE,2021-05-11
1531,PRD001531,Blue Services,6.07,AGENT,TN,SUSPENDED,2021-05-12
1532,PRD001532,Golden Services,13.96,INDIVIDUAL,KA,TERMINATED,2021-05-13
1533,PRD001533,Future Services,8.64,AGENCY,MH,ACTIVE,2021-05-14
1534,PRD001534,Vertex Services,4.03,BROKER,AP,INACTIVE,2021-05-15
1535,PRD001535,Summit Services,13.16,AGENT,TS,SUSPENDED,2021-05-16
1536,PRD001536,Shield Services,8.15,INDIVIDUAL,KL,TERMINATED,2021-05-17
1537,PRD001537,Crystal Services,13.73,AGENCY,DL,ACTIVE,2021-05-18
1538,PRD001538,Infinity Services,8.06,BROKER,GJ,INACTIVE,2021-05-19
1539,PRD001539,Vision Services,3.6,AGENT,RJ,SUSPENDED,2021-05-20
1540,PRD001540,First Services,11.02,INDIVIDUAL,WB,TERMINATED,2021-05-21
1541,PRD001541,Prime Partners,13.07,AGENCY,TN,ACTIVE,2021-05-22
1542,PRD001542,Secure Partners,6.49,BROKER,KA,INACTIVE,2021-05-23
1543,PRD001543,Elite Partners,6.84,AGENT,MH,SUSPENDED,2021-05-24
1544,PRD001544,Trusted Partners,3.31,INDIVIDUAL,AP,TERMINATED,2021-05-25
1545,PRD001545,Global Partners,9.28,AGENCY,TS,ACTIVE,2021-05-26
1546,PRD001546,Royal Partners,13.64,BROKER,KL,INACTIVE,2021-05-27
1547,PRD001547,United Partners,13.14,AGENT,DL,SUSPENDED,2021-05-28
1548,PRD001548,Pioneer Partners,11.4,INDIVIDUAL,GJ,TERMINATED,2021-05-29
1549,PRD001549,Smart Partners,14.09,AGENCY,RJ,ACTIVE,2021-05-30
1550,PRD001550,Apex Partners,10.47,BROKER,WB,INACTIVE,2021-05-31
1551,PRD001551,Blue Partners,12.42,AGENT,TN,SUSPENDED,2021-06-01
1552,PRD001552,Golden Partners,8.86,INDIVIDUAL,KA,TERMINATED,2021-06-02
1553,PRD001553,Future Partners,4.02,AGENCY,MH,ACTIVE,2021-06-03
1554,PRD001554,Vertex Partners,5.01,BROKER,AP,INACTIVE,2021-06-04
1555,PRD001555,Summit Partners,4.24,AGENT,TS,SUSPENDED,2021-06-05
1556,PRD001556,Shield Partners,12.38,INDIVIDUAL,KL,TERMINATED,2021-06-06
1557,PRD001557,Crystal Partners,2.83,AGENCY,DL,ACTIVE,2021-06-07
1558,PRD001558,Infinity Partners,9.43,BROKER,GJ,INACTIVE,2021-06-08
1559,PRD001559,Vision Partners,7.11,AGENT,RJ,SUSPENDED,2021-06-09
1560,PRD001560,First Partners,12.55,INDIVIDUAL,WB,TERMINATED,2021-06-10
1561,PRD001561,Prime Solutions,9.4,AGENCY,TN,ACTIVE,2021-06-11
1562,PRD001562,Secure Solutions,10.15,BROKER,KA,INACTIVE,2021-06-12
1563,PRD001563,Elite Solutions,3.58,AGENT,MH,SUSPENDED,2021-06-13
1564,PRD001564,Trusted Solutions,6.37,INDIVIDUAL,AP,TERMINATED,2021-06-14
1565,PRD001565,Global Solutions,14.99,AGENCY,TS,ACTIVE,2021-06-15
1566,PRD001566,Royal Solutions,11.49,BROKER,KL,INACTIVE,2021-06-16
1567,PRD001567,United Solutions,9.07,AGENT,DL,SUSPENDED,2021-06-17
1568,PRD001568,Pioneer Solutions,12.11,INDIVIDUAL,GJ,TERMINATED,2021-06-18
1569,PRD001569,Smart Solutions,12.79,AGENCY,RJ,ACTIVE,2021-06-19
1570,PRD001570,Apex Solutions,3.42,BROKER,WB,INACTIVE,2021-06-20
1571,PRD001571,Blue Solutions,14.65,AGENT,TN,SUSPENDED,2021-06-21
1572,PRD001572,Golden Solutions,10.53,INDIVIDUAL,KA,TERMINATED,2021-06-22
1573,PRD001573,Future Solutions,8.12,AGENCY,MH,ACTIVE,2021-06-23
1574,PRD001574,Vertex Solutions,11.0,BROKER,AP,INACTIVE,2021-06-24
1575,PRD001575,Summit Solutions,6.81,AGENT,TS,SUSPENDED,2021-06-25
1576,PRD001576,Shield Solutions,13.47,INDIVIDUAL,KL,TERMINATED,2021-06-26
1577,PRD001577,Crystal Solutions,12.25,AGENCY,DL,ACTIVE,2021-06-27
1578,PRD001578,Infinity Solutions,10.5,BROKER,GJ,INACTIVE,2021-06-28
1579,PRD001579,Vision Solutions,4.77,AGENT,RJ,SUSPENDED,2021-06-29
1580,PRD001580,First Solutions,14.58,INDIVIDUAL,WB,TERMINATED,2021-06-30
1581,PRD001581,Prime Consulting,7.91,AGENCY,TN,ACTIVE,2021-07-01
1582,PRD001582,Secure Consulting,13.88,BROKER,KA,INACTIVE,2021-07-02
1583,PRD001583,Elite Consulting,3.19,AGENT,MH,SUSPENDED,2021-07-03
1584,PRD001584,Trusted Consulting,4.05,INDIVIDUAL,AP,TERMINATED,2021-07-04
1585,PRD001585,Global Consulting,4.41,AGENCY,TS,ACTIVE,2021-07-05
1586,PRD001586,Royal Consulting,4.56,BROKER,KL,INACTIVE,2021-07-06
1587,PRD001587,United Consulting,6.53,AGENT,DL,SUSPENDED,2021-07-07
1588,PRD001588,Pioneer Consulting,11.37,INDIVIDUAL,GJ,TERMINATED,2021-07-08
1589,PRD001589,Smart Consulting,6.83,AGENCY,RJ,ACTIVE,2021-07-09
1590,PRD001590,Apex Consulting,14.26,BROKER,WB,INACTIVE,2021-07-10
1591,PRD001591,Blue Consulting,13.69,AGENT,TN,SUSPENDED,2021-07-11
1592,PRD001592,Golden Consulting,13.07,INDIVIDUAL,KA,TERMINATED,2021-07-12
1593,PRD001593,Future Consulting,5.63,AGENCY,MH,ACTIVE,2021-07-13
1594,PRD001594,Vertex Consulting,10.44,BROKER,AP,INACTIVE,2021-07-14
1595,PRD001595,Summit Consulting,9.39,AGENT,TS,SUSPENDED,2021-07-15
1596,PRD001596,Shield Consulting,4.06,INDIVIDUAL,KL,TERMINATED,2021-07-16
1597,PRD001597,Crystal Consulting,6.29,AGENCY,DL,ACTIVE,2021-07-17
1598,PRD001598,Infinity Consulting,9.17,BROKER,GJ,INACTIVE,2021-07-18
1599,PRD001599,Vision Consulting,8.78,AGENT,RJ,SUSPENDED,2021-07-19
1600,PRD001600,First Consulting,4.61,INDIVIDUAL,WB,TERMINATED,2021-07-20
1601,PRD001601,Prime Insurance,14.27,AGENCY,TN,ACTIVE,2021-07-21
1602,PRD001602,Secure Insurance,4.43,BROKER,KA,INACTIVE,2021-07-22
1603,PRD001603,Elite Insurance,10.73,AGENT,MH,SUSPENDED,2021-07-23
1604,PRD001604,Trusted Insurance,11.51,INDIVIDUAL,AP,TERMINATED,2021-07-24
1605,PRD001605,Global Insurance,10.06,AGENCY,TS,ACTIVE,2021-07-25
1606,PRD001606,Royal Insurance,13.03,BROKER,KL,INACTIVE,2021-07-26
1607,PRD001607,United Insurance,9.55,AGENT,DL,SUSPENDED,2021-07-27
1608,PRD001608,Pioneer Insurance,12.82,INDIVIDUAL,GJ,TERMINATED,2021-07-28
1609,PRD001609,Smart Insurance,2.85,AGENCY,RJ,ACTIVE,2021-07-29
1610,PRD001610,Apex Insurance,3.07,BROKER,WB,INACTIVE,2021-07-30
1611,PRD001611,Blue Insurance,10.52,AGENT,TN,SUSPENDED,2021-07-31
1612,PRD001612,Golden Insurance,9.71,INDIVIDUAL,KA,TERMINATED,2021-08-01
1613,PRD001613,Future Insurance,10.64,AGENCY,MH,ACTIVE,2021-08-02
1614,PRD001614,Vertex Insurance,12.09,BROKER,AP,INACTIVE,2021-08-03
1615,PRD001615,Summit Insurance,7.71,AGENT,TS,SUSPENDED,2021-08-04
1616,PRD001616,Shield Insurance,10.49,INDIVIDUAL,KL,TERMINATED,2021-08-05
1617,PRD001617,Crystal Insurance,8.73,AGENCY,DL,ACTIVE,2021-08-06
1618,PRD001618,Infinity Insurance,10.34,BROKER,GJ,INACTIVE,2021-08-07
1619,PRD001619,Vision Insurance,6.12,AGENT,RJ,SUSPENDED,2021-08-08
1620,PRD001620,First Insurance,14.46,INDIVIDUAL,WB,TERMINATED,2021-08-09
1621,PRD001621,Prime Brokers,8.54,AGENCY,TN,ACTIVE,2021-08-10
1622,PRD001622,Secure Brokers,12.56,BROKER,KA,INACTIVE,2021-08-11
1623,PRD001623,Elite Brokers,11.06,AGENT,MH,SUSPENDED,2021-08-12
1624,PRD001624,Trusted Brokers,6.22,INDIVIDUAL,AP,TERMINATED,2021-08-13
1625,PRD001625,Global Brokers,3.41,AGENCY,TS,ACTIVE,2021-08-14
1626,PRD001626,Royal Brokers,3.25,BROKER,KL,INACTIVE,2021-08-15
1627,PRD001627,United Brokers,8.0,AGENT,DL,SUSPENDED,2021-08-16
1628,PRD001628,Pioneer Brokers,8.55,INDIVIDUAL,GJ,TERMINATED,2021-08-17
1629,PRD001629,Smart Brokers,5.05,AGENCY,RJ,ACTIVE,2021-08-18
1630,PRD001630,Apex Brokers,10.08,BROKER,WB,INACTIVE,2021-08-19
1631,PRD001631,Blue Brokers,6.41,AGENT,TN,SUSPENDED,2021-08-20
1632,PRD001632,Golden Brokers,11.48,INDIVIDUAL,KA,TERMINATED,2021-08-21
1633,PRD001633,Future Brokers,11.68,AGENCY,MH,ACTIVE,2021-08-22
1634,PRD001634,Vertex Brokers,13.26,BROKER,AP,INACTIVE,2021-08-23
1635,PRD001635,Summit Brokers,14.69,AGENT,TS,SUSPENDED,2021-08-24
1636,PRD001636,Shield Brokers,4.13,INDIVIDUAL,KL,TERMINATED,2021-08-25
1637,PRD001637,Crystal Brokers,7.13,AGENCY,DL,ACTIVE,2021-08-26
1638,PRD001638,Infinity Brokers,9.52,BROKER,GJ,INACTIVE,2021-08-27
1639,PRD001639,Vision Brokers,6.49,AGENT,RJ,SUSPENDED,2021-08-28
1640,PRD001640,First Brokers,8.33,INDIVIDUAL,WB,TERMINATED,2021-08-29
1641,PRD001641,Prime Agency,5.84,AGENCY,TN,ACTIVE,2021-08-30
1642,PRD001642,Secure Agency,5.6,BROKER,KA,INACTIVE,2021-08-31
1643,PRD001643,Elite Agency,3.71,AGENT,MH,SUSPENDED,2021-09-01
1644,PRD001644,Trusted Agency,6.13,INDIVIDUAL,AP,TERMINATED,2021-09-02
1645,PRD001645,Global Agency,7.3,AGENCY,TS,ACTIVE,2021-09-03
1646,PRD001646,Royal Agency,10.19,BROKER,KL,INACTIVE,2021-09-04
1647,PRD001647,United Agency,5.6,AGENT,DL,SUSPENDED,2021-09-05
1648,PRD001648,Pioneer Agency,13.32,INDIVIDUAL,GJ,TERMINATED,2021-09-06
1649,PRD001649,Smart Agency,4.5,AGENCY,RJ,ACTIVE,2021-09-07
1650,PRD001650,Apex Agency,6.59,BROKER,WB,INACTIVE,2021-09-08
1651,PRD001651,Blue Agency,9.72,AGENT,TN,SUSPENDED,2021-09-09
1652,PRD001652,Golden Agency,6.41,INDIVIDUAL,KA,TERMINATED,2021-09-10
1653,PRD001653,Future Agency,12.04,AGENCY,MH,ACTIVE,2021-09-11
1654,PRD001654,Vertex Agency,8.73,BROKER,AP,INACTIVE,2021-09-12
1655,PRD001655,Summit Agency,8.93,AGENT,TS,SUSPENDED,2021-09-13
1656,PRD001656,Shield Agency,8.73,INDIVIDUAL,KL,TERMINATED,2021-09-14
1657,PRD001657,Crystal Agency,6.36,AGENCY,DL,ACTIVE,2021-09-15
1658,PRD001658,Infinity Agency,2.79,BROKER,GJ,INACTIVE,2021-09-16
1659,PRD001659,Vision Agency,14.32,AGENT,RJ,SUSPENDED,2021-09-17
1660,PRD001660,First Agency,8.82,INDIVIDUAL,WB,TERMINATED,2021-09-18
1661,PRD001661,Prime Coverage,14.58,AGENCY,TN,ACTIVE,2021-09-19
1662,PRD001662,Secure Coverage,5.19,BROKER,KA,INACTIVE,2021-09-20
1663,PRD001663,Elite Coverage,6.91,AGENT,MH,SUSPENDED,2021-09-21
1664,PRD001664,Trusted Coverage,3.13,INDIVIDUAL,AP,TERMINATED,2021-09-22
1665,PRD001665,Global Coverage,8.69,AGENCY,TS,ACTIVE,2021-09-23
1666,PRD001666,Royal Coverage,13.53,BROKER,KL,INACTIVE,2021-09-24
1667,PRD001667,United Coverage,10.68,AGENT,DL,SUSPENDED,2021-09-25
1668,PRD001668,Pioneer Coverage,8.38,INDIVIDUAL,GJ,TERMINATED,2021-09-26
1669,PRD001669,Smart Coverage,9.21,AGENCY,RJ,ACTIVE,2021-09-27
1670,PRD001670,Apex Coverage,13.09,BROKER,WB,INACTIVE,2021-09-28
1671,PRD001671,Blue Coverage,7.89,AGENT,TN,SUSPENDED,2021-09-29
1672,PRD001672,Golden Coverage,13.53,INDIVIDUAL,KA,TERMINATED,2021-09-30
1673,PRD001673,Future Coverage,11.59,AGENCY,MH,ACTIVE,2021-10-01
1674,PRD001674,Vertex Coverage,12.05,BROKER,AP,INACTIVE,2021-10-02
1675,PRD001675,Summit Coverage,7.07,AGENT,TS,SUSPENDED,2021-10-03
1676,PRD001676,Shield Coverage,7.51,INDIVIDUAL,KL,TERMINATED,2021-10-04
1677,PRD001677,Crystal Coverage,9.63,AGENCY,DL,ACTIVE,2021-10-05
1678,PRD001678,Infinity Coverage,4.93,BROKER,GJ,INACTIVE,2021-10-06
1679,PRD001679,Vision Coverage,9.42,AGENT,RJ,SUSPENDED,2021-10-07
1680,PRD001680,First Coverage,3.42,INDIVIDUAL,WB,TERMINATED,2021-10-08
1681,PRD001681,Prime Risk,8.8,AGENCY,TN,ACTIVE,2021-10-09
1682,PRD001682,Secure Risk,12.06,BROKER,KA,INACTIVE,2021-10-10
1683,PRD001683,Elite Risk,6.0,AGENT,MH,SUSPENDED,2021-10-11
1684,PRD001684,Trusted Risk,14.86,INDIVIDUAL,AP,TERMINATED,2021-10-12
1685,PRD001685,Global Risk,11.0,AGENCY,TS,ACTIVE,2021-10-13
1686,PRD001686,Royal Risk,3.99,BROKER,KL,INACTIVE,2021-10-14
1687,PRD001687,United Risk,14.69,AGENT,DL,SUSPENDED,2021-10-15
1688,PRD001688,Pioneer Risk,7.42,INDIVIDUAL,GJ,TERMINATED,2021-10-16
1689,PRD001689,Smart Risk,12.44,AGENCY,RJ,ACTIVE,2021-10-17
1690,PRD001690,Apex Risk,6.74,BROKER,WB,INACTIVE,2021-10-18
1691,PRD001691,Blue Risk,14.24,AGENT,TN,SUSPENDED,2021-10-19
1692,PRD001692,Golden Risk,11.94,INDIVIDUAL,KA,TERMINATED,2021-10-20
1693,PRD001693,Future Risk,4.99,AGENCY,MH,ACTIVE,2021-10-21
1694,PRD001694,Vertex Risk,8.86,BROKER,AP,INACTIVE,2021-10-22
1695,PRD001695,Summit Risk,8.75,AGENT,TS,SUSPENDED,2021-10-23
1696,PRD001696,Shield Risk,3.07,INDIVIDUAL,KL,TERMINATED,2021-10-24
1697,PRD001697,Crystal Risk,4.21,AGENCY,DL,ACTIVE,2021-10-25
1698,PRD001698,Infinity Risk,6.66,BROKER,GJ,INACTIVE,2021-10-26
1699,PRD001699,Vision Risk,8.42,AGENT,RJ,SUSPENDED,2021-10-27
1700,PRD001700,First Risk,8.21,INDIVIDUAL,WB,TERMINATED,2021-10-28
1701,PRD001701,Prime Assurance,10.08,AGENCY,TN,ACTIVE,2021-10-29
1702,PRD001702,Secure Assurance,8.94,BROKER,KA,INACTIVE,2021-10-30
1703,PRD001703,Elite Assurance,6.6,AGENT,MH,SUSPENDED,2021-10-31
1704,PRD001704,Trusted Assurance,10.16,INDIVIDUAL,AP,TERMINATED,2021-11-01
1705,PRD001705,Global Assurance,4.53,AGENCY,TS,ACTIVE,2021-11-02
1706,PRD001706,Royal Assurance,14.88,BROKER,KL,INACTIVE,2021-11-03
1707,PRD001707,United Assurance,11.74,AGENT,DL,SUSPENDED,2021-11-04
1708,PRD001708,Pioneer Assurance,6.24,INDIVIDUAL,GJ,TERMINATED,2021-11-05
1709,PRD001709,Smart Assurance,6.7,AGENCY,RJ,ACTIVE,2021-11-06
1710,PRD001710,Apex Assurance,12.85,BROKER,WB,INACTIVE,2021-11-07
1711,PRD001711,Blue Assurance,9.15,AGENT,TN,SUSPENDED,2021-11-08
1712,PRD001712,Golden Assurance,11.36,INDIVIDUAL,KA,TERMINATED,2021-11-09
1713,PRD001713,Future Assurance,6.25,AGENCY,MH,ACTIVE,2021-11-10
1714,PRD001714,Vertex Assurance,12.7,BROKER,AP,INACTIVE,2021-11-11
1715,PRD001715,Summit Assurance,7.1,AGENT,TS,SUSPENDED,2021-11-12
1716,PRD001716,Shield Assurance,10.92,INDIVIDUAL,KL,TERMINATED,2021-11-13
1717,PRD001717,Crystal Assurance,14.75,AGENCY,DL,ACTIVE,2021-11-14
1718,PRD001718,Infinity Assurance,9.8,BROKER,GJ,INACTIVE,2021-11-15
1719,PRD001719,Vision Assurance,12.46,AGENT,RJ,SUSPENDED,2021-11-16
1720,PRD001720,First Assurance,11.57,INDIVIDUAL,WB,TERMINATED,2021-11-17
1721,PRD001721,Prime Services,11.1,AGENCY,TN,ACTIVE,2021-11-18
1722,PRD001722,Secure Services,2.83,BROKER,KA,INACTIVE,2021-11-19
1723,PRD001723,Elite Services,8.43,AGENT,MH,SUSPENDED,2021-11-20
1724,PRD001724,Trusted Services,14.59,INDIVIDUAL,AP,TERMINATED,2021-11-21
1725,PRD001725,Global Services,12.29,AGENCY,TS,ACTIVE,2021-11-22
1726,PRD001726,Royal Services,12.2,BROKER,KL,INACTIVE,2021-11-23
1727,PRD001727,United Services,9.72,AGENT,DL,SUSPENDED,2021-11-24
1728,PRD001728,Pioneer Services,11.52,INDIVIDUAL,GJ,TERMINATED,2021-11-25
1729,PRD001729,Smart Services,9.79,AGENCY,RJ,ACTIVE,2021-11-26
1730,PRD001730,Apex Services,4.63,BROKER,WB,INACTIVE,2021-11-27
1731,PRD001731,Blue Services,10.36,AGENT,TN,SUSPENDED,2021-11-28
1732,PRD001732,Golden Services,10.25,INDIVIDUAL,KA,TERMINATED,2021-11-29
1733,PRD001733,Future Services,13.01,AGENCY,MH,ACTIVE,2021-11-30
1734,PRD001734,Vertex Services,4.35,BROKER,AP,INACTIVE,2021-12-01
1735,PRD001735,Summit Services,11.01,AGENT,TS,SUSPENDED,2021-12-02
1736,PRD001736,Shield Services,2.89,INDIVIDUAL,KL,TERMINATED,2021-12-03
1737,PRD001737,Crystal Services,14.35,AGENCY,DL,ACTIVE,2021-12-04
1738,PRD001738,Infinity Services,3.87,BROKER,GJ,INACTIVE,2021-12-05
1739,PRD001739,Vision Services,2.74,AGENT,RJ,SUSPENDED,2021-12-06
1740,PRD001740,First Services,6.42,INDIVIDUAL,WB,TERMINATED,2021-12-07
1741,PRD001741,Prime Partners,4.39,AGENCY,TN,ACTIVE,2021-12-08
1742,PRD001742,Secure Partners,11.13,BROKER,KA,INACTIVE,2021-12-09
1743,PRD001743,Elite Partners,7.63,AGENT,MH,SUSPENDED,2021-12-10
1744,PRD001744,Trusted Partners,12.19,INDIVIDUAL,AP,TERMINATED,2021-12-11
1745,PRD001745,Global Partners,14.01,AGENCY,TS,ACTIVE,2021-12-12
1746,PRD001746,Royal Partners,13.41,BROKER,KL,INACTIVE,2021-12-13
1747,PRD001747,United Partners,11.7,AGENT,DL,SUSPENDED,2021-12-14
1748,PRD001748,Pioneer Partners,3.28,INDIVIDUAL,GJ,TERMINATED,2021-12-15
1749,PRD001749,Smart Partners,4.23,AGENCY,RJ,ACTIVE,2021-12-16
1750,PRD001750,Apex Partners,5.09,BROKER,WB,INACTIVE,2021-12-17
1751,PRD001751,Blue Partners,6.56,AGENT,TN,SUSPENDED,2021-12-18
1752,PRD001752,Golden Partners,10.78,INDIVIDUAL,KA,TERMINATED,2021-12-19
1753,PRD001753,Future Partners,9.07,AGENCY,MH,ACTIVE,2021-12-20
1754,PRD001754,Vertex Partners,6.42,BROKER,AP,INACTIVE,2021-12-21
1755,PRD001755,Summit Partners,4.66,AGENT,TS,SUSPENDED,2021-12-22
1756,PRD001756,Shield Partners,13.9,INDIVIDUAL,KL,TERMINATED,2021-12-23
1757,PRD001757,Crystal Partners,6.78,AGENCY,DL,ACTIVE,2021-12-24
1758,PRD001758,Infinity Partners,6.93,BROKER,GJ,INACTIVE,2021-12-25
1759,PRD001759,Vision Partners,12.15,AGENT,RJ,SUSPENDED,2021-12-26
1760,PRD001760,First Partners,11.51,INDIVIDUAL,WB,TERMINATED,2021-12-27
1761,PRD001761,Prime Solutions,10.54,AGENCY,TN,ACTIVE,2021-12-28
1762,PRD001762,Secure Solutions,11.17,BROKER,KA,INACTIVE,2021-12-29
1763,PRD001763,Elite Solutions,10.13,AGENT,MH,SUSPENDED,2021-12-30
1764,PRD001764,Trusted Solutions,4.9,INDIVIDUAL,AP,TERMINATED,2021-12-31
1765,PRD001765,Global Solutions,5.58,AGENCY,TS,ACTIVE,2022-01-01
1766,PRD001766,Royal Solutions,9.48,BROKER,KL,INACTIVE,2022-01-02
1767,PRD001767,United Solutions,5.31,AGENT,DL,SUSPENDED,2022-01-03
1768,PRD001768,Pioneer Solutions,14.66,INDIVIDUAL,GJ,TERMINATED,2022-01-04
1769,PRD001769,Smart Solutions,6.22,AGENCY,RJ,ACTIVE,2022-01-05
1770,PRD001770,Apex Solutions,6.11,BROKER,WB,INACTIVE,2022-01-06
1771,PRD001771,Blue Solutions,5.09,AGENT,TN,SUSPENDED,2022-01-07
1772,PRD001772,Golden Solutions,11.31,INDIVIDUAL,KA,TERMINATED,2022-01-08
1773,PRD001773,Future Solutions,6.46,AGENCY,MH,ACTIVE,2022-01-09
1774,PRD001774,Vertex Solutions,6.86,BROKER,AP,INACTIVE,2022-01-10
1775,PRD001775,Summit Solutions,14.17,AGENT,TS,SUSPENDED,2022-01-11
1776,PRD001776,Shield Solutions,12.44,INDIVIDUAL,KL,TERMINATED,2022-01-12
1777,PRD001777,Crystal Solutions,5.92,AGENCY,DL,ACTIVE,2022-01-13
1778,PRD001778,Infinity Solutions,4.02,BROKER,GJ,INACTIVE,2022-01-14
1779,PRD001779,Vision Solutions,10.96,AGENT,RJ,SUSPENDED,2022-01-15
1780,PRD001780,First Solutions,7.25,INDIVIDUAL,WB,TERMINATED,2022-01-16
1781,PRD001781,Prime Consulting,14.75,AGENCY,TN,ACTIVE,2022-01-17
1782,PRD001782,Secure Consulting,12.73,BROKER,KA,INACTIVE,2022-01-18
1783,PRD001783,Elite Consulting,14.43,AGENT,MH,SUSPENDED,2022-01-19
1784,PRD001784,Trusted Consulting,12.56,INDIVIDUAL,AP,TERMINATED,2022-01-20
1785,PRD001785,Global Consulting,6.13,AGENCY,TS,ACTIVE,2022-01-21
1786,PRD001786,Royal Consulting,6.1,BROKER,KL,INACTIVE,2022-01-22
1787,PRD001787,United Consulting,11.43,AGENT,DL,SUSPENDED,2022-01-23
1788,PRD001788,Pioneer Consulting,6.83,INDIVIDUAL,GJ,TERMINATED,2022-01-24
1789,PRD001789,Smart Consulting,8.03,AGENCY,RJ,ACTIVE,2022-01-25
1790,PRD001790,Apex Consulting,5.71,BROKER,WB,INACTIVE,2022-01-26
1791,PRD001791,Blue Consulting,8.49,AGENT,TN,SUSPENDED,2022-01-27
1792,PRD001792,Golden Consulting,5.03,INDIVIDUAL,KA,TERMINATED,2022-01-28
1793,PRD001793,Future Consulting,9.23,AGENCY,MH,ACTIVE,2022-01-29
1794,PRD001794,Vertex Consulting,14.16,BROKER,AP,INACTIVE,2022-01-30
1795,PRD001795,Summit Consulting,11.2,AGENT,TS,SUSPENDED,2022-01-31
1796,PRD001796,Shield Consulting,4.22,INDIVIDUAL,KL,TERMINATED,2022-02-01
1797,PRD001797,Crystal Consulting,10.2,AGENCY,DL,ACTIVE,2022-02-02
1798,PRD001798,Infinity Consulting,9.84,BROKER,GJ,INACTIVE,2022-02-03
1799,PRD001799,Vision Consulting,5.53,AGENT,RJ,SUSPENDED,2022-02-04
1800,PRD001800,First Consulting,10.87,INDIVIDUAL,WB,TERMINATED,2022-02-05
1801,PRD001801,Prime Insurance,9.14,AGENCY,TN,ACTIVE,2022-02-06
1802,PRD001802,Secure Insurance,10.47,BROKER,KA,INACTIVE,2022-02-07
1803,PRD001803,Elite Insurance,3.16,AGENT,MH,SUSPENDED,2022-02-08
1804,PRD001804,Trusted Insurance,7.67,INDIVIDUAL,AP,TERMINATED,2022-02-09
1805,PRD001805,Global Insurance,11.47,AGENCY,TS,ACTIVE,2022-02-10
1806,PRD001806,Royal Insurance,3.76,BROKER,KL,INACTIVE,2022-02-11
1807,PRD001807,United Insurance,12.13,AGENT,DL,SUSPENDED,2022-02-12
1808,PRD001808,Pioneer Insurance,2.56,INDIVIDUAL,GJ,TERMINATED,2022-02-13
1809,PRD001809,Smart Insurance,9.38,AGENCY,RJ,ACTIVE,2022-02-14
1810,PRD001810,Apex Insurance,14.11,BROKER,WB,INACTIVE,2022-02-15
1811,PRD001811,Blue Insurance,7.59,AGENT,TN,SUSPENDED,2022-02-16
1812,PRD001812,Golden Insurance,14.19,INDIVIDUAL,KA,TERMINATED,2022-02-17
1813,PRD001813,Future Insurance,13.48,AGENCY,MH,ACTIVE,2022-02-18
1814,PRD001814,Vertex Insurance,8.47,BROKER,AP,INACTIVE,2022-02-19
1815,PRD001815,Summit Insurance,4.99,AGENT,TS,SUSPENDED,2022-02-20
1816,PRD001816,Shield Insurance,14.55,INDIVIDUAL,KL,TERMINATED,2022-02-21
1817,PRD001817,Crystal Insurance,6.51,AGENCY,DL,ACTIVE,2022-02-22
1818,PRD001818,Infinity Insurance,10.57,BROKER,GJ,INACTIVE,2022-02-23
1819,PRD001819,Vision Insurance,13.85,AGENT,RJ,SUSPENDED,2022-02-24
1820,PRD001820,First Insurance,3.62,INDIVIDUAL,WB,TERMINATED,2022-02-25
1821,PRD001821,Prime Brokers,9.68,AGENCY,TN,ACTIVE,2022-02-26
1822,PRD001822,Secure Brokers,9.19,BROKER,KA,INACTIVE,2022-02-27
1823,PRD001823,Elite Brokers,11.54,AGENT,MH,SUSPENDED,2022-02-28
1824,PRD001824,Trusted Brokers,14.21,INDIVIDUAL,AP,TERMINATED,2022-03-01
1825,PRD001825,Global Brokers,13.92,AGENCY,TS,ACTIVE,2022-03-02
1826,PRD001826,Royal Brokers,4.69,BROKER,KL,INACTIVE,2022-03-03
1827,PRD001827,United Brokers,13.53,AGENT,DL,SUSPENDED,2022-03-04
1828,PRD001828,Pioneer Brokers,4.7,INDIVIDUAL,GJ,TERMINATED,2022-03-05
1829,PRD001829,Smart Brokers,14.0,AGENCY,RJ,ACTIVE,2022-03-06
1830,PRD001830,Apex Brokers,14.96,BROKER,WB,INACTIVE,2022-03-07
1831,PRD001831,Blue Brokers,7.46,AGENT,TN,SUSPENDED,2022-03-08
1832,PRD001832,Golden Brokers,8.69,INDIVIDUAL,KA,TERMINATED,2022-03-09
1833,PRD001833,Future Brokers,14.21,AGENCY,MH,ACTIVE,2022-03-10
1834,PRD001834,Vertex Brokers,14.53,BROKER,AP,INACTIVE,2022-03-11
1835,PRD001835,Summit Brokers,14.08,AGENT,TS,SUSPENDED,2022-03-12
1836,PRD001836,Shield Brokers,13.46,INDIVIDUAL,KL,TERMINATED,2022-03-13
1837,PRD001837,Crystal Brokers,2.62,AGENCY,DL,ACTIVE,2022-03-14
1838,PRD001838,Infinity Brokers,9.6,BROKER,GJ,INACTIVE,2022-03-15
1839,PRD001839,Vision Brokers,3.84,AGENT,RJ,SUSPENDED,2022-03-16
1840,PRD001840,First Brokers,14.79,INDIVIDUAL,WB,TERMINATED,2022-03-17
1841,PRD001841,Prime Agency,6.06,AGENCY,TN,ACTIVE,2022-03-18
1842,PRD001842,Secure Agency,14.86,BROKER,KA,INACTIVE,2022-03-19
1843,PRD001843,Elite Agency,9.29,AGENT,MH,SUSPENDED,2022-03-20
1844,PRD001844,Trusted Agency,8.67,INDIVIDUAL,AP,TERMINATED,2022-03-21
1845,PRD001845,Global Agency,14.23,AGENCY,TS,ACTIVE,2022-03-22
1846,PRD001846,Royal Agency,13.14,BROKER,KL,INACTIVE,2022-03-23
1847,PRD001847,United Agency,8.35,AGENT,DL,SUSPENDED,2022-03-24
1848,PRD001848,Pioneer Agency,4.91,INDIVIDUAL,GJ,TERMINATED,2022-03-25
1849,PRD001849,Smart Agency,3.91,AGENCY,RJ,ACTIVE,2022-03-26
1850,PRD001850,Apex Agency,4.53,BROKER,WB,INACTIVE,2022-03-27
1851,PRD001851,Blue Agency,8.24,AGENT,TN,SUSPENDED,2022-03-28
1852,PRD001852,Golden Agency,5.72,INDIVIDUAL,KA,TERMINATED,2022-03-29
1853,PRD001853,Future Agency,4.83,AGENCY,MH,ACTIVE,2022-03-30
1854,PRD001854,Vertex Agency,11.71,BROKER,AP,INACTIVE,2022-03-31
1855,PRD001855,Summit Agency,12.38,AGENT,TS,SUSPENDED,2022-04-01
1856,PRD001856,Shield Agency,9.6,INDIVIDUAL,KL,TERMINATED,2022-04-02
1857,PRD001857,Crystal Agency,11.97,AGENCY,DL,ACTIVE,2022-04-03
1858,PRD001858,Infinity Agency,4.69,BROKER,GJ,INACTIVE,2022-04-04
1859,PRD001859,Vision Agency,13.2,AGENT,RJ,SUSPENDED,2022-04-05
1860,PRD001860,First Agency,13.71,INDIVIDUAL,WB,TERMINATED,2022-04-06
1861,PRD001861,Prime Coverage,12.84,AGENCY,TN,ACTIVE,2022-04-07
1862,PRD001862,Secure Coverage,8.94,BROKER,KA,INACTIVE,2022-04-08
1863,PRD001863,Elite Coverage,3.58,AGENT,MH,SUSPENDED,2022-04-09
1864,PRD001864,Trusted Coverage,10.87,INDIVIDUAL,AP,TERMINATED,2022-04-10
1865,PRD001865,Global Coverage,4.81,AGENCY,TS,ACTIVE,2022-04-11
1866,PRD001866,Royal Coverage,4.26,BROKER,KL,INACTIVE,2022-04-12
1867,PRD001867,United Coverage,6.55,AGENT,DL,SUSPENDED,2022-04-13
1868,PRD001868,Pioneer Coverage,5.6,INDIVIDUAL,GJ,TERMINATED,2022-04-14
1869,PRD001869,Smart Coverage,5.76,AGENCY,RJ,ACTIVE,2022-04-15
1870,PRD001870,Apex Coverage,5.44,BROKER,WB,INACTIVE,2022-04-16
1871,PRD001871,Blue Coverage,11.92,AGENT,TN,SUSPENDED,2022-04-17
1872,PRD001872,Golden Coverage,14.43,INDIVIDUAL,KA,TERMINATED,2022-04-18
1873,PRD001873,Future Coverage,6.27,AGENCY,MH,ACTIVE,2022-04-19
1874,PRD001874,Vertex Coverage,11.54,BROKER,AP,INACTIVE,2022-04-20
1875,PRD001875,Summit Coverage,2.64,AGENT,TS,SUSPENDED,2022-04-21
1876,PRD001876,Shield Coverage,10.67,INDIVIDUAL,KL,TERMINATED,2022-04-22
1877,PRD001877,Crystal Coverage,11.16,AGENCY,DL,ACTIVE,2022-04-23
1878,PRD001878,Infinity Coverage,3.28,BROKER,GJ,INACTIVE,2022-04-24
1879,PRD001879,Vision Coverage,3.98,AGENT,RJ,SUSPENDED,2022-04-25
1880,PRD001880,First Coverage,6.34,INDIVIDUAL,WB,TERMINATED,2022-04-26
1881,PRD001881,Prime Risk,7.57,AGENCY,TN,ACTIVE,2022-04-27
1882,PRD001882,Secure Risk,8.78,BROKER,KA,INACTIVE,2022-04-28
1883,PRD001883,Elite Risk,13.69,AGENT,MH,SUSPENDED,2022-04-29
1884,PRD001884,Trusted Risk,11.29,INDIVIDUAL,AP,TERMINATED,2022-04-30
1885,PRD001885,Global Risk,6.39,AGENCY,TS,ACTIVE,2022-05-01
1886,PRD001886,Royal Risk,3.97,BROKER,KL,INACTIVE,2022-05-02
1887,PRD001887,United Risk,13.95,AGENT,DL,SUSPENDED,2022-05-03
1888,PRD001888,Pioneer Risk,6.19,INDIVIDUAL,GJ,TERMINATED,2022-05-04
1889,PRD001889,Smart Risk,10.18,AGENCY,RJ,ACTIVE,2022-05-05
1890,PRD001890,Apex Risk,5.24,BROKER,WB,INACTIVE,2022-05-06
1891,PRD001891,Blue Risk,4.17,AGENT,TN,SUSPENDED,2022-05-07
1892,PRD001892,Golden Risk,4.41,INDIVIDUAL,KA,TERMINATED,2022-05-08
1893,PRD001893,Future Risk,11.85,AGENCY,MH,ACTIVE,2022-05-09
1894,PRD001894,Vertex Risk,10.07,BROKER,AP,INACTIVE,2022-05-10
1895,PRD001895,Summit Risk,7.7,AGENT,TS,SUSPENDED,2022-05-11
1896,PRD001896,Shield Risk,9.37,INDIVIDUAL,KL,TERMINATED,2022-05-12
1897,PRD001897,Crystal Risk,8.39,AGENCY,DL,ACTIVE,2022-05-13
1898,PRD001898,Infinity Risk,9.22,BROKER,GJ,INACTIVE,2022-05-14
1899,PRD001899,Vision Risk,10.8,AGENT,RJ,SUSPENDED,2022-05-15
1900,PRD001900,First Risk,5.23,INDIVIDUAL,WB,TERMINATED,2022-05-16
1901,PRD001901,Prime Assurance,5.59,AGENCY,TN,ACTIVE,2022-05-17
1902,PRD001902,Secure Assurance,11.93,BROKER,KA,INACTIVE,2022-05-18
1903,PRD001903,Elite Assurance,13.41,AGENT,MH,SUSPENDED,2022-05-19
1904,PRD001904,Trusted Assurance,3.52,INDIVIDUAL,AP,TERMINATED,2022-05-20
1905,PRD001905,Global Assurance,8.08,AGENCY,TS,ACTIVE,2022-05-21
1906,PRD001906,Royal Assurance,11.3,BROKER,KL,INACTIVE,2022-05-22
1907,PRD001907,United Assurance,3.48,AGENT,DL,SUSPENDED,2022-05-23
1908,PRD001908,Pioneer Assurance,9.55,INDIVIDUAL,GJ,TERMINATED,2022-05-24
1909,PRD001909,Smart Assurance,3.27,AGENCY,RJ,ACTIVE,2022-05-25
1910,PRD001910,Apex Assurance,9.35,BROKER,WB,INACTIVE,2022-05-26
1911,PRD001911,Blue Assurance,8.82,AGENT,TN,SUSPENDED,2022-05-27
1912,PRD001912,Golden Assurance,9.66,INDIVIDUAL,KA,TERMINATED,2022-05-28
1913,PRD001913,Future Assurance,4.37,AGENCY,MH,ACTIVE,2022-05-29
1914,PRD001914,Vertex Assurance,6.6,BROKER,AP,INACTIVE,2022-05-30
1915,PRD001915,Summit Assurance,9.0,AGENT,TS,SUSPENDED,2022-05-31
1916,PRD001916,Shield Assurance,3.95,INDIVIDUAL,KL,TERMINATED,2022-06-01
1917,PRD001917,Crystal Assurance,5.07,AGENCY,DL,ACTIVE,2022-06-02
1918,PRD001918,Infinity Assurance,9.79,BROKER,GJ,INACTIVE,2022-06-03
1919,PRD001919,Vision Assurance,3.64,AGENT,RJ,SUSPENDED,2022-06-04
1920,PRD001920,First Assurance,8.88,INDIVIDUAL,WB,TERMINATED,2022-06-05
1921,PRD001921,Prime Services,12.61,AGENCY,TN,ACTIVE,2022-06-06
1922,PRD001922,Secure Services,8.17,BROKER,KA,INACTIVE,2022-06-07
1923,PRD001923,Elite Services,8.92,AGENT,MH,SUSPENDED,2022-06-08
1924,PRD001924,Trusted Services,8.21,INDIVIDUAL,AP,TERMINATED,2022-06-09
1925,PRD001925,Global Services,3.22,AGENCY,TS,ACTIVE,2022-06-10
1926,PRD001926,Royal Services,8.28,BROKER,KL,INACTIVE,2022-06-11
1927,PRD001927,United Services,12.59,AGENT,DL,SUSPENDED,2022-06-12
1928,PRD001928,Pioneer Services,11.54,INDIVIDUAL,GJ,TERMINATED,2022-06-13
1929,PRD001929,Smart Services,7.45,AGENCY,RJ,ACTIVE,2022-06-14
1930,PRD001930,Apex Services,12.71,BROKER,WB,INACTIVE,2022-06-15
1931,PRD001931,Blue Services,11.82,AGENT,TN,SUSPENDED,2022-06-16
1932,PRD001932,Golden Services,9.73,INDIVIDUAL,KA,TERMINATED,2022-06-17
1933,PRD001933,Future Services,3.07,AGENCY,MH,ACTIVE,2022-06-18
1934,PRD001934,Vertex Services,6.81,BROKER,AP,INACTIVE,2022-06-19
1935,PRD001935,Summit Services,3.3,AGENT,TS,SUSPENDED,2022-06-20
1936,PRD001936,Shield Services,14.93,INDIVIDUAL,KL,TERMINATED,2022-06-21
1937,PRD001937,Crystal Services,14.18,AGENCY,DL,ACTIVE,2022-06-22
1938,PRD001938,Infinity Services,3.36,BROKER,GJ,INACTIVE,2022-06-23
1939,PRD001939,Vision Services,14.17,AGENT,RJ,SUSPENDED,2022-06-24
1940,PRD001940,First Services,2.9,INDIVIDUAL,WB,TERMINATED,2022-06-25
1941,PRD001941,Prime Partners,7.61,AGENCY,TN,ACTIVE,2022-06-26
1942,PRD001942,Secure Partners,12.11,BROKER,KA,INACTIVE,2022-06-27
1943,PRD001943,Elite Partners,12.07,AGENT,MH,SUSPENDED,2022-06-28
1944,PRD001944,Trusted Partners,14.73,INDIVIDUAL,AP,TERMINATED,2022-06-29
1945,PRD001945,Global Partners,10.57,AGENCY,TS,ACTIVE,2022-06-30
1946,PRD001946,Royal Partners,7.75,BROKER,KL,INACTIVE,2022-07-01
1947,PRD001947,United Partners,14.91,AGENT,DL,SUSPENDED,2022-07-02
1948,PRD001948,Pioneer Partners,7.28,INDIVIDUAL,GJ,TERMINATED,2022-07-03
1949,PRD001949,Smart Partners,13.37,AGENCY,RJ,ACTIVE,2022-07-04
1950,PRD001950,Apex Partners,13.83,BROKER,WB,INACTIVE,2022-07-05
1951,PRD001951,Blue Partners,7.2,AGENT,TN,SUSPENDED,2022-07-06
1952,PRD001952,Golden Partners,11.03,INDIVIDUAL,KA,TERMINATED,2022-07-07
1953,PRD001953,Future Partners,10.77,AGENCY,MH,ACTIVE,2022-07-08
1954,PRD001954,Vertex Partners,9.24,BROKER,AP,INACTIVE,2022-07-09
1955,PRD001955,Summit Partners,10.67,AGENT,TS,SUSPENDED,2022-07-10
1956,PRD001956,Shield Partners,6.85,INDIVIDUAL,KL,TERMINATED,2022-07-11
1957,PRD001957,Crystal Partners,4.73,AGENCY,DL,ACTIVE,2022-07-12
1958,PRD001958,Infinity Partners,9.22,BROKER,GJ,INACTIVE,2022-07-13
1959,PRD001959,Vision Partners,9.11,AGENT,RJ,SUSPENDED,2022-07-14
1960,PRD001960,First Partners,11.6,INDIVIDUAL,WB,TERMINATED,2022-07-15
1961,PRD001961,Prime Solutions,5.28,AGENCY,TN,ACTIVE,2022-07-16
1962,PRD001962,Secure Solutions,2.54,BROKER,KA,INACTIVE,2022-07-17
1963,PRD001963,Elite Solutions,2.78,AGENT,MH,SUSPENDED,2022-07-18
1964,PRD001964,Trusted Solutions,6.23,INDIVIDUAL,AP,TERMINATED,2022-07-19
1965,PRD001965,Global Solutions,10.92,AGENCY,TS,ACTIVE,2022-07-20
1966,PRD001966,Royal Solutions,9.31,BROKER,KL,INACTIVE,2022-07-21
1967,PRD001967,United Solutions,9.15,AGENT,DL,SUSPENDED,2022-07-22
1968,PRD001968,Pioneer Solutions,12.79,INDIVIDUAL,GJ,TERMINATED,2022-07-23
1969,PRD001969,Smart Solutions,5.59,AGENCY,RJ,ACTIVE,2022-07-24
1970,PRD001970,Apex Solutions,6.83,BROKER,WB,INACTIVE,2022-07-25
1971,PRD001971,Blue Solutions,5.95,AGENT,TN,SUSPENDED,2022-07-26
1972,PRD001972,Golden Solutions,14.22,INDIVIDUAL,KA,TERMINATED,2022-07-27
1973,PRD001973,Future Solutions,11.56,AGENCY,MH,ACTIVE,2022-07-28
1974,PRD001974,Vertex Solutions,3.91,BROKER,AP,INACTIVE,2022-07-29
1975,PRD001975,Summit Solutions,12.62,AGENT,TS,SUSPENDED,2022-07-30
1976,PRD001976,Shield Solutions,7.74,INDIVIDUAL,KL,TERMINATED,2022-07-31
1977,PRD001977,Crystal Solutions,12.08,AGENCY,DL,ACTIVE,2022-08-01
1978,PRD001978,Infinity Solutions,13.55,BROKER,GJ,INACTIVE,2022-08-02
1979,PRD001979,Vision Solutions,2.7,AGENT,RJ,SUSPENDED,2022-08-03
1980,PRD001980,First Solutions,5.08,INDIVIDUAL,WB,TERMINATED,2022-08-04
1981,PRD001981,Prime Consulting,3.76,AGENCY,TN,ACTIVE,2022-08-05
1982,PRD001982,Secure Consulting,2.92,BROKER,KA,INACTIVE,2022-08-06
1983,PRD001983,Elite Consulting,9.97,AGENT,MH,SUSPENDED,2022-08-07
1984,PRD001984,Trusted Consulting,11.29,INDIVIDUAL,AP,TERMINATED,2022-08-08
1985,PRD001985,Global Consulting,3.11,AGENCY,TS,ACTIVE,2022-08-09
1986,PRD001986,Royal Consulting,11.76,BROKER,KL,INACTIVE,2022-08-10
1987,PRD001987,United Consulting,7.53,AGENT,DL,SUSPENDED,2022-08-11
1988,PRD001988,Pioneer Consulting,5.43,INDIVIDUAL,GJ,TERMINATED,2022-08-12
1989,PRD001989,Smart Consulting,5.22,AGENCY,RJ,ACTIVE,2022-08-13
1990,PRD001990,Apex Consulting,13.3,BROKER,WB,INACTIVE,2022-08-14
1991,PRD001991,Blue Consulting,3.21,AGENT,TN,SUSPENDED,2022-08-15
1992,PRD001992,Golden Consulting,8.8,INDIVIDUAL,KA,TERMINATED,2022-08-16
1993,PRD001993,Future Consulting,6.12,AGENCY,MH,ACTIVE,2022-08-17
1994,PRD001994,Vertex Consulting,12.7,BROKER,AP,INACTIVE,2022-08-18
1995,PRD001995,Summit Consulting,11.64,AGENT,TS,SUSPENDED,2022-08-19
1996,PRD001996,Shield Consulting,6.49,INDIVIDUAL,KL,TERMINATED,2022-08-20
1997,PRD001997,Crystal Consulting,9.97,AGENCY,DL,ACTIVE,2022-08-21
1998,PRD001998,Infinity Consulting,10.91,BROKER,GJ,INACTIVE,2022-08-22
1999,PRD001999,Vision Consulting,6.51,AGENT,RJ,SUSPENDED,2022-08-23
2000,PRD002000,First Consulting,6.27,INDIVIDUAL,WB,TERMINATED,2022-08-24
